date,ice_bofa_us_corporate_effective_yield,ice_bofa_us_high_yield_effective_yield,ice_bofa_aaa_us_corporate_effective_yield,ice_bofa_bbb_us_corporate_effective_yield,AAA_CLO:JAAA,SENIOR_LOANS:BKLN,AGENCY_MBS:MBB,IG_MUNIS:MUB,HY_MUNIS:HYD
2000-01-07,7.77,11.47,7.35,8.17,,,,,
2000-01-14,7.89,11.53,7.47,8.28,,,,,
2000-01-21,7.92,11.54,7.5,8.31,,,,,
2000-01-28,7.83,11.55,7.41,8.19,,,,,
2000-02-04,7.78,11.57,7.36,8.11,,,,,
2000-02-11,7.9,11.59,7.47,8.24,,,,,
2000-02-18,7.81,11.6,7.38,8.14,,,,,
2000-02-25,7.7,11.63,7.28,8.04,,,,,
2000-03-03,7.85,11.76,7.36,8.2,,,,,
2000-03-10,7.88,11.8,7.39,8.24,,,,,
2000-03-17,7.75,11.87,7.26,8.12,,,,,
2000-03-24,7.8,11.98,7.31,8.16,,,,,
2000-03-31,7.79,12.08,7.24,8.21,,,,,
2000-04-07,7.67,12.06,7.09,8.11,,,,,
2000-04-14,7.76,12.12,7.12,8.25,,,,,
2000-04-21,7.79,12.11,7.16,8.28,,,,,
2000-04-28,8.11,12.23,7.46,8.66,,,,,
2000-05-05,8.31,12.48,7.67,8.8,,,,,
2000-05-12,8.38,12.55,7.7,8.89,,,,,
2000-05-19,8.4,12.65,7.71,8.89,,,,,
2000-05-26,8.3,12.78,7.57,8.79,,,,,
2000-06-02,8.16,12.6,7.43,8.65,,,,,
2000-06-09,8.09,12.5,7.39,8.56,,,,,
2000-06-16,7.94,12.42,7.25,8.39,,,,,
2000-06-23,8.1,12.41,7.42,8.53,,,,,
2000-06-30,7.98,12.42,7.31,8.43,,,,,
2000-07-07,7.93,12.4,7.26,8.38,,,,,
2000-07-14,7.99,12.36,7.34,8.42,,,,,
2000-07-21,7.88,12.31,7.24,8.3,,,,,
2000-07-28,7.87,12.37,7.23,8.3,,,,,
2000-08-04,7.76,12.44,7.09,8.19,,,,,
2000-08-11,7.79,12.42,7.12,8.21,,,,,
2000-08-18,7.78,12.48,7.09,8.2,,,,,
2000-08-25,7.74,12.44,7.03,8.2,,,,,
2000-09-01,7.68,12.41,6.99,8.11,,,,,
2000-09-08,7.71,12.29,7.02,8.14,,,,,
2000-09-15,7.75,12.31,7.04,8.21,,,,,
2000-09-22,7.72,12.51,7.03,8.19,,,,,
2000-09-29,7.65,12.67,6.98,8.13,,,,,
2000-10-06,7.68,12.84,6.99,8.19,,,,,
2000-10-13,7.64,13.15,6.88,8.17,,,,,
2000-10-20,7.65,13.38,6.86,8.21,,,,,
2000-10-27,7.74,13.47,6.94,8.34,,,,,
2000-11-03,7.83,13.67,7.01,8.44,,,,,
2000-11-10,7.8,13.74,6.99,8.41,,,,,
2000-11-17,7.74,13.8,6.95,8.35,,,,,
2000-11-24,7.73,14.12,6.91,8.33,,,,,
2000-12-01,7.66,14.6,6.79,8.29,,,,,
2000-12-08,7.56,14.56,6.65,8.24,,,,,
2000-12-15,7.37,14.19,6.42,8.06,,,,,
2000-12-22,7.21,14.2,6.24,7.91,,,,,
2000-12-29,7.33,14.23,6.3,8.03,,,,,
2001-01-05,7.02,14.02,5.98,7.72,,,,,
2001-01-12,7.23,13.58,6.23,7.87,,,,,
2001-01-19,7.1,13.31,6.13,7.68,,,,,
2001-01-26,7.09,13.21,6.19,7.68,,,,,
2001-02-02,6.87,12.76,6.02,7.5,,,,,
2001-02-09,6.86,12.63,5.99,7.48,,,,,
2001-02-16,6.95,12.59,6.05,7.58,,,,,
2001-02-23,6.92,12.71,5.96,7.55,,,,,
2001-03-02,6.8,12.56,5.86,7.45,,,,,
2001-03-09,6.75,12.44,5.83,7.4,,,,,
2001-03-16,6.59,12.72,5.65,7.24,,,,,
2001-03-23,6.61,13.04,5.63,7.28,,,,,
2001-03-30,6.67,12.99,5.7,7.39,,,,,
2001-04-06,6.62,13.44,5.64,7.33,,,,,
2001-04-13,6.87,13.39,5.89,7.59,,,,,
2001-04-20,6.87,13.54,5.88,7.61,,,,,
2001-04-27,6.88,13.22,5.87,7.7,,,,,
2001-05-04,6.63,12.78,5.73,7.25,,,,,
2001-05-11,6.87,12.8,5.96,7.49,,,,,
2001-05-18,6.76,12.77,5.89,7.39,,,,,
2001-05-25,6.8,12.73,5.92,7.42,,,,,
2001-06-01,6.69,12.74,5.8,7.29,,,,,
2001-06-08,6.66,12.75,5.77,7.26,,,,,
2001-06-15,6.52,12.95,5.62,7.12,,,,,
2001-06-22,6.44,13.26,5.54,7.05,,,,,
2001-06-29,6.71,13.27,5.83,7.32,,,,,
2001-07-06,6.68,13.19,5.79,7.32,,,,,
2001-07-13,6.57,13.23,5.71,7.2,,,,,
2001-07-20,6.42,13.21,5.58,7.06,,,,,
2001-07-27,6.35,13.05,5.49,7.0,,,,,
2001-08-03,6.38,12.74,5.51,7.03,,,,,
2001-08-10,6.26,12.68,5.38,6.92,,,,,
2001-08-17,6.18,12.66,5.28,6.83,,,,,
2001-08-24,6.25,12.76,5.34,6.92,,,,,
2001-08-31,6.19,12.62,5.25,6.86,,,,,
2001-09-07,6.15,12.7,5.16,6.84,,,,,
2001-09-14,6.02,13.49,4.96,6.77,,,,,
2001-09-21,6.17,14.04,4.96,6.93,,,,,
2001-09-28,6.05,14.33,4.85,6.85,,,,,
2001-10-05,5.97,14.09,4.79,6.75,,,,,
2001-10-12,6.08,13.88,4.89,6.86,,,,,
2001-10-19,6.02,13.68,4.85,6.78,,,,,
2001-10-26,5.93,13.58,4.7,6.72,,,,,
2001-11-02,5.89,13.3,4.6,6.71,,,,,
2001-11-09,5.81,13.1,4.55,6.65,,,,,
2001-11-16,6.27,12.78,5.06,7.08,,,,,
2001-11-23,6.33,12.68,5.14,7.13,,,,,
2001-11-30,6.06,12.67,4.8,6.86,,,,,
2001-12-07,6.39,12.7,5.13,7.17,,,,,
2001-12-14,6.43,13.01,5.17,7.23,,,,,
2001-12-21,6.34,12.92,5.1,7.12,,,,,
2001-12-28,6.34,12.95,5.05,7.14,,,,,
2002-01-04,6.32,12.65,5.13,7.03,,,,,
2002-01-11,6.03,12.51,4.79,6.78,,,,,
2002-01-18,6.07,12.64,4.86,6.81,,,,,
2002-01-25,6.21,12.69,5.04,6.95,,,,,
2002-02-01,6.23,12.26,5.08,6.93,,,,,
2002-02-08,6.26,12.41,4.99,7.02,,,,,
2002-02-15,6.25,12.43,4.99,7.03,,,,,
2002-02-22,6.25,12.56,4.94,7.05,,,,,
2002-03-01,6.36,12.47,5.21,7.12,,,,,
2002-03-08,6.62,12.19,5.52,7.35,,,,,
2002-03-15,6.64,12.07,5.54,7.38,,,,,
2002-03-22,6.7,12.05,5.64,7.44,,,,,
2002-03-29,6.71,12.06,5.62,7.48,,,,,
2002-04-05,6.55,11.94,5.54,7.32,,,,,
2002-04-12,6.5,11.92,5.48,7.32,,,,,
2002-04-19,6.47,11.8,5.52,7.25,,,,,
2002-04-26,6.44,11.76,5.39,7.33,,,,,
2002-05-03,6.52,11.46,5.35,7.49,,,,,
2002-05-10,6.54,11.51,5.36,7.51,,,,,
2002-05-17,6.65,11.66,5.47,7.63,,,,,
2002-05-24,6.5,11.62,5.35,7.46,,,,,
2002-05-31,6.22,11.76,5.4,6.96,,,,,
2002-06-07,6.22,11.85,5.36,6.98,,,,,
2002-06-14,6.02,12.09,5.12,6.82,,,,,
2002-06-21,6.01,12.26,5.07,6.84,,,,,
2002-06-28,6.22,13.37,5.17,7.14,,,,,
2002-07-05,6.27,13.2,5.31,7.25,,,,,
2002-07-12,6.02,13.2,5.04,7.0,,,,,
2002-07-19,6.06,13.24,5.0,7.12,,,,,
2002-07-26,6.17,13.74,4.91,7.39,,,,,
2002-08-02,5.95,13.28,4.7,7.14,,,,,
2002-08-09,6.05,13.42,4.7,7.32,,,,,
2002-08-16,6.12,13.56,4.79,7.33,,,,,
2002-08-23,5.9,13.15,4.67,7.02,,,,,
2002-08-30,5.8,12.93,4.6,6.9,,,,,
2002-09-06,5.77,13.05,4.56,6.9,,,,,
2002-09-13,5.65,12.93,4.48,6.73,,,,,
2002-09-20,5.55,13.05,4.35,6.65,,,,,
2002-09-27,5.54,13.38,4.35,6.67,,,,,
2002-10-04,5.63,13.55,4.43,6.88,,,,,
2002-10-11,5.93,14.14,4.61,7.3,,,,,
2002-10-18,6.2,14.04,4.89,7.53,,,,,
2002-10-25,6.07,13.87,4.81,7.34,,,,,
2002-11-01,5.81,13.59,4.52,6.96,,,,,
2002-11-08,5.56,13.19,4.43,6.64,,,,,
2002-11-15,5.59,12.98,4.48,6.63,,,,,
2002-11-22,5.58,12.43,4.59,6.54,,,,,
2002-11-29,5.59,12.41,4.59,6.57,,,,,
2002-12-06,5.47,12.31,4.51,6.41,,,,,
2002-12-13,5.41,12.26,4.46,6.36,,,,,
2002-12-20,5.22,12.12,4.31,6.14,,,,,
2002-12-27,5.08,12.09,4.17,6.01,,,,,
2003-01-03,5.25,11.81,4.41,6.14,,,,,
2003-01-10,5.25,11.3,4.45,6.09,,,,,
2003-01-17,5.12,11.32,4.28,5.99,,,,,
2003-01-24,5.02,11.31,4.21,5.9,,,,,
2003-01-31,5.08,11.49,4.33,5.95,,,,,
2003-02-07,4.96,11.5,4.21,5.84,,,,,
2003-02-14,4.97,11.71,4.24,5.85,,,,,
2003-02-21,4.88,11.45,4.16,5.75,,,,,
2003-02-28,4.74,11.29,4.02,5.62,,,,,
2003-03-07,4.68,11.16,3.91,5.62,,,,,
2003-03-14,4.78,11.11,4.02,5.73,,,,,
2003-03-21,5.05,10.99,4.3,5.94,,,,,
2003-03-28,4.81,10.82,4.09,5.67,,,,,
2003-04-04,4.82,10.37,4.11,5.65,,,,,
2003-04-11,4.84,10.38,4.14,5.67,,,,,
2003-04-18,4.76,10.16,4.12,5.54,,,,,
2003-04-25,4.58,9.77,3.99,5.32,,,,,
2003-05-02,4.54,9.37,4.01,5.25,,,,,
2003-05-09,4.31,9.4,3.84,5.01,,,,,
2003-05-16,4.18,9.31,3.69,4.9,,,,,
2003-05-23,4.09,9.44,3.6,4.8,,,,,
2003-05-30,4.05,9.37,3.58,4.75,,,,,
2003-06-06,4.04,9.08,3.58,4.73,,,,,
2003-06-13,3.79,8.82,3.35,4.47,,,,,
2003-06-20,3.99,8.68,3.56,4.66,,,,,
2003-06-27,4.13,8.81,3.7,4.8,,,,,
2003-07-04,4.18,8.96,3.73,4.84,,,,,
2003-07-11,4.15,8.86,3.71,4.8,,,,,
2003-07-18,4.4,8.9,3.98,5.01,,,,,
2003-07-25,4.51,9.02,4.1,5.11,,,,,
2003-08-01,4.87,9.37,4.37,5.5,,,,,
2003-08-08,4.74,9.55,4.24,5.37,,,,,
2003-08-15,4.92,9.69,4.44,5.56,,,,,
2003-08-22,4.87,9.24,4.39,5.48,,,,,
2003-08-29,4.84,9.03,4.37,5.44,,,,,
2003-09-05,4.72,8.94,4.19,5.32,,,,,
2003-09-12,4.62,8.83,4.11,5.21,,,,,
2003-09-19,4.52,8.63,4.03,5.08,,,,,
2003-09-26,4.38,8.64,3.9,4.96,,,,,
2003-10-03,4.53,8.55,4.03,5.12,,,,,
2003-10-10,4.54,8.42,4.03,5.11,,,,,
2003-10-17,4.65,8.26,4.17,5.19,,,,,
2003-10-24,4.51,8.27,4.01,5.08,,,,,
2003-10-31,4.61,8.25,4.1,5.17,,,,,
2003-11-07,4.77,8.21,4.25,5.33,,,,,
2003-11-14,4.51,8.17,4.03,5.03,,,,,
2003-11-21,4.44,8.1,3.96,4.97,,,,,
2003-11-28,4.6,8.0,4.13,5.11,,,,,
2003-12-05,4.48,7.84,4.05,4.98,,,,,
2003-12-12,4.47,7.8,4.05,4.97,,,,,
2003-12-19,4.36,7.7,3.96,4.85,,,,,
2003-12-26,4.36,7.65,3.95,4.84,,,,,
2004-01-02,4.54,7.69,4.14,5.01,,,,,
2004-01-09,4.26,7.32,3.88,4.71,,,,,
2004-01-16,4.2,7.21,3.83,4.65,,,,,
2004-01-23,4.23,7.1,3.86,4.67,,,,,
2004-01-30,4.32,7.42,3.94,4.77,,,,,
2004-02-06,4.3,7.69,3.93,4.76,,,,,
2004-02-13,4.22,7.51,3.86,4.68,,,,,
2004-02-20,4.27,7.52,3.9,4.72,,,,,
2004-02-27,4.17,7.52,3.8,4.64,,,,,
2004-03-05,4.06,7.45,3.69,4.53,,,,,
2004-03-12,4.01,7.42,3.64,4.5,,,,,
2004-03-19,4.03,7.47,3.65,4.51,,,,,
2004-03-26,4.07,7.49,3.68,4.55,,,,,
2004-04-02,4.36,7.57,3.92,4.85,,,,,
2004-04-09,4.4,7.53,3.97,4.87,,,,,
2004-04-16,4.54,7.72,4.12,5.01,,,,,
2004-04-23,4.67,7.7,4.25,5.12,,,,,
2004-04-30,4.74,7.78,4.34,5.21,,,,,
2004-05-07,5.04,8.14,4.63,5.51,,,,,
2004-05-14,5.05,8.6,4.63,5.54,,,,,
2004-05-21,5.03,8.43,4.61,5.51,,,,,
2004-05-28,4.93,8.24,4.54,5.4,,,,,
2004-06-04,5.11,8.32,4.7,5.57,,,,,
2004-06-11,5.13,8.25,4.71,5.58,,,,,
2004-06-18,5.06,8.13,4.66,5.5,,,,,
2004-06-25,4.99,8.02,4.59,5.43,,,,,
2004-07-02,4.87,8.06,4.45,5.31,,,,,
2004-07-09,4.86,7.96,4.44,5.3,,,,,
2004-07-16,4.76,7.81,4.36,5.18,,,,,
2004-07-23,4.85,7.84,4.46,5.27,,,,,
2004-07-30,4.86,7.9,4.46,5.28,,,,,
2004-08-06,4.66,7.84,4.22,5.1,,,,,
2004-08-13,4.66,7.86,4.22,5.11,,,,,
2004-08-20,4.65,7.74,4.22,5.09,,,,,
2004-08-27,4.64,7.63,4.21,5.07,,,,,
2004-09-03,4.72,7.65,4.29,5.13,,,,,
2004-09-10,4.6,7.53,4.18,5.02,,,,,
2004-09-17,4.54,7.43,4.13,4.95,,,,,
2004-09-24,4.51,7.36,4.1,4.91,,,,,
2004-10-01,4.63,7.48,4.22,5.03,,,,,
2004-10-08,4.58,7.39,4.16,4.97,,,,,
2004-10-15,4.5,7.33,4.09,4.9,,,,,
2004-10-22,4.48,7.31,4.06,4.88,,,,,
2004-10-29,4.48,7.12,4.08,4.88,,,,,
2004-11-05,4.65,7.06,4.27,5.02,,,,,
2004-11-12,4.67,7.09,4.3,5.03,,,,,
2004-11-19,4.68,6.99,4.32,5.04,,,,,
2004-11-26,4.72,6.99,4.37,5.08,,,,,
2004-12-03,4.72,7.08,4.35,5.08,,,,,
2004-12-10,4.63,6.95,4.26,5.0,,,,,
2004-12-17,4.67,6.89,4.32,5.03,,,,,
2004-12-24,4.67,6.88,4.31,5.02,,,,,
2004-12-31,4.71,6.98,4.29,5.07,,,,,
2005-01-07,4.8,7.04,4.38,5.17,,,,,
2005-01-14,4.76,7.15,4.35,5.14,,,,,
2005-01-21,4.71,7.21,4.28,5.11,,,,,
2005-01-28,4.7,7.13,4.3,5.08,,,,,
2005-02-04,4.66,7.02,4.3,5.03,,,,,
2005-02-11,4.7,6.99,4.33,5.06,,,,,
2005-02-18,4.83,6.93,4.45,5.18,,,,,
2005-02-25,4.85,6.9,4.48,5.2,,,,,
2005-03-04,4.9,6.98,4.53,5.26,,,,,
2005-03-11,5.1,7.07,4.72,5.46,,,,,
2005-03-18,5.12,7.29,4.71,5.54,,,,,
2005-03-25,5.25,7.59,4.83,5.69,,,,,
2005-04-01,5.18,7.82,4.77,5.65,,,,,
2005-04-08,5.22,7.69,4.82,5.7,,,,,
2005-04-15,5.09,7.96,4.64,5.67,,,,,
2005-04-22,5.06,7.92,4.64,5.58,,,,,
2005-04-29,5.05,8.17,4.62,5.6,,,,,
2005-05-06,5.17,8.15,4.69,5.78,,,,,
2005-05-13,5.07,8.35,4.58,5.7,,,,,
2005-05-20,5.1,8.31,4.6,5.7,,,,,
2005-05-27,5.0,7.95,4.56,5.55,,,,,
2005-06-03,4.82,7.73,4.46,5.22,,,,,
2005-06-10,4.92,7.82,4.55,5.32,,,,,
2005-06-17,4.93,7.76,4.57,5.33,,,,,
2005-06-24,4.79,7.73,4.42,5.22,,,,,
2005-07-01,4.91,7.7,4.56,5.32,,,,,
2005-07-08,4.97,7.68,4.62,5.38,,,,,
2005-07-15,5.01,7.51,4.67,5.4,,,,,
2005-07-22,5.04,7.52,4.7,5.42,,,,,
2005-07-29,5.09,7.45,4.79,5.45,,,,,
2005-08-05,5.21,7.6,4.89,5.58,,,,,
2005-08-12,5.1,7.61,4.78,5.47,,,,,
2005-08-19,5.05,7.54,4.74,5.42,,,,,
2005-08-26,5.05,7.5,4.74,5.41,,,,,
2005-09-02,4.86,7.64,4.54,5.22,,,,,
2005-09-09,4.97,7.63,4.64,5.33,,,,,
2005-09-16,5.08,7.7,4.74,5.44,,,,,
2005-09-23,5.1,7.89,4.76,5.47,,,,,
2005-09-30,5.21,7.84,4.88,5.58,,,,,
2005-10-07,5.24,7.91,4.9,5.61,,,,,
2005-10-14,5.38,8.16,5.01,5.78,,,,,
2005-10-21,5.28,7.95,4.93,5.64,,,,,
2005-10-28,5.46,8.12,5.11,5.84,,,,,
2005-11-04,5.57,8.11,5.2,5.95,,,,,
2005-11-11,5.51,8.12,5.14,5.89,,,,,
2005-11-18,5.48,8.19,5.09,5.88,,,,,
2005-11-25,5.41,8.14,5.02,5.82,,,,,
2005-12-02,5.52,8.16,5.14,5.93,,,,,
2005-12-09,5.54,8.14,5.14,5.95,,,,,
2005-12-16,5.45,8.1,5.06,5.86,,,,,
2005-12-23,5.41,8.1,5.03,5.82,,,,,
2005-12-30,5.43,8.06,5.06,5.85,,,,,
2006-01-06,5.34,7.94,5.02,5.63,,,,,
2006-01-13,5.31,7.98,5.0,5.61,,,,,
2006-01-20,5.32,7.99,5.01,5.61,,,,,
2006-01-27,5.44,7.92,5.13,5.72,,,,,
2006-02-03,5.48,7.95,5.19,5.75,,,,,
2006-02-10,5.56,8.0,5.27,5.82,,,,,
2006-02-17,5.51,7.91,5.23,5.76,,,,,
2006-02-24,5.54,7.94,5.27,5.79,,,,,
2006-03-03,5.64,8.05,5.35,5.9,,,,,
2006-03-10,5.7,8.12,5.39,5.96,,,,,
2006-03-17,5.59,8.01,5.29,5.85,,,,,
2006-03-24,5.62,7.95,5.31,5.88,,,,,
2006-03-31,5.8,8.01,5.48,6.07,,,,,
2006-04-07,5.88,8.03,5.55,6.15,,,,,
2006-04-14,5.94,8.08,5.61,6.21,,,,,
2006-04-21,5.9,8.03,5.58,6.17,,,,,
2006-04-28,5.91,8.01,5.58,6.17,,,,,
2006-05-05,5.95,8.03,5.64,6.21,,,,,
2006-05-12,6.04,8.04,5.71,6.29,,,,,
2006-05-19,5.94,8.11,5.63,6.2,,,,,
2006-05-26,5.95,8.15,5.62,6.22,,,,,
2006-06-02,5.92,8.2,5.58,6.21,,,,,
2006-06-09,5.95,8.26,5.62,6.24,,,,,
2006-06-16,6.11,8.41,5.76,6.4,,,,,
2006-06-23,6.22,8.56,5.86,6.52,,,,,
2006-06-30,6.14,8.5,5.78,6.44,,,,,
2006-07-07,6.13,8.48,5.78,6.43,,,,,
2006-07-14,6.07,8.51,5.7,6.37,,,,,
2006-07-21,6.04,8.46,5.68,6.34,,,,,
2006-07-28,5.97,8.39,5.62,6.27,,,,,
2006-08-04,5.89,8.33,5.54,6.19,,,,,
2006-08-11,5.97,8.35,5.61,6.27,,,,,
2006-08-18,5.84,8.25,5.48,6.14,,,,,
2006-08-25,5.8,8.26,5.45,6.11,,,,,
2006-09-01,5.74,8.22,5.37,6.04,,,,,
2006-09-08,5.77,8.19,5.4,6.07,,,,,
2006-09-15,5.8,8.14,5.44,6.1,,,,,
2006-09-22,5.61,8.14,5.26,5.92,,,,,
2006-09-29,5.64,8.07,5.29,5.95,,,,,
2006-10-06,5.7,8.02,5.34,6.02,,,,,
2006-10-13,5.81,8.01,5.45,6.12,,,,,
2006-10-20,5.78,7.98,5.43,6.08,,,,,
2006-10-27,5.67,7.92,5.33,5.98,,,,,
2006-11-03,5.69,7.85,5.36,5.99,,,,,
2006-11-10,5.57,7.76,5.25,5.86,,,,,
2006-11-17,5.59,7.69,5.27,5.88,,,,,
2006-11-24,5.54,7.74,5.22,5.82,,,,,
2006-12-01,5.41,7.65,5.07,5.71,,,,,
2006-12-08,5.52,7.58,5.18,5.81,,,,,
2006-12-15,5.57,7.6,5.24,5.87,,,,,
2006-12-22,5.59,7.57,5.25,5.89,,,,,
2006-12-29,5.67,7.56,5.33,5.96,,,,,
2007-01-05,5.61,7.6,5.27,5.91,,,,,
2007-01-12,5.72,7.59,5.38,6.01,,,,,
2007-01-19,5.72,7.51,5.4,6.01,,,,,
2007-01-26,5.81,7.49,5.49,6.08,,,,,
2007-02-02,5.76,7.52,5.44,6.03,,,,,
2007-02-09,5.71,7.41,5.4,5.98,,,,,
2007-02-16,5.62,7.29,5.31,5.88,,,,,
2007-02-23,5.6,7.26,5.3,5.86,,,,,
2007-03-02,5.46,7.44,5.14,5.73,,,,,
2007-03-09,5.55,7.37,5.23,5.82,,,,,
2007-03-16,5.52,7.44,5.19,5.8,,,0.0,,
2007-03-23,5.58,7.4,5.24,5.86,,,0.0,,
2007-03-30,5.6,7.43,5.26,5.89,,,0.0,,
2007-04-06,5.64,7.5,5.28,5.93,,,0.4074452000523825,,
2007-04-13,5.73,7.48,5.38,6.0,,,0.40890635453303176,,
2007-04-20,5.62,7.34,5.28,5.9,,,0.4074452000523825,,
2007-04-27,5.65,7.31,5.3,5.92,,,0.40692014405924704,,
2007-05-04,5.61,7.33,5.27,5.87,,,1.1697902910903726,,
2007-05-11,5.64,7.3,5.3,5.9,,,1.1708360084431801,,
2007-05-18,5.76,7.31,5.42,6.01,,,1.1817487675934712,,
2007-05-25,5.81,7.31,5.48,6.06,,,1.1779714755526038,,
2007-06-01,5.93,7.38,5.6,6.19,,,1.5665563367113449,,
2007-06-08,6.07,7.61,5.72,6.34,,,1.5748000406016391,,
2007-06-15,6.11,7.65,5.76,6.38,,,1.5811989410878111,,
2007-06-22,6.07,7.77,5.71,6.35,,,1.5792739550205968,,
2007-06-29,5.99,7.87,5.63,6.26,,,0.7983816193117287,,
2007-07-06,6.16,8.05,5.8,6.43,,,1.4948965213338055,,
2007-07-13,6.1,8.12,5.73,6.38,,,1.4921598922306327,,
2007-07-20,6.0,8.28,5.62,6.28,,,1.482961440530622,,
2007-07-27,6.01,8.99,5.5,6.36,,,0.6867351468241538,,
2007-08-03,5.96,8.88,5.46,6.3,,,1.4357928479950297,,
2007-08-10,6.06,8.83,5.52,6.38,,,1.438833491698039,,
2007-08-17,6.01,9.0,5.38,6.37,,,1.4339174035919409,,
2007-08-24,6.02,8.82,5.42,6.36,,,1.4276031621194711,,
2007-08-31,5.92,8.96,5.33,6.23,,,0.7455123651771002,,
2007-09-07,5.79,8.91,5.22,6.11,,,1.4119559702716276,,
2007-09-14,5.94,8.89,5.35,6.24,,,1.4165956248678664,0.0,
2007-09-21,5.99,8.59,5.41,6.3,,,1.4191391617009594,0.0,
2007-09-28,5.89,8.51,5.33,6.21,,,0.674446626640418,0.0,
2007-10-05,5.94,8.46,5.39,6.28,,,1.3466444685805894,0.0,
2007-10-12,5.96,8.34,5.44,6.28,,,1.345702822435173,0.0,
2007-10-19,5.7,8.54,5.15,6.02,,,1.3317184180148929,0.0,
2007-10-26,5.71,8.55,5.13,6.04,,,1.3292175768808017,0.0,
2007-11-02,5.69,8.69,5.07,6.06,,,1.3501525900903422,0.9651820359012514,
2007-11-09,5.72,8.95,4.97,6.07,,,1.354975868339747,0.9685532402846975,
2007-11-16,5.72,9.22,4.92,6.1,,,1.3512221712036647,0.9627888558438895,
2007-11-23,5.65,9.48,4.78,6.07,,,1.343379303092041,0.9626924214586118,
2007-11-30,5.69,9.37,4.78,6.13,,,0.6815160383491831,0.9531433870771027,
2007-12-07,5.87,9.37,4.92,6.34,,,1.3320321810542155,1.4494707061861718,
2007-12-14,5.99,9.39,5.04,6.46,,,1.3326905221838268,1.4464538390025494,
2007-12-21,5.92,9.47,4.98,6.38,,,1.3290126601579066,1.4420222347364613,
2007-12-28,5.84,9.44,4.92,6.31,,,1.3125336301705668,0.9461342914326067,
2008-01-04,5.63,9.72,4.67,6.13,,,1.3019072535356195,0.9385369099729541,
2008-01-11,5.63,10.01,4.66,6.11,,,1.2940808616772763,0.9387208626677296,
2008-01-18,5.52,10.19,4.5,6.03,,,1.2933288049031975,0.930065831252303,
2008-01-25,5.5,10.05,4.44,6.05,,,1.2910776296040325,0.9316035967237143,
2008-02-01,5.49,9.98,4.45,6.05,,,1.2738597944651802,0.9488933191103116,
2008-02-08,5.51,10.25,4.43,6.1,,,1.2762092825067444,0.9483399768203713,
2008-02-15,5.64,10.37,4.51,6.25,,,1.2875820358530392,0.9560695437458041,
2008-02-22,5.69,10.45,4.55,6.31,,,0.6245299863529228,0.5032812053623519,
2008-02-29,5.54,10.49,4.34,6.18,,,0.6149570760715156,0.5210428305879511,
2008-03-07,5.72,10.68,4.43,6.35,,,1.1016376751538843,0.9740589841328544,
2008-03-14,5.8,10.99,4.42,6.37,,,1.0876722569749881,0.9756192574087743,
2008-03-21,5.84,10.97,4.37,6.41,,,1.0773766855379552,0.9700806542895217,
2008-03-28,5.94,10.74,4.51,6.53,,,0.46834753343546026,0.468958159465524,
2008-04-04,5.92,10.58,4.53,6.48,,,0.9908496176778008,0.9498857185908236,
2008-04-11,5.87,10.55,4.51,6.41,,,0.9905618572759114,0.9307383138631097,
2008-04-18,6.09,10.28,4.78,6.63,,,0.9996564598119653,0.9276370940908791,
2008-04-25,6.15,10.15,4.93,6.67,,,1.0009264870410528,0.9385833378627693,
2008-05-02,6.03,9.95,4.9,6.51,,,1.1811951469026005,0.9247090055399335,
2008-05-09,5.9,10.07,4.78,6.4,,,1.1764881851274758,0.9206920083584544,
2008-05-16,5.99,9.94,4.87,6.47,,,1.1780923363420353,0.9171606799137813,
2008-05-23,6.01,10.0,4.9,6.49,,,1.1782062246791336,0.9156294162633867,
2008-05-30,6.2,10.1,5.09,6.66,,,0.6586484327258159,0.4481445857104533,
2008-06-06,6.06,10.06,4.93,6.47,,,1.3641327226932887,0.8767212590743546,
2008-06-13,6.47,10.23,5.36,6.86,,,1.3871030589160513,0.8860111859301742,
2008-06-20,6.37,10.38,5.19,6.74,,,1.3755219568983594,0.8993149120016116,
2008-06-27,6.32,10.9,5.11,6.69,,,0.7071617630943171,0.43701998633103745,
2008-07-04,6.38,11.06,5.06,6.76,,,1.402963892549204,0.8536173314949524,
2008-07-11,6.47,11.3,5.11,6.84,,,1.3954624746686188,0.8484211319079248,
2008-07-18,6.67,11.19,5.21,7.01,,,1.4162157474775965,0.8519061720187894,
2008-07-25,6.69,11.15,5.21,7.07,,,1.4075868903723228,0.8548189634420513,
2008-08-01,6.56,11.48,5.07,6.94,,,1.3856523364397433,0.8731683206609044,
2008-08-08,6.54,11.48,5.04,6.95,,,1.3859281770132725,0.8708088278626817,
2008-08-15,6.49,11.35,4.97,6.87,,,1.3837212495700344,0.8626095265139627,
2008-08-22,6.57,11.5,5.03,6.94,,,1.3800130937846984,0.8623530866649326,
2008-08-29,6.54,11.46,4.97,6.93,,,0.6864560555172518,0.44860963071636895,
2008-09-05,6.47,11.58,4.87,6.84,,,1.4270901303196528,0.8112074830240943,
2008-09-12,6.72,11.62,4.98,7.02,,,1.410168697301948,0.8103279202014828,
2008-09-19,7.44,12.31,6.02,7.38,,,1.413742724150754,0.8416193878908238,
2008-09-26,7.87,13.34,6.34,7.64,,,0.7425850117198389,0.3768038103649371,
2008-10-03,7.92,15.04,6.38,8.0,,,1.5142546316286043,0.8574011510338329,
2008-10-10,8.92,18.26,6.95,8.99,,,1.5489178277984514,0.9456463080411294,
2008-10-17,9.06,18.91,6.91,9.65,,,1.5295017593662539,0.9352428127795097,
2008-10-24,9.08,19.44,6.86,9.82,,,1.5373918260807555,0.8720605193738526,
2008-10-31,9.23,19.08,6.95,10.23,,,0.7970798645720985,0.49225911872338823,
2008-11-07,8.88,18.99,6.6,9.92,,,1.2863459672349158,1.0044092212267315,
2008-11-14,8.68,19.66,6.3,9.8,,,1.2903950042193437,0.9904140418032257,
2008-11-21,8.75,21.99,6.28,9.89,,,1.2772003498552165,1.0035737619544354,
2008-11-28,8.68,21.72,5.95,9.94,,,0.4994653226616976,0.5201133021910394,
2008-12-05,8.6,22.45,5.73,10.04,,,1.002034377229767,1.0383158267142738,
2008-12-12,8.45,22.86,5.52,9.99,,,0.9938077918658207,1.0432671544541627,
2008-12-19,7.99,21.78,5.06,9.58,,,0.9899328100697427,1.009147276893756,
2008-12-26,7.93,20.96,5.04,9.54,,,0.9918201455020186,0.9998200502795244,
2009-01-02,7.98,19.46,5.22,9.81,,,0.9164166263892205,1.1271502668695348,
2009-01-09,7.52,18.18,5.23,9.22,,,0.9062201924429907,1.1072310562215948,
2009-01-16,7.37,18.27,5.18,9.0,,,0.9109445734642315,1.1130558446092294,
2009-01-23,7.65,18.45,5.45,9.19,,,0.9158928570174496,1.1523985342183802,
2009-01-30,7.64,18.14,5.49,9.05,,,0.4180879932339599,0.6359223712982512,
2009-02-06,7.65,18.07,5.76,9.12,,,0.8687625171979494,1.1187309071284917,0.0
2009-02-13,7.53,18.14,5.59,9.01,,,0.8634691260298891,1.110443608152626,0.0
2009-02-20,7.67,18.63,5.66,9.04,,,0.8652805946411166,1.1187309071284917,0.0
2009-02-27,8.01,19.43,6.1,9.4,,,0.4485499832278886,0.49475948530304914,0.0
2009-03-06,8.18,20.6,8.16,9.46,,,0.8602446922741277,1.001342422797551,1.685180459081563
2009-03-13,8.34,20.01,7.41,9.62,,,0.8572996807150273,1.0040838915848895,1.685180459081563
2009-03-20,8.1,19.46,6.35,9.43,,,0.8513081530163175,0.9929054364786394,1.6639395405896558
2009-03-27,8.14,18.56,6.24,9.44,,,0.8520326742741298,0.9954014636098599,1.6463317913806157
2009-04-03,8.1,18.45,4.91,9.57,,,0.8135997907525697,1.0192091450934244,3.127795653509062
2009-04-10,7.95,18.13,4.89,9.39,,,0.8100710786414164,1.0163520394016485,3.139858849861738
2009-04-17,7.64,16.99,4.82,9.05,,,0.8110654134060183,0.9951258496573634,3.12060156121664
2009-04-24,7.52,16.86,4.73,8.95,,,0.8113715091403184,0.9956150730262637,3.0734819303427905
2009-05-01,7.28,15.45,4.76,8.69,,,0.7796825780363866,0.9892010456416575,2.9211419547304565
2009-05-08,7.02,14.62,4.87,8.34,,,0.77990375216199,0.9925160976079668,2.885133380943827
2009-05-15,6.82,14.93,4.67,8.16,,,0.7753442170706721,0.9874562946178028,2.831195521994823
2009-05-22,6.84,14.38,4.64,8.14,,,0.7765891836031691,0.9820644266679097,2.7544570282507372
2009-05-29,6.6,14.05,4.56,7.84,,,0.3752649585989923,0.4833283184871108,1.393112250087707
2009-06-05,6.66,13.47,4.78,7.84,,,0.7749894407770473,0.9668956408874585,2.7767481825060036
2009-06-12,6.43,13.13,4.64,7.54,,,0.7758068301037337,0.9810581285129747,2.817479478359684
2009-06-19,6.34,13.44,4.5,7.42,,,0.7732116604493937,0.9789810846140563,2.8761359021954505
2009-06-26,6.12,13.53,4.22,7.21,,,0.39309838677002734,0.4840006042053457,1.439116143420827
2009-07-03,6.06,12.95,3.69,7.13,,,0.9071029049468824,0.933569063203219,2.7941816888193087
2009-07-10,5.9,13.13,3.91,6.98,,,0.9006776655285492,0.9238097299143383,2.804347600863716
2009-07-17,6.0,12.91,4.17,7.09,,,0.9048646195175829,0.9216082027575722,2.8033273038489073
2009-07-24,5.88,12.34,4.14,6.92,,,0.9038352780703177,0.921334075411513,2.7790725917904644
2009-07-31,5.57,11.73,3.99,6.54,,,0.5095107537417144,0.4418203140736494,1.3525144414197963
2009-08-07,5.66,11.38,4.25,6.56,,,0.9916480941063972,0.919190876385115,2.743707214905102
2009-08-14,5.38,11.44,3.89,6.27,,,0.9810556022584,0.9173765168259422,2.7466785126189492
2009-08-21,5.43,11.64,3.93,6.34,,,0.9825411024174027,0.9131416373275577,2.704736880118035
2009-08-28,5.26,11.45,3.78,6.15,,,0.47008451788667605,0.4717810113700771,1.348923950114979
2009-09-04,5.25,11.44,3.71,6.13,,,1.0150504851856117,0.9340543503646217,2.639567643222273
2009-09-11,5.08,11.04,3.62,5.95,,,1.0118069359476618,0.927682761230224,2.596807254436007
2009-09-18,5.09,10.38,3.7,5.9,,,1.0108570799093881,0.921309287885835,2.5427423237322317
2009-09-25,4.96,10.17,3.55,5.74,,,1.0077343535379468,0.9170224309608949,2.471681038950095
2009-10-02,4.94,10.38,3.46,5.73,,,1.0738218303367544,0.9173286309525618,2.3753398510023773
2009-10-09,5.02,10.18,3.6,5.79,,,1.0739222095529386,0.9295013216244763,2.455294007807357
2009-10-16,4.99,9.99,3.63,5.75,,,1.0728173875597091,0.9323000210184599,2.491112001539823
2009-10-23,4.97,9.84,3.66,5.73,,,1.0734186971895443,0.929320882776815,2.429096732836137
2009-10-30,4.82,9.91,3.55,5.61,,,0.5309017783747215,0.46555534040429847,1.1979244276779277
2009-11-06,4.89,9.97,3.61,5.68,,,1.075493617931666,0.9347026644907848,2.408743111225564
2009-11-13,4.81,9.84,3.55,5.59,,,1.0699925997043431,0.934519263247738,2.431835346403145
2009-11-20,4.71,9.76,3.41,5.47,,,1.0667193894944238,0.9316033440599262,2.424622631089469
2009-11-27,4.6,9.69,3.27,5.35,,,0.5383597125597742,0.46469354779504385,1.2198526818527102
2009-12-04,4.81,9.57,3.49,5.57,,,1.083416946228877,0.9101808071777779,2.2948302377924468
2009-12-11,4.75,9.42,3.5,5.5,,,1.081601917111307,0.9101808071777779,2.2895510760093036
2009-12-18,4.67,9.18,3.47,5.37,,,1.0821058474834933,0.9103562014335126,2.2880470325655633
2009-12-25,4.84,9.13,3.67,5.54,,,1.0923779545011736,0.9109764074833194,2.283546904432631
2010-01-01,4.89,9.08,3.73,5.58,,,1.0025214541882743,0.8885962810449486,2.330842588724534
2010-01-08,4.7,8.63,3.58,5.34,,,0.9971582076271776,0.8864397795738178,2.3155771508297605
2010-01-15,4.56,8.57,3.42,5.18,,,0.992315868431984,0.883864715921304,2.3065146415486573
2010-01-22,4.52,8.75,3.37,5.14,,,0.9903738705424433,0.8845499222556763,2.293051351588553
2010-01-29,4.53,8.83,3.37,5.17,,,0.4495471321864071,0.43891102702340684,1.2314029281323942
2010-02-05,4.53,9.11,3.4,5.13,,,0.9165507295965196,0.9059681190735188,2.3884862497877144
2010-02-12,4.67,9.44,3.5,5.26,,,0.9185164911264686,0.9057924284511595,2.40632186875521
2010-02-19,4.72,9.07,3.59,5.3,,,0.9212660682102405,0.9058803162277079,2.4094520614684747
2010-02-26,4.52,8.98,3.36,5.09,,,0.4689740543019692,0.467585258996055,1.1745951285704241
2010-03-05,4.59,8.82,3.46,5.18,,,1.0121735733762443,0.9395865410681008,2.2393908434892125
2010-03-12,4.57,8.62,3.47,5.14,,,1.0103836697528177,0.9380492692413244,2.235769078612033
2010-03-19,4.51,8.5,3.43,5.07,,,1.0095372657360677,0.9377781939869214,2.2386667469680517
2010-03-26,4.58,8.43,3.51,5.14,,,1.0114197475303843,0.9422222979833605,2.2481332899320834
2010-04-02,4.58,8.49,3.52,5.15,,,1.002815809535044,0.9571223829206433,2.1833034878284345
2010-04-09,4.58,8.39,3.54,5.13,,,1.0014045914203098,0.9579593441480393,2.19476285883394
2010-04-16,4.41,8.14,3.39,4.96,,,0.9970105019119494,0.9531451726679001,2.19476285883394
2010-04-23,4.47,8.1,3.45,5.0,,,0.9985961202895757,0.9497496340539983,2.1804593255266904
2010-04-30,4.37,8.13,3.28,4.92,,,0.45295553093740126,0.4771436473580398,1.11041021244445
2010-05-07,4.46,8.78,3.15,5.0,,,0.8823643673468143,0.9459968727633052,2.3493310159782217
2010-05-14,4.39,8.61,3.1,4.93,,,0.8768968507707198,0.9435420592471426,2.3248577467685116
2010-05-21,4.41,9.14,3.05,4.99,,,0.8738261532208023,0.9391194080062717,2.331688972350547
2010-05-28,4.53,9.09,3.2,5.13,,,0.427487826442967,0.4645586805336177,1.2121501219790318
2010-06-04,4.51,9.26,3.07,5.11,,,0.8964234055679214,0.9092449766110992,2.333175258981437
2010-06-11,4.58,9.41,3.14,5.19,,,0.8938700341338208,0.911168337994484,2.327860323442011
2010-06-18,4.52,8.96,3.14,5.13,,,0.8916580847133985,0.9126611644902055,2.3301357558402707
2010-06-25,4.41,8.92,3.0,5.03,,,0.8892127457629432,0.9123097088318695,2.315803625570088
2010-07-02,4.35,9.04,2.96,5.01,,,0.9420834463271475,0.8985595477068193,2.088211630306206
2010-07-09,4.34,8.83,2.99,5.01,,,0.9400153309410483,0.8972640456307527,2.095691280803352
2010-07-16,4.16,8.58,2.82,4.83,,,0.9365034882007541,0.892974772604473,2.089567094532303
2010-07-23,4.15,8.44,2.85,4.81,,,0.9366741765980022,0.8906758412919756,2.080785474478993
2010-07-30,3.99,8.29,2.77,4.63,,,0.47113225401751585,0.4496501320656022,0.9768184711042835
2010-08-06,3.93,8.21,2.56,4.57,,,0.8568087479568127,0.8961809670984995,2.0095771402014466
2010-08-13,3.88,8.43,2.49,4.51,,,0.8581363785593165,0.8905112196914762,2.0134919996193457
2010-08-20,3.81,8.34,2.41,4.44,,,0.8618288536066477,0.8846637103368125,2.0069761982635503
2010-08-27,3.87,8.38,2.43,4.51,,,0.38837822716689024,0.44002024057638756,1.0273506422033245
2010-09-03,3.91,8.29,2.55,4.55,,,0.7466705180780032,0.8903293154384121,2.1003758566207673
2010-09-10,3.95,8.12,2.58,4.58,,,0.749550015327583,0.8917519425354393,2.1058286028868602
2010-09-17,3.84,7.89,2.48,4.47,,,0.7492746882933587,0.8927577654119492,2.1010559971258487
2010-09-24,3.75,7.86,2.38,4.37,,,0.7502393387034175,0.8895780741646299,2.0929242929282847
2010-10-01,3.68,7.73,2.35,4.33,,,0.7779773588377367,0.8855337147907054,2.1413187525915522
2010-10-08,3.54,7.49,2.21,4.19,,,0.7736445127394138,0.8848681745625203,2.1199815880271213
2010-10-15,3.67,7.43,2.31,4.29,,,0.7740687671679849,0.8875362610302102,2.1254464969660147
2010-10-22,3.62,7.4,2.27,4.24,,,0.7710402737580214,0.8861174402909788,2.112511987848082
2010-10-29,3.6,7.27,2.28,4.22,,,0.4150760126826855,0.4396542710023808,1.0589692024650976
2010-11-05,3.56,7.2,2.23,4.17,,,0.7070551348794424,0.8635538069624585,2.074419983588236
2010-11-12,3.74,7.36,2.47,4.36,,,0.7111933752113233,0.8839465621779283,2.1507356999505443
2010-11-19,3.83,7.54,2.54,4.45,,,0.7102842091008069,0.8933225456297292,2.1806377941969055
2010-11-26,3.84,7.66,2.53,4.45,,,0.29503934256484116,0.4366732423321443,1.0598974459831905
2010-12-03,3.98,7.79,2.58,4.59,,,4.2684186130906125,0.8823098118126534,2.2179996744104287
2010-12-10,4.14,7.7,2.77,4.75,,,4.296779425282839,0.9038358982341834,2.299715665097109
2010-12-17,4.11,7.68,2.75,4.71,,,4.310284082222401,0.8968738443930785,2.249207319510481
2010-12-24,4.17,7.6,2.87,4.77,,,4.294336194772132,0.9044741101484446,2.2624058443963637
2010-12-31,4.09,7.6,2.9,4.72,,,4.451213728086436,0.9085799750700652,4.012612295549076
2011-01-07,4.07,7.41,2.88,4.68,,,4.454594605195299,0.9082142907365649,4.011204738630342
2011-01-14,4.04,7.27,2.85,4.65,,,4.455858620272454,0.9361425522508687,4.188928262641172
2011-01-21,4.08,7.27,2.91,4.68,,,4.452059291595766,0.9163413712637788,4.131442585665107
2011-01-28,3.98,7.14,2.81,4.59,,,0.4743391449104645,0.4534335284817371,2.8595169150558966
2011-02-04,4.24,7.12,3.15,4.84,,,0.9569105282612037,0.9150012253595678,3.985121035053793
2011-02-11,4.23,7.09,3.16,4.82,,,0.9583809835798814,0.8942119663960193,3.9865295016210855
2011-02-18,4.14,6.95,3.05,4.74,,,0.9522534574991168,0.8995668713818713,3.9794923967372458
2011-02-25,4.03,7.0,2.93,4.63,,,0.4728129510748574,0.4483691934534411,1.132878296424273
2011-03-04,4.07,7.05,3.01,4.67,,0.0,0.9237486518472867,0.8987242693955748,2.5528244754945257
2011-03-11,4.0,7.13,2.92,4.59,,0.0,0.9194592867766801,0.8994445186389795,2.5647115900368065
2011-03-18,3.94,7.16,2.86,4.54,,0.0,0.916765109346254,0.8963924801648662,2.53744496304162
2011-03-25,4.06,7.12,3.0,4.64,,0.0,0.9215547589777319,0.9001649147462465,2.5320607639347736
2011-04-01,4.11,7.13,2.98,4.67,,0.0,0.8625445027227088,0.8957324387602932,2.496097869462362
2011-04-08,4.14,7.01,3.03,4.7,,0.0,0.8659237136512932,0.8969927415095934,2.5076243325811647
2011-04-15,3.99,6.99,2.88,4.56,,0.6125716140698817,0.8598451669686871,0.8894860483902228,2.4934531591840625
2011-04-22,3.98,6.95,2.88,4.55,,0.6123294769160256,0.8587853241649965,0.8849013940085037,2.4829281350367287
2011-04-29,3.85,6.87,2.74,4.43,,0.6123294769160256,0.40859780796849865,0.43743527014010264,1.1027255271350578
2011-05-06,3.79,6.89,2.67,4.37,,0.6125716140698817,0.822097758489776,0.8763467115559648,2.1846286263788848
2011-05-13,3.79,6.86,2.66,4.36,,1.2409090424963285,0.8211722068419703,0.8674382032193102,2.1618645632404143
2011-05-20,3.76,6.84,2.64,4.32,,1.2433745843169004,0.8196329704381299,0.8695428176804518,2.1528910980604152
2011-05-27,3.71,6.92,2.57,4.28,,1.2488346245954831,0.41295905805945515,0.43614758228313605,1.065285335720426
2011-06-03,3.71,7.11,2.53,4.28,,1.2483363666111864,0.799768606814019,0.8620349873215002,2.175168385883558
2011-06-10,3.71,7.26,2.49,4.28,,0.636043830097316,0.7999932481071541,0.8664593998362169,2.1602515468374075
2011-06-17,3.72,7.44,2.49,4.29,,1.2868296500933365,0.8014150558686204,0.8641161545136549,2.1521315422952063
2011-06-24,3.68,7.49,2.41,4.25,,1.2878713317767982,0.7993206889079963,0.861371548447831,2.1448030827697484
2011-07-01,3.89,7.4,2.67,4.49,,1.2785535155571353,0.826775585433373,0.8600585894500757,2.136668730350822
2011-07-08,3.74,7.26,2.51,4.33,,0.6429382964279813,0.8234434334970459,0.8602258940426303,2.1264181124560197
2011-07-15,3.69,7.26,2.42,4.27,,1.2772178658142121,0.8215183483471851,0.8521902947449697,2.119157034347139
2011-07-22,3.72,7.16,2.47,4.3,,1.2772178658142121,0.8208271047125897,0.845029052921605,2.100502954092004
2011-07-29,3.59,7.17,2.4,4.15,,1.2839388605755968,0.4320374348235907,0.42568450652513873,1.0311403737670886
2011-08-05,3.54,7.75,2.33,4.09,,1.3252526293851274,0.8803584443534629,0.814542693917107,2.059229148680758
2011-08-12,3.62,8.52,2.2,4.17,,0.6769661312107645,0.8691170241046509,0.817032947767445,2.094303303485358
2011-08-19,3.6,8.43,2.14,4.13,,1.4179359083273793,0.8711973616501266,0.808381412440185,2.0599344437909206
2011-08-26,3.75,8.67,2.19,4.31,,1.4403251443382625,0.44699563673095954,0.3900204550541941,1.0345189135956738
2011-09-02,3.61,8.43,2.16,4.17,,1.4039937508800036,0.8164157453337648,0.796599225068227,2.1089321192549035
2011-09-09,3.62,8.54,2.12,4.19,,0.7344719789528317,0.8164904290255671,0.7925466329835077,2.0974883164485485
2011-09-16,3.76,8.61,2.24,4.36,,1.4887429329394475,0.817394617602982,0.7937428884794326,2.09677759594571
2011-09-23,3.83,9.03,2.18,4.44,,1.4983641803644485,0.8161895593092119,0.7842695379005141,2.072193283486684
2011-09-30,3.95,9.54,2.22,4.6,,1.5120453746692681,0.3732092072726832,0.4010935171921505,1.0479064651310035
2011-10-07,4.13,9.78,2.34,4.77,,1.5226362833686362,0.7585720274424235,0.8096423926752897,2.0974540906574255
2011-10-14,4.06,9.19,2.39,4.68,,1.766837083931212,0.7591364832889197,0.809182457177198,2.091772503696296
2011-10-21,3.91,8.73,2.3,4.54,,1.7489077560278892,0.7586424616138152,0.8052185471571818,2.0790986119842647
2011-10-28,3.77,8.18,2.28,4.41,,1.7141180628293649,0.3831870663391419,0.40412306453291685,1.0211219313835833
2011-11-04,3.69,8.37,2.16,4.33,,1.7212517499997564,0.7411335227607743,0.7981912615975087,2.0071291480722517
2011-11-11,3.79,8.57,2.2,4.42,,0.9794734711139643,0.7430634776208028,0.7975144551875287,2.0030815088014813
2011-11-18,3.89,8.72,2.24,4.49,,1.862030591421665,0.7420969832658431,0.7976646570132319,2.018004581304259
2011-11-25,4.0,9.08,2.24,4.58,,1.880856738643081,0.7429254137414047,0.7953407857434154,2.013232528695412
2011-12-02,4.0,8.78,2.31,4.6,,1.8761137595559905,0.7222690506306927,0.794602123232153,1.9440416888969785
2011-12-09,3.98,8.64,2.34,4.59,,0.878313767599483,0.719726510209439,0.7875588888303731,1.9289721031696905
2011-12-16,3.89,8.64,2.29,4.48,,1.8788116134142867,0.7196601186003482,0.7844120394537315,1.923137145914397
2011-12-23,4.02,8.51,2.41,4.61,,1.8630557297823678,0.7201265638557983,0.7797743106848442,1.9179800442101647
2011-12-30,3.87,8.41,2.29,4.47,,1.8661864581089194,0.7107910107444558,0.7462492047272937,1.8424011055043006
2012-01-06,3.87,8.09,2.12,4.54,,1.84602677789435,0.7105939996082987,0.7306579771664662,1.8307282047375102
2012-01-13,3.75,8.04,2.05,4.43,,1.8109402684726894,0.70856209748114,0.7298654934003771,1.796582869332154
2012-01-20,3.76,7.82,2.12,4.45,,1.8079388655135011,0.7104621747849769,0.7308558639624207,1.792477648587721
2012-01-27,3.56,7.57,2.02,4.24,,1.7894072549976503,0.3491806689087815,0.34012165651736925,0.8749462765889164
2012-02-03,3.55,7.47,2.04,4.23,,1.7784703653336016,0.7242690346332873,0.6952764532506212,1.7621031511232903
2012-02-10,3.5,7.4,1.99,4.15,,0.823701075918368,0.7238002812911484,0.6942269923962993,1.757536736564398
2012-02-17,3.52,7.31,2.01,4.17,,1.6542256049851294,0.7237339843434253,0.6901202265222841,1.7558300341512876
2012-02-24,3.47,7.11,1.99,4.09,,1.6555789481622039,0.37496512767249013,0.36172274442034574,0.8823319587405424
2012-03-02,3.39,7.08,1.95,4.0,,1.6474882078430633,0.7718974453817419,0.7299783337815615,1.7522618322815653
2012-03-09,3.45,7.24,1.99,4.06,,0.8285169058833866,0.7710404667198719,0.7341118848113908,1.7415706802050563
2012-03-16,3.54,7.19,2.09,4.15,,1.6535931545547902,0.7725418543206057,0.7447235413482977,1.7723051738623319
2012-03-23,3.5,7.23,2.04,4.1,,1.6515688599334517,0.7723990385837807,0.7387001657253562,1.750565131127586
2012-03-30,3.47,7.21,2.01,4.08,,1.6468654079377396,0.3969401868451305,0.37056345593848067,0.8619385398566267
2012-04-06,3.49,7.31,1.96,4.12,,1.6502221670968316,0.6695325555038436,0.7282033172826106,1.8855877414148303
2012-04-13,3.41,7.37,1.87,4.04,,1.703636399567545,0.6660717450293953,0.7219174807749783,1.8813723568127716
2012-04-20,3.39,7.23,1.88,4.02,,1.6973648112611535,0.6664411099010408,0.7157398666419955,1.8670560165236283
2012-04-27,3.36,7.07,1.91,3.99,,1.68907621999551,0.27136256278975357,0.346435810223787,1.009086561737068
2012-05-04,3.33,6.98,1.88,3.94,,1.6754382354448174,0.49625373261068284,0.6811701984244537,1.8672632726055067
2012-05-11,3.33,7.03,1.86,3.94,,0.8650267766903207,0.49625373261068284,0.6830126644112955,1.860252489283307
2012-05-18,3.44,7.47,1.87,4.05,,1.741162600512265,0.49579635684720985,0.6825822574896901,1.8631683977577913
2012-05-25,3.47,7.59,1.9,4.1,,1.731854941465065,0.4961619643834913,0.6833825002912736,1.8567666895383563
2012-06-01,3.4,7.99,1.83,4.02,,1.7734201707635442,0.457959568238061,0.6779724073667113,1.7407298188878908
2012-06-08,3.45,7.89,1.89,4.08,,0.8637967191558836,0.4588482544389113,0.6818403865720358,1.7336907039822838
2012-06-15,3.4,7.74,1.85,4.03,,1.676742055470424,0.45817047941453853,0.6819643867520383,1.7358519101300505
2012-06-22,3.39,7.49,1.9,4.02,,1.6753566828514304,0.45787478821823857,0.6856911976708792,1.7326135282880042
2012-06-29,3.35,7.3,1.85,3.99,,1.6636742809958267,0.23275335462149324,0.3426127378259729,0.8767734424242615
2012-07-06,3.25,7.31,1.77,3.91,,1.659591285709113,0.4768517189286474,0.6898869914476248,1.728585623099516
2012-07-13,3.17,7.25,1.72,3.83,,1.6431378652016992,0.4758437146404001,0.6860156245002368,1.7094202913209517
2012-07-20,3.05,7.08,1.64,3.71,,1.6371132310066951,0.47497110800318104,0.6784017912084331,1.6999961658202283
2012-07-27,3.08,7.09,1.67,3.75,,1.6371132310066951,0.24417285236363126,0.34201964515767275,0.8332510821369238
2012-08-03,3.07,6.9,1.65,3.73,,1.6304724272608366,0.4430617576582741,0.6820472006462057,1.6509161627389297
2012-08-10,3.06,6.89,1.68,3.71,,0.828531938455853,0.4430617576582741,0.6822310454966745,1.6534496038556938
2012-08-17,3.15,6.91,1.74,3.8,,1.5521765904031073,0.444859639499111,0.6852438238887623,1.6494000543653786
2012-08-24,3.04,6.8,1.66,3.69,,1.5465329676214266,0.4433468906586224,0.6834572025020116,1.641358825917226
2012-08-31,2.97,6.82,1.59,3.62,,1.545284125531542,0.1987097465795804,0.33993822247793787,0.8097314709880417
2012-09-07,2.99,6.64,1.63,3.64,,0.7173681499703378,0.35264664512260424,0.6784093990422564,1.6568753103178993
2012-09-14,2.99,6.31,1.66,3.63,,1.4249465964689643,0.3520969985969768,0.6821518288907148,1.6660349693986574
2012-09-21,2.91,6.36,1.6,3.53,,1.4215305520846329,0.351452297289049,0.6781042442256278,1.653339954895668
2012-09-28,2.84,6.58,1.53,3.47,,1.4266584364791772,0.15348740260074836,0.3355043288817797,0.8409400914074615
2012-10-05,2.85,6.49,1.62,3.47,,1.4249465964689643,0.31779627942263394,0.6718348488362728,1.6890533061895918
2012-10-12,2.77,6.47,1.57,3.37,,0.7121871012297675,0.31776726304258274,0.671414019939857,1.6828992430487653
2012-10-19,2.75,6.31,1.61,3.33,,1.5156702608347343,0.31817656009345857,0.6724363911593906,1.6793290998898702
2012-10-26,2.76,6.39,1.59,3.34,,1.5199385639915832,0.3182349658619873,0.6706351781419878,1.6767879257412768
2012-11-02,2.76,6.53,1.56,3.35,,1.5217753349759209,0.16429566375494536,0.3359095347802382,1.663379614337909
2012-11-09,2.73,6.65,1.51,3.32,,0.807627598237392,0.16479617185101134,0.33278992771225735,1.651846972908895
2012-11-16,2.75,6.82,1.51,3.35,,1.6052868806190173,0.1649027045287654,0.3330552339295954,1.6458919881099685
2012-11-23,2.81,6.63,1.58,3.41,,1.5942381790143567,0.16484189746233013,0.3317629264671789,1.6429296316731425
2012-11-30,2.75,6.53,1.53,3.34,,1.5929492062004864,0.0,0.0,0.8074195045314265
2012-12-07,2.75,6.3,1.53,3.34,,1.5814338132046997,0.4236994774535087,0.29845065759790596,1.5438735579863971
2012-12-14,2.79,6.23,1.58,3.37,,1.5388906570921794,0.42381728245091077,0.3042826955262924,1.6158940146137688
2012-12-21,2.78,6.24,1.59,3.35,,1.5358008212861243,0.42362085232075136,0.30491411464228385,1.5716101573271757
2012-12-28,2.75,6.24,1.57,3.32,,1.534569175003509,0.4231115580062837,0.6157004118871603,1.6208400210636211
2013-01-04,2.82,6.13,2.09,3.36,,1.5266093556547946,0.42291590578585864,0.6093541936336545,1.618373938567106
2013-01-11,2.77,5.98,2.05,3.31,,0.7513966366884407,0.4233855675953503,0.6047469391087222,1.6061499348410933
2013-01-18,2.76,5.92,2.02,3.29,,1.5581759007007474,0.4233465381993422,0.6037269318096575,1.5945873780260573
2013-01-25,2.82,5.84,2.09,3.34,,1.5563237120083628,0.4241315827521395,0.6070149163873088,1.5950658340061745
2013-02-01,2.88,6.08,2.12,3.43,,1.5618963865427613,0.11745360319791458,0.6073190778586754,1.6942887583167074
2013-02-08,2.86,6.17,2.08,3.41,,0.815467409492987,0.1173881301655719,0.6054761770085034,1.695820918782856
2013-02-15,2.86,6.08,2.09,3.42,,1.5835147122677484,0.11735538637475222,0.6088451038449645,1.6937794823042913
2013-02-22,2.83,6.07,2.07,3.39,,1.5790820187210488,0.11732270700641956,0.3014775387586645,0.8340412953325143
2013-03-01,2.79,6.03,1.99,3.34,,1.580346133425537,0.2544775676687243,0.6248365493366772,1.5830360105323036
2013-03-08,2.89,5.94,2.11,3.44,,1.5746730394248072,0.255780491410662,0.633444570475001,1.6028361386836043
2013-03-15,2.83,5.84,2.08,3.38,,1.493111035700324,0.2551627974108783,0.6365603352991244,1.5907042827224696
2013-03-22,2.81,5.84,2.04,3.36,,1.491920175359382,0.2548315945248275,0.6347684744877318,1.5969896269516952
2013-03-29,2.8,5.82,2.03,3.34,,1.4907320781267284,0.13757168347152915,0.3297193707237886,0.7572425074763744
2013-04-05,2.71,5.88,1.93,3.25,,1.488951804089224,0.4674284191220006,0.6358189972402848,1.6170873858101242
2013-04-12,2.7,5.7,1.94,3.23,,0.7278347098546432,0.4675583396337349,0.6345615031088462,1.62002633679179
2013-04-19,2.7,5.73,1.95,3.24,,1.446645818619097,0.4671261904124914,0.6327969570918494,1.6180663973623437
2013-04-26,2.65,5.51,1.92,3.18,,1.4460690330794095,0.32991366255000304,0.3071410811819043,0.8657289755540186
2013-05-03,2.7,5.32,1.97,3.22,,1.4397644479471616,0.4321758585470286,0.6183689710613954,1.625568904356195
2013-05-10,2.76,5.31,2.05,3.27,,0.7135676368964539,0.4337036089352366,0.6230573319818857,1.6216244790398417
2013-05-17,2.77,5.47,2.07,3.29,,1.4056006764647777,0.43414800180180524,0.6221591346411146,1.6123331534014123
2013-05-24,2.82,5.6,2.09,3.34,,1.4095148357469716,0.43589307514307235,0.6235078765574988,1.6036273455460166
2013-05-31,3.0,5.93,2.3,3.54,,1.4128867270062406,0.10277842626252039,0.3215283243849736,0.7529658447744341
2013-06-07,3.09,6.22,2.35,3.65,,1.4196793459172792,0.1775749666781558,0.640074250661028,1.6123294777608135
2013-06-14,3.08,6.32,2.32,3.65,,1.382275544172652,0.17684019217929858,0.6430571532741488,1.6399518505046036
2013-06-21,3.45,6.71,2.59,4.05,,1.3951839168835454,0.18050670867805294,0.6745529767242181,1.7678286890199049
2013-06-28,3.43,6.74,2.55,4.04,,1.388419118864062,0.07489863111148183,0.32648734174062155,0.8797143814575856
2013-07-05,3.59,6.84,2.84,4.22,,1.388419118864062,0.1653158102341447,0.6734758384876978,1.8919803389489083
2013-07-12,3.44,6.47,2.74,4.07,,0.6818973617437966,0.16414396417559532,0.6602607170709114,1.8613021921764252
2013-07-19,3.28,6.11,2.63,3.89,,1.356691393659471,0.16312818883247956,0.6667709530349551,1.900288136289595
2013-07-26,3.3,6.3,2.65,3.92,,1.3577785294467601,0.1632525869115704,0.6686915282723019,1.8699642764638802
2013-08-02,3.33,6.36,2.75,3.96,,1.356691393659471,0.2015172567226712,0.6847799920990139,1.936091090719599
2013-08-09,3.32,6.4,2.73,3.95,,0.6799806349441266,0.20101866482976077,0.6863693764639774,1.951150096027051
2013-08-16,3.49,6.5,2.91,4.13,,1.3627023635645588,0.20341890364054016,0.69654012174785,1.9984595680947657
2013-08-23,3.52,6.59,2.92,4.17,,1.3687847025736115,0.20332096044389508,0.6937488599942674,1.9929358869978326
2013-08-30,3.47,6.54,2.86,4.12,,1.3649087740358539,0.1139013226353601,0.34957544361148274,1.0027775891336868
2013-09-06,3.64,6.6,3.02,4.28,,1.3627023635645588,0.2178758509398708,0.7073961843588036,2.043403539343239
2013-09-13,3.58,6.51,2.98,4.22,,1.3063809086711917,0.2164292112235406,0.7024697445014249,2.0354044771511917
2013-09-20,3.4,6.26,2.84,4.02,,1.3021696193283452,0.21401938990547265,0.689682798742475,1.9620884988407021
2013-09-27,3.33,6.36,2.76,3.96,,1.3074378963271607,0.10052713139996705,0.34559963448151865,0.9934437910835139
2013-10-04,3.38,6.36,2.79,4.02,,1.3074378963271607,0.24525544888006662,0.6916328133952723,1.9022486591847423
2013-10-11,3.37,6.3,2.79,4.0,,0.6275216646578892,0.24569723611827352,0.6962496237777098,1.9297881724562465
2013-10-18,3.25,6.06,2.72,3.87,,1.2508299241512377,0.24421517663069872,0.6923645328543497,1.891713728275415
2013-10-25,3.19,5.96,2.67,3.8,,1.24729576189084,0.24316089458684959,0.6843985123519126,1.866516071272398
2013-11-01,3.26,5.94,2.79,3.87,,1.2447850126592708,0.30139868429555733,0.7001863292758135,1.8389684484247388
2013-11-08,3.34,6.07,2.85,3.96,,0.6221417530150695,0.30305734206885265,0.703609362980242,1.8415300087171231
2013-11-15,3.28,6.0,2.8,3.9,,1.2480559158542455,0.30137015788960936,0.7013243031233163,1.8281581200439605
2013-11-22,3.26,5.95,2.8,3.89,,1.2480559158542455,0.3018543141941997,0.7015250741730612,1.8243714583052164
2013-11-29,3.24,5.86,2.78,3.86,,1.2485578912633843,0.1575667437923189,0.3582546762781597,0.9366324244717122
2013-12-06,3.33,5.9,2.88,3.94,,1.247553010721441,0.34191561059643,0.7118774159768076,1.815508847226129
2013-12-13,3.3,5.9,2.86,3.9,,1.2543139496533564,0.3417526814412081,0.7106477462576141,1.8398014935947098
2013-12-20,3.28,5.87,2.84,3.87,,1.251786648335254,0.3416549643387348,0.7107837521923949,1.8476087749208947
2013-12-27,3.35,5.87,2.92,3.93,,1.2502756825988588,0.3613057760429035,0.71013409980315,2.4943134350047704
2014-01-03,3.33,5.9,2.93,3.92,,1.2477654075265086,0.3608910659616812,0.7067912301975373,2.4644819922254637
2014-01-10,3.23,5.78,2.81,3.82,,0.6221337087214883,0.35788131102545656,0.6974762609119985,2.422726491204461
2014-01-17,3.2,5.7,2.79,3.78,,1.242076424595375,0.3569677429897217,0.6940548278132787,2.405260642831481
2014-01-24,3.17,5.83,2.74,3.76,,1.2425744088345414,0.3555895094149615,0.692225977788508,2.3978529655038194
2014-01-31,3.18,5.91,2.7,3.76,,1.2430731434145637,0.1740051214072463,0.3482225000031398,1.5480666903330276
2014-02-07,3.15,5.88,2.7,3.73,,0.6217861392557688,0.3684907354835463,0.6901136818244044,2.4390121348815086
2014-02-14,3.15,5.75,2.73,3.71,,1.235522895305227,0.36904555493489977,0.6905692096724221,2.4348090133667606
2014-02-21,3.14,5.62,2.72,3.7,,1.2360215553927092,0.19495591645092042,0.3416336137270346,0.8807033055000789
2014-02-28,3.09,5.51,2.66,3.64,,1.2335354002124548,0.19395138620966543,0.3383525155506944,0.8705908943753756
2014-03-07,3.19,5.62,2.76,3.74,,1.2340321960614493,0.3968342102374658,0.6833820756980844,1.8255727475818686
2014-03-14,3.12,5.66,2.68,3.68,,1.2269878714987057,0.39445074647348866,0.6777613920813598,1.810745724379774
2014-03-21,3.19,5.62,2.78,3.73,,1.2255035753320536,0.3968717446471915,0.6794761274798117,1.8125862147688503
2014-03-28,3.14,5.58,2.74,3.67,,1.2245169568789889,0.3961610509291926,0.6777613920813598,1.8113594531260242
2014-04-04,3.16,5.54,2.63,3.67,,1.2245169568789889,0.39045770624919074,0.6600723918200104,1.7794181072846007
2014-04-11,3.05,5.55,2.53,3.56,,0.6139898450743136,0.38724585745444656,0.6549903894194554,1.7704226117075765
2014-04-18,3.12,5.53,2.62,3.63,,1.206273972538931,0.3895031098115518,0.6566350285284067,1.77341056815088
2014-04-25,3.09,5.5,2.58,3.59,,1.206763437694384,0.38800766932976405,0.6531118973148204,1.7562159545572362
2014-05-02,3.06,5.53,2.57,3.56,,1.200432559993398,0.3795373097853679,0.638913477311217,1.5753997192523967
2014-05-09,3.04,5.5,2.55,3.52,,0.5870371740169642,0.3787601241683355,0.6359679591984788,1.562311225966954
2014-05-16,2.96,5.45,2.48,3.44,,1.1823163171896711,0.3780911243275987,0.6328745901187687,1.5479069220295774
2014-05-23,2.96,5.45,2.48,3.44,,1.1813616347588918,0.37724976455365544,0.6331656458410263,1.5403000785228065
2014-05-30,2.91,5.38,2.43,3.37,,1.179458370932102,0.19066177074796792,0.3179817997102226,0.7309529692080017
2014-06-06,3.01,5.32,2.57,3.48,,1.1756711644957492,0.3608472775125677,0.6290001633684762,1.4513542806634758
2014-06-13,3.03,5.28,2.59,3.49,,1.1819718058190656,0.3610149486424607,0.6309803132878279,1.4556673216600187
2014-06-20,3.03,5.18,2.6,3.48,,1.1829238776662203,0.3606466118854455,0.6307466518214846,1.4508767969620686
2014-06-27,2.95,5.21,2.53,3.4,,1.1829238776662203,0.1688307925699505,0.30858919669714774,0.722056841758785
2014-07-04,3.07,5.3,2.62,3.52,,1.1791250907757158,0.32939204683574097,0.6164084603885696,1.5331387003727386
2014-07-11,2.98,5.38,2.53,3.43,,0.5909859029095328,0.3277154184740736,0.6152117249012498,1.5247925385221683
2014-07-18,2.98,5.55,2.52,3.44,,1.191583905916972,0.3289026322850133,0.6124367985446353,1.4922951652771137
2014-07-25,2.98,5.52,2.51,3.43,,1.1886987927172175,0.3284144483885212,0.6099661034330166,1.4829134141120022
2014-08-01,3.03,6.04,2.54,3.5,,1.1993468489108838,0.3306756755065137,0.6099871055471549,1.535959454195316
2014-08-08,2.99,5.92,2.48,3.48,,0.6028614298174516,0.33012446455860806,0.6093163768211365,1.528345330360248
2014-08-15,2.92,5.63,2.42,3.39,,1.2172483430143803,0.32890564428686403,0.6077021680340198,1.524316658012599
2014-08-22,2.98,5.54,2.5,3.43,,1.2108395926165223,0.3298186916823144,0.6071472474184672,1.520307274457035
2014-08-29,2.93,5.5,2.46,3.38,,1.2088801325726284,0.1705722418139009,0.3046851526103329,0.760095230560091
2014-09-05,3.02,5.71,2.54,3.47,,1.2137884789836466,0.31175698077956854,0.6101003405025487,1.5135111289831689
2014-09-12,3.14,5.94,2.65,3.6,,0.6159569928506503,0.3134680173643497,0.6125639192550176,1.5225173257055686
2014-09-19,3.12,5.87,2.63,3.58,,1.246274329672281,0.312624844677487,0.6104352870273408,1.5046118670170539
2014-09-26,3.12,6.25,2.59,3.58,,1.257057331678863,0.1408065340085623,0.3041404074690223,0.7447254402335713
2014-10-03,3.12,6.11,2.65,3.6,,1.2529270801425818,0.2905942269720779,0.6032189330277915,1.4408726561602057
2014-10-10,3.01,6.32,2.53,3.5,,0.6351380984172599,0.2892863408027757,0.6006467632761513,1.4357307313949397
2014-10-17,2.96,6.22,2.47,3.45,,1.2989021245769827,0.288755727881565,0.5990163655341023,1.4408726561602057
2014-10-24,3.0,5.98,2.52,3.5,,1.2876776522517805,0.28841191035460906,0.6019031470268577,1.4320162713519748
2014-10-31,3.09,6.01,2.58,3.58,,1.2834519629455394,0.1493016152452313,0.2996706256941223,0.6977479712044279
2014-11-07,3.1,6.04,2.57,3.61,,1.2829251516763982,0.29062087106151857,0.5874989458894823,1.391416043051817
2014-11-14,3.12,6.11,2.56,3.64,,1.2374211045984667,0.29072742597603796,0.5872309968711777,1.387811023000236
2014-11-21,3.13,6.22,2.58,3.65,,1.2389475485792845,0.2900629562017046,0.5874454765131181,1.3896103508859698
2014-11-28,3.04,6.21,2.46,3.56,,1.236912377196503,0.14096477165619226,0.28614884720030703,0.6912183182979618
2014-12-05,3.21,6.51,2.57,3.76,,1.2476720490926023,0.2819722648186781,0.5769136304827918,1.3301211996408653
2014-12-12,3.13,7.04,2.43,3.74,,0.5982972160512335,0.2797659783191161,0.5739832298752869,1.320290678533351
2014-12-19,3.22,6.77,2.52,3.83,,1.1532803246091659,0.28032715542878966,0.5751305945929805,1.3284011049669218
2014-12-26,3.26,6.68,2.57,3.86,,1.1576152699650382,0.8026883057717574,0.8289610913980731,1.3284011049669218
2015-01-02,3.18,6.72,2.46,3.78,,1.15520326031757,0.660300031600908,0.5429553280837844,1.4093971357432167
2015-01-09,3.07,6.69,2.34,3.7,,0.5644383170636262,0.6572342847631084,0.5382117262030938,1.3905039813364444
2015-01-16,2.95,6.71,2.19,3.58,,1.1188703248635727,0.6577131377888629,0.5358468271142537,1.3900599308110932
2015-01-23,2.97,6.67,2.22,3.6,,1.1132803712683552,0.6558011641850283,0.5349349415287766,1.3954034021592505
2015-01-30,2.88,6.61,2.1,3.53,,1.1156028212386684,0.5164419013430271,0.2490016907616026,0.7570407346341991
2015-02-06,3.07,6.29,2.32,3.69,,1.1132803712683552,0.6281019723127123,0.5382083336485024,1.4853108017114802
2015-02-13,3.1,6.27,2.38,3.7,,1.0951624464520209,0.6270158174588002,0.5423201448151022,1.4992333441735692
2015-02-20,3.12,6.17,2.43,3.71,,1.088815629600169,0.1095652417296633,0.2886581935099954,1.4910409991619584
2015-02-27,3.02,5.97,2.32,3.61,,1.0874654428751471,0.10905738265078793,0.28730097163044055,0.7215031688727663
2015-03-06,3.14,6.16,2.66,3.67,,1.0915264676498737,0.2304680085712542,0.5790833879187308,1.4581206405698237
2015-03-13,3.07,6.31,2.58,3.62,,1.0754067397443314,0.2297951580423548,0.5740722594749054,1.441166099860666
2015-03-20,2.96,6.27,2.45,3.51,,1.077645675366074,0.22873099998534882,0.5704866978482407,1.4259670499608839
2015-03-27,2.95,6.22,2.45,3.5,,1.0763000994250052,0.22860649769257307,0.5698675396241083,1.4232375767037706
2015-04-03,2.91,6.24,2.39,3.43,,1.0700689536820582,0.32361765203794146,0.563314423242221,1.4631615302085244
2015-04-10,2.92,6.07,2.42,3.43,,0.5292061739529317,0.32344157280854735,0.5636721640651032,1.4631615302085244
2015-04-17,2.84,6.02,2.33,3.35,,1.0617877670046876,0.3226217775049897,0.5629571362197322,1.45662607625618
2015-04-24,2.87,5.96,2.38,3.39,,1.0591544867989744,0.3225925930741664,0.5641842222217208,1.45662607625618
2015-05-01,3.06,6.12,2.57,3.58,,1.0569692771979795,0.4230012148798295,0.5619226759828176,1.4313165939413768
2015-05-08,3.07,6.12,2.59,3.6,,0.5295772433994872,0.4230012148798295,0.5630578748577929,1.4313165939413768
2015-05-15,3.04,6.11,2.57,3.58,,1.0662328154234118,0.42327105882836075,0.5639897733182792,1.4359607978157127
2015-05-22,3.14,6.12,2.67,3.66,,1.065349235217497,0.42404356256377473,0.5656024294598982,1.438760944192747
2015-05-29,3.06,6.06,2.58,3.59,,1.065349235217497,0.21885581202451548,0.28059361527164917,0.6716633580653079
2015-06-05,3.32,6.38,2.86,3.86,,1.0720110363660111,0.43571484872304433,0.5575714591924092,1.3878003661565153
2015-06-12,3.33,6.43,2.85,3.87,,0.540553134237629,0.43575494043599583,0.5565394618120058,1.392822005160331
2015-06-19,3.25,6.39,2.77,3.8,,1.0913820551211495,0.4338377256335799,0.5546923620020815,1.3882554915987098
2015-06-26,3.39,6.47,2.91,3.94,,1.0890947087830047,0.2155654582262037,0.27456990693224004,0.7142407971038895
2015-07-03,3.35,6.66,2.85,3.9,,1.0904660711594858,0.4336180464569705,0.5526408689624899,1.4401503157459155
2015-07-10,3.39,6.75,2.89,3.95,,0.5472846454002158,0.43317808526927337,0.5513152391407623,1.4253031676589007
2015-07-17,3.35,6.73,2.84,3.91,,1.0974516259316487,0.4315866743828846,0.5499458547949475,1.4186980836405354
2015-07-24,3.34,7.01,2.8,3.92,,1.109511705460633,0.43079518444134973,0.5478788571887672,1.4140172376799025
2015-07-31,3.34,6.99,2.78,3.91,,1.1081064893752002,0.21656346028168308,0.2760581856100858,0.7017702641673695
2015-08-07,3.37,7.17,2.78,3.95,,1.1137480358084801,0.45246572447504446,0.5489146093638421,1.4321232782646105
2015-08-14,3.41,7.17,2.81,4.01,,1.1393495307753208,0.4520925662329096,0.5487131046369282,1.4297623230701189
2015-08-21,3.34,7.38,2.7,3.96,,1.1447264021543562,0.45068740087020365,0.5471560503208391,1.4297623230701189
2015-08-28,3.45,7.41,2.8,4.08,,1.1427654761496162,0.23465407908958877,0.2726037834669501,0.7399529725620764
2015-09-04,3.41,7.32,2.75,4.04,,1.138863388543894,0.4933792091783493,0.5413026796707043,1.4417593191760625
2015-09-11,3.43,7.23,2.77,4.06,,0.5765808119370923,0.49342440140021865,0.5430960076442936,1.4436722694559847
2015-09-18,3.37,7.34,2.71,3.99,,1.1655913488208425,0.4916682002353556,0.5415509413162459,1.430858914070342
2015-09-25,3.43,7.71,2.74,4.08,,1.1696139877582534,0.4930631411774872,0.5408062052516718,1.4215123356502661
2015-10-02,3.38,8.23,2.62,4.08,,1.1762104967291094,0.5382716675137479,0.5404170939901864,1.3874264334927529
2015-10-09,3.41,7.63,2.68,4.07,,0.58904055741811,0.5396478859591232,0.5420979277452076,1.3874264334927529
2015-10-16,3.34,7.62,2.6,4.0,,1.1855329407809445,0.5390574455521207,0.5414044609277713,1.3842630024920353
2015-10-23,3.34,7.47,2.61,4.0,,1.1855329407809445,0.5389588482892428,0.5411077898444463,1.3784257542380602
2015-10-30,3.4,7.46,2.7,4.06,,1.189657056187254,0.2821069584400982,0.27301469525338035,0.6851115202773338
2015-11-06,3.55,7.62,2.84,4.19,,1.1922483782137883,0.5432167548614968,0.5394885250238892,1.3564993513680652
2015-11-13,3.52,7.98,2.81,4.18,,1.2146111574088763,0.5424172963694762,0.5383028679607486,1.3591659091324415
2015-11-20,3.51,8.04,2.77,4.17,,1.2189011598354975,0.5416200363413135,0.5356039311243993,1.3476856645701938
2015-11-27,3.5,8.07,2.75,4.17,,1.2172888293939144,0.25851650133099335,0.26250202943463513,0.6630111486554843
2015-12-04,3.54,8.15,2.82,4.23,,1.21141257323374,1.169980177783128,0.5257115008533084,1.325880563996645
2015-12-11,3.51,8.75,2.73,4.23,,0.623140190272943,1.1660940313993957,0.523091917275452,1.3310699048313321
2015-12-18,3.61,8.94,2.8,4.35,,1.263725311306323,1.1666318350342673,0.5222875114439717,1.3310699048313321
2015-12-25,3.65,8.83,2.83,4.39,,1.2529862700570635,1.6411465393255789,0.7720386530527685,1.3211592135325716
2016-01-01,3.68,8.76,2.86,4.42,,1.2507495159855504,1.381505691115956,0.5101270575439582,1.2947759540793964
2016-01-08,3.58,8.89,2.73,4.34,,0.6355549031936281,1.3724574270282353,0.5074230487639638,1.2852034247886657
2016-01-15,3.59,9.42,2.71,4.39,,1.2889692232362815,1.368040914309571,0.5071950228305866,1.2852034247886657
2016-01-22,3.67,9.42,2.75,4.49,,1.2808367180006763,1.3686702479220678,0.5074230487639638,1.2856163073950928
2016-01-29,3.61,9.16,2.69,4.44,,1.2814144542707024,0.46456514213672934,0.247393592289223,0.6290447142425538
2016-02-05,3.62,9.45,2.65,4.44,,1.2878013767557668,0.6934801342496286,0.5025323686944787,1.2521913871421106
2016-02-12,3.67,9.93,2.59,4.53,,1.3059259690875862,0.6930359950380489,0.5015440270559771,1.2566307141735473
2016-02-19,3.63,9.53,2.6,4.48,,1.3035348460960945,0.22917972436459552,0.25574291468476207,1.2497832359771253
2016-02-26,3.62,9.12,2.58,4.45,,1.2905411787873056,0.22913783461457143,0.25647789940624227,0.62669924707357
2016-03-04,3.58,8.56,2.63,4.34,,1.2715289057912058,0.22970494710540454,0.4886825652957268,1.2329021117032792
2016-03-11,3.55,8.38,2.62,4.28,,0.6293027009242665,0.2301690801024835,0.48832957056389303,1.2309150024945206
2016-03-18,3.35,8.14,2.5,4.04,,1.2637191263916774,0.2295996763653429,0.4870985633610865,1.2238130373546694
2016-03-25,3.34,8.39,2.52,4.01,,1.2755080983473581,0.22989458078879554,0.48705482461930927,1.2245986246814615
2016-04-01,3.21,8.38,2.47,3.87,,1.2648321679537342,0.2385849255335896,0.43694785156860305,1.2194464478802103
2016-04-08,3.14,8.3,2.39,3.79,,0.6412689536136116,0.23827943999417533,0.4339092187623305,1.2139751391553866
2016-04-15,3.11,7.91,2.38,3.74,,1.3020216079171083,0.23827943999417533,0.43356148885034285,1.2047074676483829
2016-04-22,3.15,7.72,2.46,3.74,,1.2878633524560694,0.23878156380137885,0.43437395274463647,1.2035594658414615
2016-04-29,3.06,7.59,2.41,3.64,,1.282284877484926,0.23823586926867177,0.20611846450492208,0.6058819054678188
2016-05-06,3.06,7.8,2.48,3.65,,1.284510780008671,0.45268956698574797,0.4313129591144515,1.208891519480362
2016-05-13,3.04,7.7,2.44,3.63,,1.3522484640111778,0.45235887998207913,0.4296685512371737,1.2035635935363456
2016-05-20,3.16,7.65,2.57,3.75,,1.3493041733600384,0.4535596041757627,0.4310446104168682,1.2005404043873509
2016-05-27,3.13,7.5,2.55,3.71,,1.3446211704060815,0.21539126725835384,0.22605973477407781,0.5997055636846096
2016-06-03,3.04,7.4,2.47,3.6,,1.3417118205876981,0.4374868433605729,0.456244446724915,1.198841266240138
2016-06-10,2.98,7.24,2.41,3.53,,0.6898829214523685,0.4370875756659682,0.45394251270328007,1.196205314872503
2016-06-17,2.99,7.42,2.44,3.54,,1.3891198207240414,0.4368485788992272,0.45190227178872105,1.193208542725253
2016-06-24,2.95,7.49,2.4,3.5,,1.3891198207240414,0.4364107993551378,0.450869214178199,1.1854127265136407
2016-07-01,2.86,7.22,2.31,3.41,,1.380649631330239,0.4456541302907278,0.4629981090249649,1.1178976539998746
2016-07-08,2.77,6.93,2.22,3.3,,0.6864380302139703,0.4449257030322306,0.4623886423180045,1.1123696871947657
2016-07-15,2.86,6.67,2.35,3.37,,1.391064421334178,0.4460193803613111,0.4647125231795005,1.1161641420153707
2016-07-22,2.82,6.62,2.35,3.32,,1.3826662880720562,0.4462631593244895,0.4651637863976865,1.115127418146595
2016-07-29,2.76,6.76,2.27,3.26,,1.3820702729650547,0.22364616455609465,0.23573718730463766,0.5258943775637779
2016-08-05,2.85,6.69,2.39,3.35,,1.3832627229135852,0.42912849535803305,0.4617300865644868,1.057747436760362
2016-08-12,2.78,6.54,2.31,3.26,,0.7002674647518474,0.428698704942786,0.4603465726989865,1.0541475005529222
2016-08-19,2.79,6.4,2.34,3.26,,1.4000521679289584,0.42881582806178636,0.46010328110490295,1.0570913560112152
2016-08-26,2.83,6.37,2.38,3.29,,1.398843386444047,0.20498719522497466,0.2244751001473607,0.5297838966385131
2016-09-02,2.81,6.38,2.43,3.28,,1.3958322987339764,0.41183796358913727,0.46054293913562006,1.0793510476591672
2016-09-09,2.87,6.43,2.52,3.33,,0.6982166539981256,0.4118754863096469,0.46156238535645117,1.0786813869349856
2016-09-16,2.9,6.59,2.55,3.36,,1.395942655208286,0.41138833494128707,0.4629557161804551,1.0783470250127214
2016-09-23,2.83,6.36,2.47,3.28,,1.3929321337577718,0.410715452419448,0.4626267391937645,1.0783470250127214
2016-09-30,2.84,6.24,2.47,3.3,,1.3911317631997029,0.20648170127757492,0.2367747877082443,0.5493465976479902
2016-10-07,2.92,6.15,2.55,3.36,,1.3905324852872265,0.3935207836195294,0.4680813724899953,1.11546011413737
2016-10-14,2.93,6.13,2.58,3.37,,1.2839514738544544,0.3941310586949213,0.47047617604789504,1.130318899962608
2016-10-21,2.88,5.99,2.52,3.3,,1.2806309220210368,0.3933773555945965,0.4698434835710874,1.1231944439530859
2016-10-28,2.96,6.19,2.63,3.39,,1.2806309220210368,0.18702231900033334,0.2313514593267242,0.5689009542401714
2016-11-04,2.95,6.57,2.61,3.41,,1.2928907860538124,0.3889315466325741,0.45362871949330186,1.1429412647261359
2016-11-11,3.16,6.62,2.82,3.63,,0.5918422668060366,0.3932754096895488,0.4612844228658747,1.1957043344052616
2016-11-18,3.35,6.7,2.99,3.82,,1.0933116134400642,0.3961272705510134,0.466432994009364,1.2105804813103245
2016-11-25,3.39,6.55,3.02,3.86,,1.0923640513947335,0.39779147248020996,0.46915954190744,1.2266672087106467
2016-12-02,3.4,6.56,3.06,3.85,,1.0853076015021645,0.7101753297020897,0.4773166628073068,1.3004688580351156
2016-12-09,3.43,6.25,3.12,3.86,,0.4982231406230738,0.7110409124902229,0.4723183166134936,1.2866858725728954
2016-12-16,3.52,6.31,3.2,3.94,,1.0573326045604843,0.7177009977741775,0.47495914044513216,1.288448310142429
2016-12-23,3.46,6.21,3.13,3.87,,1.0555199934189567,1.3365458321054404,0.63789332106325,1.2858073441502627
2016-12-30,3.37,6.16,3.04,3.78,,1.0541646784772276,1.1215556890500895,0.4069308888556081,1.365793302317742
2017-01-06,3.37,5.95,3.03,3.77,,1.0514636255023813,1.1205020519305873,0.4062924175781693,1.3607506261077091
2017-01-13,3.34,5.95,3.01,3.73,,1.0440523300642977,1.1195556858698512,0.4032777336269779,1.3440571693888677
2017-01-20,3.38,6.0,3.06,3.77,,1.0453947244674824,1.122928725047837,0.40636742362754796,1.3503251440712385
2017-01-27,3.36,5.9,3.06,3.75,,1.0458431421466947,0.6184721810448294,0.16511727740066184,0.6993715885627929
2017-02-03,3.39,5.84,3.1,3.77,,1.048090035586833,0.8507835283108195,0.4025850067251327,1.32539974118199
2017-02-10,3.34,5.84,3.03,3.72,,0.48868863838490045,0.8477499330282603,0.40169405810760855,1.322753036172583
2017-02-17,3.32,5.8,3.02,3.69,,0.9618396684491625,0.23216625951516648,0.23743144378315473,1.313136277076645
2017-02-24,3.23,5.68,2.94,3.59,,0.9593651873793283,0.23101692338109653,0.23621014426571177,0.6191473545101983
2017-03-03,3.37,5.66,3.11,3.74,,0.9552685520629937,0.48929799811872854,0.4945394138495761,1.173993931016147
2017-03-10,3.48,6.03,3.22,3.86,,0.474153927199925,0.4913870070165271,0.49600822406737605,1.1826150929734784
2017-03-17,3.41,5.96,3.16,3.79,,0.9248007999962865,0.48902087692038293,0.494310434252098,1.1693452351216798
2017-03-24,3.33,6.03,3.07,3.7,,0.9267941972276708,0.48690606907268835,0.4912661648338869,1.1635838950774893
2017-03-31,3.35,5.9,3.07,3.73,,0.9244031491081763,0.25446771723920686,0.25496832245575834,0.5454198734427922
2017-04-07,3.34,5.82,3.05,3.71,,0.9232126734185485,0.5254629735989563,0.49107928198081163,1.143459541799849
2017-04-14,3.22,5.85,2.94,3.6,,0.9021962539844031,0.5219794683385663,0.488750170005229,1.1367704962406668
2017-04-21,3.22,5.79,2.94,3.59,,0.9010323659386397,0.5218331918224689,0.48821584915130933,1.134189715062412
2017-04-28,3.24,5.62,2.98,3.61,,0.9002580678225168,0.2695835517502477,0.23653899495782718,0.5990758473841592
2017-05-05,3.3,5.77,3.02,3.66,,0.9021962539844031,0.5444483492699405,0.4783563795125822,1.1598639586030668
2017-05-12,3.26,5.69,2.99,3.61,,0.4497427574080515,0.5436838250764763,0.47700215337407026,1.1542062660458314
2017-05-19,3.19,5.62,2.93,3.54,,0.8862960281485305,0.5416046690732618,0.47423080912698146,1.1474892659865326
2017-05-26,3.19,5.52,2.93,3.53,,0.8832528102254269,0.541049671358179,0.4729429335666394,1.1471184096571416
2017-06-02,3.15,5.49,2.87,3.5,,0.8828742905706746,0.5467798729179139,0.46850615844978416,1.1377292829174144
2017-06-09,3.19,5.57,2.9,3.52,,0.4362238263543548,0.5477493619116357,0.4690140955730616,1.1406655625827757
2017-06-16,3.14,5.56,2.86,3.48,,0.8727114197279083,0.5470347467404127,0.46880238467986596,1.1391959191850218
2017-06-23,3.13,5.66,2.82,3.47,,0.8761173713649196,0.5474939704048049,0.4683370372202258,1.1384622395556934
2017-06-30,3.22,5.71,2.91,3.57,,0.8730889351394627,0.27614244617421996,0.23169923756995492,0.5899484406460781
2017-07-07,3.27,5.84,2.96,3.62,,0.8734661420956352,0.5261480107682261,0.4703951233123699,1.1651881307891225
2017-07-14,3.18,5.65,2.88,3.53,,0.8768323060869418,0.5235867499365476,0.4682213397389902,1.1576656379839738
2017-07-21,3.1,5.49,2.81,3.43,,0.8738141360497312,0.5222180272102391,0.46581557500295234,1.1565453693823966
2017-07-28,3.12,5.47,2.86,3.45,,0.8719375233830946,0.247583373062228,0.2364852600453579,0.5734040502538806
2017-08-04,3.13,5.51,2.87,3.47,,0.8745665853674234,0.49678799310618305,0.46405101748682903,1.0834201133293162
2017-08-11,3.12,5.8,2.84,3.48,,0.44186824873672664,0.49586122071402816,0.4624658335397874,1.0820222736631147
2017-08-18,3.12,5.79,2.83,3.47,,0.9198932411359741,0.49553752624964714,0.46300709067978496,1.0764660735853913
2017-08-25,3.1,5.69,2.81,3.45,,0.9163150811821662,0.4949839151159787,0.46225802760353357,1.0702832538128477
2017-09-01,3.12,5.63,2.82,3.46,,0.9171080144803269,0.4920002151621615,0.4528457673829259,1.0515474728635559
2017-09-08,3.05,5.64,2.77,3.4,,0.4764111636742051,0.4907199826168565,0.45114235901687666,1.0498725425961757
2017-09-15,3.14,5.58,2.85,3.47,,0.47579287969280115,0.4918627153489125,0.4528864724106769,1.053901313149568
2017-09-22,3.16,5.55,2.86,3.49,,0.9576506530690742,0.4925969075815089,0.45304913599989044,1.0525549584730163
2017-09-29,3.16,5.49,2.87,3.49,,0.9539289535557388,0.24416918468154236,0.22662296149042843,0.5463261451121846
2017-10-06,3.19,5.53,2.88,3.51,,0.9526948069880729,0.48627516238838764,0.4586388561262556,1.1523918778256415
2017-10-13,3.12,5.55,2.82,3.45,,0.47956769578135156,0.4843708131806154,0.45723452386241525,1.1490769695935357
2017-10-20,3.19,5.47,2.89,3.52,,0.47936095585464045,0.48654846666272644,0.45702857622404736,1.1509160561947822
2017-10-27,3.21,5.51,2.91,3.53,,0.9587217864853602,0.24225203542663393,0.23217957109827933,0.6085989766448779
2017-11-03,3.18,5.56,2.87,3.51,,0.9607981658521516,0.493177736333777,0.4565247465139915,1.1726967273891002
2017-11-10,3.27,5.85,2.99,3.6,,0.963301205715816,0.49507641212724823,0.4565247465139915,1.1704373334381495
2017-11-17,3.26,5.84,2.95,3.59,,0.4814417161918704,0.4941948591617801,0.45685492655056653,1.1648271426463632
2017-11-24,3.24,5.76,2.9,3.57,,0.9130301522539557,0.49377821038471237,0.45897028938884893,1.1696862099353267
2017-12-01,3.26,5.77,2.94,3.58,,0.9118421203185668,0.5286257518840314,0.4647865585062247,1.1086362442454212
2017-12-08,3.27,5.8,2.96,3.59,,0.9114467765700511,0.5279811337482236,0.463020936727541,1.1118416865847955
2017-12-15,3.24,5.79,2.91,3.56,,0.9118421203185668,0.5273375175299447,0.4621847834944612,1.103687627056324
2017-12-22,3.33,5.82,3.01,3.64,,0.9659324626371292,0.5293224710922413,0.6834184385245592,1.1107707964632036
2017-12-29,3.27,5.78,2.93,3.58,,0.9638363301403031,0.2756464345800441,0.45481676965562756,1.1151813721996104
2018-01-05,3.33,5.64,3.02,3.64,,0.9613334236694615,0.27598299012778477,0.4558868672242555,1.1101996809952768
2018-01-12,3.35,5.72,3.04,3.65,,0.9609169321415518,0.2767629501988453,0.4576683701575518,1.1137538662567836
2018-01-19,3.42,5.77,3.12,3.71,,0.5299658365509249,0.2782305534058625,0.4577098768205062,1.1151813721996104
2018-01-26,3.43,5.69,3.13,3.71,,0.9747716391863316,0.0,0.2194347375606095,0.5681605686249492
2018-02-02,3.56,5.96,3.26,3.84,,0.9735130717848092,0.2946620942031543,0.4479453959105691,1.136346936805492
2018-02-09,3.6,6.36,3.28,3.9,,0.9815405944980924,0.2953115980077556,0.4482339159313197,1.1319341219903327
2018-02-16,3.68,6.13,3.33,3.97,,0.44792902935550627,0.29539652234457753,0.2269045350236614,1.1356089715239408
2018-02-23,3.7,6.2,3.35,3.99,,0.9206104680250555,0.29539652234457753,0.22692544114818694,0.5586678721611362
2018-03-02,3.75,6.29,3.4,4.05,,0.9210087685051729,0.5955402619868445,0.4685630243009364,1.0964192293357635
2018-03-09,3.79,6.2,3.42,4.09,,0.9182282947654878,0.5959983263714935,0.4687791925494872,1.0974927030769808
2018-03-16,3.8,6.24,3.41,4.1,,0.9190210605006058,0.5947973936099163,0.46800153406001105,1.0914376018596985
2018-03-23,3.83,6.36,3.43,4.13,,0.9880508474248104,0.5942270909597782,0.46769994105941093,1.0886104186225374
2018-03-30,3.77,6.35,3.35,4.07,,0.9850606393714643,0.298565069016749,0.2403654584513461,0.5301620468353714
2018-04-06,3.79,6.24,3.37,4.1,,0.9863402285360706,0.6018841460981296,0.4736979138854811,1.1035448498724172
2018-04-13,3.83,6.05,3.4,4.13,,0.9842093806232535,0.6026923425014672,0.47400363277541063,1.1017704616101651
2018-04-20,3.93,6.11,3.5,4.23,,0.512549833249754,0.6054220504637151,0.4753182221737561,1.1035448498724172
2018-04-27,3.95,6.22,3.52,4.26,,0.9954478709666493,0.3049665365968588,0.23428940073061783,0.5762195127106245
2018-05-04,3.99,6.27,3.53,4.32,,0.9971721784594088,0.6083033004183388,0.4662069517446395,1.1361667161262126
2018-05-11,4.01,6.23,3.52,4.33,,0.996309662427285,0.6085970585568632,0.465004488355604,1.1310783148892944
2018-05-18,4.06,6.29,3.58,4.39,,0.4849009131214727,0.6111923140066029,0.4660349727392463,1.1358020744118398
2018-05-25,3.96,6.29,3.48,4.29,,0.9843824009316814,0.6068978869833981,0.46363736699728253,1.1263942060642855
2018-06-01,3.99,6.3,3.47,4.33,,0.9848107833792666,0.5986356296975895,0.47670666073532486,1.0872496647260308
2018-06-08,4.03,6.24,3.51,4.37,,0.9818209197013724,0.6006024401625313,0.47613734297533217,1.0865551780549378
2018-06-15,4.04,6.12,3.5,4.37,,0.9809707857456239,0.5992128034864846,0.4762684353097079,1.0851691637738035
2018-06-22,4.08,6.15,3.54,4.41,,1.0298389221825568,0.5988662892737966,0.4757871878577225,1.0834410357961122
2018-06-29,4.05,6.33,3.49,4.39,,1.0325373210983713,0.2953351181686417,0.24427211909187466,0.5260374848498433
2018-07-06,4.04,6.47,3.46,4.37,,1.0262629638104295,0.5707270105125539,0.5020877416179699,1.027486194631543
2018-07-13,4.0,6.35,3.43,4.33,,1.0262629638104295,0.5703981291644614,0.5008928749940421,1.0248731382342406
2018-07-20,4.03,6.32,3.48,4.35,,0.5289824176374336,0.5711110122665137,0.5010307498472875,1.0242216442085106
2018-07-27,4.04,6.26,3.51,4.35,,1.0646604073234698,0.27686190739489536,0.25827196017001086,0.49961339165918134
2018-08-03,4.02,6.26,3.5,4.34,,1.063735705640951,0.5278423449859752,0.5122558420639773,1.064489393935218
2018-08-10,3.97,6.25,3.44,4.3,,1.0618905040674145,0.5261676180109589,0.5116910090987737,1.0614383271385068
2018-08-17,3.98,6.24,3.44,4.31,,0.5335902454966956,0.5256625065939916,0.5111275929451786,1.0600880768365823
2018-08-24,3.95,6.19,3.41,4.29,,1.066253957488175,0.5245036266376598,0.5108931339906845,1.0570617666125917
2018-08-31,4.0,6.25,3.49,4.33,,1.0648665953929706,0.25015561803774483,0.25349060558736064,0.5596209352654897
2018-09-07,4.07,6.31,3.56,4.41,,1.0644048307635874,0.5234693415379567,0.5091409888810946,1.0980527212214217
2018-09-14,4.09,6.19,3.56,4.41,,1.0611856042668006,0.5243802432518813,0.5098949351514732,1.1019203996144902
2018-09-21,4.11,6.2,3.61,4.43,,0.5294483343719985,0.5259055420184647,0.5109353190063827,1.1054600792776748
2018-09-28,4.09,6.19,3.6,4.4,,1.04959992102988,0.27318016865267813,0.255230876660228,0.5406616981620068
2018-10-05,4.25,6.4,3.77,4.57,,1.0486939286002728,0.5457738013277127,0.5222539441663002,1.0786986349767802
2018-10-12,4.22,6.54,3.71,4.54,,1.052324326303156,0.5439618388733499,0.523328624083729,1.0897099367819978
2018-10-19,4.28,6.56,3.78,4.61,,0.5221754039023008,0.5452930744227554,0.5228882752145201,1.0879186839625494
2018-10-26,4.23,6.77,3.72,4.57,,1.0541600648719396,0.5424263045571287,0.521183046408926,1.083289092131648
2018-11-02,4.37,6.78,3.83,4.72,,1.0518726615389817,0.5761594681696814,0.543764847947079,1.1416001915761786
2018-11-09,4.35,6.78,3.76,4.69,,1.0509604905469485,0.5754246658555621,0.5422385147454971,1.1417890971842728
2018-11-16,4.34,7.1,3.75,4.71,,1.0583034057378335,0.5707764264305302,0.5399154741189065,1.143301518719749
2018-11-23,4.37,7.2,3.74,4.75,,1.1067281945523002,0.5712766780024015,0.5388111880093648,1.1389640919375372
2018-11-30,4.42,7.19,3.77,4.83,,1.105751671297425,0.3020064221619925,0.2738010520796333,0.6005127781736506
2018-12-07,4.35,7.25,3.64,4.75,,1.1151017541797212,0.6206983625791226,0.5259583027270704,1.1181453989306982
2018-12-14,4.34,7.24,3.62,4.73,,1.120086315541284,0.6212376369930472,0.5271229066918217,1.1186957522619532
2018-12-21,4.3,7.91,3.56,4.72,,0.5891286029934137,0.7166127702290899,0.7658380017081635,1.1099588013775492
2018-12-28,4.27,7.91,3.56,4.71,,1.5702898660198503,0.4167783038484461,0.493742278160617,1.1114938145701236
2019-01-04,4.25,7.58,3.51,4.68,,1.5330365544972853,0.4149110213265344,0.49333471424445147,14.395934654557252
2019-01-11,4.22,7.13,3.5,4.64,,1.5214585081935077,0.41538616297915304,0.4937877283540134,14.323033655221618
2019-01-18,4.21,6.93,3.5,4.63,,0.9500606637723736,0.4160214547581349,0.4936064311528778,14.339428022915243
2019-01-25,4.12,6.96,3.44,4.54,,1.5675480025942792,0.4157038624273247,0.49356084948931433,14.320693304228788
2019-02-01,4.02,6.85,3.36,4.42,,1.565453784023881,0.43456736189627365,0.495327447895328,14.281297250587885
2019-02-08,3.95,6.82,3.3,4.35,,1.557824008086036,0.4336169363217014,0.49342748032419936,14.218626600338158
2019-02-15,3.96,6.65,3.32,4.36,,1.5502691256227266,0.3365149386244074,0.2540432974885694,14.225564131608753
2019-02-22,3.94,6.56,3.33,4.34,,1.229364117679919,0.3359714272683337,0.25351135339084174,13.676834669099817
2019-03-01,4.0,6.48,3.45,4.39,,1.2266694459303817,0.6685368022384857,0.5212157528017805,0.9127546619453215
2019-03-08,3.9,6.68,3.37,4.29,,1.23152898199237,0.6646602733236172,0.5189899007693354,0.9067048353352116
2019-03-15,3.85,6.42,3.33,4.22,,1.2277455729552458,0.6625188328457313,0.51842422324721,0.9043661933898774
2019-03-22,3.71,6.37,3.2,4.07,,1.1952109160384188,0.6584014712835189,0.5145477081616185,0.8962729324646361
2019-03-29,3.66,6.29,3.16,4.02,,1.1851795291574605,0.3258473373919684,0.263775735924955,0.4235979973475153
2019-04-05,3.72,6.23,3.23,4.08,,1.1758323505329988,0.6368225647397978,0.5157358161781819,0.8885164157475244
2019-04-12,3.72,6.11,3.26,4.06,,1.1712125611308108,0.6378464682623908,0.5160620564732694,0.8876635555211667
2019-04-19,3.7,6.14,3.25,4.03,,0.5518682316716993,0.6379069350946873,0.51513123241018,0.8870958197447435
2019-04-26,3.64,6.11,3.2,3.97,,1.1401492225922925,0.30995457293770845,0.24975648233760087,0.4612797448582244
2019-05-03,3.69,6.11,3.24,4.02,,1.1356896557984095,0.6092576029246581,0.49859467386778106,0.9170766694911877
2019-05-10,3.65,6.32,3.21,3.99,,1.141644338386877,0.6080514311208626,0.4966785883597406,0.914598073434009
2019-05-17,3.61,6.32,3.16,3.95,,0.5897661737507113,0.6067925202178401,0.4942929571977005,0.9083895141160694
2019-05-24,3.6,6.35,3.13,3.94,,1.2104967281513053,0.6054254095662093,0.4939853811894074,0.9071003972013174
2019-05-31,3.49,6.6,2.98,3.85,,1.2147739227176737,0.29623854660088633,0.24618310101517824,0.4502725317123728
2019-06-07,3.42,6.3,2.92,3.78,,1.2120979139016135,0.590034103937889,0.49650187366871423,0.9177055645194865
2019-06-14,3.39,6.15,2.91,3.75,,1.2094323190897383,0.590640154229911,0.49694220175043075,0.9156814947852495
2019-06-21,3.29,5.83,2.82,3.64,,0.6171781135876098,0.5891545955775918,0.4966341555635147,0.9136663338827749
2019-06-28,3.2,5.89,2.75,3.55,,1.2603982740631146,0.2938929150996054,0.25039833573392123,0.46382482232307526
2019-07-05,3.25,5.89,2.79,3.59,,1.257623026182708,0.5895130710811597,0.48897771986282507,0.9090785349601326
2019-07-12,3.28,5.95,2.84,3.61,,1.2554122937050338,0.5900073733943014,0.4873379339387562,0.907508247336881
2019-07-19,3.22,5.95,2.78,3.55,,0.6386831915780886,0.5879805078436922,0.48682262873332666,0.9059430925050451
2019-07-26,3.22,5.82,2.79,3.54,,1.2682361023665678,0.5881988713768167,0.48639368025268864,0.9043838201527573
2019-08-02,3.09,5.94,2.65,3.42,,1.2710269415698372,0.5872239184593342,0.4694892923450533,0.896383732453648
2019-08-09,3.04,5.96,2.57,3.38,,1.2749552403590254,0.5864623079116824,0.4667027480151868,0.8916326110654769
2019-08-16,2.91,5.96,2.38,3.28,,1.2789075005203683,0.5853775079940219,0.4637478846151304,0.8852845419192737
2019-08-23,2.88,5.74,2.36,3.23,,1.2616028103307484,0.5843509875010967,0.46435215846994116,0.8828249698551685
2019-08-30,2.85,5.55,2.34,3.2,,1.2588124645584011,0.2911372396402095,0.23054502906535795,0.44667352719050546
2019-09-06,2.89,5.54,2.39,3.24,,1.256035514804398,0.5845695665582296,0.45799759209127716,0.9204436518402976
2019-09-13,3.16,5.64,2.71,3.49,,1.2488701081716787,0.5873916645164796,0.46349174625989764,0.9315731031300456
2019-09-20,3.01,5.52,2.55,3.34,,0.6228729229122753,0.5854348023593341,0.46097063727185705,0.9214441495042234
2019-09-27,2.95,5.62,2.48,3.28,,1.2236817698604547,0.29328344131955136,0.22820732919399822,0.4726464842318926
2019-10-04,2.83,5.8,2.35,3.17,,1.2263992427980623,0.5811914758850989,0.45852914766971464,0.9107265829374523
2019-10-11,3.01,5.75,2.53,3.34,,1.2335194545628247,0.5832362524581224,0.4597753593741069,0.9117162847602978
2019-10-18,2.95,5.64,2.49,3.28,,0.6008238120941976,0.5831284242730201,0.46005759313050515,0.9148408279773864
2019-10-25,2.97,5.57,2.53,3.29,,1.176491050204055,0.5832362524581224,0.4608661876305844,0.9165539565719378
2019-11-01,2.92,5.71,2.49,3.24,,1.1796343423482907,0.5745797163639731,0.4603862995883919,0.8609677875985328
2019-11-08,3.04,5.78,2.62,3.36,,1.174404668207166,0.5762321544717233,0.4634779212684943,0.8637973115464875
2019-11-15,2.97,5.75,2.55,3.28,,1.1723265325273506,0.5748456894178025,0.46184564580024234,0.8619086801106091
2019-11-22,2.94,5.8,2.52,3.26,,1.1380854566894225,0.5746862404795795,0.4606289913266732,0.8594928599892054
2019-11-29,2.91,5.67,2.48,3.22,,1.1365655671457402,0.2855829024686589,0.22843461123557887,0.41755702739975026
2019-12-06,2.95,5.62,2.54,3.26,,1.1250441718068094,0.5621832990820615,0.45559664005226547,0.8198847787656794
2019-12-13,2.89,5.42,2.49,3.19,,1.1220773266115969,0.5611432269795121,0.4545589440043493,0.8182259867788483
2019-12-20,2.91,5.29,2.56,3.2,,0.5486356624289678,0.6231273087440795,0.6771285051602668,0.8170819392717508
2019-12-27,2.86,5.27,2.51,3.15,,1.0969344168071513,0.33751708382772366,0.44824449554720464,0.401255207980731
2020-01-03,2.82,5.25,2.47,3.11,,1.0930974835758789,0.33711202664718803,0.44652069458765065,0.8378228389964616
2020-01-10,2.84,5.17,2.51,3.13,,1.0930974835758789,0.33676990796787404,0.44519775654887955,0.8325088955488688
2020-01-17,2.82,5.06,2.5,3.1,,0.5467874553232596,0.33664562975049867,0.4445779142763323,0.830453220582199
2020-01-24,2.7,5.23,2.36,2.98,,1.0773694223592385,0.3359948043225059,0.4426521367932969,0.8268803137934683
2020-01-31,2.64,5.43,2.28,2.93,,1.0826108802738539,0.06116509328344384,0.21808719140423155,0.4306431255282543
2020-02-07,2.65,5.21,2.27,2.94,,1.0835697258806904,0.34028819571832886,0.4345215590533996,0.8323986974211396
2020-02-14,2.64,5.03,2.28,2.92,,1.080698922281457,0.2790312781437184,0.21591840109094398,0.8307421480963504
2020-02-21,2.57,5.02,2.22,2.85,,0.53040128524198,0.27849399055320456,0.21469340277761906,0.8258130469082078
2020-02-28,2.46,6.02,2.05,2.8,,1.0638004767374154,0.2773239091472984,0.21399435453324664,0.4000063110162121
2020-03-06,2.26,6.27,1.79,2.63,,1.0638004767374154,0.5281526142287095,0.4397272739389577,0.7977083703299682
2020-03-13,3.23,8.1,2.39,3.77,,1.1344795526587264,0.5351557823176204,0.46058814033982765,0.9689122267032486
2020-03-20,4.7,10.75,3.36,5.48,,0.6400002441407183,0.5387772228310833,0.5020541847694135,1.1148013188154675
2020-03-27,3.9,9.46,2.24,4.8,,1.1480548053792627,0.527912728356115,0.45251242063678543,0.9421403702997697
2020-04-03,3.66,9.84,2.12,4.59,,1.1585928647150139,0.5000306749947874,0.47889979319970477,1.048943295900813
2020-04-10,3.27,8.42,1.93,4.09,,1.0577286582963206,0.49831045572816074,0.4653946494304983,0.9828668057787222
2020-04-17,2.95,7.73,1.81,3.68,,1.059207998890362,0.4999400198536904,0.4637956348223438,1.0232660794397077
2020-04-24,2.93,8.43,1.79,3.68,,1.0721547179853033,0.4983557891531595,0.470721209233807,1.0294717921741565
2020-05-01,2.8,8.13,1.85,3.44,,1.0768025384395905,0.4775901111457361,0.4626470587074051,1.0386823649944341
2020-05-08,2.84,7.92,1.91,3.48,,1.0624722630141865,0.47591529141572514,0.45837430777396126,1.027710809529631
2020-05-15,2.78,8.16,1.85,3.42,,1.0768025384395905,0.4765150813417586,0.45481992404502397,1.0037635155774973
2020-05-22,2.58,7.46,1.72,3.18,,0.9231853173112435,0.4764292879935082,0.45061140258847904,0.9882943673778108
2020-05-29,2.46,7.08,1.69,3.02,,0.9179991994782439,0.23135921543987392,0.22054513712712437,0.45127070025794475
2020-06-05,2.4,6.05,1.67,2.88,,0.9011237023461467,0.4444722778877601,0.4311304586802303,0.9085151278655871
2020-06-12,2.34,6.69,1.6,2.82,,0.9103273946892596,0.44379211725339923,0.4293295353576788,0.9113026708928997
2020-06-19,2.22,6.43,1.54,2.67,,0.39600318891998293,0.44483311863519387,0.42832296110722523,0.9189788423945401
2020-06-26,2.22,6.78,1.53,2.67,,0.7757972617289141,0.21358520234940337,0.20768814770241306,0.46507751611116555
2020-07-03,2.17,6.56,1.6,2.62,,0.7649824320169345,0.42443434510985484,0.4125697673729027,0.8612891590813614
2020-07-10,2.11,6.51,1.52,2.56,,0.7710733555954603,0.42481804439535265,0.41203466831752444,0.8621644396447927
2020-07-17,2.04,6.09,1.47,2.49,,0.3642833856791968,0.4245111876196977,0.4104370151599166,0.8543517463294762
2020-07-24,1.95,5.63,1.43,2.37,,0.7263447570710846,0.425010343803381,0.40846614263320224,0.8456945103331294
2020-07-31,1.92,5.45,1.41,2.35,,0.7263447570710846,0.21092746266421428,0.20282901702697126,0.38863898012599857
2020-08-07,1.88,5.37,1.41,2.29,,0.7256740044857631,0.4225329226425761,0.3921486204736483,0.7815044294789807
2020-08-14,1.99,5.65,1.57,2.39,,0.7203530057831019,0.42295310111687123,0.39332350514704434,0.7834426097870711
2020-08-21,1.96,5.6,1.53,2.36,,0.361003504214753,0.42272377204321393,0.39532014086477035,0.7906328612592778
2020-08-28,2.01,5.37,1.6,2.41,,0.6974333464629273,0.2117959511992863,0.19234252200939642,0.39841386919312793
2020-09-04,2.0,5.53,1.61,2.39,,0.6993512807829569,0.41514984921189757,0.3840748019394684,0.8429003280194126
2020-09-11,1.97,5.56,1.58,2.36,,0.6945761518700814,0.4153377466077329,0.38377670530725005,0.8454493765538375
2020-09-18,1.97,5.53,1.58,2.35,,0.33726924473441333,0.41601554067938995,0.38371042471974676,0.8427593506530516
2020-09-25,2.05,5.99,1.62,2.44,,0.7094660147445798,0.41586489322403813,0.3837436634979755,0.8438903028578424
2020-10-02,2.06,5.76,1.63,2.45,,0.7065287381105227,0.40587142060077835,0.3977685801365524,0.8766806885680519
2020-10-09,2.04,5.35,1.63,2.41,,0.7032939159165705,0.40609241651337274,0.3992526100794892,0.8778585554826022
2020-10-16,2.0,5.35,1.6,2.37,,0.7058792138396767,0.4059817079033947,0.39907942985000067,0.8760924192524217
2020-10-23,2.03,5.33,1.67,2.4,0.0,0.7504532048047498,0.40609241651337274,0.3992871915449932,0.8769745286425437
2020-10-30,2.07,5.72,1.7,2.44,0.0,0.7577832746635794,0.20235075140485037,0.20682964014053776,0.43528078532816816
2020-11-06,1.97,5.13,1.62,2.32,0.0,0.7480410469773009,0.4047347073917723,0.39898211914004295,0.8414322500345233
2020-11-13,1.97,5.13,1.66,2.3,0.0,0.7419096679199403,0.40466114122684427,0.3986729167592925,0.8362485157911823
2020-11-20,1.87,4.95,1.55,2.19,0.0,0.3802931169819187,0.4044407664499048,0.3961815509695239,0.828659790307364
2020-11-27,1.85,4.81,1.56,2.16,0.0,0.7738436401407736,0.20222038322495242,0.19259513853086632,0.4014760037999997
2020-12-04,1.88,4.56,1.62,2.16,0.1586216272892625,0.7700057122879147,0.41313966010874437,0.38211271340975367,0.7754472161508682
2020-12-11,1.85,4.6,1.59,2.14,0.1580886306367054,0.7682738476116977,0.4130270322287113,0.3808404295297186,0.7707784113946251
2020-12-18,1.84,4.53,1.61,2.11,0.15791594672624418,0.39315248715177814,0.4125391097649465,0.5592144704317429,0.7681532253694274
2020-12-25,1.83,4.54,1.59,2.09,0.15791594672624418,0.7971687734998609,0.4125768011263965,0.5579737915509188,0.7695259740665731
2021-01-01,1.79,4.34,1.55,2.06,0.32072854795518935,0.7953795853621132,0.2103861011895785,0.3664113298140231,0.7849978646878655
2021-01-08,1.9,4.35,1.72,2.17,0.32047374720197946,0.7893570612601323,0.21046252598977397,0.36732042633546125,0.7792992950788465
2021-01-15,1.87,4.32,1.68,2.12,0.3200284580594372,0.7904130263590896,0.21030968100140446,0.3667243486105014,0.777042896022239
2021-01-22,1.87,4.32,1.7,2.12,0.3197112883619876,0.8025839085538101,0.21027156800252433,0.3667556499643926,0.7734353610144299
2021-01-29,1.88,4.35,1.69,2.14,0.16249210033024356,0.8076408346978191,0.0,0.1772552041638188,0.4041478779517352
2021-02-05,1.91,4.18,1.73,2.16,0.2923452547263058,0.800793021653829,0.20254022925692594,0.35314496929145617,0.7857402950757221
2021-02-12,1.91,4.1,1.74,2.16,0.2921773245908739,0.8011507100312046,0.20287167893651495,0.17568513590185772,0.7828678532595266
2021-02-19,1.97,4.12,1.81,2.22,0.29211945765559866,0.40111256420484415,0.2033523391985345,0.17726492009774902,0.7914211543055781
2021-02-26,2.1,4.37,1.92,2.36,0.1299466254462883,0.7936902039041327,0.2044515106696798,0.17907451869663443,0.38916136545811814
2021-03-05,2.2,4.52,2.05,2.46,0.25766591365828395,0.79261938507474,0.41287453131829716,0.3706027538402843,0.7475779417712578
2021-03-12,2.29,4.51,2.13,2.54,0.2575892817871274,0.79261938507474,0.41405165556551565,0.36957895540660785,0.7438356047156675
2021-03-19,2.31,4.67,2.15,2.57,0.2574414036925494,0.39082059543382036,0.41523571449683644,0.3701861870626695,0.7479420700295356
2021-03-26,2.26,4.44,2.11,2.51,0.2574108759057737,0.7685047367417511,0.41535061218882774,0.36910098767503285,0.7438356047156675
2021-04-02,2.24,4.35,2.05,2.49,0.25487344101043763,0.7681582281569546,0.4110765032999388,0.36842675286080895,0.73675793792992
2021-04-09,2.21,4.23,2.03,2.46,0.25512626154867757,0.7650511344546964,0.4103557920153722,0.3674131768254223,0.734979432521782
2021-04-16,2.16,4.16,1.98,2.41,0.25457097847205173,0.7671195790051002,0.40956227014243163,0.365402690871585,0.7306299437310655
2021-04-23,2.16,4.22,1.99,2.41,0.2547674295492165,0.7352572894332005,0.4091477997828085,0.36502819368082146,0.7291137322851794
2021-04-30,2.2,4.28,2.04,2.45,0.12743672050521881,0.7355889567109144,0.20001751667594866,0.17671857228906335,0.3760115897126956
2021-05-07,2.14,4.2,1.98,2.38,0.25236773931178447,0.7355889567109144,0.37021117342748516,0.35258421449442184,0.7315409415671209
2021-05-14,2.18,4.32,2.03,2.42,0.2523177427266278,0.7345940729031106,0.3712698850296285,0.35312817201493274,0.7306072293598275
2021-05-21,2.16,4.33,2.02,2.41,0.25243769702388863,0.357553687663249,0.3713384057534466,0.3530676232924748,0.7283988453285719
2021-05-28,2.11,4.22,1.98,2.36,0.12489685461218043,0.689080087960596,0.17074606469837955,0.17611120109604106,0.35299217693541773
2021-06-04,2.12,4.21,1.96,2.36,0.24971936013045065,0.6875318078670767,0.30695157605599976,0.34641435870253395,0.7136604634661039
2021-06-11,2.05,4.08,1.9,2.28,0.24909689096175494,0.6872228255291402,0.3067251600976127,0.34520598273869135,0.7095014776003163
2021-06-18,2.06,4.14,1.88,2.29,0.24953625415198677,0.33223504240957313,0.30768977962968413,0.3457944520001872,0.7093898300854723
2021-06-25,2.11,4.04,1.95,2.34,0.2493928376160307,0.6643502583573077,0.30783207283770914,0.3469179278224063,0.7105087149840176
2021-07-02,2.05,3.99,1.87,2.28,0.24719284660484672,0.6637509178531943,0.24007830679147313,0.341859162479377,0.6737127904129783
2021-07-09,2.01,3.95,1.84,2.24,0.24677654067893845,0.6649507602887622,0.23983445021104424,0.3406093386006973,0.6709645081639161
2021-07-16,1.99,4.04,1.81,2.22,0.24662983565397156,0.6649507602887622,0.23943634641984982,0.3402043102263322,0.6693890750918043
2021-07-23,1.98,4.03,1.8,2.2,0.24680092413283317,0.657810266395329,0.2390395426968125,0.3402910422404849,0.6691793548069775
2021-07-30,1.94,4.04,1.76,2.16,0.12208191238812123,0.6601992761191704,0.10299573442880201,0.1708569910360704,0.31305896753045603
2021-08-06,2.01,4.17,1.83,2.24,0.2073954163891434,0.6610995956365564,0.1882699850591512,0.33493503842399386,0.6533411569423557
2021-08-13,2.01,4.22,1.83,2.25,0.2073749179378582,0.6598995849249876,0.1880791676107887,0.33550653100536965,0.6534440491679742
2021-08-20,2.01,4.21,1.81,2.24,0.2074159382007322,0.3265699701862445,0.1882873429660146,0.3357643936450689,0.6549886346953429
2021-08-27,2.0,4.02,1.8,2.24,0.08536432077231905,0.6562000280265322,0.08495277421796868,0.16438858682498056,0.3404772635469932
2021-09-03,2.01,4.01,1.81,2.24,0.19507975132436714,0.6532458035349147,0.16246761324054101,0.3234372920690643,0.6949969847079761
2021-09-10,2.01,4.0,1.82,2.24,0.19506051785976547,0.6538345642426998,0.16240777308540763,0.3235203087445748,0.6963184169191305
2021-09-17,2.01,3.96,1.81,2.24,0.195099097483218,0.32997258382341865,0.16258746548444533,0.3235203087445748,0.6966492326071487
2021-09-24,2.07,4.05,1.88,2.3,0.1949947898230325,0.6656045858114116,0.16299331365451147,0.32399163010557713,0.69875369951764
2021-10-01,2.1,4.2,1.89,2.33,0.2241109576186813,0.6653045481782224,0.09790131168628527,0.3282231657699024,0.704112983907562
2021-10-08,2.21,4.32,2.01,2.45,0.22413303497562043,0.6647042012734756,0.09831899364653121,0.32898860311846606,0.7083122600830555
2021-10-15,2.2,4.27,1.97,2.44,0.2242885535522591,0.6653045481782224,0.09822788406679227,0.3286479603421937,0.7096849876478799
2021-10-22,2.28,4.3,2.04,2.51,0.22414190879915,0.6827810509084775,0.0984742507406216,0.3296721338234137,0.7111778465233125
2021-10-29,2.21,4.27,1.97,2.45,0.11443476742490455,0.6843275229456164,0.02030312240337806,0.1686138056953861,0.3481012849533261
2021-11-05,2.13,4.21,1.87,2.37,0.250727896370482,0.6818571515495231,0.020246798836233246,0.3232591893474723,0.6986543159259788
2021-11-12,2.26,4.32,2.02,2.5,0.2506037926694338,0.6830900242884445,0.020363554297035943,0.32370461741343104,0.6967500552513545
2021-11-19,2.26,4.44,1.99,2.5,0.25064836556773123,0.3482738286419656,0.02034463456469091,0.323314768071677,0.6978689164751736
2021-11-26,2.29,4.8,2.0,2.54,0.13635316504689166,0.702062391155885,0.0,0.1552105923292873,0.3508445597249367
2021-12-03,2.25,4.67,1.94,2.51,0.28471712831123036,0.7007797484881999,0.0,0.31753597645167037,0.6732637276397616
2021-12-10,2.35,4.53,2.07,2.59,0.28471712831123036,0.6953794697211996,0.0,0.31764503972274094,0.6726172398194669
2021-12-17,2.3,4.53,2.02,2.55,0.2846607108914655,0.34800530315248795,0.0,0.47383771948960723,0.6731558445515121
2021-12-24,2.36,4.36,2.07,2.61,0.41843394335350237,0.6878400506761309,0.0,0.47367502600618516,0.6716498812657555
2021-12-31,2.35,4.35,2.03,2.6,0.2822556127031763,0.6862836052193404,0.0,0.3194249340206509,0.6524255076548865
2022-01-07,2.54,4.69,2.24,2.8,0.2822277133624786,0.6859734628292616,0.0,0.32080439838279307,0.656738626105746
2022-01-14,2.6,4.62,2.29,2.85,0.28191985124826,0.6831924597205101,0.0,0.32236371739315955,0.6597169606686601
2022-01-21,2.64,4.8,2.32,2.89,0.28175228295324184,0.3401051494892307,0.0,0.3238532880937959,0.6641274965207473
2022-01-28,2.76,5.19,2.44,3.02,0.13351007604782794,0.6891915277357376,0.0,0.160497624658389,0.3413231931492696
2022-02-04,2.92,5.31,2.56,3.18,0.2378009918914751,0.6863772672231104,0.18186344831678994,0.3159100620548305,0.6829880369304723
2022-02-11,3.01,5.5,2.6,3.28,0.2379236184236726,0.6895057109714595,0.1831365370149488,0.15673726009716185,0.6937670950461313
2022-02-18,3.09,5.58,2.66,3.36,0.10454010925702109,0.3498768879935385,0.18348841784785114,0.15666768164561248,0.6930687833965162
2022-02-25,3.21,5.48,2.76,3.5,0.10464398026540239,0.7053082431749841,0.1836825882232171,0.1569183727854881,0.3489243639836993
2022-03-04,3.13,5.55,2.61,3.46,0.18508828763077592,0.7069321611224786,0.3326291206230258,0.329013570289758,0.6692249711796067
2022-03-11,3.51,5.99,2.91,3.85,0.18586481209950395,0.7205330784530172,0.33664982915249314,0.33226061793617256,0.6767583147193095
2022-03-18,3.53,5.9,2.92,3.87,0.18601353197862916,0.7079095909212859,0.3385816300945946,0.3339985842100662,0.6783781558962689
2022-03-25,3.78,6.0,3.15,4.12,0.18586481209950395,0.7151230994252787,0.34540088953208264,0.3386718920854922,0.692104267373678
2022-04-01,3.64,5.86,3.05,3.93,0.18803267813910968,0.707264692474439,0.3093448315540123,0.34510275164744214,0.6778870467213406
2022-04-08,3.89,6.26,3.31,4.18,0.1871730501655897,0.7066173198566073,0.31491168650149154,0.3477086870735065,0.6856622312200757
2022-04-15,3.99,6.36,3.43,4.29,0.18743384361669133,0.7095389573556148,0.31653450695404256,0.35022437705749904,0.6957294936806399
2022-04-22,4.2,6.52,3.6,4.51,0.18758322488217205,0.7173406878795932,0.3206168288761675,0.3536026183845252,0.7040492604330248
2022-04-29,4.24,6.77,3.61,4.56,0.10695602866605126,0.720667911685729,0.1590699625985801,0.1722042198748039,0.36310959062939
2022-05-06,4.43,7.19,3.77,4.76,0.2597240821205218,0.7277563633024468,0.33533176311362584,0.3542006984698839,0.7394327515177317
2022-05-13,4.36,7.49,3.68,4.71,0.26161329521820026,0.7405911188025502,0.3310668488354369,0.35666167123146086,0.7513012830457043
2022-05-20,4.33,7.67,3.61,4.69,0.26288822167509684,0.3759692928553359,0.32915773277920257,0.35490517626077717,0.7514412057852721
2022-05-27,4.15,6.88,3.46,4.51,0.15332893083422325,0.7519808885675816,0.17007051313916435,0.17663851290205457,0.36437726697014755
2022-06-03,4.32,7.12,3.64,4.67,0.3456095117349927,0.7487912913708149,0.36001612581681264,0.34341304720265126,0.6892900395080298
2022-06-10,4.59,7.71,3.88,4.94,0.34477197848369195,0.7602561434026037,0.36543323130027183,0.3480215468172654,0.7117195642267996
2022-06-17,4.79,8.45,4.0,5.16,0.34779200423034534,0.3911424401089447,0.37109354557856294,0.35178501489728914,0.7265808136976714
2022-06-24,4.72,8.32,3.9,5.11,0.34843086221926517,0.815692811940785,0.3676689167117745,0.35009132129060383,0.7221940502283124
2022-07-01,4.63,8.83,3.75,5.04,0.4148739610156506,0.8204840251969128,0.3635531399952635,0.3618732815939192,0.7316727105141273
2022-07-08,4.76,8.51,3.88,5.17,0.41470457565153107,0.815692811940785,0.36726284159282185,0.36166970310896956,0.7353466870483748
2022-07-15,4.66,8.44,3.74,5.07,0.41548430423348787,0.8113498804596254,0.36347888381766724,0.3589768781964686,0.730456096601303
2022-07-22,4.46,7.83,3.57,4.86,0.41386030618141817,0.8617993058328471,0.3598448533152139,0.35724796673657633,0.7249650100457588
2022-07-29,4.34,7.5,3.47,4.73,0.21984421853955988,0.8593333571812868,0.17059047847120373,0.18988769085824522,0.3922829360551604
2022-08-05,4.55,7.44,3.71,4.91,0.4790648690219023,0.8480103989143004,0.3862681462802167,0.3816912034892268,0.7480180838188408
2022-08-12,4.49,7.26,3.68,4.84,0.4769317278537258,0.8408877691743954,0.38404730747410626,0.3809492795886645,0.7448780470478754
2022-08-19,4.61,7.58,3.82,4.96,0.47635348215433143,0.4417665655424566,0.3876050456067153,0.38511960568329395,0.7559152503703812
2022-08-26,4.67,7.87,3.87,5.02,0.2579244541864447,0.936466813045176,0.2150855878798463,0.19386576870171424,0.3585414262673618
2022-09-02,4.87,8.39,4.05,5.24,0.6339068596810443,0.9427549609951607,0.44967054340348456,0.4030317921912047,0.7104354087092449
2022-09-09,4.98,8.05,4.16,5.34,0.6337784319030112,0.9342414176893031,0.4540513352337898,0.40364395818518783,0.7183381950088678
2022-09-16,5.15,8.64,4.3,5.5,0.6334572340292016,0.4969943594480222,0.45900391001990865,0.40638287917300153,0.7251527642276214
2022-09-23,5.44,9.09,4.55,5.79,0.6340998962217265,1.0623967578223945,0.4692912530441693,0.41137623040392346,0.7388867580012751
2022-09-30,5.72,9.5,4.76,6.1,0.3773379874282237,1.0729211628902244,0.24471859504985996,0.21425024241769605,0.36580572551785545
2022-10-07,5.73,9.17,4.78,6.1,0.746209953620718,1.0505467878023467,0.49122770397095694,0.42700889855889834,0.7301334198613926
2022-10-14,5.98,9.43,4.97,6.36,0.7504969431493331,1.0561810122913957,0.49887930649880835,0.42820855143358566,0.7405451387282687
2022-10-21,6.13,9.36,5.12,6.51,0.7478884224019559,0.5505877743301456,0.5046056214029015,0.4328212371470884,0.7523309313043753
2022-10-28,5.91,8.73,4.91,6.27,0.3710002455936786,1.1455189529080356,0.24710202607951837,0.21867202339897845,0.3797826311890824
2022-11-04,6.06,9.17,5.06,6.42,0.7944227829785895,1.1455189529080356,0.49559929160573546,0.4318724732040185,0.7972104975760326
2022-11-11,5.68,8.82,4.72,6.02,0.79133931133624,1.129729867208496,0.48336105855336237,0.4237622674022932,0.768862272340653
2022-11-18,5.57,8.73,4.67,5.89,0.7869986634786568,0.5963298656577851,0.48117209788216664,0.4196001870196756,0.7643325091973473
2022-11-25,5.43,8.5,4.52,5.74,0.7871582879731578,1.314159079572336,0.4762936095562032,0.4172923276466832,0.7591148815082317
2022-12-02,5.2,8.27,4.32,5.52,0.9434716053809924,1.304098301809945,0.5043031000155176,0.4226673915005994,0.7142722492060432
2022-12-09,5.27,8.33,4.41,5.58,0.9419378308223125,1.3103681878775202,0.5076775119199262,0.42270701810162553,0.7150985372477463
2022-12-16,5.18,8.4,4.35,5.48,0.9390754363310703,1.3047227583636591,0.7872999032879651,0.640355571835395,0.7142722492060432
2022-12-23,5.38,8.54,4.58,5.69,1.4717671523814801,1.9728917776270762,0.7987272023781994,0.6435048480050813,0.7238907236354112
2022-12-30,5.48,8.83,4.67,5.78,1.0554119711156666,1.9997995167583889,0.5687244329091538,0.4392431355505067,0.7222446508220016
2023-01-06,5.26,8.29,4.45,5.56,1.0543418959703577,1.9597072883087197,0.5562501830614625,0.43471156168940145,0.7057697713321919
2023-01-13,5.1,7.93,4.32,5.38,1.0509317261343707,1.9430137483535126,0.5517121491319275,0.43095249254799467,0.6971447890043269
2023-01-20,5.06,8.03,4.32,5.34,1.0462787941191871,1.246918480251787,0.5505029505029506,0.429276073043925,0.6917292315476583
2023-01-27,5.05,7.97,4.34,5.32,0.5293797710595038,1.9804827285502413,0.2830423940596527,0.21514545504801916,0.37596062432581295
2023-02-03,5.04,7.73,4.35,5.3,1.0561918601842315,1.9711227389277526,0.568771170165725,0.44192067567844495,0.7619139342742868
2023-02-10,5.28,8.27,4.57,5.56,1.0528014017526086,1.9711227389277526,0.28986314759173903,0.22858861935722966,0.7676127947489201
2023-02-17,5.4,8.5,4.65,5.68,0.5255570418997256,0.7359438961187195,0.2910984486019542,0.23130865610571832,0.7792705479411564
2023-02-24,5.57,8.57,4.79,5.86,0.5267178136243894,1.531221846908596,0.2943604285192645,0.23278144708241125,0.39954412040057796
2023-03-03,5.58,8.41,4.78,5.85,1.03736503428362,1.5166944499868795,0.597655677574368,0.48317942555990734,0.7537236707197451
2023-03-10,5.44,8.69,4.6,5.72,1.037991439403826,1.5290250390570654,0.5930391624205226,0.479947434491097,0.7506226154057422
2023-03-17,5.34,8.81,4.36,5.66,1.0445128450328223,1.55808583300385,0.5813144002629022,0.4755126235622998,0.7503286283039181
2023-03-24,5.2,8.76,4.27,5.5,1.0430333780437568,1.6466650064368094,0.5782133757235107,0.4744940093513358,0.7491547257756344
2023-03-31,5.24,8.31,4.32,5.53,0.5133010652546088,1.617374136229023,0.29590447544682785,0.24605157871496175,0.3483262730809248
2023-04-07,5.06,8.35,4.17,5.35,1.0697056649043126,1.6127215094637615,0.5867142039236822,0.4733135931855626,0.7673141187563315
2023-04-14,5.21,8.16,4.34,5.5,1.066466026982703,1.6057935530174379,0.5933001527000609,0.475023631949611,0.772219572222109
2023-04-21,5.25,8.26,4.39,5.54,1.0638885070004,0.8200891157772104,0.59474885888173,0.4796450427388544,0.7823745788378439
2023-04-28,5.14,8.14,4.28,5.43,0.5532285685322478,1.677730770798804,0.2958325105540552,0.23134082685312193,0.4248865388763819
2023-05-05,5.19,8.36,4.29,5.5,1.1454689770680677,1.6817574348098219,0.6010020680428915,0.46700734545251515,0.781575035117661
2023-05-12,5.23,8.39,4.33,5.53,1.1461624963692187,1.685803666740625,0.6030372543091396,0.46901515302312663,0.7838552182899533
2023-05-19,5.46,8.54,4.56,5.77,1.1452377497283954,0.8622398589488249,0.611383016245908,0.47455894736223414,0.7990879005995571
2023-05-26,5.59,8.67,4.68,5.89,1.1436229000834466,1.7773697891941487,0.6154769152250468,0.47464851824949167,0.7978225210472092
2023-06-02,5.47,8.4,4.57,5.77,1.1745454591165965,1.7636777228433913,0.6300934320406063,0.4756586632011527,0.7465503525031625
2023-06-09,5.53,8.39,4.64,5.83,1.1721763856334622,1.7577543404362708,0.6297560705349157,0.47404804190331423,0.7433306537927914
2023-06-16,5.51,8.3,4.63,5.8,1.169817582124531,1.7451920451514262,0.6286792792243873,0.47218278229119337,0.7365442252782115
2023-06-23,5.51,8.57,4.63,5.79,1.1679365918928093,1.8479958684712603,0.6282093045021415,0.4712556643907943,0.7345466254170571
2023-06-30,5.55,8.35,4.68,5.83,0.5794093620319238,1.8269165980607776,0.3207159045066492,0.23459017540396174,0.3802017276389304
2023-07-07,5.73,8.57,4.88,6.0,1.1691328749292516,1.830395841073747,0.6451539787651928,0.48048614822654945,0.7643062750331994
2023-07-14,5.49,8.1,4.67,5.74,1.1657293313914887,1.8191345400360122,0.6338756586560614,0.477334094367929,0.7591018746746955
2023-07-21,5.5,8.14,4.69,5.76,1.15990625660171,0.9366077438182053,0.6343518266039884,0.47475363684797894,0.7568930869996067
2023-07-28,5.53,8.17,4.76,5.79,0.5839909917937834,1.921901096907648,0.31521555316887084,0.24334162153640432,0.38190150239187926
2023-08-04,5.6,8.35,4.85,5.86,1.1856273373703141,1.9228171940455154,0.6507621843999412,0.4857481688175794,0.7804972444694894
2023-08-11,5.72,8.3,4.95,5.98,1.1851541802962515,1.9146000347087422,0.6549742929163939,0.48602379582072774,0.7768076819761134
2023-08-18,5.83,8.53,5.04,6.09,1.1835005816506958,0.9837966915655977,0.6584419350238325,0.4883344002964276,0.7806516713154369
2023-08-25,5.8,8.47,4.99,6.07,1.1813808218621875,1.9818175904413042,0.6566313111774744,0.48912485525840244,0.7815798463370115
2023-09-01,5.73,8.28,4.95,5.99,1.2265225452843116,1.9677420699278882,0.6530926799129025,0.48142943118203796,0.7874697663717221
2023-09-08,5.8,8.42,5.01,6.06,1.2262778441786375,1.9630945554747197,0.655827033862726,0.48230119742598737,0.7906025610125638
2023-09-15,5.86,8.4,5.08,6.11,1.223591496586229,1.9538657123706722,0.6567676111013115,0.48326838511735976,0.7921784581095487
2023-09-22,5.92,8.62,5.14,6.17,1.2216454114258894,1.9603692847087022,0.6609240009412575,0.4867548512448216,0.7993480352475258
2023-09-29,6.05,8.77,5.28,6.3,0.6241256977890761,1.9641049041018859,0.3277394338083091,0.24569776837773702,0.40496842113257586
2023-10-06,6.27,9.22,5.48,6.54,1.2531574650025719,1.9716194482463085,0.6971291739706423,0.503427325389991,0.871460771470001
2023-10-13,6.13,9.07,5.33,6.4,1.252156525471296,1.9613013235339543,0.692135574292596,0.49808174300866404,0.8558388408362098
2023-10-20,6.39,9.45,5.58,6.67,1.250907841556,0.972022164501485,0.7073357731425516,0.5043212031100129,0.8772841464538035
2023-10-27,6.29,9.38,5.49,6.57,0.6267281731907483,1.833212683260177,0.367278619265342,0.2568039216257765,0.46335978455607035
2023-11-03,6.04,8.69,5.23,6.31,1.2219110936538733,1.814863188748318,0.6948159360087344,0.5150752432503811,0.8762458400883762
2023-11-10,6.11,8.82,5.3,6.38,1.2189872515686428,1.8105485080892505,0.6973257169334033,0.510948237875729,0.8721219725809963
2023-11-17,5.87,8.57,5.1,6.13,1.215835540276684,0.847485718657829,0.6860197936667951,0.5050008126862666,0.8580753736444043
2023-11-24,5.86,8.49,5.1,6.11,1.2146275263080755,1.7634451084131926,0.689542157436578,0.5022692871723446,0.8549771051771299
2023-12-01,5.54,8.19,4.8,5.79,1.256297054290096,1.762601434688878,0.6613505948648937,0.5031484432243308,0.754245920776082
2023-12-08,5.57,8.14,4.84,5.81,1.2542971588345615,1.7550437892276154,0.6605564569506907,0.5019740078985898,0.7545437454276115
2023-12-15,5.2,7.57,4.52,5.43,1.2495723236417007,1.7417666268327365,0.9681046242292589,0.7470495228653018,0.7406465698759552
2023-12-22,5.19,7.4,4.54,5.42,1.2545467169346622,1.7122199166681906,0.9652090992296412,0.7454627648045031,0.7400728779353398
2023-12-29,5.14,7.32,4.51,5.35,0.6635113830442112,1.710603270002487,0.6434126032921954,0.49675297287674924,0.7267470019745705
2024-01-05,5.33,7.83,4.7,5.54,0.6625893874517369,1.7138399845378314,0.6510944530575814,0.49831578146979427,0.7342846258218966
2024-01-12,5.14,7.51,4.51,5.34,0.6612765259714748,1.7097957300328401,0.6440970479428563,0.49588385153966563,0.7268878873188427
2024-01-19,5.31,7.7,4.69,5.51,0.6599689129703508,0.8141664987000017,0.6530612478988082,0.5010046378497404,0.7380398865665178
2024-01-26,5.27,7.55,4.68,5.48,0.0,1.5731715439581713,0.32411160172406206,0.25159250739630384,0.38634552782937176
2024-02-02,5.24,7.59,4.65,5.45,0.6006895733474962,1.573920355489295,0.6685179618638794,0.5045816807207814,0.7907035539613102
2024-02-09,5.37,7.57,4.76,5.58,0.5993815382145228,1.5686960739558984,0.34966686403798736,0.25482835211017657,0.7945567893122303
2024-02-16,5.45,7.71,4.86,5.66,0.598552086525718,0.7549405107248867,0.3515737892620953,0.2544032391173676,0.7896313158436477
2024-02-23,5.42,7.61,4.84,5.62,0.5978429673617173,1.5083530561685219,0.35111418214734413,0.25421472734889966,0.4049730063578158
2024-03-01,5.4,7.63,4.81,5.61,1.1762975971025385,1.505499311045945,0.6921447929740338,0.5174755815381327,0.7618563152599106
2024-03-08,5.29,7.46,4.7,5.5,1.1749006065041998,1.50194661403331,0.6856651785694462,0.5160403797257072,0.7596609229800169
2024-03-15,5.46,7.61,4.88,5.66,1.1732747253782694,1.4998230015954306,0.6950896235095912,0.5185330715492581,0.7633271157616283
2024-03-22,5.33,7.4,4.78,5.53,1.1714225548676696,1.5506741262592387,0.6895234274262588,0.5171399461571586,0.7567529997369379
2024-03-29,5.34,7.44,4.78,5.54,0.576107603590231,1.5433427870095255,0.3417981358782706,0.2643183935668995,0.3554395706429683
2024-04-05,5.5,7.68,4.95,5.7,1.1677238710991193,1.5469998511159397,0.6802747368898019,0.5251496831050282,0.7688163943138356
2024-04-12,5.63,7.91,5.08,5.82,1.1658792292824516,1.5484675663511034,0.6853116343685517,0.5244599990405945,0.7680690884063363
2024-04-19,5.74,8.1,5.18,5.94,1.164040406198751,0.7952886558553776,0.6911162514528852,0.5250017239345459,0.7677703015969484
2024-04-26,5.74,7.91,5.21,5.94,0.5899580679709465,1.586408736131635,0.3398841530264943,0.2593762558300961,0.41046857610341214
2024-05-03,5.56,7.66,5.03,5.76,1.1871523852169967,1.5796646449938407,0.6699396657271043,0.5158009458948594,0.8513960271284581
2024-05-10,5.58,7.73,5.05,5.78,1.1845761416032237,1.5774292309384264,0.6690542981070062,0.5151730559752362,0.8471211091560605
2024-05-17,5.5,7.61,4.98,5.69,1.1827097180415929,0.790660500765882,0.6649527973599314,0.5160912817518496,0.8467937469116079
2024-05-24,5.55,7.72,5.05,5.75,1.1803846989209148,1.633014309407,0.6670703912011472,0.5202390424406683,0.8535496726326216
2024-05-31,5.56,7.81,5.05,5.75,0.5938316211532582,1.630694098713215,0.333127791157036,0.26066813894389673,0.4471331045803685
2024-06-07,5.53,7.71,5.02,5.72,1.1476105461379909,1.6276120508006249,0.6836753178058194,0.5347752704672946,0.8293833306690417
2024-06-14,5.36,7.61,4.84,5.55,1.1469322341071713,1.633014309407,0.6734139146430635,0.530032132272516,0.8189209331938967
2024-06-21,5.42,7.58,4.9,5.61,1.145126969954498,0.8417696126395295,0.6738504208125383,0.5315207849507766,0.8228527625098918
2024-06-28,5.51,7.59,4.98,5.69,0.5525743227515192,1.609696202149462,0.35014523044932094,0.27481142264135006,0.38670464228452656
2024-07-05,5.38,7.62,4.85,5.57,1.149182555962945,1.6066416388263762,0.7004995544724265,0.5284484411810486,0.7692267424727206
2024-07-12,5.26,7.4,4.73,5.45,1.1469187999617483,1.601324483689007,0.693879729646248,0.5266269676704632,0.7645238336417026
2024-07-19,5.32,7.34,4.8,5.51,1.1457898873323336,0.7653583365520013,0.6961974462346712,0.5274131483781631,0.7665742426860553
2024-07-26,5.28,7.28,4.77,5.47,1.1444387409292198,1.581335325148409,0.693879729646248,0.5268722988326086,0.7656941764140356
2024-08-02,4.97,7.45,4.43,5.17,1.1624489870859225,1.588148242433774,0.6864054827688174,0.5073171942371754,0.7700177808655194
2024-08-09,5.11,7.39,4.56,5.32,1.1596971047703064,1.5828447152880665,0.6925146517265581,0.5100024044062862,0.7751887966861636
2024-08-16,5.01,7.15,4.46,5.21,1.1599259779919804,1.5760768086945727,0.6891559142077692,0.5095291951473685,0.7732599553178631
2024-08-23,4.89,6.93,4.35,5.09,1.156048037896099,1.6734583906093614,0.6840348756759331,0.5079740451615137,0.7681148522656173
2024-08-30,4.96,6.93,4.43,5.16,0.5634695372672572,1.6623386964636413,0.34536600889686603,0.256995503935143,0.3889460847182214
2024-09-06,4.79,6.98,4.25,5.0,1.1573772168621497,1.6670863487797043,0.6935721765479136,0.514302981624056,0.7496008954321522
2024-09-13,4.72,6.89,4.17,4.93,1.1562367608128998,1.660762315678448,0.6893318570709615,0.5129276174237214,0.7469020002494399
2024-09-20,4.7,6.71,4.18,4.9,1.1544167548836013,0.8550374796393314,0.6918409847760231,0.5133062564788714,0.7463360512007858
2024-09-27,4.69,6.69,4.19,4.9,0.5924541140378675,1.74679418547377,0.35066708182692624,0.25777409428506876,0.36046565280405257
2024-10-04,4.91,6.78,4.41,5.11,1.1707088426677248,1.7384999768482678,0.7037995344442614,0.5251990659090388,0.7022342892888038
2024-10-11,4.96,6.92,4.49,5.16,1.1693247058051572,1.7327405348941654,0.7058907215730442,0.526319632481351,0.7038344889209647
2024-10-18,4.95,6.79,4.48,5.14,1.1679435552216555,0.8833281632644975,0.706640714427689,0.5257343105511,0.7030333977337213
2024-10-25,5.11,6.97,4.65,5.31,1.1672539202491976,1.7386058109441118,0.7143050426412041,0.5302550852401093,0.7104451238705036
2024-11-01,5.25,7.1,4.77,5.45,1.1100218280762273,1.7394333299099896,0.7104953548264555,0.5300668984584139,0.7198357377202613
2024-11-08,5.12,6.88,4.67,5.31,1.1076178428594792,1.7279189345401333,0.7030919015439815,0.52666297895857,0.7173546474363051
2024-11-15,5.25,7.07,4.82,5.44,1.105224070633542,1.726286501877242,0.7100327504593649,0.5267610268236518,0.7161202294912244
2024-11-22,5.25,6.97,4.83,5.44,1.1037063415926562,1.526695793921632,0.7068123540982992,0.5258798692984764,0.7150268231715998
2024-11-29,5.06,6.86,4.63,5.24,0.5309743735000344,1.5252494109640327,0.3478410942354988,0.2568533763244268,0.3693764067742081
2024-12-06,5.01,6.75,4.57,5.2,1.1191447404555235,1.5230849678419323,0.6899064210926281,0.514246167879246,0.7037680792603535
2024-12-13,5.19,6.95,4.78,5.38,1.1176031022261304,1.5209263619165798,0.7007210706157053,0.5204788686279167,0.71254660895052
2024-12-20,5.33,7.23,4.91,5.52,1.1171636559581892,0.677567466195309,1.040781041258763,0.7894336019844341,0.722670401502681
2024-12-27,5.38,7.26,4.96,5.56,1.1332585917403695,1.2904654533882924,0.6882703150616517,0.5284373053210059,0.7227927574237599
2025-01-03,5.37,7.21,4.94,5.57,1.1323651845747034,1.2874074521584837,0.6879694665368646,0.5263549239222864,0.7190318342290483
2025-01-10,5.52,7.37,5.07,5.72,1.1312503596148045,1.2874074521584837,0.6952655837575279,0.5309882487656047,0.7246175062615648
2025-01-17,5.37,7.03,4.94,5.57,1.1283624015099984,0.6116019212104624,0.6871431129741756,0.5280890721183545,0.7218139760480923
2025-01-24,5.35,6.98,4.93,5.54,1.1268131923979634,1.2415827929254604,0.6866932652529473,0.5277910132245256,0.7206984506838093
2025-01-31,5.31,6.98,4.9,5.51,0.5431599902031208,1.242172565159642,0.3339521958636907,0.26424774233869397,0.3792018882584469
2025-02-07,5.31,6.99,4.88,5.5,0.9689666139889225,1.2439457323191538,0.7187013576887774,0.5253438734617702,0.7930953056610943
2025-02-14,5.26,6.91,4.83,5.44,0.969347577112873,1.2409937008494263,0.38490432410274794,0.26221279457451757,0.7943176843304053
2025-02-21,5.21,7.0,4.8,5.4,0.4267625620011576,0.6315680914672261,0.38308075057358565,0.26128223142401696,0.41466499773043014
2025-02-28,5.09,6.92,4.66,5.29,0.426427150443364,1.2001817364208869,0.37815383339777553,0.2598263869789064,0.41134960200587456
2025-03-07,5.18,7.09,4.76,5.38,0.8803030656198382,1.203627381255677,0.737978225370322,0.5351220441340411,0.7349054872397432
2025-03-14,5.23,7.36,4.79,5.44,0.8820441543016745,1.2088328095434238,0.739009944297841,0.5379022774615976,0.7361838328329258
2025-03-21,5.14,7.24,4.7,5.35,0.8818698193377618,0.5725826916183702,0.7346650342772939,0.5380548084924436,0.7364684698487597
2025-03-28,5.15,7.47,4.72,5.36,0.8806507750212473,1.126453902579323,0.7338022380993199,0.5413284721216585,0.7462804596656899
2025-04-04,5.14,8.22,4.64,5.38,0.9540060674246063,1.1475090109763295,0.7161738291990674,0.5429255160346216,0.7033746149509443
2025-04-11,5.57,8.4,4.99,5.84,0.9576428454891952,1.1396610244517063,0.7338619197439669,0.5611273452790532,0.7325035127220397
2025-04-18,5.35,7.95,4.81,5.61,0.9488850938704696,1.1335694949551536,0.7293387571118287,0.5541403642041163,0.7228190049203387
2025-04-25,5.22,7.56,4.72,5.47,0.9451270653584025,1.1869170390788697,0.7231613779987518,0.5519029321810769,0.7195038737190463
2025-05-02,5.3,7.55,4.79,5.56,0.9974766715309736,1.181208132604156,0.7312866751189276,0.5521340661994547,0.7438347085403689
2025-05-09,5.31,7.55,4.82,5.56,0.9962912134832185,1.176680102199308,0.7308132979902031,0.5519751935688874,0.7456188091937554
2025-05-16,5.29,7.25,4.85,5.52,0.9943219330884734,1.1693959856952798,0.7332659279362626,0.5507604479298688,0.7471122677806694
2025-05-23,5.33,7.49,4.91,5.56,0.993340209385012,1.4593236857416707,0.7376581974140383,0.5547949293168508,0.7511741930813443
2025-05-30,5.21,7.26,4.8,5.43,0.5037851722343831,1.4537270110356977,0.3621817697035985,0.2810752779920331,0.355822256363012
2025-06-06,5.3,7.25,4.97,5.51,0.9533813248117359,1.4495576301177624,0.7289031298410891,0.5542950809471185,0.7422263338928202
2025-06-13,5.21,7.22,4.9,5.41,0.9520638567067918,1.452334647447336,0.7226806487439094,0.5506666638658312,0.7380413643006725
2025-06-20,5.18,7.1,4.87,5.37,0.9520638567067918,0.8251427468245263,0.7205781418957924,0.5502429191953805,0.7337564105124462
2025-06-27,5.07,6.85,4.8,5.26,0.44858649976758497,1.3981160608192413,0.3575155529303194,0.2692761157446234,0.3789414307629808
2025-07-04,5.07,6.78,4.81,5.26,0.9027005665422021,1.3927847616368136,0.7234244399894354,0.5432234403837954,0.7606654990669681
2025-07-11,5.15,6.98,4.89,5.33,0.9016306399376272,1.3907959425461518,0.7253720367767397,0.5448957209599181,0.7683242093871201
2025-07-18,5.11,6.9,4.89,5.3,0.9010965572509654,0.5738632550699709,0.7258409822663769,0.5486430546085402,0.7810640741612883
2025-07-25,5.07,6.8,4.84,5.25,0.899675518152979,1.16151193030307,0.7232690766647902,0.5466310527046134,0.7783553703909011
2025-08-01,4.95,6.93,4.72,5.14,0.888558192403269,1.16318001902134,0.723782217847851,0.5455298998424521,0.786054486989801
2025-08-08,4.99,6.8,4.73,5.17,0.8876806068129147,1.159848728251486,0.7250200099033195,0.5460019200805054,0.7890899248186055
2025-08-15,4.96,6.72,4.73,5.14,0.8855811841246296,1.159848728251486,0.7248649412191139,0.545792050573028,0.7887693310989227
2025-08-22,4.91,6.64,4.68,5.09,0.8850578791831503,1.1913658213023985,0.7210126542009653,0.544901821100359,0.7871701377241453
2025-08-29,4.9,6.5,4.7,5.08,0.43401875967159603,1.1890877475159494,0.35947466819810253,0.27039208690536476,0.39636184344038694
2025-09-05,4.79,6.48,4.61,4.97,0.8839600374773753,1.1879520301352804,0.718733465095592,0.5372118932894582,0.7653121653443643
2025-09-12,4.75,6.46,4.56,4.93,0.8832618828030783,1.1856870914197424,0.7147412933821136,0.531255752417895,0.7564113960406157
2025-09-19,4.76,6.41,4.59,4.93,0.8818690121305204,0.6012098141051008,0.7164682741865309,0.5310561295454935,0.753737027021441
2025-09-26,4.83,6.53,4.65,5.0,0.448634364614299,1.2124854551270041,0.36220324711579205,0.26700641569240063,0.37147624623978714
2025-10-03,4.79,6.52,4.61,4.97,0.9042969143771609,1.2101693243092067,0.7189558592127115,0.5386226193045621,0.7176924925965559
2025-10-10,4.78,6.84,4.58,4.98,0.9051914947690026,1.2189005416661867,0.7175221130835774,0.5362533152421912,0.7172684597191219
2025-10-17,4.71,6.61,4.51,4.9,0.9039397017978595,0.612597279356175,0.7130320185315223,0.5334078250462977,0.7134740514009261
2025-10-24,4.68,6.46,4.5,4.88,0.9034042387968763,1.1937802137995748,0.7118441465306247,0.532515524514488,0.711661493347558
2025-10-31,4.82,6.67,4.63,5.02,0.45490893631998325,1.1909243154903766,0.3566857430074229,0.2698458325669771,0.3451302255332797
2025-11-07,4.84,6.85,4.65,5.04,0.8986949060724675,1.189217304003817,0.7182923122025078,0.5283350085616673,0.7258177652951117
2025-11-14,4.88,6.81,4.69,5.09,0.8978073856835525,1.1880818292070219,0.7207855911687748,0.5295697515505178,0.7273922052675075
2025-11-21,4.82,6.81,4.63,5.03,0.896744699726061,0.5824737815528901,0.717615354724803,0.5286307865678306,0.723114271897144
2025-11-28,4.75,6.55,4.56,4.96,0.4430297569904777,1.1588220840634929,0.3609246421480299,0.2580215659837713,0.7154793874134093
2025-12-05,4.84,6.57,4.67,5.04,0.8320951045450609,1.156610664920203,0.7292888819080514,0.5293867750899839,0.7184318332386455
2025-12-12,4.87,6.65,4.72,5.07,0.8314370916128211,1.153858152491725,0.7307482415770682,0.5296840789361575,0.7170228273742224
2025-12-19,4.82,6.58,4.69,5.03,0.8301241198815529,0.5769290762458628,1.079602531464971,0.7967382413447077,0.7149197582661844
2025-12-26,4.8,6.52,4.68,5.0,1.3165471608499462,1.067887037065792,1.0765457314928915,0.7953965505902623,0.713385242373214
2026-01-02,4.85,6.55,4.71,5.05,0.8745011023408812,1.0668704845657402,0.7183019752975348,0.5357013748913233,0.690550616352653
2026-01-09,4.83,6.49,4.69,5.03,0.8739830432681903,1.064337550462536,0.7133532634221813,0.5336114681739756,0.6885318302756397
2026-01-16,4.85,6.44,4.71,5.04,0.8720887333687736,1.064337550462536,0.7150700846139261,0.5338594192521543,0.6874599871231659
2026-01-23,4.83,6.46,4.7,5.02,0.8712303953291012,1.0105364390840965,0.7152197440962942,0.5338594192521543,0.35312247427124305
2026-01-30,4.82,6.54,4.72,5.01,0.8446813014931449,1.0173577740045672,0.3502700311904649,0.264941296691397,0.35346791445112113
2026-02-06,4.82,6.61,4.7,5.01,0.8448480088613023,1.0203094626995295,0.7003035785079323,0.5237254965305349,0.7176470588235294
2026-02-13,4.81,6.57,4.68,5.0,0.8440150024200122,1.0232783288666663,0.3484501790376235,0.25811824354942403,0.7148437393479982
