date,IG_CORP:LQD,AAA_CORP:QLTA,HY_CORP:HYG,AAA_CLO:JAAA,SENIOR_LOANS:BKLN,AGENCY_MBS:MBB,EM_SOV_HARD:EMB,EM_SOV_LOCAL:ELD,MONEY_MARKET:SGOV,US_AGENCY:AGZ,IG_MUNIS:MUB,HY_MUNIS:HYD
2005-01-03,0.0,,,,,,,,,,,
2005-01-04,0.0,,,,,,,,,,,
2005-01-05,0.0,,,,,,,,,,,
2005-01-06,0.0,,,,,,,,,,,
2005-01-07,0.0,,,,,,,,,,,
2005-01-08,0.0,,,,,,,,,,,
2005-01-09,0.0,,,,,,,,,,,
2005-01-10,0.0,,,,,,,,,,,
2005-01-11,0.0,,,,,,,,,,,
2005-01-12,0.0,,,,,,,,,,,
2005-01-13,0.0,,,,,,,,,,,
2005-01-14,0.0,,,,,,,,,,,
2005-01-15,0.0,,,,,,,,,,,
2005-01-16,0.0,,,,,,,,,,,
2005-01-17,0.0,,,,,,,,,,,
2005-01-18,0.0,,,,,,,,,,,
2005-01-19,0.0,,,,,,,,,,,
2005-01-20,0.0,,,,,,,,,,,
2005-01-21,0.0,,,,,,,,,,,
2005-01-22,0.0,,,,,,,,,,,
2005-01-23,0.0,,,,,,,,,,,
2005-01-24,0.0,,,,,,,,,,,
2005-01-25,0.0,,,,,,,,,,,
2005-01-26,0.0,,,,,,,,,,,
2005-01-27,0.0,,,,,,,,,,,
2005-01-28,0.0,,,,,,,,,,,
2005-01-29,0.0,,,,,,,,,,,
2005-01-30,0.0,,,,,,,,,,,
2005-01-31,0.0,,,,,,,,,,,
2005-02-01,2.15,,,,,,,,,,,
2005-02-02,4.3,,,,,,,,,,,
2005-02-03,6.45,,,,,,,,,,,
2005-02-04,8.59,,,,,,,,,,,
2005-02-05,10.74,,,,,,,,,,,
2005-02-06,10.73,,,,,,,,,,,
2005-02-07,10.72,,,,,,,,,,,
2005-02-08,10.7,,,,,,,,,,,
2005-02-09,10.69,,,,,,,,,,,
2005-02-10,10.68,,,,,,,,,,,
2005-02-11,10.68,,,,,,,,,,,
2005-02-12,10.67,,,,,,,,,,,
2005-02-13,10.68,,,,,,,,,,,
2005-02-14,10.69,,,,,,,,,,,
2005-02-15,10.7,,,,,,,,,,,
2005-02-16,10.71,,,,,,,,,,,
2005-02-17,10.72,,,,,,,,,,,
2005-02-18,10.74,,,,,,,,,,,
2005-02-19,10.76,,,,,,,,,,,
2005-02-20,10.78,,,,,,,,,,,
2005-02-21,10.79,,,,,,,,,,,
2005-02-22,10.79,,,,,,,,,,,
2005-02-23,10.79,,,,,,,,,,,
2005-02-24,10.8,,,,,,,,,,,
2005-02-25,10.79,,,,,,,,,,,
2005-02-26,10.79,,,,,,,,,,,
2005-02-27,10.79,,,,,,,,,,,
2005-02-28,10.8,,,,,,,,,,,
2005-03-01,12.99,,,,,,,,,,,
2005-03-02,15.18,,,,,,,,,,,
2005-03-03,15.21,,,,,,,,,,,
2005-03-04,15.22,,,,,,,,,,,
2005-03-05,15.22,,,,,,,,,,,
2005-03-06,13.05,,,,,,,,,,,
2005-03-07,10.86,,,,,,,,,,,
2005-03-08,10.86,,,,,,,,,,,
2005-03-09,10.89,,,,,,,,,,,
2005-03-10,10.91,,,,,,,,,,,
2005-03-11,10.93,,,,,,,,,,,
2005-03-12,10.96,,,,,,,,,,,
2005-03-13,10.99,,,,,,,,,,,
2005-03-14,10.99,,,,,,,,,,,
2005-03-15,11.0,,,,,,,,,,,
2005-03-16,11.0,,,,,,,,,,,
2005-03-17,11.01,,,,,,,,,,,
2005-03-18,11.02,,,,,,,,,,,
2005-03-19,11.03,,,,,,,,,,,
2005-03-20,11.04,,,,,,,,,,,
2005-03-21,11.05,,,,,,,,,,,
2005-03-22,11.08,,,,,,,,,,,
2005-03-23,11.1,,,,,,,,,,,
2005-03-24,11.11,,,,,,,,,,,
2005-03-25,11.12,,,,,,,,,,,
2005-03-26,11.12,,,,,,,,,,,
2005-03-27,11.11,,,,,,,,,,,
2005-03-28,11.11,,,,,,,,,,,
2005-03-29,11.11,,,,,,,,,,,
2005-03-30,11.11,,,,,,,,,,,
2005-03-31,8.88,,,,,,,,,,,
2005-04-01,8.92,,,,,,,,,,,
2005-04-02,8.96,,,,,,,,,,,
2005-04-03,9.0,,,,,,,,,,,
2005-04-04,9.06,,,,,,,,,,,
2005-04-05,11.33,,,,,,,,,,,
2005-04-06,11.34,,,,,,,,,,,
2005-04-07,11.36,,,,,,,,,,,
2005-04-08,11.37,,,,,,,,,,,
2005-04-09,11.37,,,,,,,,,,,
2005-04-10,11.38,,,,,,,,,,,
2005-04-11,11.37,,,,,,,,,,,
2005-04-12,11.35,,,,,,,,,,,
2005-04-13,11.33,,,,,,,,,,,
2005-04-14,11.32,,,,,,,,,,,
2005-04-15,11.3,,,,,,,,,,,
2005-04-16,11.28,,,,,,,,,,,
2005-04-17,11.27,,,,,,,,,,,
2005-04-18,11.27,,,,,,,,,,,
2005-04-19,11.25,,,,,,,,,,,
2005-04-20,11.24,,,,,,,,,,,
2005-04-21,11.24,,,,,,,,,,,
2005-04-22,11.23,,,,,,,,,,,
2005-04-23,11.22,,,,,,,,,,,
2005-04-24,11.22,,,,,,,,,,,
2005-04-25,11.22,,,,,,,,,,,
2005-04-26,11.2,,,,,,,,,,,
2005-04-27,11.19,,,,,,,,,,,
2005-04-28,11.17,,,,,,,,,,,
2005-04-29,11.15,,,,,,,,,,,
2005-04-30,11.15,,,,,,,,,,,
2005-05-01,8.91,,,,,,,,,,,
2005-05-02,8.84,,,,,,,,,,,
2005-05-03,8.79,,,,,,,,,,,
2005-05-04,8.73,,,,,,,,,,,
2005-05-05,8.67,,,,,,,,,,,
2005-05-06,10.85,,,,,,,,,,,
2005-05-07,10.86,,,,,,,,,,,
2005-05-08,10.88,,,,,,,,,,,
2005-05-09,10.89,,,,,,,,,,,
2005-05-10,10.91,,,,,,,,,,,
2005-05-11,10.92,,,,,,,,,,,
2005-05-12,10.93,,,,,,,,,,,
2005-05-13,10.93,,,,,,,,,,,
2005-05-14,10.92,,,,,,,,,,,
2005-05-15,10.92,,,,,,,,,,,
2005-05-16,10.92,,,,,,,,,,,
2005-05-17,10.91,,,,,,,,,,,
2005-05-18,10.9,,,,,,,,,,,
2005-05-19,10.9,,,,,,,,,,,
2005-05-20,10.9,,,,,,,,,,,
2005-05-21,10.89,,,,,,,,,,,
2005-05-22,10.89,,,,,,,,,,,
2005-05-23,10.88,,,,,,,,,,,
2005-05-24,10.87,,,,,,,,,,,
2005-05-25,10.85,,,,,,,,,,,
2005-05-26,10.84,,,,,,,,,,,
2005-05-27,10.82,,,,,,,,,,,
2005-05-28,10.82,,,,,,,,,,,
2005-05-29,10.82,,,,,,,,,,,
2005-05-30,10.82,,,,,,,,,,,
2005-05-31,10.81,,,,,,,,,,,
2005-06-01,10.8,,,,,,,,,,,
2005-06-02,10.78,,,,,,,,,,,
2005-06-03,10.78,,,,,,,,,,,
2005-06-04,10.77,,,,,,,,,,,
2005-06-05,10.77,,,,,,,,,,,
2005-06-06,10.77,,,,,,,,,,,
2005-06-07,10.77,,,,,,,,,,,
2005-06-08,10.76,,,,,,,,,,,
2005-06-09,10.76,,,,,,,,,,,
2005-06-10,10.77,,,,,,,,,,,
2005-06-11,10.78,,,,,,,,,,,
2005-06-12,10.8,,,,,,,,,,,
2005-06-13,10.82,,,,,,,,,,,
2005-06-14,10.84,,,,,,,,,,,
2005-06-15,10.85,,,,,,,,,,,
2005-06-16,10.86,,,,,,,,,,,
2005-06-17,10.87,,,,,,,,,,,
2005-06-18,10.87,,,,,,,,,,,
2005-06-19,10.88,,,,,,,,,,,
2005-06-20,10.88,,,,,,,,,,,
2005-06-21,10.87,,,,,,,,,,,
2005-06-22,10.85,,,,,,,,,,,
2005-06-23,10.83,,,,,,,,,,,
2005-06-24,10.8,,,,,,,,,,,
2005-06-25,10.78,,,,,,,,,,,
2005-06-26,10.75,,,,,,,,,,,
2005-06-27,10.74,,,,,,,,,,,
2005-06-28,10.74,,,,,,,,,,,
2005-06-29,10.74,,,,,,,,,,,
2005-06-30,10.74,,,,,,,,,,,
2005-07-01,10.72,,,,,,,,,,,
2005-07-02,10.71,,,,,,,,,,,
2005-07-03,10.69,,,,,,,,,,,
2005-07-04,10.67,,,,,,,,,,,
2005-07-05,10.67,,,,,,,,,,,
2005-07-06,10.67,,,,,,,,,,,
2005-07-07,10.67,,,,,,,,,,,
2005-07-08,10.67,,,,,,,,,,,
2005-07-09,10.67,,,,,,,,,,,
2005-07-10,10.67,,,,,,,,,,,
2005-07-11,10.68,,,,,,,,,,,
2005-07-12,10.7,,,,,,,,,,,
2005-07-13,10.71,,,,,,,,,,,
2005-07-14,10.72,,,,,,,,,,,
2005-07-15,10.73,,,,,,,,,,,
2005-07-16,10.73,,,,,,,,,,,
2005-07-17,10.72,,,,,,,,,,,
2005-07-18,10.72,,,,,,,,,,,
2005-07-19,10.72,,,,,,,,,,,
2005-07-20,10.71,,,,,,,,,,,
2005-07-21,10.72,,,,,,,,,,,
2005-07-22,10.72,,,,,,,,,,,
2005-07-23,10.72,,,,,,,,,,,
2005-07-24,10.72,,,,,,,,,,,
2005-07-25,10.72,,,,,,,,,,,
2005-07-26,10.71,,,,,,,,,,,
2005-07-27,10.71,,,,,,,,,,,
2005-07-28,10.7,,,,,,,,,,,
2005-07-29,10.7,,,,,,,,,,,
2005-07-30,10.7,,,,,,,,,,,
2005-07-31,8.56,,,,,,,,,,,
2005-08-01,8.67,,,,,,,,,,,
2005-08-02,8.79,,,,,,,,,,,
2005-08-03,8.9,,,,,,,,,,,
2005-08-04,9.01,,,,,,,,,,,
2005-08-05,11.26,,,,,,,,,,,
2005-08-06,11.26,,,,,,,,,,,
2005-08-07,11.26,,,,,,,,,,,
2005-08-08,11.28,,,,,,,,,,,
2005-08-09,11.29,,,,,,,,,,,
2005-08-10,11.29,,,,,,,,,,,
2005-08-11,11.29,,,,,,,,,,,
2005-08-12,11.28,,,,,,,,,,,
2005-08-13,11.25,,,,,,,,,,,
2005-08-14,11.23,,,,,,,,,,,
2005-08-15,11.22,,,,,,,,,,,
2005-08-16,11.21,,,,,,,,,,,
2005-08-17,11.21,,,,,,,,,,,
2005-08-18,11.21,,,,,,,,,,,
2005-08-19,11.21,,,,,,,,,,,
2005-08-20,11.2,,,,,,,,,,,
2005-08-21,11.2,,,,,,,,,,,
2005-08-22,11.2,,,,,,,,,,,
2005-08-23,11.2,,,,,,,,,,,
2005-08-24,11.2,,,,,,,,,,,
2005-08-25,11.2,,,,,,,,,,,
2005-08-26,11.19,,,,,,,,,,,
2005-08-27,11.18,,,,,,,,,,,
2005-08-28,11.17,,,,,,,,,,,
2005-08-29,11.16,,,,,,,,,,,
2005-08-30,11.16,,,,,,,,,,,
2005-08-31,8.92,,,,,,,,,,,
2005-09-01,8.95,,,,,,,,,,,
2005-09-02,8.97,,,,,,,,,,,
2005-09-03,8.99,,,,,,,,,,,
2005-09-04,9.01,,,,,,,,,,,
2005-09-05,11.27,,,,,,,,,,,
2005-09-06,11.27,,,,,,,,,,,
2005-09-07,11.28,,,,,,,,,,,
2005-09-08,11.3,,,,,,,,,,,
2005-09-09,11.31,,,,,,,,,,,
2005-09-10,11.32,,,,,,,,,,,
2005-09-11,11.32,,,,,,,,,,,
2005-09-12,11.33,,,,,,,,,,,
2005-09-13,11.33,,,,,,,,,,,
2005-09-14,11.34,,,,,,,,,,,
2005-09-15,11.35,,,,,,,,,,,
2005-09-16,11.37,,,,,,,,,,,
2005-09-17,11.39,,,,,,,,,,,
2005-09-18,11.41,,,,,,,,,,,
2005-09-19,11.42,,,,,,,,,,,
2005-09-20,11.42,,,,,,,,,,,
2005-09-21,11.41,,,,,,,,,,,
2005-09-22,11.4,,,,,,,,,,,
2005-09-23,11.39,,,,,,,,,,,
2005-09-24,11.39,,,,,,,,,,,
2005-09-25,11.39,,,,,,,,,,,
2005-09-26,11.41,,,,,,,,,,,
2005-09-27,11.42,,,,,,,,,,,
2005-09-28,11.42,,,,,,,,,,,
2005-09-29,11.42,,,,,,,,,,,
2005-09-30,11.43,,,,,,,,,,,
2005-10-01,9.14,,,,,,,,,,,
2005-10-02,6.85,,,,,,,,,,,
2005-10-03,6.77,,,,,,,,,,,
2005-10-04,6.69,,,,,,,,,,,
2005-10-05,6.59,,,,,,,,,,,
2005-10-06,8.79,,,,,,,,,,,
2005-10-07,10.99,,,,,,,,,,,
2005-10-08,10.99,,,,,,,,,,,
2005-10-09,10.98,,,,,,,,,,,
2005-10-10,10.99,,,,,,,,,,,
2005-10-11,10.99,,,,,,,,,,,
2005-10-12,11.0,,,,,,,,,,,
2005-10-13,11.02,,,,,,,,,,,
2005-10-14,11.04,,,,,,,,,,,
2005-10-15,11.07,,,,,,,,,,,
2005-10-16,11.08,,,,,,,,,,,
2005-10-17,11.09,,,,,,,,,,,
2005-10-18,11.09,,,,,,,,,,,
2005-10-19,11.08,,,,,,,,,,,
2005-10-20,11.08,,,,,,,,,,,
2005-10-21,11.06,,,,,,,,,,,
2005-10-22,11.05,,,,,,,,,,,
2005-10-23,11.04,,,,,,,,,,,
2005-10-24,11.04,,,,,,,,,,,
2005-10-25,11.05,,,,,,,,,,,
2005-10-26,11.08,,,,,,,,,,,
2005-10-27,11.1,,,,,,,,,,,
2005-10-28,11.13,,,,,,,,,,,
2005-10-29,11.14,,,,,,,,,,,
2005-10-30,11.15,,,,,,,,,,,
2005-10-31,11.15,,,,,,,,,,,
2005-11-01,13.25,,,,,,,,,,,
2005-11-02,13.14,,,,,,,,,,,
2005-11-03,13.03,,,,,,,,,,,
2005-11-04,12.92,,,,,,,,,,,
2005-11-05,12.8,,,,,,,,,,,
2005-11-06,10.58,,,,,,,,,,,
2005-11-07,10.59,,,,,,,,,,,
2005-11-08,10.57,,,,,,,,,,,
2005-11-09,10.57,,,,,,,,,,,
2005-11-10,10.55,,,,,,,,,,,
2005-11-11,10.54,,,,,,,,,,,
2005-11-12,10.52,,,,,,,,,,,
2005-11-13,10.52,,,,,,,,,,,
2005-11-14,10.52,,,,,,,,,,,
2005-11-15,10.52,,,,,,,,,,,
2005-11-16,10.52,,,,,,,,,,,
2005-11-17,10.51,,,,,,,,,,,
2005-11-18,10.51,,,,,,,,,,,
2005-11-19,10.49,,,,,,,,,,,
2005-11-20,10.49,,,,,,,,,,,
2005-11-21,10.48,,,,,,,,,,,
2005-11-22,10.47,,,,,,,,,,,
2005-11-23,10.46,,,,,,,,,,,
2005-11-24,10.46,,,,,,,,,,,
2005-11-25,10.44,,,,,,,,,,,
2005-11-26,10.44,,,,,,,,,,,
2005-11-27,10.44,,,,,,,,,,,
2005-11-28,10.43,,,,,,,,,,,
2005-11-29,10.43,,,,,,,,,,,
2005-11-30,10.44,,,,,,,,,,,
2005-12-01,10.35,,,,,,,,,,,
2005-12-02,10.26,,,,,,,,,,,
2005-12-03,10.18,,,,,,,,,,,
2005-12-04,10.09,,,,,,,,,,,
2005-12-05,10.01,,,,,,,,,,,
2005-12-06,10.01,,,,,,,,,,,
2005-12-07,10.01,,,,,,,,,,,
2005-12-08,10.01,,,,,,,,,,,
2005-12-09,10.01,,,,,,,,,,,
2005-12-10,10.01,,,,,,,,,,,
2005-12-11,10.01,,,,,,,,,,,
2005-12-12,10.02,,,,,,,,,,,
2005-12-13,10.02,,,,,,,,,,,
2005-12-14,10.01,,,,,,,,,,,
2005-12-15,10.01,,,,,,,,,,,
2005-12-16,9.99,,,,,,,,,,,
2005-12-17,9.98,,,,,,,,,,,
2005-12-18,9.96,,,,,,,,,,,
2005-12-19,9.96,,,,,,,,,,,
2005-12-20,9.95,,,,,,,,,,,
2005-12-21,9.95,,,,,,,,,,,
2005-12-22,9.95,,,,,,,,,,,
2005-12-23,9.94,,,,,,,,,,,
2005-12-24,9.93,,,,,,,,,,,
2005-12-25,9.92,,,,,,,,,,,
2005-12-26,9.92,,,,,,,,,,,
2005-12-27,9.9,,,,,,,,,,,
2005-12-28,11.9,,,,,,,,,,,
2005-12-29,13.92,,,,,,,,,,,
2005-12-30,15.93,,,,,,,,,,,
2005-12-31,15.97,,,,,,,,,,,
2006-01-01,16.02,,,,,,,,,,,
2006-01-02,14.05,,,,,,,,,,,
2006-01-03,12.07,,,,,,,,,,,
2006-01-04,10.08,,,,,,,,,,,
2006-01-05,10.06,,,,,,,,,,,
2006-01-06,10.06,,,,,,,,,,,
2006-01-07,10.05,,,,,,,,,,,
2006-01-08,10.05,,,,,,,,,,,
2006-01-09,10.05,,,,,,,,,,,
2006-01-10,10.06,,,,,,,,,,,
2006-01-11,10.06,,,,,,,,,,,
2006-01-12,10.07,,,,,,,,,,,
2006-01-13,10.06,,,,,,,,,,,
2006-01-14,10.06,,,,,,,,,,,
2006-01-15,10.05,,,,,,,,,,,
2006-01-16,10.04,,,,,,,,,,,
2006-01-17,10.03,,,,,,,,,,,
2006-01-18,10.03,,,,,,,,,,,
2006-01-19,10.03,,,,,,,,,,,
2006-01-20,10.03,,,,,,,,,,,
2006-01-21,10.03,,,,,,,,,,,
2006-01-22,10.03,,,,,,,,,,,
2006-01-23,10.03,,,,,,,,,,,
2006-01-24,10.02,,,,,,,,,,,
2006-01-25,10.03,,,,,,,,,,,
2006-01-26,10.05,,,,,,,,,,,
2006-01-27,8.04,,,,,,,,,,,
2006-01-28,6.04,,,,,,,,,,,
2006-01-29,4.04,,,,,,,,,,,
2006-01-30,2.02,,,,,,,,,,,
2006-01-31,0.0,,,,,,,,,,,
2006-02-01,2.07,,,,,,,,,,,
2006-02-02,4.14,,,,,,,,,,,
2006-02-03,6.21,,,,,,,,,,,
2006-02-04,8.27,,,,,,,,,,,
2006-02-05,10.34,,,,,,,,,,,
2006-02-06,10.34,,,,,,,,,,,
2006-02-07,10.33,,,,,,,,,,,
2006-02-08,10.34,,,,,,,,,,,
2006-02-09,10.33,,,,,,,,,,,
2006-02-10,10.34,,,,,,,,,,,
2006-02-11,10.34,,,,,,,,,,,
2006-02-12,10.34,,,,,,,,,,,
2006-02-13,10.34,,,,,,,,,,,
2006-02-14,10.34,,,,,,,,,,,
2006-02-15,10.34,,,,,,,,,,,
2006-02-16,10.34,,,,,,,,,,,
2006-02-17,10.32,,,,,,,,,,,
2006-02-18,10.31,,,,,,,,,,,
2006-02-19,10.3,,,,,,,,,,,
2006-02-20,10.29,,,,,,,,,,,
2006-02-21,10.29,,,,,,,,,,,
2006-02-22,10.28,,,,,,,,,,,
2006-02-23,10.28,,,,,,,,,,,
2006-02-24,10.28,,,,,,,,,,,
2006-02-25,10.28,,,,,,,,,,,
2006-02-26,10.28,,,,,,,,,,,
2006-02-27,10.28,,,,,,,,,,,
2006-02-28,10.28,,,,,,,,,,,
2006-03-01,12.49,,,,,,,,,,,
2006-03-02,14.72,,,,,,,,,,,
2006-03-03,14.89,,,,,,,,,,,
2006-03-04,15.05,,,,,,,,,,,
2006-03-05,15.21,,,,,,,,,,,
2006-03-06,13.17,,,,,,,,,,,
2006-03-07,11.12,,,,,,,,,,,
2006-03-08,11.13,,,,,,,,,,,
2006-03-09,11.14,,,,,,,,,,,
2006-03-10,11.15,,,,,,,,,,,
2006-03-11,11.14,,,,,,,,,,,
2006-03-12,11.14,,,,,,,,,,,
2006-03-13,11.13,,,,,,,,,,,
2006-03-14,11.12,,,,,,,,,,,
2006-03-15,11.11,,,,,,,,,,,
2006-03-16,11.09,,,,,,,,,,,
2006-03-17,11.07,,,,,,,,,,,
2006-03-18,11.05,,,,,,,,,,,
2006-03-19,11.04,,,,,,,,,,,
2006-03-20,11.03,,,,,,,,,,,
2006-03-21,11.04,,,,,,,,,,,
2006-03-22,11.05,,,,,,,,,,,
2006-03-23,11.05,,,,,,,,,,,
2006-03-24,11.05,,,,,,,,,,,
2006-03-25,11.06,,,,,,,,,,,
2006-03-26,11.06,,,,,,,,,,,
2006-03-27,11.05,,,,,,,,,,,
2006-03-28,11.06,,,,,,,,,,,
2006-03-29,11.07,,,,,,,,,,,
2006-03-30,11.09,,,,,,,,,,,
2006-03-31,8.88,,,,,,,,,,,
2006-04-01,6.67,,,,,,,,,,,
2006-04-02,4.45,,,,,,,,,,,
2006-04-03,4.47,,,,,,,,,,,
2006-04-04,4.47,,,,,,,,,,,
2006-04-05,6.7,,,,,,,,,,,
2006-04-06,8.93,,,,,,,,,,,
2006-04-07,11.18,,,,,,,,,,,
2006-04-08,11.19,,,,,,,,,,,
2006-04-09,11.19,,,,,,,,,,,
2006-04-10,11.22,,,,,,,,,,,
2006-04-11,11.22,,,,,,,,,,,
2006-04-12,11.23,,,,,,,,,,,
2006-04-13,11.24,,,,,,,,,,,
2006-04-14,11.25,,,,,,,,,,,
2006-04-15,11.25,,,,,,,,,,,
2006-04-16,11.27,,,,,,,,,,,
2006-04-17,11.27,,,,,,,,,,,
2006-04-18,11.26,,,,,,,,,,,
2006-04-19,11.25,,,,,,,,,,,
2006-04-20,11.25,,,,,,,,,,,
2006-04-21,11.24,,,,,,,,,,,
2006-04-22,11.23,,,,,,,,,,,
2006-04-23,11.23,,,,,,,,,,,
2006-04-24,11.22,,,,,,,,,,,
2006-04-25,11.22,,,,,,,,,,,
2006-04-26,11.23,,,,,,,,,,,
2006-04-27,11.23,,,,,,,,,,,
2006-04-28,11.23,,,,,,,,,,,
2006-04-29,11.24,,,,,,,,,,,
2006-04-30,11.23,,,,,,,,,,,
2006-05-01,13.61,,,,,,,,,,,
2006-05-02,15.99,,,,,,,,,,,
2006-05-03,16.12,,,,,,,,,,,
2006-05-04,16.25,,,,,,,,,,,
2006-05-05,16.38,,,,,,,,,,,
2006-05-06,14.12,,,,,,,,,,,
2006-05-07,11.87,,,,,,,,,,,
2006-05-08,11.86,,,,,,,,,,,
2006-05-09,11.86,,,,,,,,,,,
2006-05-10,11.85,,,,,,,,,,,
2006-05-11,11.85,,,,,,,,,,,
2006-05-12,11.85,,,,,,,,,,,
2006-05-13,11.86,,,,,,,,,,,
2006-05-14,11.87,,,,,,,,,,,
2006-05-15,11.88,,,,,,,,,,,
2006-05-16,11.87,,,,,,,,,,,
2006-05-17,11.87,,,,,,,,,,,
2006-05-18,11.85,,,,,,,,,,,
2006-05-19,11.83,,,,,,,,,,,
2006-05-20,11.82,,,,,,,,,,,
2006-05-21,11.81,,,,,,,,,,,
2006-05-22,11.8,,,,,,,,,,,
2006-05-23,11.8,,,,,,,,,,,
2006-05-24,11.8,,,,,,,,,,,
2006-05-25,11.8,,,,,,,,,,,
2006-05-26,11.8,,,,,,,,,,,
2006-05-27,11.8,,,,,,,,,,,
2006-05-28,11.8,,,,,,,,,,,
2006-05-29,11.8,,,,,,,,,,,
2006-05-30,11.81,,,,,,,,,,,
2006-05-31,9.45,,,,,,,,,,,
2006-06-01,9.3,,,,,,,,,,,
2006-06-02,9.13,,,,,,,,,,,
2006-06-03,8.96,,,,,,,,,,,
2006-06-04,8.79,,,,,,,,,,,
2006-06-05,10.99,,,,,,,,,,,
2006-06-06,10.98,,,,,,,,,,,
2006-06-07,10.99,,,,,,,,,,,
2006-06-08,10.99,,,,,,,,,,,
2006-06-09,10.98,,,,,,,,,,,
2006-06-10,10.98,,,,,,,,,,,
2006-06-11,10.97,,,,,,,,,,,
2006-06-12,10.97,,,,,,,,,,,
2006-06-13,10.97,,,,,,,,,,,
2006-06-14,10.98,,,,,,,,,,,
2006-06-15,11.0,,,,,,,,,,,
2006-06-16,11.02,,,,,,,,,,,
2006-06-17,11.04,,,,,,,,,,,
2006-06-18,11.05,,,,,,,,,,,
2006-06-19,11.06,,,,,,,,,,,
2006-06-20,11.07,,,,,,,,,,,
2006-06-21,11.08,,,,,,,,,,,
2006-06-22,11.09,,,,,,,,,,,
2006-06-23,11.11,,,,,,,,,,,
2006-06-24,11.12,,,,,,,,,,,
2006-06-25,11.13,,,,,,,,,,,
2006-06-26,11.14,,,,,,,,,,,
2006-06-27,11.15,,,,,,,,,,,
2006-06-28,11.16,,,,,,,,,,,
2006-06-29,11.15,,,,,,,,,,,
2006-06-30,11.14,,,,,,,,,,,
2006-07-01,8.91,,,,,,,,,,,
2006-07-02,6.68,,,,,,,,,,,
2006-07-03,6.77,,,,,,,,,,,
2006-07-04,6.87,,,,,,,,,,,
2006-07-05,7.0,,,,,,,,,,,
2006-07-06,9.33,,,,,,,,,,,
2006-07-07,11.66,,,,,,,,,,,
2006-07-08,11.65,,,,,,,,,,,
2006-07-09,11.65,,,,,,,,,,,
2006-07-10,11.62,,,,,,,,,,,
2006-07-11,11.61,,,,,,,,,,,
2006-07-12,11.6,,,,,,,,,,,
2006-07-13,11.59,,,,,,,,,,,
2006-07-14,11.58,,,,,,,,,,,
2006-07-15,11.57,,,,,,,,,,,
2006-07-16,11.56,,,,,,,,,,,
2006-07-17,11.56,,,,,,,,,,,
2006-07-18,11.56,,,,,,,,,,,
2006-07-19,11.56,,,,,,,,,,,
2006-07-20,11.55,,,,,,,,,,,
2006-07-21,11.54,,,,,,,,,,,
2006-07-22,11.54,,,,,,,,,,,
2006-07-23,11.52,,,,,,,,,,,
2006-07-24,11.51,,,,,,,,,,,
2006-07-25,11.51,,,,,,,,,,,
2006-07-26,11.51,,,,,,,,,,,
2006-07-27,11.51,,,,,,,,,,,
2006-07-28,11.5,,,,,,,,,,,
2006-07-29,11.49,,,,,,,,,,,
2006-07-30,11.48,,,,,,,,,,,
2006-07-31,11.48,,,,,,,,,,,
2006-08-01,13.77,,,,,,,,,,,
2006-08-02,13.78,,,,,,,,,,,
2006-08-03,13.78,,,,,,,,,,,
2006-08-04,13.78,,,,,,,,,,,
2006-08-05,13.78,,,,,,,,,,,
2006-08-06,11.48,,,,,,,,,,,
2006-08-07,11.47,,,,,,,,,,,
2006-08-08,11.46,,,,,,,,,,,
2006-08-09,11.46,,,,,,,,,,,
2006-08-10,11.46,,,,,,,,,,,
2006-08-11,11.47,,,,,,,,,,,
2006-08-12,11.48,,,,,,,,,,,
2006-08-13,11.48,,,,,,,,,,,
2006-08-14,11.49,,,,,,,,,,,
2006-08-15,11.49,,,,,,,,,,,
2006-08-16,11.47,,,,,,,,,,,
2006-08-17,11.45,,,,,,,,,,,
2006-08-18,11.43,,,,,,,,,,,
2006-08-19,11.4,,,,,,,,,,,
2006-08-20,11.39,,,,,,,,,,,
2006-08-21,11.38,,,,,,,,,,,
2006-08-22,11.37,,,,,,,,,,,
2006-08-23,11.37,,,,,,,,,,,
2006-08-24,11.37,,,,,,,,,,,
2006-08-25,11.36,,,,,,,,,,,
2006-08-26,11.35,,,,,,,,,,,
2006-08-27,11.35,,,,,,,,,,,
2006-08-28,11.35,,,,,,,,,,,
2006-08-29,11.34,,,,,,,,,,,
2006-08-30,11.34,,,,,,,,,,,
2006-08-31,9.07,,,,,,,,,,,
2006-09-01,9.15,,,,,,,,,,,
2006-09-02,9.23,,,,,,,,,,,
2006-09-03,9.31,,,,,,,,,,,
2006-09-04,9.4,,,,,,,,,,,
2006-09-05,11.76,,,,,,,,,,,
2006-09-06,11.76,,,,,,,,,,,
2006-09-07,11.77,,,,,,,,,,,
2006-09-08,11.77,,,,,,,,,,,
2006-09-09,11.77,,,,,,,,,,,
2006-09-10,11.77,,,,,,,,,,,
2006-09-11,11.76,,,,,,,,,,,
2006-09-12,11.76,,,,,,,,,,,
2006-09-13,11.75,,,,,,,,,,,
2006-09-14,11.75,,,,,,,,,,,
2006-09-15,11.75,,,,,,,,,,,
2006-09-16,11.74,,,,,,,,,,,
2006-09-17,11.74,,,,,,,,,,,
2006-09-18,11.75,,,,,,,,,,,
2006-09-19,11.74,,,,,,,,,,,
2006-09-20,11.73,,,,,,,,,,,
2006-09-21,11.7,,,,,,,,,,,
2006-09-22,11.67,,,,,,,,,,,
2006-09-23,11.65,,,,,,,,,,,
2006-09-24,11.63,,,,,,,,,,,
2006-09-25,11.61,,,,,,,,,,,
2006-09-26,11.61,,,,,,,,,,,
2006-09-27,11.61,,,,,,,,,,,
2006-09-28,11.62,,,,,,,,,,,
2006-09-29,11.62,,,,,,,,,,,
2006-09-30,11.63,,,,,,,,,,,
2006-10-01,9.31,,,,,,,,,,,
2006-10-02,9.31,,,,,,,,,,,
2006-10-03,9.31,,,,,,,,,,,
2006-10-04,9.3,,,,,,,,,,,
2006-10-05,9.29,,,,,,,,,,,
2006-10-06,11.63,,,,,,,,,,,
2006-10-07,11.64,,,,,,,,,,,
2006-10-08,11.65,,,,,,,,,,,
2006-10-09,11.66,,,,,,,,,,,
2006-10-10,11.69,,,,,,,,,,,
2006-10-11,11.7,,,,,,,,,,,
2006-10-12,11.71,,,,,,,,,,,
2006-10-13,11.73,,,,,,,,,,,
2006-10-14,11.74,,,,,,,,,,,
2006-10-15,11.75,,,,,,,,,,,
2006-10-16,11.75,,,,,,,,,,,
2006-10-17,11.75,,,,,,,,,,,
2006-10-18,11.73,,,,,,,,,,,
2006-10-19,11.73,,,,,,,,,,,
2006-10-20,11.72,,,,,,,,,,,
2006-10-21,11.71,,,,,,,,,,,
2006-10-22,11.72,,,,,,,,,,,
2006-10-23,11.73,,,,,,,,,,,
2006-10-24,11.73,,,,,,,,,,,
2006-10-25,11.72,,,,,,,,,,,
2006-10-26,11.7,,,,,,,,,,,
2006-10-27,11.68,,,,,,,,,,,
2006-10-28,11.65,,,,,,,,,,,
2006-10-29,11.63,,,,,,,,,,,
2006-10-30,11.61,,,,,,,,,,,
2006-10-31,11.59,,,,,,,,,,,
2006-11-01,11.51,,,,,,,,,,,
2006-11-02,11.44,,,,,,,,,,,
2006-11-03,11.38,,,,,,,,,,,
2006-11-04,11.32,,,,,,,,,,,
2006-11-05,11.27,,,,,,,,,,,
2006-11-06,11.29,,,,,,,,,,,
2006-11-07,11.29,,,,,,,,,,,
2006-11-08,11.28,,,,,,,,,,,
2006-11-09,11.26,,,,,,,,,,,
2006-11-10,11.24,,,,,,,,,,,
2006-11-11,11.22,,,,,,,,,,,
2006-11-12,11.21,,,,,,,,,,,
2006-11-13,11.21,,,,,,,,,,,
2006-11-14,11.2,,,,,,,,,,,
2006-11-15,11.2,,,,,,,,,,,
2006-11-16,11.21,,,,,,,,,,,
2006-11-17,11.21,,,,,,,,,,,
2006-11-18,11.21,,,,,,,,,,,
2006-11-19,11.21,,,,,,,,,,,
2006-11-20,11.2,,,,,,,,,,,
2006-11-21,11.19,,,,,,,,,,,
2006-11-22,11.18,,,,,,,,,,,
2006-11-23,11.18,,,,,,,,,,,
2006-11-24,11.16,,,,,,,,,,,
2006-11-25,11.16,,,,,,,,,,,
2006-11-26,11.15,,,,,,,,,,,
2006-11-27,11.15,,,,,,,,,,,
2006-11-28,11.14,,,,,,,,,,,
2006-11-29,11.14,,,,,,,,,,,
2006-11-30,11.12,,,,,,,,,,,
2006-12-01,11.03,,,,,,,,,,,
2006-12-02,10.95,,,,,,,,,,,
2006-12-03,10.86,,,,,,,,,,,
2006-12-04,10.77,,,,,,,,,,,
2006-12-05,10.68,,,,,,,,,,,
2006-12-06,10.69,,,,,,,,,,,
2006-12-07,10.69,,,,,,,,,,,
2006-12-08,10.69,,,,,,,,,,,
2006-12-09,10.71,,,,,,,,,,,
2006-12-10,10.72,,,,,,,,,,,
2006-12-11,10.72,,,,,,,,,,,
2006-12-12,10.72,,,,,,,,,,,
2006-12-13,10.72,,,,,,,,,,,
2006-12-14,10.73,,,,,,,,,,,
2006-12-15,10.73,,,,,,,,,,,
2006-12-16,10.74,,,,,,,,,,,
2006-12-17,10.75,,,,,,,,,,,
2006-12-18,10.75,,,,,,,,,,,
2006-12-19,10.75,,,,,,,,,,,
2006-12-20,10.75,,,,,,,,,,,
2006-12-21,10.75,,,,,,,,,,,
2006-12-22,10.75,,,,,,,,,,,
2006-12-23,10.75,,,,,,,,,,,
2006-12-24,10.74,,,,,,,,,,,
2006-12-25,10.75,,,,,,,,,,,
2006-12-26,10.75,,,,,,,,,,,
2006-12-27,12.81,,,,,,,,,,,
2006-12-28,14.89,,,,,,,,,,,
2006-12-29,16.96,,,,,,,,,,,
2006-12-30,19.03,,,,,,,,,,,
2006-12-31,18.95,,,,,,,,,,,
2007-01-01,16.8,,,,,,,,,,,
2007-01-02,14.64,,,,,,,,,,,
2007-01-03,12.48,,,,,,,,,,,
2007-01-04,10.31,,,,,,,,,,,
2007-01-05,10.3,,,,,,,,,,,
2007-01-06,10.29,,,,,,,,,,,
2007-01-07,10.28,,,,,,,,,,,
2007-01-08,10.27,,,,,,,,,,,
2007-01-09,10.27,,,,,,,,,,,
2007-01-10,10.27,,,,,,,,,,,
2007-01-11,10.28,,,,,,,,,,,
2007-01-12,10.3,,,,,,,,,,,
2007-01-13,10.31,,,,,,,,,,,
2007-01-14,10.32,,,,,,,,,,,
2007-01-15,10.33,,,,,,,,,,,
2007-01-16,10.33,,,,,,,,,,,
2007-01-17,10.33,,,,,,,,,,,
2007-01-18,10.32,,,,,,,,,,,
2007-01-19,10.32,,,,,,,,,,,
2007-01-20,10.31,,,,,,,,,,,
2007-01-21,10.31,,,,,,,,,,,
2007-01-22,10.3,,,,,,,,,,,
2007-01-23,10.31,,,,,,,,,,,
2007-01-24,10.31,,,,,,,,,,,
2007-01-25,10.32,,,,,,,,,,,
2007-01-26,8.26,,,,,,,,,,,
2007-01-27,6.2,,,,,,,,,,,
2007-01-28,4.14,,,,,,,,,,,
2007-01-29,2.07,,,,,,,,,,,
2007-01-30,0.0,,,,,,,,,,,
2007-01-31,0.0,,,,,,,,,,,
2007-02-01,2.21,,,,,,,,,,,
2007-02-02,4.41,,,,,,,,,,,
2007-02-03,6.62,,,,,,,,,,,
2007-02-04,8.82,,,,,,,,,,,
2007-02-05,11.03,,,,,,,,,,,
2007-02-06,11.02,,,,,,,,,,,
2007-02-07,11.0,,,,,,,,,,,
2007-02-08,10.99,,,,,,,,,,,
2007-02-09,10.99,,,,,,,,,,,
2007-02-10,10.98,,,,,,,,,,,
2007-02-11,10.99,,,,,,,,,,,
2007-02-12,10.99,,,,,,,,,,,
2007-02-13,11.0,,,,,,,,,,,
2007-02-14,10.99,,,,,,,,,,,
2007-02-15,10.98,,,,,,,,,,,
2007-02-16,10.96,,,,,,,,,,,
2007-02-17,10.94,,,,,,,,,,,
2007-02-18,10.92,,,,,,,,,,,
2007-02-19,10.92,,,,,,,,,,,
2007-02-20,10.91,,,,,,,,,,,
2007-02-21,10.91,,,,,,,,,,,
2007-02-22,10.91,,,,,,,,,,,
2007-02-23,10.9,,,,,,,,,,,
2007-02-24,10.9,,,,,,,,,,,
2007-02-25,10.89,,,,,,,,,,,
2007-02-26,10.88,,,,,,,,,,,
2007-02-27,10.86,,,,,,,,,,,
2007-02-28,10.84,,,,,,,,,,,
2007-03-01,12.97,,,,,,,,,,,
2007-03-02,15.07,,,,,,,,,,,
2007-03-03,15.04,,,,,,,,,,,
2007-03-04,15.0,,,,,,,,,,,
2007-03-05,14.97,,,,,,,,,,,
2007-03-06,12.82,,,,,,,,,,,
2007-03-07,10.67,,,,,,,,,,,
2007-03-08,10.67,,,,,,,,,,,
2007-03-09,10.69,,,,,,,,,,,
2007-03-10,10.69,,,,,,,,,,,
2007-03-11,10.7,,,,,,,,,,,
2007-03-12,10.69,,,,,,,,,,,
2007-03-13,10.69,,,,,,,,,,,
2007-03-14,10.69,,,,,,,,,,,
2007-03-15,10.69,,,,,,,,,,,
2007-03-16,10.69,,,,,0.0,,,,,,
2007-03-17,10.7,,,,,0.0,,,,,,
2007-03-18,10.71,,,,,0.0,,,,,,
2007-03-19,10.72,,,,,0.0,,,,,,
2007-03-20,10.73,,,,,0.0,,,,,,
2007-03-21,10.72,,,,,0.0,,,,,,
2007-03-22,10.72,,,,,0.0,,,,,,
2007-03-23,10.72,,,,,0.0,,,,,,
2007-03-24,10.72,,,,,0.0,,,,,,
2007-03-25,10.72,,,,,0.0,,,,,,
2007-03-26,10.73,,,,,0.0,,,,,,
2007-03-27,10.73,,,,,0.0,,,,,,
2007-03-28,10.73,,,,,0.0,,,,,,
2007-03-29,10.73,,,,,0.0,,,,,,
2007-03-30,10.73,,,,,0.0,,,,,,
2007-03-31,8.59,,,,,0.0,,,,,,
2007-04-01,6.44,,,,,0.0,,,,,,
2007-04-02,6.64,,,,,0.99,,,,,,
2007-04-03,6.84,,,,,1.98,,,,,,
2007-04-04,7.03,,,,,2.98,,,,,,
2007-04-05,9.38,,,,,3.97,,,,,,
2007-04-06,11.73,,,,,4.96,,,,,,
2007-04-07,11.73,,,,,4.96,,,,,,
2007-04-08,11.73,,,,,4.96,,,,,,
2007-04-09,11.75,,,,,4.96,,,,,,
2007-04-10,11.75,,,,,4.96,,,,,,
2007-04-11,11.76,,0.0,,,4.96,,,,,,
2007-04-12,11.76,,0.0,,,4.96,,,,,,
2007-04-13,11.77,,0.0,,,4.97,,,,,,
2007-04-14,11.77,,0.0,,,4.97,,,,,,
2007-04-15,11.77,,0.0,,,4.97,,,,,,
2007-04-16,11.77,,0.0,,,4.97,,,,,,
2007-04-17,11.76,,0.0,,,4.97,,,,,,
2007-04-18,11.75,,0.0,,,4.96,,,,,,
2007-04-19,11.73,,0.0,,,4.96,,,,,,
2007-04-20,11.71,,0.0,,,4.95,,,,,,
2007-04-21,11.7,,0.0,,,4.95,,,,,,
2007-04-22,11.7,,0.0,,,4.95,,,,,,
2007-04-23,11.69,,0.0,,,4.95,,,,,,
2007-04-24,11.68,,0.0,,,4.95,,,,,,
2007-04-25,11.67,,0.0,,,4.95,,,,,,
2007-04-26,11.66,,0.0,,,4.95,,,,,,
2007-04-27,11.66,,0.0,,,4.95,,,,,,
2007-04-28,11.66,,0.0,,,4.95,,,,,,
2007-04-29,11.67,,0.0,,,4.95,,,,,,
2007-04-30,11.67,,0.0,,,4.95,,,,,,
2007-05-01,13.93,,2.18,,,6.81,,,,,,
2007-05-02,13.86,,4.36,,,7.68,,,,,,
2007-05-03,13.8,,6.54,,,8.56,,,,,,
2007-05-04,13.73,,8.71,,,9.43,,,,,,
2007-05-05,13.67,,10.89,,,10.3,,,,,,
2007-05-06,11.34,,10.89,,,9.31,,,,,,
2007-05-07,11.34,,10.88,,,9.3,,,,,,
2007-05-08,11.33,,10.88,,,9.3,,,,,,
2007-05-09,11.33,,10.88,,,9.3,,,,,,
2007-05-10,11.33,,10.88,,,9.3,,,,,,
2007-05-11,11.34,,10.88,,,9.3,,,,,,
2007-05-12,11.34,,10.87,,,9.3,,,,,,
2007-05-13,11.35,,10.87,,,9.31,,,,,,
2007-05-14,11.35,,10.86,,,9.31,,,,,,
2007-05-15,11.36,,10.86,,,9.31,,,,,,
2007-05-16,11.36,,10.86,,,9.31,,,,,,
2007-05-17,11.37,,10.85,,,9.31,,,,,,
2007-05-18,11.39,,10.85,,,9.33,,,,,,
2007-05-19,11.4,,10.84,,,9.35,,,,,,
2007-05-20,11.41,,10.84,,,9.36,,,,,,
2007-05-21,11.42,,10.84,,,9.37,,,,,,
2007-05-22,11.43,,10.83,,,9.38,,,,,,
2007-05-23,11.44,,10.83,,,9.37,,,,,,
2007-05-24,11.44,,10.83,,,9.36,,,,,,
2007-05-25,11.45,,10.83,,,9.36,,,,,,
2007-05-26,11.45,,10.83,,,9.36,,,,,,
2007-05-27,11.46,,10.82,,,9.36,,,,,,
2007-05-28,11.45,,10.82,,,9.36,,,,,,
2007-05-29,11.46,,10.83,,,9.36,,,,,,
2007-05-30,11.46,,10.83,,,9.36,,,,,,
2007-05-31,9.17,,8.67,,,7.49,,,,,,
2007-06-01,9.26,,10.84,,,7.55,,,,,,
2007-06-02,9.35,,13.02,,,7.61,,,,,,
2007-06-03,9.44,,15.19,,,7.67,,,,,,
2007-06-04,9.52,,17.36,,,7.73,,,,,,
2007-06-05,11.91,,21.71,,,9.67,,,,,,
2007-06-06,11.91,,21.71,,,9.67,,,,,,
2007-06-07,11.94,,21.74,,,9.69,,,,,,
2007-06-08,11.96,,21.78,,,9.7,,,,,,
2007-06-09,11.99,,21.83,,,9.71,,,,,,
2007-06-10,12.02,,21.86,,,9.72,,,,,,
2007-06-11,12.05,,21.91,,,9.73,,,,,,
2007-06-12,12.07,,21.95,,,9.74,,,,,,
2007-06-13,12.08,,21.97,,,9.76,,,,,,
2007-06-14,12.09,,21.99,,,9.77,,,,,,
2007-06-15,12.09,,22.02,,,9.78,,,,,,
2007-06-16,12.08,,22.03,,,9.78,,,,,,
2007-06-17,12.06,,22.02,,,9.77,,,,,,
2007-06-18,12.05,,22.01,,,9.76,,,,,,
2007-06-19,12.03,,22.01,,,9.75,,,,,,
2007-06-20,12.03,,22.04,,,9.74,,,,,,
2007-06-21,12.03,,22.06,,,9.74,,,,,,
2007-06-22,12.02,,22.07,,,9.74,,,,,,
2007-06-23,12.02,,22.09,,,9.74,,,,,,
2007-06-24,12.03,,22.11,,,9.74,,,,,,
2007-06-25,12.03,,22.12,,,9.74,,,,,,
2007-06-26,12.02,,22.13,,,9.74,,,,,,
2007-06-27,12.02,,22.16,,,9.73,,,,,,
2007-06-28,12.02,,22.21,,,9.73,,,,,,
2007-06-29,12.0,,22.27,,,9.72,,,,,,
2007-06-30,11.99,,22.31,,,9.72,,,,,,
2007-07-01,9.59,,17.88,,,7.77,,,,,,
2007-07-02,9.47,,18.01,,,7.51,,,,,,
2007-07-03,9.35,,18.13,,,7.24,,,,,,
2007-07-04,9.24,,18.23,,,6.98,,,,,,
2007-07-05,9.14,,18.35,,,6.72,,,,,,
2007-07-06,11.44,,22.95,,,8.41,,,,,,
2007-07-07,11.46,,22.97,,,8.42,,,,,,
2007-07-08,11.48,,22.98,,,8.43,,,,,,
2007-07-09,11.49,,22.98,,,8.44,,,,,,
2007-07-10,11.48,,22.97,,,8.43,,,,,,
2007-07-11,11.47,,23.0,,,8.43,,,,,,
2007-07-12,11.47,,23.02,,,8.42,,,,,,
2007-07-13,11.46,,23.02,,,8.42,,,,,,
2007-07-14,11.45,,23.03,,,8.42,,,,,,
2007-07-15,11.46,,23.04,,,8.42,,,,,,
2007-07-16,11.45,,23.0,,,8.42,,,,,,
2007-07-17,11.44,,22.97,,,8.42,,,,,,
2007-07-18,11.43,,23.0,,,8.41,,,,,,
2007-07-19,11.43,,23.02,,,8.41,,,,,,
2007-07-20,11.42,,23.06,,,8.4,,,,,,
2007-07-21,11.42,,23.09,,,8.39,,,,,,
2007-07-22,11.41,,23.14,,,8.38,,,,,,
2007-07-23,11.41,,23.15,,,8.38,,,,,,
2007-07-24,11.41,,23.2,,,8.38,,,,,,
2007-07-25,11.41,,23.28,,,8.38,,,,,,
2007-07-26,11.42,,23.43,,,8.37,,,,,,
2007-07-27,11.44,,23.66,,,8.37,,,,,,
2007-07-28,11.45,,23.88,,,8.36,,,,,,
2007-07-29,11.47,,24.08,,,8.36,,,,,,
2007-07-30,11.47,,24.18,,,8.35,,,,,,
2007-07-31,11.48,,24.2,,,8.36,,,,,,
2007-08-01,11.57,,24.36,,,8.53,,,,,,
2007-08-02,11.66,,24.49,,,8.69,,,,,,
2007-08-03,11.74,,24.63,,,8.86,,,,,,
2007-08-04,11.82,,24.81,,,9.02,,,,,,
2007-08-05,11.9,,25.01,,,9.18,,,,,,
2007-08-06,11.9,,24.99,,,9.18,,,,,,
2007-08-07,11.89,,24.96,,,9.17,,,,,,
2007-08-08,11.89,,24.88,,,9.17,,,,,,
2007-08-09,11.89,,24.8,,,9.18,,,,,,
2007-08-10,11.9,,24.74,,,9.18,,,,,,
2007-08-11,11.91,,24.66,,,9.18,,,,,,
2007-08-12,11.92,,24.61,,,9.19,,,,,,
2007-08-13,11.92,,24.59,,,9.18,,,,,,
2007-08-14,11.91,,24.61,,,9.18,,,,,,
2007-08-15,11.89,,24.58,,,9.19,,,,,,
2007-08-16,11.9,,24.56,,,9.19,,,,,,
2007-08-17,11.9,,24.49,,,9.18,,,,,,
2007-08-18,11.91,,24.46,,,9.17,,,,,,
2007-08-19,11.94,,24.39,,,9.17,,,,,,
2007-08-20,11.94,,24.4,,,9.16,,,,,,
2007-08-21,11.91,,24.42,,,9.15,,,,,,
2007-08-22,11.89,,24.45,,,9.14,,,,,,
2007-08-23,11.86,,24.46,,,9.14,,,,,,
2007-08-24,11.82,,24.45,,,9.13,,,,,,
2007-08-25,11.81,,24.4,,,9.12,,,,,,
2007-08-26,11.8,,24.32,,,9.12,,,,,,
2007-08-27,11.8,,24.24,,,9.11,,,,,,
2007-08-28,11.78,,24.22,,,9.1,,,,,,
2007-08-29,11.78,,24.18,,,9.09,,,,,,
2007-08-30,11.77,,24.14,,,9.09,,,,,,
2007-08-31,9.41,,19.29,,,7.27,,,,,,
2007-09-01,7.05,,14.47,,,5.45,,,,,,
2007-09-02,4.7,,9.63,,,3.64,,,,,,
2007-09-03,2.35,,4.81,,,1.82,,,,,,
2007-09-04,2.32,,4.68,,,1.65,,,,,,
2007-09-05,4.64,,9.36,,,3.3,,,,,,
2007-09-06,6.95,,14.04,,,4.95,,,,,,
2007-09-07,9.26,,18.78,,,6.59,,,,,,
2007-09-08,11.57,,23.51,,,8.22,,,,,,
2007-09-09,11.55,,23.57,,,8.2,,,,,,
2007-09-10,11.54,,23.6,,,8.19,,,,,0.0,
2007-09-11,11.53,,23.6,,,8.17,,,,,0.0,
2007-09-12,11.55,,23.52,,,8.18,,,,,0.0,
2007-09-13,11.57,,23.45,,,8.19,,,,,0.0,
2007-09-14,11.58,,23.35,,,8.19,,,,,0.0,
2007-09-15,11.6,,23.26,,,8.2,,,,,0.0,
2007-09-16,11.61,,23.21,,,8.2,,,,,0.0,
2007-09-17,11.6,,23.17,,,8.2,,,,,0.0,
2007-09-18,11.59,,23.07,,,8.2,,,,,0.0,
2007-09-19,11.6,,22.93,,,8.19,,,,,0.0,
2007-09-20,11.61,,22.9,,,8.2,,,,,0.0,
2007-09-21,11.61,,22.86,,,8.2,,,,,0.0,
2007-09-22,11.62,,22.85,,,8.21,,,,,0.0,
2007-09-23,11.62,,22.86,,,8.21,,,,,0.0,
2007-09-24,11.6,,22.93,,,8.22,,,,,0.0,
2007-09-25,11.58,,22.88,,,8.22,,,,,0.0,
2007-09-26,11.57,,22.85,,,8.22,,,,,0.0,
2007-09-27,11.54,,22.84,,,8.22,,,,,0.0,
2007-09-28,11.52,,22.83,,,8.21,,,,,0.0,
2007-09-29,11.52,,22.85,,,8.21,,,,,0.0,
2007-09-30,11.51,,22.88,,,8.21,,,,,0.0,
2007-10-01,13.81,,27.6,,,9.83,,,,,0.0,
2007-10-02,16.12,,32.29,,,11.45,,,,,0.0,
2007-10-03,18.41,,37.03,,,13.08,,,,,0.0,
2007-10-04,18.38,,37.16,,,13.07,,,,,0.0,
2007-10-05,18.35,,37.3,,,13.06,,,,,0.0,
2007-10-06,16.02,,32.73,,,11.43,,,,,0.0,
2007-10-07,13.68,,28.18,,,9.8,,,,,0.0,
2007-10-08,11.36,,23.57,,,8.16,,,,,0.0,
2007-10-09,11.37,,23.54,,,8.17,,,,,0.0,
2007-10-10,11.36,,23.53,,,8.17,,,,,0.0,
2007-10-11,11.35,,23.51,,,8.16,,,,,0.0,
2007-10-12,11.35,,23.48,,,8.16,,,,,0.0,
2007-10-13,11.36,,23.47,,,8.16,,,,,0.0,
2007-10-14,11.36,,23.46,,,8.16,,,,,0.0,
2007-10-15,11.36,,23.43,,,8.16,,,,,0.0,
2007-10-16,11.37,,23.42,,,8.16,,,,,0.0,
2007-10-17,11.34,,23.47,,,8.16,,,,,0.0,
2007-10-18,11.32,,23.53,,,8.15,,,,,0.0,
2007-10-19,11.29,,23.61,,,8.13,,,,,0.0,
2007-10-20,11.26,,23.71,,,8.12,,,,,0.0,
2007-10-21,11.23,,23.79,,,8.1,,,,,0.0,
2007-10-22,11.22,,23.86,,,8.09,,,,,0.0,
2007-10-23,11.21,,23.88,,,8.08,,,,,0.0,
2007-10-24,11.21,,23.89,,,8.08,,,,,0.0,
2007-10-25,11.22,,23.88,,,8.07,,,,,0.0,
2007-10-26,11.23,,23.87,,,8.07,,,,,0.0,
2007-10-27,11.24,,23.81,,,8.07,,,,,0.0,
2007-10-28,11.23,,23.79,,,8.06,,,,,0.0,
2007-10-29,11.23,,23.76,,,8.06,,,,,0.0,
2007-10-30,11.23,,23.75,,,8.06,,,,,0.0,
2007-10-31,8.98,,18.99,,,6.45,,,,,0.0,
2007-11-01,8.94,,19.25,,,6.52,,,,,2.35,
2007-11-02,8.91,,19.51,,,6.58,,,,,4.69,
2007-11-03,8.89,,19.79,,,6.65,,,,,7.04,
2007-11-04,8.86,,20.06,,,6.71,,,,,9.39,
2007-11-05,11.08,,25.09,,,8.4,,,,,11.75,
2007-11-06,11.1,,25.07,,,8.41,,,,,11.76,
2007-11-07,11.11,,25.06,,,8.42,,,,,11.78,
2007-11-08,11.12,,25.1,,,8.43,,,,,11.8,
2007-11-09,11.11,,25.13,,,8.44,,,,,11.81,
2007-11-10,11.11,,25.15,,,8.44,,,,,11.81,
2007-11-11,11.1,,25.2,,,8.43,,,,,11.8,
2007-11-12,11.09,,25.22,,,8.42,,,,,11.79,
2007-11-13,11.09,,25.2,,,8.41,,,,,11.79,
2007-11-14,11.11,,25.19,,,8.41,,,,,11.78,
2007-11-15,11.13,,25.18,,,8.4,,,,,11.76,
2007-11-16,11.14,,25.16,,,8.4,,,,,11.74,
2007-11-17,11.15,,25.17,,,8.4,,,,,11.73,
2007-11-18,11.15,,25.16,,,8.39,,,,,11.71,
2007-11-19,11.13,,25.16,,,8.39,,,,,11.71,
2007-11-20,11.12,,25.21,,,8.39,,,,,11.72,
2007-11-21,11.1,,25.35,,,8.38,,,,,11.72,
2007-11-22,11.09,,25.5,,,8.38,,,,,11.72,
2007-11-23,11.08,,25.66,,,8.37,,,,,11.72,
2007-11-24,11.09,,25.82,,,8.36,,,,,11.72,
2007-11-25,11.08,,25.92,,,8.35,,,,,11.71,
2007-11-26,11.06,,25.88,,,8.34,,,,,11.68,
2007-11-27,11.05,,25.82,,,8.34,,,,,11.67,
2007-11-28,11.05,,25.71,,,8.34,,,,,11.67,
2007-11-29,11.04,,25.57,,,8.33,,,,,11.64,
2007-11-30,11.02,,25.41,,,8.32,,,,,11.62,
2007-12-01,8.83,,20.28,,,6.65,,,,,9.31,
2007-12-02,6.63,,15.16,,,4.98,,,,,6.97,
2007-12-03,6.52,,14.78,,,4.88,,,,,5.81,
2007-12-04,6.42,,14.45,,,4.77,,,,,4.67,
2007-12-05,6.34,,14.2,,,4.67,,,,,3.54,
2007-12-06,8.47,,18.93,,,6.24,,,,,4.72,
2007-12-07,10.63,,23.67,,,7.81,,,,,5.91,
2007-12-08,10.67,,23.7,,,7.82,,,,,5.92,
2007-12-09,10.71,,23.72,,,7.84,,,,,5.93,
2007-12-10,10.74,,23.69,,,7.85,,,,,5.94,
2007-12-11,10.74,,23.7,,,7.85,,,,,5.93,
2007-12-12,10.72,,23.69,,,7.85,,,,,5.92,
2007-12-13,10.72,,23.68,,,7.85,,,,,5.92,
2007-12-14,10.74,,23.66,,,7.85,,,,,5.92,
2007-12-15,10.77,,23.63,,,7.85,,,,,5.91,
2007-12-16,10.81,,23.6,,,7.85,,,,,5.92,
2007-12-17,10.83,,23.62,,,7.86,,,,,5.92,
2007-12-18,10.82,,23.64,,,7.86,,,,,5.91,
2007-12-19,10.78,,23.63,,,7.84,0.0,,,,5.9,
2007-12-20,10.74,,23.64,,,7.83,0.0,,,,5.9,
2007-12-21,10.71,,23.63,,,7.83,0.0,,,,5.89,
2007-12-22,10.7,,23.6,,,7.83,0.0,,,,5.89,
2007-12-23,10.7,,23.57,,,7.83,0.0,,,,5.9,
2007-12-24,10.72,,23.59,,,7.84,0.0,,,,5.91,
2007-12-25,10.73,,23.59,,,7.85,0.0,,,,5.91,
2007-12-26,10.75,,23.63,,,7.86,0.0,,,,5.92,
2007-12-27,12.92,,27.78,,,9.5,0.93,,,,7.04,
2007-12-28,15.08,,32.03,,,11.13,1.86,,,,8.16,
2007-12-29,17.23,,36.26,,,12.75,2.79,,,,9.28,
2007-12-30,19.38,,40.49,,,14.37,3.72,,,,10.4,
2007-12-31,21.53,,44.68,,,15.99,4.65,,,,11.5,
2008-01-01,21.5,,44.74,,,15.96,4.65,,,,11.48,
2008-01-02,19.34,,40.02,,,14.39,4.65,,,,10.29,
2008-01-03,17.19,,35.31,,,12.82,4.64,,,,9.11,
2008-01-04,15.01,,30.6,,,11.25,4.64,,,,7.92,
2008-01-05,12.85,,25.91,,,9.68,4.64,,,,6.75,
2008-01-06,10.68,,21.22,,,8.11,4.63,,,,5.58,
2008-01-07,10.67,,21.26,,,8.11,4.63,,,,5.58,
2008-01-08,10.66,,21.31,,,8.1,4.62,,,,5.59,
2008-01-09,10.67,,21.41,,,8.1,4.62,,,,5.59,
2008-01-10,10.69,,21.48,,,8.1,4.62,,,,5.59,
2008-01-11,10.69,,21.53,,,8.09,4.61,,,,5.59,
2008-01-12,10.69,,21.56,,,8.08,4.62,,,,5.59,
2008-01-13,10.69,,21.57,,,8.07,4.62,,,,5.58,
2008-01-14,10.69,,21.54,,,8.07,4.62,,,,5.58,
2008-01-15,10.67,,21.54,,,8.06,4.62,,,,5.57,
2008-01-16,10.67,,21.55,,,8.06,4.61,,,,5.56,
2008-01-17,10.66,,21.59,,,8.06,4.61,,,,5.55,
2008-01-18,10.66,,21.59,,,8.06,4.6,,,,5.54,
2008-01-19,10.64,,21.58,,,8.05,4.6,,,,5.53,
2008-01-20,10.64,,21.59,,,8.06,4.6,,,,5.53,
2008-01-21,10.63,,21.58,,,8.05,4.6,,,,5.53,
2008-01-22,10.63,,21.58,,,8.05,4.6,,,,5.53,
2008-01-23,10.62,,21.6,,,8.04,4.61,,,,5.53,
2008-01-24,10.63,,21.57,,,8.04,4.61,,,,5.53,
2008-01-25,10.62,,21.53,,,8.04,4.61,,,,5.53,
2008-01-26,8.49,,17.22,,,6.43,3.69,,,,4.43,
2008-01-27,6.37,,12.88,,,4.83,2.77,,,,3.32,
2008-01-28,4.25,,8.55,,,3.22,1.85,,,,2.22,
2008-01-29,2.11,,4.27,,,1.61,0.92,,,,1.11,
2008-01-30,0.0,,0.0,,,0.0,0.0,,,,0.0,
2008-01-31,0.0,,0.0,,,0.0,0.0,,,,0.0,
2008-02-01,2.23,,5.01,,,1.49,2.72,,,,1.2,
2008-02-02,4.47,,10.01,,,2.99,5.44,,,,2.4,
2008-02-03,6.7,,15.02,,,4.48,8.17,,,,3.6,
2008-02-04,8.94,,20.02,,,5.98,10.89,,,,4.81,
2008-02-05,11.18,,25.06,,,7.47,13.61,,,,6.01,
2008-02-06,11.19,,25.11,,,7.47,13.62,,,,6.0,
2008-02-07,11.22,,25.19,,,7.48,13.63,,,,6.0,
2008-02-08,11.25,,25.3,,,7.49,13.66,,,,6.0,
2008-02-09,11.27,,25.41,,,7.49,13.68,,,,6.0,
2008-02-10,11.3,,25.48,,,7.49,13.7,,,,6.0,
2008-02-11,11.32,,25.58,,,7.49,13.72,,,,6.0,
2008-02-12,11.3,,25.64,,,7.49,13.73,,,,6.0,
2008-02-13,11.32,,25.67,,,7.49,13.73,,,,6.0,
2008-02-14,11.35,,25.68,,,7.51,13.72,,,,6.01,
2008-02-15,11.36,,25.7,,,7.52,13.71,,,,6.02,
2008-02-16,11.39,,25.69,,,7.54,13.7,,,,6.04,
2008-02-17,11.41,,25.69,,,7.55,13.69,,,,6.05,
2008-02-18,11.41,,25.67,,,7.55,13.69,,,,6.06,
2008-02-19,11.42,,25.71,,,7.57,13.7,,,,6.06,
2008-02-20,11.44,,25.73,,,7.58,13.73,,,,6.07,
2008-02-21,11.44,,25.72,,,7.58,13.75,,,,6.08,
2008-02-22,11.45,,25.71,,,7.59,13.76,,,,6.09,
2008-02-23,11.46,,25.69,,,7.6,13.78,,,,6.11,
2008-02-24,11.45,,25.65,,,7.59,13.77,,,,6.11,
2008-02-25,11.46,,25.61,,,7.6,13.76,,,,6.12,
2008-02-26,11.47,,25.55,,,7.61,13.74,,,,6.14,
2008-02-27,11.47,,25.51,,,7.6,13.73,,,,6.15,
2008-02-28,11.45,,25.47,,,7.58,13.72,,,,6.18,
2008-02-29,11.42,,25.45,,,7.56,13.7,,,,6.23,
2008-03-01,11.37,,25.44,,,7.53,13.69,,,,6.26,
2008-03-02,9.09,,20.37,,,6.01,10.95,,,,5.03,
2008-03-03,8.84,,20.02,,,5.64,10.64,,,,4.96,
2008-03-04,8.63,,19.68,,,5.3,10.34,,,,4.85,
2008-03-05,8.45,,19.3,,,4.97,10.04,,,,4.74,
2008-03-06,8.27,,18.93,,,4.64,9.74,,,,4.62,
2008-03-07,10.35,,23.68,,,5.8,12.18,,,,5.76,
2008-03-08,10.38,,23.7,,,5.81,12.19,,,,5.73,
2008-03-09,10.41,,23.71,,,5.82,12.19,,,,5.72,
2008-03-10,10.41,,23.74,,,5.81,12.2,,,,5.71,
2008-03-11,10.44,,23.75,,,5.8,12.2,,,,5.71,
2008-03-12,10.44,,23.75,,,5.79,12.2,,,,5.71,
2008-03-13,10.46,,23.78,,,5.78,12.21,,,,5.71,
2008-03-14,10.49,,23.84,,,5.76,12.21,,,,5.71,
2008-03-15,10.51,,23.9,,,5.75,12.2,,,,5.71,
2008-03-16,10.51,,23.96,,,5.74,12.2,,,,5.72,
2008-03-17,10.52,,24.04,,,5.73,12.2,,,,5.72,
2008-03-18,10.51,,24.03,,,5.71,12.18,,,,5.72,
2008-03-19,10.48,,23.97,,,5.7,12.17,,,,5.72,
2008-03-20,10.45,,23.9,,,5.69,12.16,,,,5.71,
2008-03-21,10.42,,23.82,,,5.68,12.15,,,,5.7,
2008-03-22,10.4,,23.73,,,5.68,12.14,,,,5.7,
2008-03-23,10.38,,23.7,,,5.68,12.13,,,,5.69,
2008-03-24,10.37,,23.64,,,5.69,12.13,,,,5.69,
2008-03-25,10.37,,23.59,,,5.7,12.14,,,,5.7,
2008-03-26,10.36,,23.56,,,5.7,12.14,,,,5.71,
2008-03-27,10.36,,23.53,,,5.71,12.14,,,,5.72,
2008-03-28,10.36,,23.51,,,5.71,12.14,,,,5.72,
2008-03-29,10.35,,23.52,,,5.71,12.15,,,,5.72,
2008-03-30,10.35,,23.55,,,5.7,12.15,,,,5.71,
2008-03-31,10.34,,23.54,,,5.7,12.15,,,,5.71,
2008-04-01,12.69,,28.36,,,6.98,14.8,,,,6.89,
2008-04-02,12.99,,28.51,,,7.13,15.0,,,,6.93,
2008-04-03,13.28,,28.67,,,7.28,15.19,,,,6.97,
2008-04-04,13.54,,28.82,,,7.41,15.38,,,,6.99,
2008-04-05,13.81,,28.98,,,7.55,15.56,,,,7.02,
2008-04-06,11.72,,24.3,,,6.4,13.11,,,,5.86,
2008-04-07,11.68,,24.25,,,6.39,13.09,,,,5.85,
2008-04-08,11.66,,24.18,,,6.39,13.07,,,,5.83,
2008-04-09,11.67,,24.17,,,6.39,13.07,,,,5.81,
2008-04-10,11.68,,24.14,,,6.39,13.05,,,,5.79,
2008-04-11,11.69,,24.14,,,6.39,13.03,,,,5.77,
2008-04-12,11.7,,24.19,,,6.39,13.02,,,,5.75,
2008-04-13,11.7,,24.26,,,6.38,13.02,,,,5.74,
2008-04-14,11.72,,24.26,,,6.39,13.01,,,,5.74,
2008-04-15,11.73,,24.28,,,6.39,13.0,,,,5.73,
2008-04-16,11.77,,24.24,,,6.41,12.99,,,,5.73,
2008-04-17,11.79,,24.2,,,6.42,12.99,,,,5.73,
2008-04-18,11.81,,24.13,,,6.43,12.99,,,,5.73,
2008-04-19,11.81,,24.07,,,6.44,13.0,,,,5.72,
2008-04-20,11.81,,24.01,,,6.44,13.0,,,,5.72,
2008-04-21,11.8,,23.98,,,6.44,13.01,,,,5.72,
2008-04-22,11.8,,23.95,,,6.43,13.02,,,,5.72,
2008-04-23,11.81,,23.93,,,6.42,13.03,,,,5.73,
2008-04-24,11.82,,23.91,,,6.42,13.04,,,,5.74,
2008-04-25,11.82,,23.87,,,6.43,13.05,,,,5.75,
2008-04-26,11.82,,23.82,,,6.43,13.06,,,,5.76,
2008-04-27,11.82,,23.78,,,6.44,13.07,,,,5.77,
2008-04-28,11.81,,23.73,,,6.44,13.08,,,,5.77,
2008-04-29,11.79,,23.69,,,6.44,13.09,,,,5.78,
2008-04-30,11.76,,23.67,,,6.43,13.07,,,,5.77,
2008-05-01,11.49,,23.02,,,6.73,12.98,,,,5.71,
2008-05-02,11.23,,22.41,,,7.03,12.88,,,,5.65,
2008-05-03,10.98,,21.83,,,7.34,12.78,,,,5.6,
2008-05-04,10.74,,21.24,,,7.65,12.67,,,,5.54,
2008-05-05,10.51,,20.65,,,7.96,12.58,,,,5.49,
2008-05-06,10.53,,20.73,,,7.96,12.58,,,,5.49,
2008-05-07,10.54,,20.76,,,7.96,12.59,,,,5.49,
2008-05-08,10.53,,20.81,,,7.95,12.6,,,,5.49,
2008-05-09,10.53,,20.84,,,7.95,12.6,,,,5.49,
2008-05-10,10.53,,20.87,,,7.94,12.61,,,,5.48,
2008-05-11,10.51,,20.86,,,7.93,12.61,,,,5.47,
2008-05-12,10.5,,20.87,,,7.94,12.61,,,,5.47,
2008-05-13,10.52,,20.87,,,7.95,12.62,,,,5.46,
2008-05-14,10.53,,20.88,,,7.96,12.63,,,,5.46,
2008-05-15,10.53,,20.88,,,7.96,12.63,,,,5.46,
2008-05-16,10.53,,20.88,,,7.96,12.63,,,,5.46,
2008-05-17,10.53,,20.87,,,7.96,12.62,,,,5.45,
2008-05-18,10.52,,20.86,,,7.95,12.61,,,,5.45,
2008-05-19,10.51,,20.82,,,7.94,12.59,,,,5.44,
2008-05-20,10.51,,20.81,,,7.93,12.58,,,,5.43,
2008-05-21,10.52,,20.81,,,7.93,12.57,,,,5.43,
2008-05-22,10.55,,20.81,,,7.93,12.57,,,,5.43,
2008-05-23,10.57,,20.84,,,7.93,12.57,,,,5.43,
2008-05-24,10.59,,20.89,,,7.94,12.57,,,,5.43,
2008-05-25,10.61,,20.93,,,7.94,12.58,,,,5.43,
2008-05-26,10.63,,20.96,,,7.95,12.58,,,,5.43,
2008-05-27,10.63,,21.01,,,7.95,12.58,,,,5.43,
2008-05-28,10.66,,21.01,,,7.96,12.58,,,,5.44,
2008-05-29,10.7,,21.02,,,7.98,12.6,,,,5.44,
2008-05-30,10.72,,21.03,,,7.99,12.61,,,,5.45,
2008-05-31,8.6,,16.83,,,6.4,10.09,,,,4.36,
2008-06-01,6.46,,12.61,,,4.81,7.58,,,,3.27,
2008-06-02,6.5,,13.14,,,4.92,7.65,,,,3.22,
2008-06-03,6.53,,13.66,,,5.02,7.71,,,,3.17,
2008-06-04,6.56,,14.19,,,5.14,7.78,,,,3.12,
2008-06-05,8.76,,18.91,,,6.86,10.37,,,,4.16,
2008-06-06,10.96,,23.63,,,8.58,12.97,,,,5.2,
2008-06-07,10.95,,23.62,,,8.58,12.96,,,,5.2,
2008-06-08,10.96,,23.62,,,8.59,12.97,,,,5.2,
2008-06-09,10.96,,23.6,,,8.6,12.97,,,,5.2,
2008-06-10,10.97,,23.6,,,8.62,12.98,,,,5.21,
2008-06-11,10.98,,23.58,,,8.63,12.99,,,,5.21,
2008-06-12,11.02,,23.57,,,8.66,13.02,,,,5.22,
2008-06-13,11.06,,23.54,,,8.69,13.04,,,,5.23,
2008-06-14,11.11,,23.53,,,8.7,13.07,,,,5.24,
2008-06-15,11.14,,23.52,,,8.71,13.09,,,,5.25,
2008-06-16,11.16,,23.57,,,8.73,13.11,,,,5.26,
2008-06-17,11.16,,23.61,,,8.73,13.12,,,,5.27,
2008-06-18,11.13,,23.65,,,8.71,13.12,,,,5.27,
2008-06-19,11.12,,23.73,,,8.7,13.13,,,,5.27,
2008-06-20,11.1,,23.83,,,8.68,13.14,,,,5.29,
2008-06-21,11.09,,23.86,,,8.67,13.14,,,,5.3,
2008-06-22,11.09,,23.9,,,8.66,13.15,,,,5.32,
2008-06-23,11.1,,23.96,,,8.67,13.15,,,,5.34,
2008-06-24,11.1,,24.02,,,8.66,13.16,,,,5.35,
2008-06-25,11.11,,24.04,,,8.66,13.17,,,,5.35,
2008-06-26,11.1,,24.1,,,8.66,13.18,,,,5.34,
2008-06-27,11.1,,24.18,,,8.65,13.21,,,,5.34,
2008-06-28,11.1,,24.23,,,8.64,13.23,,,,5.33,
2008-06-29,11.1,,24.27,,,8.62,13.25,,,,5.32,
2008-06-30,11.11,,24.32,,,8.61,13.27,,,,5.31,
2008-07-01,13.16,,29.35,,,10.29,15.48,,,,6.33,
2008-07-02,12.99,,29.5,,,10.25,15.01,,,,6.29,
2008-07-03,12.82,,29.65,,,10.22,14.54,,,,6.25,
2008-07-04,12.65,,29.79,,,10.18,14.07,,,,6.21,
2008-07-05,12.47,,29.93,,,10.15,13.6,,,,6.17,
2008-07-06,10.24,,25.06,,,8.43,10.93,,,,5.11,
2008-07-07,10.23,,25.06,,,8.44,10.93,,,,5.11,
2008-07-08,10.21,,25.07,,,8.42,10.92,,,,5.11,
2008-07-09,10.19,,25.1,,,8.41,10.92,,,,5.09,
2008-07-10,10.18,,25.12,,,8.38,10.92,,,,5.08,
2008-07-11,10.19,,25.14,,,8.38,10.91,,,,5.08,
2008-07-12,10.2,,25.18,,,8.36,10.91,,,,5.07,
2008-07-13,10.23,,25.19,,,8.37,10.91,,,,5.07,
2008-07-14,10.26,,25.2,,,8.37,10.9,,,,5.08,
2008-07-15,10.27,,25.3,,,8.37,10.89,,,,5.08,
2008-07-16,10.29,,25.38,,,8.38,10.9,,,,5.07,
2008-07-17,10.31,,25.44,,,8.4,10.89,,,,5.07,
2008-07-18,10.34,,25.42,,,8.42,10.88,,,,5.08,
2008-07-19,10.36,,25.38,,,8.45,10.88,,,,5.08,
2008-07-20,10.39,,25.27,,,8.49,10.87,,,,5.09,
2008-07-21,10.4,,25.15,,,8.5,10.86,,,,5.1,
2008-07-22,10.39,,25.03,,,8.51,10.87,,,,5.1,
2008-07-23,10.38,,25.0,,,8.5,10.87,,,,5.1,
2008-07-24,10.35,,24.96,,,8.48,10.88,,,,5.11,
2008-07-25,10.34,,24.91,,,8.47,10.88,,,,5.11,
2008-07-26,10.32,,24.88,,,8.47,10.89,,,,5.11,
2008-07-27,10.32,,24.87,,,8.46,10.88,,,,5.12,
2008-07-28,10.3,,24.87,,,8.44,10.88,,,,5.12,
2008-07-29,10.31,,24.87,,,8.45,10.87,,,,5.12,
2008-07-30,10.29,,24.89,,,8.44,10.86,,,,5.12,
2008-07-31,8.23,,19.92,,,6.75,8.69,,,,4.09,
2008-08-01,8.35,,20.04,,,6.75,8.98,,,,4.17,
2008-08-02,8.5,,20.14,,,6.75,9.26,,,,4.26,
2008-08-03,8.63,,20.24,,,6.75,9.55,,,,4.34,
2008-08-04,8.78,,20.38,,,6.76,9.84,,,,4.42,
2008-08-05,10.98,,25.47,,,8.47,12.3,,,,5.53,
2008-08-06,10.99,,25.5,,,8.48,12.29,,,,5.53,
2008-08-07,10.97,,25.54,,,8.49,12.28,,,,5.53,
2008-08-08,10.96,,25.57,,,8.49,12.27,,,,5.53,
2008-08-09,10.95,,25.57,,,8.48,12.28,,,,5.53,
2008-08-10,10.92,,25.6,,,8.47,12.28,,,,5.52,
2008-08-11,10.91,,25.61,,,8.47,12.29,,,,5.52,
2008-08-12,10.91,,25.6,,,8.47,12.29,,,,5.51,
2008-08-13,10.91,,25.59,,,8.48,12.28,,,,5.51,
2008-08-14,10.92,,25.57,,,8.48,12.27,,,,5.5,
2008-08-15,10.91,,25.55,,,8.48,12.26,,,,5.49,
2008-08-16,10.9,,25.51,,,8.46,12.25,,,,5.48,
2008-08-17,10.9,,25.49,,,8.46,12.24,,,,5.47,
2008-08-18,10.89,,25.49,,,8.45,12.23,,,,5.46,
2008-08-19,10.89,,25.48,,,8.44,12.23,,,,5.46,
2008-08-20,10.89,,25.48,,,8.42,12.23,,,,5.46,
2008-08-21,10.9,,25.49,,,8.42,12.23,,,,5.46,
2008-08-22,10.92,,25.53,,,8.41,12.23,,,,5.46,
2008-08-23,10.93,,25.56,,,8.41,12.23,,,,5.46,
2008-08-24,10.95,,25.6,,,8.4,12.22,,,,5.46,
2008-08-25,10.94,,25.61,,,8.4,12.22,,,,5.46,
2008-08-26,10.93,,25.63,,,8.39,12.22,,,,5.46,
2008-08-27,10.91,,25.63,,,8.38,12.22,,,,5.46,
2008-08-28,10.9,,25.62,,,8.37,12.22,,,,5.46,
2008-08-29,10.89,,25.59,,,8.35,12.21,,,,5.46,
2008-08-30,10.9,,25.6,,,8.35,12.21,,,,5.46,
2008-08-31,8.72,,20.47,,,6.68,9.76,,,,4.37,
2008-09-01,6.54,,15.34,,,5.01,7.31,,,,3.28,
2008-09-02,6.5,,15.0,,,5.16,7.43,,,,3.08,
2008-09-03,6.44,,14.65,,,5.3,7.55,,,,2.88,
2008-09-04,6.39,,14.28,,,5.44,7.68,,,,2.68,
2008-09-05,8.52,,19.03,,,7.26,10.25,,,,3.57,
2008-09-06,10.65,,23.77,,,9.07,12.82,,,,4.46,
2008-09-07,10.64,,23.74,,,9.06,12.83,,,,4.45,
2008-09-08,10.64,,23.73,,,9.03,12.84,,,,4.45,
2008-09-09,10.63,,23.73,,,9.0,12.84,,,,4.44,
2008-09-10,10.62,,23.75,,,8.98,12.85,,,,4.44,
2008-09-11,10.63,,23.77,,,8.95,12.86,,,,4.44,
2008-09-12,10.65,,23.79,,,8.93,12.89,,,,4.44,
2008-09-13,10.68,,23.81,,,8.94,12.92,,,,4.44,
2008-09-14,10.71,,23.84,,,8.95,12.95,,,,4.44,
2008-09-15,10.76,,24.02,,,8.94,13.0,,,,4.44,
2008-09-16,10.94,,24.32,,,8.94,13.07,,,,4.45,
2008-09-17,11.22,,24.94,,,8.93,13.19,,,,4.48,
2008-09-18,11.46,,25.17,,,8.94,13.45,,,,4.52,
2008-09-19,11.63,,25.33,,,8.94,13.6,,,,4.56,
2008-09-20,11.78,,25.32,,,8.96,13.71,,,,4.59,
2008-09-21,11.79,,25.18,,,8.96,13.8,,,,4.61,
2008-09-22,11.67,,24.73,,,8.98,13.88,,,,4.61,
2008-09-23,11.6,,24.72,,,8.99,13.76,,,,4.6,
2008-09-24,11.62,,24.73,,,9.0,13.71,,,,4.61,
2008-09-25,11.63,,24.87,,,9.0,13.68,,,,4.61,
2008-09-26,11.7,,25.02,,,9.01,13.65,,,,4.6,
2008-09-27,11.78,,25.17,,,9.02,13.57,,,,4.6,
2008-09-28,11.84,,25.28,,,9.02,13.53,,,,4.6,
2008-09-29,12.14,,25.87,,,9.03,13.6,,,,4.61,
2008-09-30,12.21,,26.15,,,9.04,13.64,,,,4.61,
2008-10-01,14.3,,31.89,,,10.95,16.34,,,,5.8,
2008-10-02,14.04,,32.66,,,11.04,16.31,,,,6.05,
2008-10-03,13.79,,33.45,,,11.12,16.29,,,,6.3,
2008-10-04,13.29,,33.79,,,11.2,16.21,,,,6.54,
2008-10-05,13.03,,34.32,,,11.29,16.13,,,,6.79,
2008-10-06,10.71,,29.59,,,9.48,13.44,,,,5.86,
2008-10-07,10.7,,29.94,,,9.48,13.54,,,,5.91,
2008-10-08,10.7,,30.54,,,9.49,13.73,,,,5.98,
2008-10-09,10.76,,31.29,,,9.51,13.94,,,,6.08,
2008-10-10,10.95,,32.51,,,9.55,14.3,,,,6.2,
2008-10-11,11.11,,33.52,,,9.58,14.62,,,,6.31,
2008-10-12,11.31,,34.41,,,9.62,14.89,,,,6.39,
2008-10-13,11.38,,34.27,,,9.67,15.02,,,,6.43,
2008-10-14,11.42,,33.92,,,9.68,15.13,,,,6.42,
2008-10-15,11.33,,33.39,,,9.7,15.11,,,,6.42,
2008-10-16,11.22,,33.12,,,9.68,15.22,,,,6.42,
2008-10-17,11.13,,32.93,,,9.66,15.35,,,,6.41,
2008-10-18,11.16,,33.52,,,9.62,15.52,,,,6.4,
2008-10-19,11.16,,34.15,,,9.61,15.68,,,,6.43,
2008-10-20,11.09,,34.35,,,9.56,15.86,,,,6.37,
2008-10-21,11.02,,34.34,,,9.53,15.87,,,,6.31,
2008-10-22,10.96,,34.3,,,9.51,16.03,,,,6.24,
2008-10-23,10.88,,34.15,,,9.49,16.37,,,,6.16,
2008-10-24,10.8,,34.17,,,9.5,16.81,,,,6.07,
2008-10-25,10.78,,34.32,,,9.52,17.21,,,,6.02,
2008-10-26,10.78,,34.44,,,9.55,17.66,,,,5.98,
2008-10-27,10.77,,34.87,,,9.59,17.94,,,,5.96,
2008-10-28,10.79,,35.33,,,9.63,18.18,,,,5.97,
2008-10-29,10.79,,35.31,,,9.65,18.29,,,,5.98,
2008-10-30,10.79,,35.1,,,9.68,18.18,,,,5.99,
2008-10-31,8.64,,28.16,,,7.76,14.57,,,,4.8,
2008-11-01,6.48,,20.86,,,5.83,10.96,,,,3.61,
2008-11-02,4.3,,13.63,,,3.89,7.21,,,,2.41,
2008-11-03,4.47,,13.39,,,3.21,6.75,,,,2.47,
2008-11-04,4.6,,13.26,,,2.5,6.39,,,,2.51,
2008-11-05,6.85,,19.91,,,3.73,9.45,,,,3.77,
2008-11-06,9.09,,26.56,,,4.97,12.52,,,,5.03,
2008-11-07,11.34,,33.14,,,6.2,15.76,,,,6.29,
2008-11-08,11.28,,33.05,,,6.18,15.73,,,,6.28,
2008-11-09,11.23,,33.04,,,6.18,15.83,,,,6.28,
2008-11-10,11.23,,32.97,,,6.18,15.91,,,,6.26,
2008-11-11,11.24,,32.91,,,6.19,15.97,,,0.0,6.24,
2008-11-12,11.23,,33.02,,,6.19,15.89,,,0.0,6.23,
2008-11-13,11.24,,33.16,,,6.19,15.83,,,0.0,6.22,
2008-11-14,11.25,,33.38,,,6.19,15.73,,,0.0,6.21,
2008-11-15,11.26,,33.61,,,6.2,15.75,,,0.0,6.2,
2008-11-16,11.28,,33.82,,,6.2,15.75,,,0.0,6.2,
2008-11-17,11.27,,34.05,,,6.2,15.79,,,0.0,6.18,
2008-11-18,11.26,,34.38,,,6.2,15.9,,,0.0,6.17,
2008-11-19,11.23,,34.89,,,6.19,16.06,,,0.0,6.17,
2008-11-20,11.24,,35.65,,,6.18,16.35,,,0.0,6.18,
2008-11-21,11.21,,36.33,,,6.17,16.57,,,0.0,6.2,
2008-11-22,11.21,,36.9,,,6.16,16.75,,,0.0,6.21,
2008-11-23,11.2,,37.33,,,6.15,16.84,,,0.0,6.24,
2008-11-24,11.21,,37.47,,,6.14,16.8,,,0.0,6.26,
2008-11-25,11.18,,37.29,,,6.13,16.52,,,0.0,6.28,
2008-11-26,11.19,,37.01,,,6.11,16.26,,,0.0,6.29,
2008-11-27,11.2,,36.73,,,6.1,16.0,,,0.0,6.3,
2008-11-28,11.22,,36.48,,,6.09,15.75,,,0.0,6.32,
2008-11-29,11.23,,36.26,,,6.08,15.61,,,0.0,6.32,
2008-11-30,11.25,,36.12,,,6.08,15.59,,,0.0,6.33,
2008-12-01,13.52,,43.78,,,7.3,19.34,,,0.48,7.59,
2008-12-02,15.77,,51.27,,,8.53,22.99,,,0.97,8.89,
2008-12-03,15.79,,51.43,,,8.55,23.29,,,1.45,8.89,
2008-12-04,15.8,,51.63,,,8.56,23.6,,,1.93,8.88,
2008-12-05,15.83,,51.83,,,8.57,23.91,,,2.42,8.87,
2008-12-06,13.6,,44.4,,,7.36,20.48,,,2.42,7.6,
2008-12-07,11.39,,37.13,,,6.15,17.16,,,2.42,6.29,
2008-12-08,11.38,,37.08,,,6.14,17.23,,,2.42,6.3,
2008-12-09,11.36,,37.05,,,6.14,17.29,,,2.42,6.3,
2008-12-10,11.32,,37.03,,,6.13,17.36,,,2.41,6.3,
2008-12-11,11.26,,37.06,,,6.12,17.43,,,2.41,6.31,
2008-12-12,11.2,,36.99,,,6.11,17.54,,,2.4,6.32,
2008-12-13,11.16,,37.01,,,6.1,17.59,,,2.39,6.32,
2008-12-14,11.14,,36.97,,,6.1,17.65,,,2.39,6.33,
2008-12-15,11.12,,36.96,,,6.1,17.61,,,2.38,6.33,
2008-12-16,11.06,,36.77,,,6.09,17.56,,,2.38,6.32,
2008-12-17,10.99,,36.49,,,6.09,17.41,,,2.37,6.31,
2008-12-18,10.86,,35.82,,,6.09,17.13,,,2.36,6.28,
2008-12-19,10.76,,35.2,,,6.08,16.81,,,2.36,6.24,
2008-12-20,10.67,,34.54,,,6.07,16.55,,,2.36,6.2,
2008-12-21,10.62,,34.02,,,6.07,16.33,,,2.36,6.16,
2008-12-22,10.57,,33.41,,,6.07,16.14,,,2.36,6.14,
2008-12-23,10.57,,33.11,,,6.08,16.06,,,2.36,6.12,
2008-12-24,10.53,,32.86,,,6.08,16.02,,,2.36,6.11,
2008-12-25,10.5,,32.6,,,6.09,15.97,,,2.36,6.1,
2008-12-26,10.46,,32.23,,,6.09,15.83,,,2.36,6.09,
2008-12-27,10.44,,32.12,,,6.09,15.69,,,2.36,6.08,
2008-12-28,10.43,,32.1,,,6.08,15.58,,,2.36,6.07,
2008-12-29,12.36,,36.69,,,7.09,17.67,,,3.16,7.62,
2008-12-30,14.26,,41.24,,,8.11,19.77,,,3.98,9.16,
2008-12-31,14.09,,39.57,,,7.91,18.85,,,4.31,9.5,
2009-01-01,13.93,,37.91,,,7.71,17.92,,,4.65,9.83,
2009-01-02,13.78,,36.26,,,7.51,16.95,,,4.99,10.17,
2009-01-03,11.7,,29.9,,,6.3,13.8,,,4.53,8.95,
2009-01-04,9.66,,23.57,,,5.08,10.63,,,4.06,7.74,
2009-01-05,9.67,,23.37,,,5.08,10.6,,,4.06,7.73,
2009-01-06,9.67,,23.13,,,5.07,10.8,,,4.07,7.73,
2009-01-07,9.67,,22.96,,,5.06,10.99,,,4.07,7.72,
2009-01-08,9.65,,22.85,,,5.04,11.17,,,4.06,7.7,
2009-01-09,9.62,,22.68,,,5.03,11.31,,,4.06,7.67,
2009-01-10,9.59,,22.72,,,5.02,11.44,,,4.05,7.65,
2009-01-11,9.57,,22.81,,,5.02,11.33,,,4.04,7.63,
2009-01-12,9.54,,22.91,,,5.02,11.37,,,4.03,7.6,
2009-01-13,9.53,,22.96,,,5.03,11.4,,,4.03,7.59,
2009-01-14,9.56,,23.14,,,5.03,11.42,,,4.02,7.59,
2009-01-15,9.58,,23.34,,,5.03,11.46,,,4.03,7.59,
2009-01-16,9.59,,23.49,,,5.04,11.55,,,4.03,7.6,
2009-01-17,9.6,,23.55,,,5.04,11.55,,,4.03,7.62,
2009-01-18,9.61,,23.59,,,5.05,11.58,,,4.04,7.63,
2009-01-19,9.6,,23.57,,,5.05,11.65,,,4.05,7.64,
2009-01-20,9.63,,23.62,,,5.05,11.77,,,4.05,7.65,
2009-01-21,9.67,,23.7,,,5.06,11.87,,,4.05,7.68,
2009-01-22,9.72,,23.79,,,5.06,11.94,,,4.05,7.72,
2009-01-23,9.78,,23.97,,,5.07,11.99,,,4.05,7.77,
2009-01-24,9.83,,24.14,,,5.07,12.03,,,4.05,7.83,
2009-01-25,9.87,,24.23,,,5.07,12.01,,,4.06,7.87,
2009-01-26,9.9,,24.31,,,5.07,11.96,,,4.05,7.9,
2009-01-27,9.9,,24.33,,,5.08,11.91,,,4.05,7.89,
2009-01-28,7.92,,19.45,,,4.06,9.52,,,3.24,6.31,
2009-01-29,5.94,,14.57,,,3.04,7.14,,,2.43,4.73,
2009-01-30,3.96,,9.69,,,2.03,4.75,,,1.62,3.15,
2009-01-31,1.96,,4.82,,,1.01,2.36,,,0.81,1.56,
2009-02-01,0.0,,0.0,,,0.0,0.0,,,0.0,0.0,
2009-02-02,2.29,,6.98,,,1.1,3.18,,,0.71,1.21,
2009-02-03,4.58,,13.95,,,2.19,6.31,,,1.42,2.41,
2009-02-04,6.87,,20.92,,,3.29,9.5,,,2.14,3.61,
2009-02-05,9.18,,27.95,,,4.39,12.74,,,2.85,4.81,0.0
2009-02-06,11.48,,34.85,,,5.48,15.96,,,3.57,6.01,0.0
2009-02-07,11.5,,34.76,,,5.48,16.0,,,3.58,5.99,0.0
2009-02-08,11.5,,34.68,,,5.48,16.09,,,3.57,5.98,0.0
2009-02-09,11.5,,34.55,,,5.48,16.1,,,3.57,5.97,0.0
2009-02-10,11.47,,34.4,,,5.48,16.01,,,3.57,5.97,0.0
2009-02-11,11.45,,34.41,,,5.48,15.96,,,3.56,5.96,0.0
2009-02-12,11.43,,34.44,,,5.47,15.97,,,3.55,5.96,0.0
2009-02-13,11.42,,34.44,,,5.46,15.98,,,3.55,5.95,0.0
2009-02-14,11.42,,34.5,,,5.45,16.01,,,3.55,5.94,0.0
2009-02-15,11.42,,34.51,,,5.45,16.1,,,3.55,5.93,0.0
2009-02-16,11.44,,34.5,,,5.45,16.16,,,3.55,5.93,0.0
2009-02-17,11.44,,34.66,,,5.45,16.21,,,3.55,5.93,0.0
2009-02-18,11.44,,34.88,,,5.45,16.23,,,3.55,5.93,0.0
2009-02-19,11.46,,35.07,,,5.45,16.27,,,3.55,5.94,0.0
2009-02-20,11.49,,35.36,,,5.45,16.35,,,3.55,5.95,0.0
2009-02-21,11.52,,35.65,,,5.45,16.42,,,3.54,5.96,0.0
2009-02-22,11.56,,35.76,,,5.46,16.45,,,3.55,5.97,0.0
2009-02-23,11.59,,36.02,,,5.46,16.46,,,3.55,5.98,0.0
2009-02-24,11.62,,36.21,,,5.46,16.39,,,3.54,5.98,0.0
2009-02-25,11.67,,36.32,,,5.46,16.33,,,3.55,5.98,0.0
2009-02-26,11.73,,36.59,,,5.46,16.28,,,3.55,5.99,0.0
2009-02-27,11.81,,36.97,,,5.46,16.23,,,3.55,6.0,0.0
2009-02-28,11.88,,37.16,,,5.46,16.23,,,3.56,6.0,0.0
2009-03-01,11.95,,37.46,,,5.46,16.3,,,3.56,6.01,0.0
2009-03-02,14.34,,45.26,,,6.46,19.63,,,4.08,7.23,4.05
2009-03-03,16.73,,52.85,,,7.46,23.0,,,4.61,8.46,8.1
2009-03-04,16.7,,52.64,,,7.38,23.1,,,4.43,8.48,12.18
2009-03-05,16.68,,52.79,,,7.29,23.22,,,4.24,8.5,16.29
2009-03-06,16.65,,52.97,,,7.2,23.38,,,4.06,8.52,20.39
2009-03-07,14.26,,45.62,,,6.11,20.21,,,3.35,7.33,20.45
2009-03-08,11.85,,38.33,,,5.02,17.0,,,2.64,6.13,20.5
2009-03-09,11.92,,38.77,,,5.02,17.06,,,2.64,6.13,20.51
2009-03-10,11.95,,38.49,,,5.02,17.09,,,2.64,6.13,20.51
2009-03-11,11.98,,38.05,,,5.02,16.98,,,2.64,6.14,20.52
2009-03-12,12.01,,37.49,,,5.01,16.83,,,2.64,6.14,20.52
2009-03-13,12.03,,36.92,,,5.01,16.65,,,2.64,6.14,20.52
2009-03-14,11.97,,36.3,,,5.01,16.46,,,2.64,6.14,20.53
2009-03-15,11.95,,36.05,,,5.0,16.28,,,2.64,6.15,20.52
2009-03-16,11.93,,35.87,,,5.0,16.17,,,2.65,6.15,20.49
2009-03-17,11.91,,35.85,,,5.0,16.09,,,2.65,6.16,20.49
2009-03-18,11.86,,35.69,,,5.0,16.0,,,2.65,6.16,20.45
2009-03-19,11.81,,35.59,,,4.99,15.87,,,2.64,6.15,20.39
2009-03-20,11.78,,35.51,,,4.98,15.75,,,2.64,6.14,20.33
2009-03-21,11.76,,35.46,,,4.98,15.67,,,2.64,6.12,20.3
2009-03-22,11.73,,35.38,,,4.97,15.59,,,2.63,6.1,20.25
2009-03-23,11.74,,35.31,,,4.97,15.57,,,2.63,6.08,20.23
2009-03-24,11.78,,35.17,,,4.97,15.56,,,2.64,6.08,20.22
2009-03-25,11.81,,34.97,,,4.97,15.56,,,2.64,6.08,20.19
2009-03-26,11.82,,34.67,,,4.97,15.58,,,2.64,6.08,20.14
2009-03-27,11.83,,34.45,,,4.98,15.57,,,2.64,6.08,20.1
2009-03-28,11.85,,34.36,,,4.97,15.57,,,2.65,6.08,20.06
2009-03-29,11.84,,34.29,,,4.97,15.58,,,2.64,6.09,20.04
2009-03-30,11.82,,34.59,,,4.97,15.61,,,2.64,6.09,20.04
2009-03-31,11.79,,34.88,,,4.97,15.61,,,2.64,6.09,20.07
2009-04-01,11.96,,35.96,,,4.96,15.83,,,2.63,6.14,19.6
2009-04-02,12.13,,36.75,,,4.95,16.0,,,2.62,6.19,19.14
2009-04-03,12.31,,37.43,,,4.94,16.17,,,2.61,6.23,18.7
2009-04-04,12.49,,37.78,,,4.94,16.3,,,2.6,6.28,18.24
2009-04-05,12.69,,38.24,,,4.93,16.46,,,2.59,6.34,17.77
2009-04-06,12.7,,37.88,,,4.93,16.35,,,2.6,6.34,17.79
2009-04-07,12.72,,37.89,,,4.93,16.3,,,2.59,6.33,17.8
2009-04-08,12.7,,37.91,,,4.92,16.21,,,2.59,6.33,17.82
2009-04-09,12.66,,37.73,,,4.92,16.15,,,2.59,6.33,17.84
2009-04-10,12.62,,37.54,,,4.92,16.08,,,2.58,6.32,17.85
2009-04-11,12.58,,37.33,,,4.91,16.08,,,2.59,6.32,17.87
2009-04-12,12.53,,37.03,,,4.91,16.08,,,2.59,6.31,17.89
2009-04-13,12.49,,36.83,,,4.91,16.03,,,2.59,6.32,17.89
2009-04-14,12.46,,36.87,,,4.91,16.0,,,2.58,6.32,17.9
2009-04-15,12.41,,36.85,,,4.91,15.91,,,2.58,6.31,17.91
2009-04-16,12.35,,36.72,,,4.91,15.84,,,2.58,6.3,17.89
2009-04-17,12.3,,36.43,,,4.91,15.76,,,2.58,6.27,17.87
2009-04-18,12.26,,36.14,,,4.91,15.74,,,2.58,6.24,17.84
2009-04-19,12.24,,35.8,,,4.91,15.69,,,2.59,6.22,17.81
2009-04-20,12.24,,35.8,,,4.92,15.73,,,2.59,6.19,17.76
2009-04-21,12.25,,35.83,,,4.92,15.75,,,2.59,6.18,17.73
2009-04-22,12.27,,35.99,,,4.92,15.78,,,2.59,6.18,17.69
2009-04-23,12.28,,36.15,,,4.92,15.84,,,2.59,6.18,17.64
2009-04-24,12.29,,36.2,,,4.92,15.87,,,2.59,6.18,17.59
2009-04-25,12.28,,35.98,,,4.92,15.87,,,2.59,6.18,17.54
2009-04-26,12.29,,35.84,,,4.92,15.87,,,2.59,6.18,17.52
2009-04-27,12.29,,35.79,,,4.92,15.91,,,2.59,6.18,17.51
2009-04-28,12.29,,35.72,,,4.92,15.89,,,2.58,6.19,17.52
2009-04-29,12.29,,35.63,,,4.91,15.89,,,2.58,6.19,17.53
2009-04-30,12.29,,35.49,,,4.91,15.82,,,2.58,6.19,17.53
2009-05-01,12.05,,33.49,,,4.84,16.08,,,2.55,6.13,17.65
2009-05-02,11.8,,31.44,,,4.77,16.31,,,2.52,6.06,17.77
2009-05-03,11.54,,29.4,,,4.7,16.58,,,2.48,5.99,17.88
2009-05-04,11.29,,27.5,,,4.63,16.83,,,2.45,5.93,18.0
2009-05-05,11.03,,25.62,,,4.56,17.1,,,2.41,5.87,18.12
2009-05-06,11.01,,25.54,,,4.55,17.01,,,2.41,5.87,18.13
2009-05-07,11.01,,25.55,,,4.56,16.89,,,2.41,5.87,18.1
2009-05-08,10.99,,25.47,,,4.56,16.76,,,2.41,5.88,18.06
2009-05-09,10.98,,25.38,,,4.56,16.63,,,2.41,5.88,18.01
2009-05-10,10.98,,25.33,,,4.56,16.56,,,2.41,5.88,17.96
2009-05-11,10.98,,25.36,,,4.56,16.53,,,2.41,5.87,17.88
2009-05-12,10.95,,25.27,,,4.55,16.54,,,2.41,5.87,17.84
2009-05-13,10.94,,25.34,,,4.55,16.58,,,2.41,5.87,17.8
2009-05-14,10.93,,25.47,,,4.54,16.64,,,2.4,5.86,17.76
2009-05-15,10.92,,25.67,,,4.54,16.71,,,2.4,5.86,17.69
2009-05-16,10.91,,25.85,,,4.54,16.78,,,2.41,5.85,17.64
2009-05-17,10.91,,26.05,,,4.54,16.82,,,2.41,5.85,17.6
2009-05-18,10.91,,26.06,,,4.54,16.83,,,2.41,5.85,17.54
2009-05-19,10.9,,25.99,,,4.54,16.82,,,2.41,5.84,17.46
2009-05-20,10.89,,25.78,,,4.54,16.81,,,2.41,5.84,17.37
2009-05-21,10.89,,25.63,,,4.54,16.76,,,2.41,5.83,17.29
2009-05-22,10.9,,25.4,,,4.54,16.73,,,2.42,5.82,17.19
2009-05-23,10.9,,25.29,,,4.54,16.7,,,2.42,5.82,17.13
2009-05-24,10.91,,25.21,,,4.54,16.69,,,2.42,5.81,17.09
2009-05-25,10.94,,25.21,,,4.54,16.67,,,2.42,5.82,17.09
2009-05-26,10.94,,25.15,,,4.54,16.68,,,2.42,5.82,17.07
2009-05-27,10.96,,25.16,,,4.55,16.67,,,2.43,5.83,17.05
2009-05-28,10.97,,25.14,,,4.56,16.65,,,2.43,5.84,17.04
2009-05-29,10.94,,25.09,,,4.57,16.66,,,2.42,5.85,17.02
2009-05-30,10.92,,25.04,,,4.57,16.67,,,2.42,5.86,16.99
2009-05-31,8.73,,20.0,,,3.66,13.34,,,1.94,4.7,13.58
2009-06-01,8.78,,20.85,,,3.71,12.83,,,1.98,4.69,13.6
2009-06-02,8.83,,21.74,,,3.75,12.3,,,2.03,4.69,13.62
2009-06-03,8.89,,22.69,,,3.8,11.75,,,2.07,4.69,13.65
2009-06-04,8.97,,23.63,,,3.85,11.2,,,2.11,4.68,13.67
2009-06-05,11.22,,29.53,,,4.82,14.0,,,2.64,5.85,17.07
2009-06-06,11.21,,29.54,,,4.82,13.98,,,2.64,5.85,17.06
2009-06-07,11.22,,29.54,,,4.82,13.99,,,2.64,5.84,17.04
2009-06-08,11.25,,29.49,,,4.83,14.01,,,2.65,5.84,17.02
2009-06-09,11.25,,29.45,,,4.84,14.04,,,2.65,5.85,17.03
2009-06-10,11.25,,29.42,,,4.85,14.1,,,2.65,5.87,17.07
2009-06-11,11.23,,29.38,,,4.85,14.14,,,2.65,5.89,17.11
2009-06-12,11.2,,29.31,,,4.85,14.15,,,2.65,5.9,17.16
2009-06-13,11.17,,29.24,,,4.85,14.14,,,2.65,5.92,17.2
2009-06-14,11.15,,29.19,,,4.85,14.14,,,2.65,5.93,17.23
2009-06-15,11.12,,29.24,,,4.84,14.11,,,2.65,5.92,17.26
2009-06-16,11.11,,29.35,,,4.83,14.12,,,2.64,5.92,17.29
2009-06-17,11.11,,29.53,,,4.82,14.12,,,2.64,5.91,17.31
2009-06-18,11.13,,29.65,,,4.82,14.13,,,2.64,5.91,17.35
2009-06-19,11.14,,29.77,,,4.82,14.17,,,2.64,5.91,17.42
2009-06-20,11.15,,29.8,,,4.82,14.19,,,2.64,5.91,17.47
2009-06-21,11.16,,29.77,,,4.82,14.19,,,2.64,5.91,17.52
2009-06-22,11.17,,29.79,,,4.82,14.25,,,2.64,5.91,17.58
2009-06-23,11.12,,29.85,,,4.82,14.33,,,2.64,5.91,17.61
2009-06-24,11.1,,29.89,,,4.82,14.37,,,2.64,5.91,17.61
2009-06-25,11.06,,29.88,,,4.81,14.4,,,2.63,5.91,17.6
2009-06-26,11.02,,29.87,,,4.8,14.4,,,2.63,5.9,17.58
2009-06-27,10.99,,29.77,,,4.79,14.37,,,2.62,5.9,17.56
2009-06-28,10.97,,29.69,,,4.79,14.31,,,2.62,5.9,17.54
2009-06-29,10.96,,29.56,,,4.78,14.25,,,2.62,5.89,17.52
2009-06-30,10.96,,29.46,,,4.79,14.18,,,2.62,5.89,17.49
2009-07-01,10.77,,29.42,,,5.08,14.03,,,2.57,5.8,17.3
2009-07-02,10.58,,29.5,,,5.37,13.89,,,2.51,5.72,17.12
2009-07-03,10.4,,29.57,,,5.67,13.74,,,2.46,5.63,16.95
2009-07-04,10.21,,29.71,,,5.96,13.61,,,2.4,5.55,16.77
2009-07-05,10.02,,29.88,,,6.25,13.48,,,2.35,5.46,16.61
2009-07-06,10.01,,30.08,,,6.25,13.49,,,2.34,5.47,16.62
2009-07-07,10.01,,30.25,,,6.25,13.51,,,2.34,5.46,16.63
2009-07-08,10.0,,30.39,,,6.24,13.54,,,2.34,5.46,16.65
2009-07-09,9.98,,30.45,,,6.23,13.59,,,2.34,5.45,16.67
2009-07-10,9.96,,30.55,,,6.22,13.6,,,2.34,5.44,16.68
2009-07-11,9.94,,30.56,,,6.22,13.61,,,2.33,5.43,16.7
2009-07-12,9.91,,30.48,,,6.21,13.6,,,2.33,5.42,16.7
2009-07-13,9.91,,30.42,,,6.21,13.58,,,2.33,5.41,16.69
2009-07-14,9.9,,30.43,,,6.21,13.54,,,2.33,5.41,16.68
2009-07-15,9.93,,30.27,,,6.22,13.54,,,2.34,5.4,16.68
2009-07-16,9.94,,30.08,,,6.23,13.51,,,2.34,5.4,16.67
2009-07-17,9.95,,29.89,,,6.23,13.49,,,2.35,5.4,16.67
2009-07-18,9.97,,29.71,,,6.24,13.46,,,2.36,5.4,16.67
2009-07-19,9.98,,29.56,,,6.24,13.44,,,2.36,5.4,16.68
2009-07-20,9.96,,29.45,,,6.23,13.41,,,2.36,5.4,16.67
2009-07-21,9.93,,29.34,,,6.23,13.38,,,2.36,5.4,16.66
2009-07-22,9.9,,29.22,,,6.22,13.34,,,2.35,5.4,16.65
2009-07-23,9.88,,29.05,,,6.22,13.31,,,2.35,5.4,16.62
2009-07-24,9.84,,28.84,,,6.22,13.27,,,2.35,5.4,16.59
2009-07-25,9.82,,28.71,,,6.22,13.24,,,2.35,5.4,16.57
2009-07-26,9.82,,28.61,,,6.23,13.22,,,2.35,5.4,16.55
2009-07-27,9.82,,28.51,,,6.23,13.19,,,2.35,5.4,16.53
2009-07-28,9.82,,28.46,,,6.23,13.16,,,2.35,5.4,16.53
2009-07-29,9.8,,28.42,,,6.23,13.16,,,2.35,5.4,16.52
2009-07-30,9.78,,28.34,,,6.23,13.16,,,2.35,5.39,16.52
2009-07-31,7.81,,22.64,,,4.98,10.52,,,1.88,4.31,13.21
2009-08-01,5.84,,16.96,,,3.74,7.89,,,1.41,3.23,9.9
2009-08-02,3.88,,11.28,,,2.49,5.27,,,0.94,2.15,6.6
2009-08-03,4.07,,11.01,,,2.4,5.1,,,1.03,2.25,6.7
2009-08-04,4.28,,10.8,,,2.31,4.95,,,1.12,2.34,6.78
2009-08-05,6.42,,16.22,,,3.47,7.4,,,1.68,3.5,10.18
2009-08-06,8.57,,21.68,,,4.63,9.84,,,2.24,4.67,13.57
2009-08-07,10.72,,27.11,,,5.79,12.28,,,2.8,5.83,16.96
2009-08-08,10.74,,27.15,,,5.79,12.26,,,2.8,5.83,16.96
2009-08-09,10.75,,27.17,,,5.8,12.23,,,2.8,5.82,16.96
2009-08-10,10.74,,27.15,,,5.8,12.23,,,2.8,5.82,16.96
2009-08-11,10.73,,27.1,,,5.79,12.23,,,2.8,5.83,16.98
2009-08-12,10.73,,27.1,,,5.78,12.25,,,2.8,5.83,16.98
2009-08-13,10.71,,27.17,,,5.77,12.27,,,2.79,5.83,16.98
2009-08-14,10.69,,27.27,,,5.76,12.28,,,2.79,5.83,16.98
2009-08-15,10.68,,27.4,,,5.75,12.28,,,2.79,5.83,16.99
2009-08-16,10.68,,27.51,,,5.75,12.28,,,2.78,5.82,16.97
2009-08-17,10.65,,27.74,,,5.74,12.28,,,2.78,5.82,16.96
2009-08-18,10.65,,27.81,,,5.74,12.29,,,2.78,5.81,16.94
2009-08-19,10.65,,27.83,,,5.74,12.29,,,2.78,5.8,16.9
2009-08-20,10.63,,27.87,,,5.74,12.3,,,2.78,5.8,16.87
2009-08-21,10.63,,27.83,,,5.74,12.3,,,2.78,5.79,16.82
2009-08-22,10.63,,27.66,,,5.74,12.27,,,2.79,5.79,16.77
2009-08-23,10.62,,27.58,,,5.74,12.24,,,2.79,5.79,16.74
2009-08-24,10.61,,27.55,,,5.74,12.24,,,2.79,5.79,16.72
2009-08-25,10.6,,27.5,,,5.74,12.22,,,2.79,5.79,16.69
2009-08-26,10.58,,27.51,,,5.74,12.22,,,2.79,5.79,16.67
2009-08-27,10.56,,27.54,,,5.73,12.21,,,2.78,5.79,16.63
2009-08-28,10.53,,27.55,,,5.73,12.21,,,2.78,5.78,16.57
2009-08-29,10.51,,27.53,,,5.72,12.19,,,2.78,5.76,16.51
2009-08-30,10.49,,27.51,,,5.72,12.19,,,2.78,5.75,16.47
2009-08-31,10.48,,27.51,,,5.72,12.19,,,2.77,5.74,16.42
2009-09-01,12.58,,33.04,,,7.05,14.85,,,3.33,6.88,19.67
2009-09-02,12.58,,33.07,,,7.23,15.1,,,3.33,6.88,19.65
2009-09-03,12.58,,33.07,,,7.41,15.32,,,3.33,6.86,19.6
2009-09-04,12.58,,33.03,,,7.6,15.55,,,3.34,6.85,19.53
2009-09-05,12.59,,32.98,,,7.79,15.78,,,3.34,6.84,19.47
2009-09-06,10.48,,27.39,,,6.64,13.34,,,2.8,5.68,16.13
2009-09-07,10.47,,27.31,,,6.64,13.33,,,2.8,5.68,16.08
2009-09-08,10.48,,27.19,,,6.64,13.32,,,2.8,5.68,16.06
2009-09-09,10.48,,27.17,,,6.64,13.27,,,2.8,5.68,16.05
2009-09-10,10.48,,27.06,,,6.64,13.23,,,2.8,5.68,16.02
2009-09-11,10.45,,26.9,,,6.63,13.18,,,2.79,5.67,15.97
2009-09-12,10.42,,26.74,,,6.63,13.14,,,2.79,5.66,15.92
2009-09-13,10.39,,26.66,,,6.63,13.11,,,2.79,5.66,15.86
2009-09-14,10.37,,26.52,,,6.62,13.09,,,2.79,5.65,15.78
2009-09-15,10.36,,26.43,,,6.63,13.05,,,2.79,5.64,15.75
2009-09-16,10.37,,26.32,,,6.63,13.0,,,2.79,5.64,15.7
2009-09-17,10.36,,26.2,,,6.63,12.93,,,2.79,5.63,15.64
2009-09-18,10.37,,26.09,,,6.62,12.86,,,2.8,5.63,15.57
2009-09-19,10.37,,25.99,,,6.62,12.81,,,2.8,5.62,15.55
2009-09-20,10.36,,25.93,,,6.62,12.78,,,2.8,5.61,15.49
2009-09-21,10.36,,25.93,,,6.62,12.76,,,2.8,5.61,15.43
2009-09-22,10.37,,25.95,,,6.62,12.77,,,2.8,5.6,15.39
2009-09-23,10.36,,25.94,,,6.62,12.78,,,2.8,5.59,15.33
2009-09-24,10.34,,25.92,,,6.61,12.8,,,2.8,5.59,15.24
2009-09-25,10.32,,25.91,,,6.61,12.81,,,2.79,5.59,15.16
2009-09-26,10.3,,25.91,,,6.61,12.82,,,2.79,5.58,15.12
2009-09-27,10.29,,25.9,,,6.6,12.82,,,2.79,5.58,15.07
2009-09-28,10.27,,25.87,,,6.6,12.82,,,2.79,5.58,15.03
2009-09-29,10.27,,25.85,,,6.59,12.81,,,2.78,5.57,15.01
2009-09-30,10.27,,25.82,,,6.59,12.79,,,2.78,5.57,14.97
2009-10-01,10.21,,25.94,,,6.57,12.56,,,2.79,5.56,14.82
2009-10-02,10.15,,26.05,,,6.55,12.34,,,2.8,5.56,14.65
2009-10-03,10.1,,26.21,,,6.53,12.12,,,2.82,5.56,14.48
2009-10-04,10.05,,26.37,,,6.51,11.89,,,2.83,5.56,14.33
2009-10-05,9.98,,26.45,,,6.49,11.68,,,2.84,5.55,14.18
2009-10-06,9.98,,26.4,,,6.49,11.65,,,2.84,5.55,14.17
2009-10-07,9.97,,26.31,,,6.48,11.62,,,2.84,5.55,14.22
2009-10-08,9.96,,26.18,,,6.48,11.59,,,2.84,5.55,14.28
2009-10-09,9.97,,26.04,,,6.48,11.55,,,2.84,5.56,14.37
2009-10-10,9.99,,25.97,,,6.48,11.52,,,2.84,5.59,14.49
2009-10-11,10.0,,25.87,,,6.48,11.51,,,2.84,5.61,14.57
2009-10-12,10.03,,25.82,,,6.48,11.5,,,2.85,5.63,14.59
2009-10-13,10.03,,25.8,,,6.48,11.5,,,2.85,5.64,14.62
2009-10-14,10.03,,25.79,,,6.48,11.49,,,2.85,5.65,14.65
2009-10-15,10.03,,25.77,,,6.48,11.49,,,2.85,5.65,14.7
2009-10-16,10.03,,25.75,,,6.48,11.5,,,2.85,5.66,14.74
2009-10-17,10.03,,25.74,,,6.48,11.51,,,2.85,5.66,14.81
2009-10-18,10.04,,25.72,,,6.48,11.52,,,2.85,5.66,14.86
2009-10-19,10.03,,25.72,,,6.48,11.52,,,2.85,5.66,14.79
2009-10-20,10.01,,25.71,,,6.48,11.52,,,2.85,5.66,14.71
2009-10-21,9.99,,25.69,,,6.48,11.52,,,2.85,5.65,14.64
2009-10-22,9.96,,25.63,,,6.49,11.53,,,2.84,5.65,14.58
2009-10-23,9.95,,25.58,,,6.49,11.54,,,2.84,5.65,14.51
2009-10-24,9.94,,25.53,,,6.49,11.55,,,2.85,5.64,14.51
2009-10-25,9.95,,25.49,,,6.49,11.57,,,2.85,5.64,14.51
2009-10-26,9.96,,25.46,,,6.49,11.6,,,2.85,5.64,14.51
2009-10-27,9.96,,25.51,,,6.49,11.62,,,2.85,5.64,14.51
2009-10-28,9.97,,25.63,,,6.48,11.66,,,2.85,5.64,14.52
2009-10-29,9.97,,25.68,,,6.48,11.7,,,2.85,5.65,14.53
2009-10-30,9.95,,25.78,,,6.48,11.73,,,2.84,5.65,14.54
2009-10-31,7.95,,20.69,,,5.18,9.4,,,2.27,4.52,11.64
2009-11-01,5.97,,15.56,,,3.88,7.06,,,1.7,3.4,8.73
2009-11-02,6.0,,15.48,,,3.92,7.03,,,1.88,3.4,8.77
2009-11-03,6.05,,15.46,,,3.95,7.01,,,2.05,3.41,8.8
2009-11-04,6.1,,15.39,,,3.99,6.99,,,2.22,3.41,8.83
2009-11-05,8.13,,20.5,,,5.31,9.31,,,2.96,4.55,11.8
2009-11-06,10.16,,25.61,,,6.64,11.63,,,3.69,5.69,14.74
2009-11-07,10.15,,25.58,,,6.64,11.62,,,3.69,5.69,14.73
2009-11-08,10.14,,25.57,,,6.63,11.6,,,3.69,5.7,14.73
2009-11-09,10.13,,25.54,,,6.63,11.58,,,3.69,5.7,14.72
2009-11-10,10.12,,25.52,,,6.63,11.56,,,3.69,5.7,14.69
2009-11-11,10.12,,25.49,,,6.62,11.53,,,3.69,5.7,14.69
2009-11-12,10.11,,25.47,,,6.61,11.51,,,3.69,5.7,14.69
2009-11-13,10.1,,25.45,,,6.61,11.49,,,3.68,5.7,14.71
2009-11-14,10.08,,25.45,,,6.6,11.47,,,3.68,5.7,14.75
2009-11-15,10.07,,25.45,,,6.6,11.47,,,3.68,5.7,14.78
2009-11-16,10.05,,25.43,,,6.59,11.46,,,3.68,5.7,14.83
2009-11-17,10.04,,25.42,,,6.59,11.45,,,3.68,5.69,14.86
2009-11-18,10.03,,25.41,,,6.59,11.44,,,3.68,5.69,14.84
2009-11-19,10.02,,25.39,,,6.59,11.44,,,3.68,5.69,14.84
2009-11-20,10.02,,25.37,,,6.58,11.43,,,3.67,5.68,14.83
2009-11-21,10.03,,25.38,,,6.58,11.44,,,3.67,5.68,14.8
2009-11-22,10.05,,25.38,,,6.58,11.44,,,3.67,5.68,14.8
2009-11-23,10.05,,25.38,,,6.58,11.44,,,3.67,5.67,14.81
2009-11-24,10.06,,25.38,,,6.57,11.44,,,3.67,5.67,14.8
2009-11-25,10.04,,25.38,,,6.57,11.43,,,3.67,5.67,14.8
2009-11-26,10.03,,25.38,,,6.57,11.41,,,3.67,5.67,14.8
2009-11-27,10.01,,25.42,,,6.56,11.42,,,3.67,5.66,14.81
2009-11-28,10.0,,25.45,,,6.56,11.42,,,3.66,5.66,14.81
2009-11-29,9.99,,25.48,,,6.55,11.43,,,3.66,5.66,14.82
2009-11-30,9.98,,25.5,,,6.55,11.45,,,3.66,5.66,14.82
2009-12-01,11.86,,29.98,,,7.86,13.62,,,4.19,6.75,17.47
2009-12-02,11.75,,29.35,,,7.87,13.49,,,3.98,6.71,17.15
2009-12-03,11.63,,28.71,,,7.87,13.35,,,3.78,6.67,16.83
2009-12-04,11.53,,28.06,,,7.88,13.23,,,3.58,6.63,16.5
2009-12-05,11.43,,27.42,,,7.89,13.09,,,3.38,6.59,16.18
2009-12-06,9.44,,22.32,,,6.58,10.81,,,2.65,5.45,13.22
2009-12-07,9.45,,22.29,,,6.58,10.81,,,2.65,5.45,13.22
2009-12-08,9.45,,22.26,,,6.58,10.82,,,2.65,5.45,13.24
2009-12-09,9.45,,22.25,,,6.58,10.82,,,2.65,5.44,13.23
2009-12-10,9.45,,22.22,,,6.57,10.83,,,2.64,5.44,13.23
2009-12-11,9.46,,22.18,,,6.57,10.83,,,2.64,5.44,13.22
2009-12-12,9.47,,22.15,,,6.57,10.83,,,2.64,5.44,13.21
2009-12-13,9.49,,22.13,,,6.57,10.83,,,2.64,5.44,13.17
2009-12-14,9.49,,22.07,,,6.58,10.82,,,2.65,5.45,13.17
2009-12-15,9.5,,22.04,,,6.58,10.82,,,2.65,5.45,13.17
2009-12-16,9.5,,22.0,,,6.58,10.82,,,2.65,5.45,13.18
2009-12-17,9.49,,21.96,,,6.58,10.82,,,2.65,5.45,13.18
2009-12-18,9.48,,21.92,,,6.58,10.82,,,2.65,5.45,13.18
2009-12-19,9.48,,21.92,,,6.58,10.82,,,2.65,5.45,13.17
2009-12-20,9.47,,21.92,,,6.58,10.81,,,2.65,5.45,13.17
2009-12-21,9.47,,21.91,,,6.59,10.81,,,2.65,5.45,13.15
2009-12-22,9.49,,21.89,,,6.6,10.81,,,2.65,5.45,13.15
2009-12-23,9.5,,21.86,,,6.61,10.81,,,2.65,5.45,13.15
2009-12-24,9.52,,21.81,,,6.62,10.81,,,2.66,5.45,13.15
2009-12-25,9.54,,21.76,,,6.63,10.81,,,2.66,5.45,13.14
2009-12-26,9.55,,21.72,,,6.64,10.81,,,2.66,5.45,13.14
2009-12-27,9.56,,21.7,,,6.64,10.82,,,2.66,5.45,13.14
2009-12-28,9.57,,21.69,,,6.65,10.82,,,2.66,5.45,13.14
2009-12-29,11.39,,25.8,,,7.76,12.97,,,3.18,6.52,16.17
2009-12-30,13.21,,29.88,,,8.86,15.12,,,3.69,7.6,19.22
2009-12-31,13.12,,29.6,,,8.64,15.09,,,3.67,7.58,19.63
2010-01-01,13.04,,29.32,,,8.42,15.06,,,3.66,7.56,20.05
2010-01-02,12.94,,29.02,,,8.2,15.03,,,3.64,7.54,20.47
2010-01-03,11.03,,24.63,,,6.87,12.86,,,3.1,6.45,17.84
2010-01-04,9.11,,20.23,,,5.54,10.68,,,2.57,5.36,15.22
2010-01-05,9.1,,20.18,,,5.54,10.67,,,2.57,5.36,15.21
2010-01-06,9.08,,20.12,,,5.53,10.65,,,2.57,5.35,15.19
2010-01-07,9.07,,20.05,,,5.53,10.64,,,2.57,5.35,15.18
2010-01-08,9.05,,19.96,,,5.52,10.63,,,2.57,5.35,15.16
2010-01-09,9.04,,19.91,,,5.52,10.62,,,2.57,5.35,15.14
2010-01-10,9.04,,19.88,,,5.52,10.63,,,2.57,5.35,15.13
2010-01-11,9.03,,19.86,,,5.52,10.62,,,2.56,5.35,15.13
2010-01-12,9.02,,19.88,,,5.51,10.6,,,2.56,5.35,15.12
2010-01-13,9.02,,19.89,,,5.51,10.59,,,2.56,5.35,15.11
2010-01-14,9.02,,19.9,,,5.51,10.59,,,2.56,5.34,15.1
2010-01-15,9.02,,19.93,,,5.5,10.59,,,2.56,5.34,15.08
2010-01-16,9.01,,19.95,,,5.5,10.61,,,2.56,5.34,15.07
2010-01-17,9.02,,19.96,,,5.5,10.62,,,2.56,5.34,15.06
2010-01-18,9.01,,19.97,,,5.49,10.63,,,2.56,5.33,15.06
2010-01-19,9.01,,19.98,,,5.49,10.63,,,2.56,5.33,15.06
2010-01-20,9.01,,19.99,,,5.49,10.63,,,2.56,5.33,15.05
2010-01-21,9.0,,20.05,,,5.48,10.62,,,2.56,5.33,15.06
2010-01-22,9.0,,20.16,,,5.48,10.63,,,2.55,5.33,15.04
2010-01-23,9.0,,20.27,,,5.48,10.63,,,2.55,5.34,15.03
2010-01-24,9.0,,20.37,,,5.48,10.64,,,2.55,5.34,15.01
2010-01-25,9.0,,20.47,,,5.48,10.65,,,2.55,5.33,15.0
2010-01-26,9.0,,20.5,,,5.48,10.65,,,2.55,5.34,14.98
2010-01-27,9.02,,20.48,,,5.48,10.66,,,2.55,5.34,14.99
2010-01-28,7.22,,16.38,,,4.38,8.53,,,2.04,4.27,11.99
2010-01-29,5.42,,12.28,,,3.28,6.4,,,1.53,3.2,9.0
2010-01-30,3.62,,8.18,,,2.19,4.27,,,1.02,2.14,6.0
2010-01-31,1.81,,4.09,,,1.09,2.14,,,0.51,1.07,3.0
2010-02-01,1.88,,4.7,,,1.14,2.46,,,0.52,1.15,2.89
2010-02-02,3.76,,9.38,,,2.29,4.93,,,1.04,2.29,5.77
2010-02-03,5.63,,14.04,,,3.43,7.4,,,1.57,3.44,8.65
2010-02-04,7.51,,18.76,,,4.57,9.9,,,2.09,4.58,11.54
2010-02-05,9.39,,23.52,,,5.71,12.4,,,2.61,5.72,14.39
2010-02-06,9.4,,23.58,,,5.7,12.44,,,2.61,5.72,14.35
2010-02-07,9.4,,23.65,,,5.7,12.48,,,2.61,5.71,14.32
2010-02-08,9.41,,23.76,,,5.7,12.51,,,2.61,5.71,14.32
2010-02-09,9.42,,23.8,,,5.7,12.51,,,2.61,5.71,14.32
2010-02-10,9.43,,23.88,,,5.7,12.49,,,2.61,5.71,14.33
2010-02-11,9.45,,23.93,,,5.71,12.46,,,2.61,5.71,14.35
2010-02-12,9.46,,23.99,,,5.71,12.43,,,2.61,5.71,14.37
2010-02-13,9.47,,24.03,,,5.71,12.41,,,2.61,5.71,14.36
2010-02-14,9.48,,24.08,,,5.71,12.39,,,2.61,5.71,14.35
2010-02-15,9.47,,24.06,,,5.71,12.37,,,2.61,5.71,14.36
2010-02-16,9.46,,24.02,,,5.71,12.37,,,2.61,5.71,14.36
2010-02-17,9.46,,23.94,,,5.71,12.36,,,2.61,5.71,14.36
2010-02-18,9.46,,23.81,,,5.71,12.35,,,2.61,5.71,14.37
2010-02-19,9.45,,23.65,,,5.72,12.33,,,2.61,5.71,14.37
2010-02-20,9.45,,23.49,,,5.72,12.31,,,2.62,5.71,14.37
2010-02-21,9.45,,23.38,,,5.72,12.3,,,2.62,5.71,14.38
2010-02-22,9.44,,23.3,,,5.73,12.3,,,2.62,5.71,14.38
2010-02-23,9.43,,23.29,,,5.72,12.29,,,2.62,5.71,14.38
2010-02-24,9.42,,23.3,,,5.72,12.29,,,2.61,5.71,14.37
2010-02-25,9.4,,23.31,,,5.72,12.28,,,2.61,5.7,14.36
2010-02-26,9.38,,23.29,,,5.71,12.25,,,2.61,5.7,14.35
2010-02-27,9.36,,23.28,,,5.71,12.23,,,2.6,5.7,14.33
2010-02-28,9.34,,23.23,,,5.71,12.2,,,2.6,5.69,14.31
2010-03-01,11.16,,27.7,,,7.03,14.65,,,3.15,6.85,16.89
2010-03-02,12.97,,32.12,,,8.35,17.08,,,3.69,8.0,19.47
2010-03-03,12.93,,31.96,,,8.53,17.12,,,3.72,8.02,19.21
2010-03-04,12.89,,31.8,,,8.72,17.16,,,3.75,8.03,18.95
2010-03-05,12.85,,31.62,,,8.9,17.2,,,3.78,8.05,18.69
2010-03-06,10.98,,26.93,,,7.76,14.75,,,3.26,6.9,15.83
2010-03-07,9.13,,22.29,,,6.62,12.34,,,2.74,5.76,12.98
2010-03-08,9.12,,22.26,,,6.62,12.32,,,2.74,5.76,12.98
2010-03-09,9.12,,22.21,,,6.62,12.31,,,2.74,5.76,12.98
2010-03-10,9.12,,22.19,,,6.62,12.3,,,2.74,5.76,12.98
2010-03-11,9.12,,22.17,,,6.62,12.29,,,2.74,5.76,12.98
2010-03-12,9.11,,22.16,,,6.61,12.26,,,2.75,5.76,12.98
2010-03-13,9.11,,22.14,,,6.61,12.24,,,2.75,5.76,12.97
2010-03-14,9.11,,22.14,,,6.61,12.22,,,2.75,5.75,12.97
2010-03-15,9.1,,22.15,,,6.61,12.19,,,2.75,5.75,12.96
2010-03-16,9.09,,22.14,,,6.61,12.17,,,2.75,5.75,12.95
2010-03-17,9.08,,22.13,,,6.6,12.15,,,2.75,5.76,12.95
2010-03-18,9.07,,22.11,,,6.6,12.14,,,2.75,5.76,12.95
2010-03-19,9.06,,22.12,,,6.6,12.12,,,2.75,5.76,12.96
2010-03-20,9.05,,22.12,,,6.6,12.11,,,2.75,5.75,12.96
2010-03-21,9.04,,22.13,,,6.6,12.1,,,2.75,5.75,12.97
2010-03-22,9.05,,22.13,,,6.6,12.1,,,2.75,5.75,12.97
2010-03-23,9.05,,22.13,,,6.6,12.1,,,2.75,5.75,12.97
2010-03-24,9.06,,22.11,,,6.6,12.11,,,2.75,5.75,12.97
2010-03-25,9.08,,22.08,,,6.61,12.12,,,2.75,5.76,12.98
2010-03-26,9.09,,22.05,,,6.61,12.13,,,2.75,5.76,12.99
2010-03-27,9.1,,22.05,,,6.61,12.14,,,2.75,5.77,13.0
2010-03-28,9.12,,22.04,,,6.62,12.15,,,2.75,5.77,13.02
2010-03-29,9.12,,22.03,,,6.62,12.15,,,2.75,5.78,13.02
2010-03-30,9.12,,22.03,,,6.62,12.15,,,2.75,5.78,13.02
2010-03-31,7.29,,17.62,,,5.3,9.72,,,2.2,4.62,10.42
2010-04-01,7.39,,17.73,,,5.08,9.66,,,2.24,4.64,10.52
2010-04-02,7.48,,17.83,,,4.87,9.59,,,2.27,4.66,10.63
2010-04-03,7.57,,17.94,,,4.66,9.53,,,2.3,4.68,10.74
2010-04-04,7.67,,18.05,,,4.44,9.47,,,2.34,4.69,10.85
2010-04-05,9.6,,22.57,,,5.56,11.83,,,2.92,5.87,13.57
2010-04-06,9.61,,22.54,,,5.57,11.83,,,2.92,5.87,13.57
2010-04-07,9.62,,22.5,,,5.57,11.83,,,2.93,5.87,13.59
2010-04-08,9.62,,22.46,,,5.57,11.82,,,2.93,5.87,13.61
2010-04-09,9.63,,22.42,,,5.56,11.82,,,2.93,5.88,13.62
2010-04-10,9.62,,22.37,,,5.56,11.81,,,2.92,5.87,13.63
2010-04-11,9.61,,22.34,,,5.55,11.81,,,2.92,5.87,13.63
2010-04-12,9.61,,22.33,,,5.55,11.79,,,2.92,5.87,13.63
2010-04-13,9.59,,22.31,,,5.54,11.79,,,2.92,5.87,13.64
2010-04-14,9.58,,22.28,,,5.54,11.77,,,2.92,5.87,13.66
2010-04-15,9.57,,22.25,,,5.54,11.75,,,2.92,5.86,13.68
2010-04-16,9.55,,22.25,,,5.53,11.72,,,2.92,5.86,13.68
2010-04-17,9.54,,22.25,,,5.53,11.7,,,2.91,5.85,13.68
2010-04-18,9.53,,22.26,,,5.53,11.68,,,2.91,5.85,13.67
2010-04-19,9.53,,22.29,,,5.53,11.67,,,2.91,5.84,13.64
2010-04-20,9.53,,22.29,,,5.53,11.67,,,2.91,5.84,13.62
2010-04-21,9.52,,22.25,,,5.53,11.67,,,2.91,5.84,13.61
2010-04-22,9.52,,22.22,,,5.53,11.68,,,2.91,5.84,13.59
2010-04-23,9.52,,22.17,,,5.53,11.7,,,2.92,5.83,13.57
2010-04-24,9.51,,22.1,,,5.53,11.7,,,2.92,5.83,13.56
2010-04-25,9.51,,22.09,,,5.53,11.72,,,2.92,5.82,13.55
2010-04-26,9.51,,22.07,,,5.53,11.73,,,2.92,5.82,13.55
2010-04-27,9.51,,22.1,,,5.53,11.75,,,2.92,5.82,13.54
2010-04-28,9.51,,22.15,,,5.53,11.77,,,2.92,5.81,13.53
2010-04-29,9.5,,22.17,,,5.52,11.79,,,2.92,5.81,13.53
2010-04-30,9.48,,22.18,,,5.52,11.8,,,2.91,5.81,13.52
2010-05-01,7.58,,17.77,,,4.41,9.45,,,2.33,4.65,10.81
2010-05-02,5.67,,13.31,,,3.31,7.09,,,1.75,3.48,8.1
2010-05-03,5.59,,13.14,,,3.26,7.03,,,1.82,3.46,8.37
2010-05-04,5.51,,13.05,,,3.21,6.99,,,1.89,3.44,8.65
2010-05-05,5.45,,13.04,,,3.16,6.98,,,1.95,3.42,8.91
2010-05-06,7.3,,17.55,,,4.21,9.43,,,2.6,4.56,11.9
2010-05-07,9.15,,22.07,,,5.26,11.85,,,3.25,5.7,14.9
2010-05-08,9.18,,22.28,,,5.25,11.96,,,3.25,5.7,14.92
2010-05-09,9.21,,22.45,,,5.25,12.05,,,3.25,5.7,14.95
2010-05-10,9.23,,22.48,,,5.25,12.05,,,3.25,5.7,14.96
2010-05-11,9.21,,22.41,,,5.24,11.93,,,3.25,5.7,14.94
2010-05-12,9.19,,22.28,,,5.24,11.84,,,3.25,5.69,14.9
2010-05-13,9.18,,22.17,,,5.24,11.75,,,3.25,5.69,14.88
2010-05-14,9.16,,22.09,,,5.23,11.66,,,3.25,5.69,14.84
2010-05-15,9.15,,22.1,,,5.23,11.66,,,3.25,5.69,14.83
2010-05-16,9.15,,22.1,,,5.22,11.65,,,3.25,5.69,14.83
2010-05-17,9.14,,22.16,,,5.22,11.66,,,3.25,5.69,14.83
2010-05-18,9.13,,22.2,,,5.21,11.67,,,3.24,5.68,14.81
2010-05-19,9.12,,22.24,,,5.21,11.69,,,3.24,5.68,14.81
2010-05-20,9.12,,22.42,,,5.21,11.75,,,3.24,5.67,14.8
2010-05-21,9.11,,22.51,,,5.2,11.8,,,3.23,5.67,14.81
2010-05-22,9.11,,22.59,,,5.2,11.85,,,3.23,5.66,14.82
2010-05-23,9.12,,22.66,,,5.2,11.89,,,3.23,5.66,14.84
2010-05-24,9.12,,22.7,,,5.2,11.91,,,3.23,5.66,14.85
2010-05-25,9.13,,22.61,,,5.2,11.9,,,3.23,5.66,14.85
2010-05-26,9.13,,22.66,,,5.2,11.9,,,3.23,5.65,14.83
2010-05-27,9.14,,22.65,,,5.2,11.89,,,3.23,5.65,14.82
2010-05-28,9.16,,22.64,,,5.2,11.87,,,3.23,5.65,14.8
2010-05-29,9.18,,22.63,,,5.2,11.86,,,3.23,5.65,14.77
2010-05-30,9.19,,22.61,,,5.2,11.82,,,3.22,5.65,14.77
2010-05-31,9.2,,22.54,,,5.2,11.8,,,3.22,5.65,14.76
2010-06-01,11.01,,27.1,,,6.35,14.04,,,3.73,6.73,17.46
2010-06-02,10.97,,27.12,,,6.46,13.94,,,3.59,6.68,17.23
2010-06-03,10.93,,27.14,,,6.57,13.83,,,3.45,6.63,16.99
2010-06-04,10.89,,27.18,,,6.67,13.72,,,3.31,6.58,16.76
2010-06-05,10.84,,27.23,,,6.78,13.61,,,3.17,6.53,16.53
2010-06-06,8.99,,22.7,,,5.73,11.26,,,2.53,5.4,13.59
2010-06-07,8.97,,22.76,,,5.73,11.26,,,2.53,5.4,13.59
2010-06-08,8.96,,22.81,,,5.72,11.28,,,2.52,5.4,13.58
2010-06-09,8.95,,22.82,,,5.72,11.29,,,2.52,5.4,13.58
2010-06-10,8.95,,22.79,,,5.72,11.28,,,2.52,5.4,13.57
2010-06-11,8.94,,22.75,,,5.72,11.27,,,2.52,5.4,13.56
2010-06-12,8.94,,22.68,,,5.71,11.25,,,2.52,5.4,13.56
2010-06-13,8.94,,22.62,,,5.71,11.22,,,2.52,5.41,13.57
2010-06-14,8.94,,22.56,,,5.71,11.19,,,2.52,5.41,13.57
2010-06-15,8.94,,22.51,,,5.71,11.17,,,2.52,5.42,13.57
2010-06-16,8.95,,22.45,,,5.71,11.16,,,2.52,5.42,13.57
2010-06-17,8.94,,22.37,,,5.71,11.13,,,2.52,5.42,13.58
2010-06-18,8.93,,22.26,,,5.71,11.1,,,2.52,5.42,13.58
2010-06-19,8.92,,22.16,,,5.7,11.07,,,2.52,5.42,13.58
2010-06-20,8.91,,22.11,,,5.7,11.06,,,2.52,5.42,13.58
2010-06-21,8.89,,22.04,,,5.69,11.03,,,2.52,5.42,13.58
2010-06-22,8.88,,22.03,,,5.69,11.02,,,2.52,5.42,13.58
2010-06-23,8.86,,22.05,,,5.69,11.02,,,2.52,5.42,13.57
2010-06-24,8.84,,22.1,,,5.69,11.02,,,2.52,5.42,13.57
2010-06-25,8.83,,22.13,,,5.68,11.03,,,2.52,5.42,13.56
2010-06-26,8.81,,22.18,,,5.68,11.04,,,2.52,5.42,13.54
2010-06-27,8.81,,22.19,,,5.68,11.05,,,2.52,5.42,13.53
2010-06-28,8.81,,22.19,,,5.68,11.05,,,2.51,5.42,13.51
2010-06-29,8.79,,22.21,,,5.68,11.04,,,2.51,5.42,13.5
2010-06-30,8.78,,22.25,,,5.68,11.03,,,2.51,5.41,13.49
2010-07-01,8.75,,22.13,,,5.7,11.09,,,2.53,5.44,13.18
2010-07-02,8.72,,22.01,,,5.72,11.15,,,2.55,5.46,12.87
2010-07-03,8.71,,21.9,,,5.74,11.21,,,2.57,5.49,12.56
2010-07-04,8.69,,21.75,,,5.76,11.27,,,2.59,5.51,12.25
2010-07-05,8.68,,21.59,,,5.78,11.34,,,2.61,5.54,11.94
2010-07-06,8.68,,21.55,,,5.78,11.33,,,2.61,5.54,11.93
2010-07-07,8.67,,21.47,,,5.78,11.32,,,2.61,5.54,11.94
2010-07-08,8.67,,21.36,,,5.78,11.3,,,2.61,5.54,11.94
2010-07-09,8.67,,21.27,,,5.77,11.27,,,2.61,5.53,11.95
2010-07-10,8.67,,21.17,,,5.77,11.24,,,2.61,5.53,11.96
2010-07-11,8.67,,21.11,,,5.77,11.22,,,2.61,5.53,11.97
2010-07-12,8.68,,21.11,,,5.77,11.21,,,2.61,5.53,11.97
2010-07-13,8.67,,21.09,,,5.77,11.19,,,2.61,5.53,11.97
2010-07-14,8.66,,21.06,,,5.77,11.18,,,2.61,5.53,11.97
2010-07-15,8.65,,21.03,,,5.76,11.17,,,2.61,5.52,11.96
2010-07-16,8.63,,21.02,,,5.76,11.15,,,2.61,5.51,11.96
2010-07-17,8.62,,21.01,,,5.75,11.12,,,2.61,5.51,11.95
2010-07-18,8.61,,21.04,,,5.75,11.11,,,2.6,5.5,11.95
2010-07-19,8.6,,21.04,,,5.75,11.1,,,2.6,5.5,11.95
2010-07-20,8.6,,21.02,,,5.75,11.09,,,2.6,5.5,11.94
2010-07-21,8.59,,20.98,,,5.75,11.07,,,2.6,5.5,11.94
2010-07-22,8.58,,20.89,,,5.75,11.04,,,2.6,5.5,11.93
2010-07-23,8.57,,20.79,,,5.75,11.01,,,2.6,5.49,11.92
2010-07-24,8.56,,20.7,,,5.75,10.98,,,2.6,5.49,11.91
2010-07-25,8.55,,20.65,,,5.75,10.96,,,2.6,5.49,11.9
2010-07-26,8.55,,20.59,,,5.75,10.94,,,2.6,5.49,11.89
2010-07-27,8.55,,20.58,,,5.75,10.93,,,2.6,5.48,11.89
2010-07-28,8.55,,20.59,,,5.74,10.92,,,2.6,5.47,11.89
2010-07-29,8.55,,20.59,,,5.74,10.91,,,2.6,5.47,11.88
2010-07-30,8.53,,20.6,,,5.74,10.89,,,2.6,5.47,11.88
2010-07-31,6.83,,16.49,,,4.59,8.71,,,2.08,4.37,9.5
2010-08-01,5.11,,12.37,,,3.44,6.53,,,1.56,3.28,7.12
2010-08-02,5.1,,12.19,,,3.23,6.39,,,1.54,3.28,7.27
2010-08-03,5.08,,12.02,,,3.03,6.24,,,1.52,3.28,7.41
2010-08-04,5.07,,11.84,,,2.82,6.08,,,1.49,3.28,7.56
2010-08-05,6.76,,15.79,,,3.76,8.09,,,1.99,4.37,10.07
2010-08-06,8.44,,19.74,,,4.7,10.1,,,2.49,5.46,12.59
2010-08-07,8.43,,19.75,,,4.7,10.07,,,2.49,5.46,12.59
2010-08-08,8.42,,19.75,,,4.7,10.05,,,2.49,5.45,12.59
2010-08-09,8.4,,19.76,,,4.7,10.03,0.0,,2.49,5.45,12.58
2010-08-10,8.39,,19.77,,,4.7,10.01,0.0,,2.49,5.45,12.57
2010-08-11,8.38,,19.83,,,4.7,10.0,0.0,,2.48,5.45,12.57
2010-08-12,8.39,,19.91,,,4.71,10.0,0.0,,2.48,5.44,12.57
2010-08-13,8.38,,19.97,,,4.71,9.99,0.0,,2.48,5.43,12.58
2010-08-14,8.39,,20.02,,,4.71,9.99,0.0,,2.48,5.43,12.59
2010-08-15,8.39,,20.06,,,4.71,9.99,0.0,,2.48,5.42,12.6
2010-08-16,8.37,,20.06,,,4.71,9.99,0.0,,2.48,5.42,12.6
2010-08-17,8.34,,20.02,,,4.71,9.97,0.0,,2.48,5.42,12.6
2010-08-18,8.33,,19.99,,,4.71,9.95,0.0,,2.48,5.41,12.6
2010-08-19,8.31,,19.97,,,4.72,9.92,0.0,,2.48,5.41,12.59
2010-08-20,8.29,,19.94,,,4.72,9.89,0.0,,2.48,5.4,12.58
2010-08-21,8.28,,19.92,,,4.72,9.86,0.0,,2.48,5.4,12.57
2010-08-22,8.28,,19.91,,,4.73,9.84,0.0,,2.48,5.39,12.57
2010-08-23,8.27,,19.91,,,4.72,9.83,0.0,,2.48,5.38,12.56
2010-08-24,8.26,,19.92,,,4.73,9.83,0.0,,2.48,5.38,12.56
2010-08-25,8.25,,19.95,,,4.72,9.84,0.0,,2.48,5.37,12.54
2010-08-26,8.24,,19.98,,,4.72,9.86,0.0,,2.48,5.37,12.52
2010-08-27,8.24,,20.01,,,4.72,9.89,0.0,,2.48,5.36,12.51
2010-08-28,8.25,,20.05,,,4.72,9.91,0.0,,2.48,5.36,12.5
2010-08-29,8.26,,20.06,,,4.72,9.93,0.0,,2.48,5.35,12.49
2010-08-30,8.26,,20.06,,,4.72,9.95,0.0,,2.48,5.35,12.49
2010-08-31,8.26,,20.05,,,4.72,9.96,0.0,,2.48,5.35,12.49
2010-09-01,8.2,,20.17,,,4.65,9.99,0.0,,2.46,5.38,12.6
2010-09-02,8.15,,20.29,,,4.57,10.03,0.0,,2.44,5.4,12.7
2010-09-03,8.11,,20.39,,,4.5,10.06,0.0,,2.42,5.42,12.81
2010-09-04,8.09,,20.51,,,4.44,10.09,0.0,,2.4,5.44,12.93
2010-09-05,8.06,,20.62,,,4.37,10.11,0.0,,2.39,5.46,13.04
2010-09-06,8.08,,20.6,,,4.37,10.11,0.0,,2.39,5.46,13.04
2010-09-07,8.08,,20.59,,,4.37,10.12,0.0,,2.39,5.47,13.05
2010-09-08,8.07,,20.6,,,4.37,10.15,0.0,,2.39,5.47,13.05
2010-09-09,8.07,,20.59,,,4.38,10.17,0.0,,2.39,5.47,13.05
2010-09-10,8.07,,20.56,,,4.38,10.19,0.0,,2.39,5.47,13.06
2010-09-11,8.07,,20.54,,,4.38,10.22,0.0,,2.39,5.47,13.06
2010-09-12,8.08,,20.51,,,4.39,10.24,0.0,,2.39,5.47,13.06
2010-09-13,8.08,,20.47,,,4.39,10.23,0.0,,2.4,5.48,13.07
2010-09-14,8.07,,20.43,,,4.39,10.22,0.0,,2.39,5.48,13.08
2010-09-15,8.06,,20.42,,,4.39,10.21,0.0,,2.39,5.48,13.08
2010-09-16,8.06,,20.39,,,4.39,10.2,0.0,,2.39,5.48,13.08
2010-09-17,8.05,,20.36,,,4.39,10.19,0.0,,2.39,5.48,13.07
2010-09-18,8.05,,20.35,,,4.39,10.18,0.0,,2.39,5.48,13.07
2010-09-19,8.05,,20.34,,,4.39,10.18,0.0,,2.39,5.48,13.06
2010-09-20,8.05,,20.32,,,4.39,10.18,2.03,,2.39,5.48,13.06
2010-09-21,8.03,,20.32,,,4.39,10.18,4.06,,2.39,5.48,13.07
2010-09-22,8.02,,20.33,,,4.39,10.17,6.08,,2.39,5.48,13.06
2010-09-23,8.0,,20.36,,,4.39,10.16,8.11,,2.38,5.47,13.05
2010-09-24,7.99,,20.37,,,4.39,10.15,10.13,,2.38,5.47,13.04
2010-09-25,7.98,,20.39,,,4.39,10.14,10.11,,2.38,5.47,13.02
2010-09-26,7.99,,20.4,,,4.39,10.13,10.09,,2.38,5.46,13.0
2010-09-27,7.98,,20.39,,,4.39,10.12,10.08,,2.38,5.46,13.0
2010-09-28,7.97,,20.36,,,4.39,10.1,10.06,,2.38,5.46,12.98
2010-09-29,7.96,,20.34,,,4.39,10.09,10.04,,2.38,5.46,12.97
2010-09-30,7.95,,20.29,,,4.38,10.06,10.01,,2.38,5.46,12.96
2010-10-01,7.98,,20.0,,,4.52,10.04,9.98,,2.38,5.43,12.97
2010-10-02,8.02,,19.72,,,4.66,10.03,9.96,,2.38,5.4,12.98
2010-10-03,8.06,,19.44,,,4.8,10.03,9.94,,2.39,5.37,12.99
2010-10-04,8.1,,19.18,,,4.95,10.02,9.93,,2.39,5.34,13.0
2010-10-05,8.14,,18.93,,,5.09,10.01,9.91,,2.39,5.32,13.01
2010-10-06,8.12,,18.93,,,5.09,9.99,9.89,,2.39,5.32,13.0
2010-10-07,8.11,,18.93,,,5.08,9.98,9.86,,2.39,5.32,12.98
2010-10-08,8.09,,18.91,,,5.08,9.95,9.83,,2.39,5.32,12.96
2010-10-09,8.08,,18.88,,,5.07,9.92,9.79,,2.39,5.31,12.94
2010-10-10,8.07,,18.86,,,5.06,9.91,9.78,,2.38,5.31,12.92
2010-10-11,8.07,,18.83,,,5.06,9.89,9.77,,2.38,5.31,12.91
2010-10-12,8.08,,18.82,,,5.06,9.87,9.77,,2.38,5.31,12.9
2010-10-13,8.08,,18.8,,,5.06,9.85,9.76,,2.38,5.31,12.9
2010-10-14,8.09,,18.8,,,5.05,9.85,9.75,,2.39,5.31,12.9
2010-10-15,8.12,,18.79,,,5.05,9.83,9.74,,2.39,5.31,12.91
2010-10-16,8.15,,18.79,,,5.06,9.83,9.73,,2.39,5.32,12.91
2010-10-17,8.17,,18.79,,,5.06,9.83,9.72,,2.39,5.32,12.92
2010-10-18,8.18,,18.8,,,5.06,9.85,9.73,,2.39,5.32,12.92
2010-10-19,8.18,,18.8,,,5.06,9.87,9.75,,2.39,5.32,12.92
2010-10-20,8.17,,18.79,,,5.05,9.88,7.8,,2.39,5.32,12.91
2010-10-21,8.16,,18.79,,,5.05,9.9,5.86,,2.39,5.32,12.9
2010-10-22,8.15,,18.77,,,5.05,9.91,3.91,,2.38,5.32,12.89
2010-10-23,8.14,,18.75,,,5.04,9.91,1.96,,2.38,5.32,12.88
2010-10-24,8.14,,18.73,,,5.04,9.91,0.0,,2.38,5.32,12.87
2010-10-25,8.14,,18.7,,,5.04,9.89,1.77,,2.39,5.31,12.86
2010-10-26,8.14,,18.66,,,5.04,9.88,3.54,,2.39,5.32,12.86
2010-10-27,8.15,,18.65,,,5.05,9.88,5.33,,2.39,5.32,12.87
2010-10-28,8.15,,18.63,,,5.05,9.87,7.11,,2.39,5.33,12.89
2010-10-29,8.15,,18.61,,,5.05,9.86,8.88,,2.39,5.34,12.89
2010-10-30,8.15,,18.6,,,5.05,9.86,8.89,,2.39,5.34,12.9
2010-10-31,6.52,,14.88,,,4.04,7.89,8.89,,1.91,4.28,10.32
2010-11-01,6.5,,14.98,,,3.75,7.85,8.87,,1.9,4.24,10.21
2010-11-02,6.48,,15.05,,,3.45,7.81,8.86,,1.89,4.2,10.09
2010-11-03,6.47,,15.12,,,3.16,7.76,8.84,,1.88,4.17,9.98
2010-11-04,6.45,,15.13,,,2.86,7.7,8.81,,1.87,4.13,9.87
2010-11-05,8.06,,18.87,,,3.58,9.62,8.78,,2.34,5.16,12.34
2010-11-06,8.04,,18.8,,,3.58,9.6,8.76,,2.34,5.16,12.35
2010-11-07,8.04,,18.74,,,3.57,9.59,8.74,,2.34,5.16,12.35
2010-11-08,8.03,,18.71,,,3.57,9.6,8.75,,2.34,5.16,12.35
2010-11-09,8.05,,18.73,,,3.58,9.63,8.77,,2.34,5.17,12.36
2010-11-10,8.06,,18.78,,,3.58,9.66,8.79,,2.34,5.18,12.4
2010-11-11,8.08,,18.85,,,3.58,9.7,8.81,,2.34,5.21,12.54
2010-11-12,8.12,,18.94,,,3.59,9.75,8.85,,2.34,5.24,12.63
2010-11-13,8.15,,19.01,,,3.59,9.79,8.87,,2.34,5.26,12.72
2010-11-14,8.17,,19.07,,,3.59,9.81,8.89,,2.34,5.27,12.8
2010-11-15,8.21,,19.1,,,3.6,9.85,8.93,,2.35,5.3,12.9
2010-11-16,8.23,,19.17,,,3.6,9.89,8.98,,2.35,5.33,12.94
2010-11-17,8.24,,19.2,,,3.6,9.91,9.01,,2.35,5.35,13.01
2010-11-18,8.25,,19.18,,,3.6,9.92,9.02,,2.35,5.37,13.07
2010-11-19,8.25,,19.16,,,3.6,9.95,9.02,,2.36,5.38,13.1
2010-11-20,8.23,,19.14,,,3.6,9.95,9.01,,2.36,5.37,13.09
2010-11-21,8.23,,19.07,,,3.59,9.94,8.97,,2.36,5.36,13.04
2010-11-22,8.21,,19.05,,,3.59,9.94,10.34,,2.36,5.34,12.99
2010-11-23,8.2,,19.13,,,3.59,9.96,11.78,,2.36,5.33,12.96
2010-11-24,8.2,,19.19,,,3.59,9.97,11.4,,2.36,5.33,12.95
2010-11-25,8.2,,19.25,,,3.59,9.99,11.02,,2.36,5.33,12.93
2010-11-26,8.2,,19.32,,,3.59,10.01,10.66,,2.35,5.32,12.91
2010-11-27,8.21,,19.36,,,3.59,10.03,8.91,,2.36,5.32,12.91
2010-11-28,8.23,,19.35,,,3.59,10.05,7.1,,2.36,5.32,12.91
2010-11-29,8.22,,19.36,,,3.59,10.06,7.12,,2.36,5.32,12.9
2010-11-30,8.22,,19.35,,,3.59,10.08,7.14,,2.35,5.32,12.89
2010-12-01,8.2,,19.22,,,12.55,10.18,7.14,,2.36,5.34,13.14
2010-12-02,8.19,,19.08,,,21.5,10.27,7.12,,2.36,5.35,13.38
2010-12-03,8.18,,18.93,,,30.45,10.35,7.11,,2.36,5.37,13.62
2010-12-04,8.17,,18.8,,,39.39,10.43,7.08,,2.36,5.39,13.86
2010-12-05,8.16,,18.67,,,48.34,10.49,7.06,,2.36,5.4,14.1
2010-12-06,8.16,,18.66,,,48.3,10.46,7.05,,2.36,5.41,14.1
2010-12-07,8.16,,18.64,,,48.32,10.45,7.04,,2.36,5.42,14.17
2010-12-08,8.18,,18.64,,,48.39,10.47,7.04,,2.36,5.45,14.27
2010-12-09,8.19,,18.64,,,48.43,10.48,7.05,,2.37,5.47,14.37
2010-12-10,8.21,,18.64,,,48.5,10.51,7.06,,2.37,5.5,14.47
2010-12-11,8.24,,18.64,,,48.59,10.54,7.07,,2.38,5.52,14.57
2010-12-12,8.25,,18.66,,,48.62,10.56,7.08,,2.38,5.53,14.6
2010-12-13,8.25,,18.68,,,48.63,10.57,7.08,,2.38,5.53,14.61
2010-12-14,8.26,,18.68,,,48.69,10.58,7.08,,2.38,5.56,14.66
2010-12-15,8.27,,18.7,,,48.76,10.61,7.09,,2.38,5.57,14.69
2010-12-16,8.28,,18.7,,,48.83,10.65,7.1,,2.38,5.58,14.65
2010-12-17,8.27,,18.69,,,48.86,10.68,7.11,,2.38,5.57,14.59
2010-12-18,8.27,,18.67,,,48.89,10.71,7.12,,2.38,5.56,14.52
2010-12-19,8.26,,18.67,,,48.87,10.74,7.13,,2.38,5.53,14.42
2010-12-20,8.23,,18.64,,,48.81,10.74,7.13,,2.38,5.52,14.37
2010-12-21,8.22,,18.62,,,48.71,10.71,7.13,,2.38,5.51,14.37
2010-12-22,8.22,,18.6,,,48.66,10.68,9.1,,2.38,5.52,14.4
2010-12-23,8.21,,18.57,,,48.63,10.66,11.06,,2.38,5.53,14.42
2010-12-24,8.21,,18.54,,,48.59,10.63,13.03,,2.38,5.54,14.43
2010-12-25,8.21,,18.52,,,48.58,10.61,14.99,,2.38,5.54,14.4
2010-12-26,8.21,,18.5,,,48.6,10.61,16.96,,2.38,5.54,14.38
2010-12-27,8.21,,18.5,,,48.62,10.61,16.95,,2.38,5.54,14.38
2010-12-28,9.88,,22.12,,,49.83,12.74,16.94,,2.86,6.65,14.41
2010-12-29,11.52,,25.71,,,50.97,14.88,16.92,,3.34,7.76,21.31
2010-12-30,13.16,,29.3,,,52.13,17.02,16.87,,3.83,8.86,28.18
2010-12-31,13.16,,29.2,,,43.56,17.02,16.81,,3.83,8.86,32.19
2011-01-01,13.17,,29.11,,,34.98,17.02,16.76,,3.84,8.86,36.19
2011-01-02,11.5,,25.39,,,25.21,14.88,16.72,,3.36,7.75,40.17
2011-01-03,9.85,,21.7,,,15.51,12.74,16.68,,2.88,6.64,37.25
2011-01-04,8.2,,17.99,,,5.78,10.58,16.66,,2.41,5.52,34.35
2011-01-05,8.2,,17.96,,,5.79,10.57,16.66,,2.41,5.52,34.33
2011-01-06,8.2,,17.93,,,5.79,10.58,16.68,,2.41,5.52,34.31
2011-01-07,8.19,,17.91,,,5.79,10.58,16.7,,2.41,5.52,34.31
2011-01-08,8.19,,17.9,,,5.79,10.59,16.72,,2.41,5.53,34.32
2011-01-09,8.2,,17.9,,,5.79,10.61,16.74,,2.41,5.53,34.35
2011-01-10,8.18,,17.91,,,5.78,10.63,16.77,,2.41,5.54,34.36
2011-01-11,8.17,,17.91,,,5.78,10.63,16.78,,2.4,5.54,34.39
2011-01-12,8.17,,17.89,,,5.78,10.62,16.78,,2.4,5.55,34.43
2011-01-13,8.16,,17.88,,,5.78,10.6,16.78,,2.4,5.57,34.57
2011-01-14,8.16,,17.85,,,5.78,10.58,16.79,,2.4,5.6,34.88
2011-01-15,8.16,,17.83,,,5.78,10.56,16.78,,2.4,5.63,35.19
2011-01-16,8.17,,17.81,,,5.78,10.54,16.78,,2.4,5.67,35.48
2011-01-17,8.17,,17.81,,,5.78,10.54,16.79,,2.4,5.69,35.74
2011-01-18,8.18,,17.8,,,5.78,10.54,16.8,,2.4,5.69,35.95
2011-01-19,8.18,,17.82,,,5.78,10.55,16.82,,2.4,5.68,35.9
2011-01-20,8.19,,17.83,,,5.78,10.57,16.86,,2.4,5.66,35.85
2011-01-21,8.19,,17.84,,,5.78,10.59,13.5,,2.4,5.64,35.75
2011-01-22,8.2,,17.84,,,5.78,10.61,10.14,,2.4,5.61,35.65
2011-01-23,8.21,,17.84,,,5.78,10.62,6.78,,2.4,5.6,35.51
2011-01-24,8.21,,17.83,,,5.78,10.63,4.91,,2.4,5.59,35.46
2011-01-25,8.2,,17.81,,,5.78,10.63,3.02,,2.4,5.57,35.38
2011-01-26,8.2,,17.79,,,5.78,10.62,4.52,,2.4,5.56,35.3
2011-01-27,6.56,,14.22,,,4.62,8.49,6.02,,1.92,4.44,35.24
2011-01-28,4.92,,10.66,,,3.47,6.37,7.54,,1.44,3.33,28.16
2011-01-29,3.27,,7.1,,,2.31,4.25,7.55,,0.96,2.22,21.08
2011-01-30,1.64,,3.55,,,1.16,2.12,7.56,,0.48,1.1,14.02
2011-01-31,0.0,,0.0,,,0.0,0.0,7.58,,0.0,0.0,7.02
2011-02-01,1.64,,3.61,,,1.16,2.11,7.58,,0.49,1.11,2.82
2011-02-02,3.28,,7.22,,,2.31,4.22,7.56,,0.97,2.22,5.64
2011-02-03,4.93,,10.83,,,3.47,6.33,7.56,,1.46,3.33,8.44
2011-02-04,6.58,,14.42,,,4.63,8.46,7.55,,1.95,4.45,11.23
2011-02-05,8.24,,18.01,,,5.8,10.59,7.55,,2.44,5.56,14.03
2011-02-06,8.25,,17.99,,,5.8,10.6,7.55,,2.44,5.57,14.0
2011-02-07,8.25,,17.97,,,5.81,10.63,7.56,,2.44,5.57,13.98
2011-02-08,8.26,,17.94,,,5.82,10.64,7.56,,2.45,5.57,13.97
2011-02-09,8.26,,17.95,,,5.83,10.65,7.55,,2.45,5.57,13.97
2011-02-10,8.26,,17.96,,,5.84,10.67,7.55,,2.45,5.56,13.97
2011-02-11,8.25,,17.95,,,5.84,10.68,7.54,,2.45,5.54,13.97
2011-02-12,8.25,,17.96,,,5.84,10.69,7.54,,2.45,5.51,13.99
2011-02-13,8.23,,17.96,,,5.83,10.7,7.54,,2.45,5.49,14.0
2011-02-14,8.23,,17.95,,,5.82,10.71,7.54,,2.45,5.48,14.01
2011-02-15,8.22,,17.94,,,5.81,10.71,7.54,,2.45,5.47,14.0
2011-02-16,8.22,,17.95,,,5.81,10.71,7.54,,2.45,5.49,14.0
2011-02-17,8.21,,17.94,,,5.8,10.7,7.53,,2.45,5.5,13.98
2011-02-18,8.2,,17.92,,,5.79,10.68,7.51,,2.45,5.5,13.98
2011-02-19,8.2,,17.91,,,5.79,10.66,7.49,,2.45,5.5,13.96
2011-02-20,8.19,,17.89,,,5.79,10.64,7.48,,2.45,5.49,13.96
2011-02-21,8.19,,17.87,,,5.79,10.62,7.46,,2.45,5.48,13.96
2011-02-22,8.18,,17.89,,,5.78,10.62,9.23,,2.45,5.49,13.96
2011-02-23,8.18,,17.92,,,5.78,10.64,9.51,,2.45,5.49,13.95
2011-02-24,8.17,,17.94,,,5.77,10.65,9.78,,2.45,5.49,13.92
2011-02-25,8.16,,17.95,,,5.77,10.65,10.05,,2.45,5.48,13.88
2011-02-26,8.15,,17.97,,,5.76,10.66,10.32,,2.45,5.47,13.84
2011-02-27,8.14,,17.95,,,5.76,10.64,8.82,,2.44,5.46,13.81
2011-02-28,8.13,,17.92,,,5.75,10.63,8.81,,2.44,5.45,13.78
2011-03-01,9.75,,21.41,,,6.85,12.71,8.81,,2.96,6.54,17.17
2011-03-02,11.41,,24.9,,,7.94,14.8,8.8,,3.47,7.63,20.6
2011-03-03,11.44,,24.81,,0.0,7.89,14.77,8.79,,3.5,7.63,21.23
2011-03-04,11.46,,24.73,,0.0,7.84,14.73,8.78,,3.53,7.63,21.88
2011-03-05,11.49,,24.66,,0.0,7.79,14.69,8.77,,3.56,7.63,22.55
2011-03-06,9.88,,21.08,,0.0,6.64,12.56,8.76,,3.08,6.55,19.8
2011-03-07,8.26,,17.51,,0.0,5.49,10.43,8.75,,2.59,5.46,17.06
2011-03-08,8.26,,17.52,,0.0,5.48,10.41,8.75,,2.59,5.47,17.09
2011-03-09,8.25,,17.53,,0.0,5.48,10.4,8.75,,2.59,5.47,17.1
2011-03-10,8.24,,17.56,,0.0,5.48,10.39,8.75,,2.58,5.47,17.11
2011-03-11,8.24,,17.59,,0.0,5.47,10.38,8.75,,2.58,5.47,17.13
2011-03-12,8.22,,17.62,,0.0,5.47,10.37,8.74,,2.58,5.46,17.11
2011-03-13,8.21,,17.65,,0.0,5.46,10.37,8.74,,2.57,5.46,17.11
2011-03-14,8.2,,17.69,,0.0,5.46,10.38,8.74,,2.57,5.46,17.11
2011-03-15,8.2,,17.72,,0.0,5.45,10.38,8.74,,2.57,5.46,17.12
2011-03-16,8.19,,17.78,,0.0,5.45,10.4,8.75,,2.57,5.46,17.1
2011-03-17,8.18,,17.79,,0.0,5.45,10.41,8.76,,2.57,5.45,17.07
2011-03-18,8.17,,17.79,,0.0,5.44,10.41,8.77,,2.57,5.45,17.03
2011-03-19,8.16,,17.78,,0.0,5.44,10.42,8.78,,2.57,5.44,17.0
2011-03-20,8.15,,17.75,,0.0,5.44,10.41,8.78,,2.57,5.44,16.96
2011-03-21,8.16,,17.67,,0.0,5.45,10.39,10.47,,2.57,5.44,16.94
2011-03-22,8.16,,17.63,,0.0,5.45,10.39,12.14,,2.57,5.45,16.93
2011-03-23,8.16,,17.61,,0.0,5.45,10.37,13.82,,2.57,5.45,16.92
2011-03-24,8.17,,17.59,,0.0,5.46,10.36,13.76,,2.58,5.46,16.91
2011-03-25,8.18,,17.56,,0.0,5.46,10.35,13.7,,2.58,5.46,16.9
2011-03-26,8.19,,17.56,,0.0,5.47,10.35,11.94,,2.58,5.46,16.9
2011-03-27,8.2,,17.56,,0.0,5.47,10.34,10.19,,2.58,5.46,16.9
2011-03-28,8.2,,17.56,,0.0,5.47,10.34,8.45,,2.58,5.47,16.88
2011-03-29,8.21,,17.55,,0.0,5.47,10.35,8.45,,2.58,5.47,16.86
2011-03-30,8.21,,17.54,,0.0,5.47,10.35,8.44,,2.58,5.47,16.83
2011-03-31,6.57,,14.03,,0.0,4.38,8.28,8.44,,2.07,4.38,13.45
2011-04-01,6.56,,13.98,,0.0,4.29,8.28,8.42,,2.05,4.37,12.78
2011-04-02,6.55,,13.92,,0.0,4.2,8.28,8.41,,2.02,4.37,12.13
2011-04-03,6.53,,13.87,,0.0,4.11,8.29,8.4,,2.0,4.36,11.49
2011-04-04,6.51,,13.8,,0.0,4.02,8.28,8.38,,1.98,4.35,10.84
2011-04-05,8.14,,17.23,,0.0,5.03,10.35,8.36,,2.48,5.44,13.55
2011-04-06,8.14,,17.21,,0.0,5.04,10.34,8.34,,2.48,5.45,13.56
2011-04-07,8.14,,17.18,,0.0,5.04,10.34,8.32,,2.48,5.45,13.56
2011-04-08,8.15,,17.15,,0.0,5.04,10.33,8.29,,2.48,5.45,13.57
2011-04-09,8.15,,17.15,,0.0,5.05,10.33,8.26,,2.48,5.45,13.59
2011-04-10,8.16,,17.14,,0.0,5.05,10.32,8.24,,2.48,5.45,13.59
2011-04-11,8.16,,17.14,,0.0,5.05,10.33,8.23,,2.48,5.45,13.6
2011-04-12,8.16,,17.15,,0.0,5.04,10.33,8.23,,2.48,5.44,13.61
2011-04-13,8.15,,17.15,,0.0,5.04,10.34,8.23,,2.48,5.44,13.6
2011-04-14,8.15,,17.16,,0.0,5.03,10.35,8.23,,2.48,5.44,13.6
2011-04-15,8.13,,17.17,,1.49,5.03,10.35,8.23,,2.47,5.43,13.59
2011-04-16,8.12,,17.17,,2.98,5.02,10.34,8.23,,2.47,5.42,13.57
2011-04-17,8.11,,17.16,,4.47,5.02,10.34,8.23,,2.47,5.41,13.56
2011-04-18,8.11,,17.18,,5.97,5.01,10.33,8.23,,2.47,5.41,13.55
2011-04-19,8.09,,17.18,,7.46,5.01,10.33,8.23,,2.47,5.4,13.53
2011-04-20,8.09,,17.17,,7.46,5.01,10.33,6.59,,2.47,5.39,13.52
2011-04-21,8.08,,17.15,,7.46,5.0,10.33,4.95,,2.47,5.39,13.51
2011-04-22,8.07,,17.12,,7.46,5.0,10.33,3.3,,2.47,5.38,13.5
2011-04-23,8.06,,17.09,,7.45,5.0,10.32,1.65,,2.47,5.38,13.49
2011-04-24,8.06,,17.07,,7.45,5.01,10.31,0.0,,2.47,5.38,13.48
2011-04-25,8.06,,17.07,,7.45,5.0,10.31,1.9,,2.47,5.37,13.48
2011-04-26,8.05,,17.06,,7.45,5.0,10.31,3.8,,2.47,5.37,13.47
2011-04-27,8.04,,17.05,,7.45,4.99,10.31,5.7,,2.47,5.36,13.46
2011-04-28,8.03,,17.05,,7.45,4.99,10.3,7.58,,2.47,5.35,13.45
2011-04-29,8.02,,17.03,,7.45,4.98,10.28,9.46,,2.46,5.34,13.44
2011-04-30,8.0,,17.01,,7.45,4.98,10.25,9.43,,2.46,5.34,13.43
2011-05-01,6.4,,13.6,,7.45,3.98,8.19,9.41,,1.97,4.26,10.74
2011-05-02,6.38,,13.61,,7.45,4.0,8.15,9.39,,1.97,4.28,10.7
2011-05-03,6.37,,13.62,,7.45,4.02,8.12,9.38,,1.98,4.29,10.66
2011-05-04,6.35,,13.64,,7.45,4.04,8.09,9.4,,1.99,4.3,10.61
2011-05-05,6.34,,13.68,,7.45,4.05,8.06,9.44,,2.0,4.31,10.56
2011-05-06,7.91,,17.09,,7.45,5.06,10.08,9.47,,2.5,5.39,13.2
2011-05-07,7.91,,17.09,,7.45,5.06,10.07,9.49,,2.5,5.38,13.19
2011-05-08,7.9,,17.08,,7.45,5.05,10.07,9.52,,2.5,5.38,13.19
2011-05-09,7.89,,17.08,,7.45,5.05,10.07,9.53,,2.5,5.37,13.18
2011-05-10,7.9,,17.05,,7.45,5.05,10.06,9.51,,2.5,5.37,13.18
2011-05-11,7.9,,17.04,,7.45,5.05,10.05,9.51,,2.5,5.37,13.17
2011-05-12,7.91,,17.03,,7.45,5.05,10.05,9.52,,2.5,5.36,13.15
2011-05-13,7.91,,17.04,,8.98,5.05,10.04,9.53,,2.5,5.35,13.12
2011-05-14,7.91,,17.04,,10.51,5.05,10.03,9.55,,2.5,5.34,13.1
2011-05-15,7.91,,17.06,,10.55,5.05,10.02,9.57,,2.5,5.33,13.08
2011-05-16,7.9,,17.06,,10.59,5.04,10.02,9.59,,2.5,5.32,13.06
2011-05-17,7.89,,17.06,,10.63,5.04,10.01,9.59,,2.5,5.32,13.04
2011-05-18,7.89,,17.05,,9.14,5.04,10.0,9.59,,2.49,5.31,13.02
2011-05-19,7.88,,17.03,,7.65,5.04,9.99,9.57,,2.49,5.31,13.01
2011-05-20,7.88,,17.02,,7.66,5.04,9.99,9.55,,2.49,5.32,13.0
2011-05-21,7.88,,17.01,,7.66,5.04,9.98,9.53,,2.49,5.32,13.0
2011-05-22,7.88,,17.01,,7.66,5.04,9.98,9.51,,2.49,5.32,13.0
2011-05-23,7.88,,17.04,,7.67,5.04,9.98,11.51,,2.49,5.33,13.01
2011-05-24,7.88,,17.06,,7.67,5.04,9.99,13.51,,2.49,5.32,13.0
2011-05-25,7.88,,17.08,,7.67,5.04,10.0,13.6,,2.49,5.32,13.0
2011-05-26,7.88,,17.11,,7.68,5.03,10.01,13.68,,2.49,5.32,12.99
2011-05-27,7.87,,17.12,,7.69,5.03,10.02,13.75,,2.49,5.32,12.98
2011-05-28,7.86,,17.12,,7.69,5.03,10.02,11.82,,2.49,5.31,12.97
2011-05-29,7.86,,17.11,,7.7,5.03,10.02,9.89,,2.49,5.31,12.97
2011-05-30,7.85,,17.1,,7.7,5.03,10.02,9.87,,2.48,5.31,12.96
2011-05-31,7.85,,17.08,,7.7,5.02,10.0,9.85,,2.48,5.3,12.96
2011-06-01,7.83,,17.05,,7.69,4.96,10.03,9.85,,2.47,5.29,13.09
2011-06-02,7.83,,17.02,,7.69,4.91,10.06,9.84,,2.46,5.27,13.21
2011-06-03,7.83,,17.01,,7.69,4.85,10.08,9.83,,2.45,5.25,13.33
2011-06-04,7.82,,16.99,,7.69,4.79,10.11,9.81,,2.43,5.23,13.44
2011-06-05,7.82,,16.99,,7.69,4.73,10.15,9.8,,2.42,5.21,13.56
2011-06-06,7.83,,17.01,,7.7,4.73,10.15,9.8,,2.42,5.21,13.55
2011-06-07,7.83,,17.03,,7.7,4.72,10.14,9.79,,2.42,5.21,13.55
2011-06-08,7.82,,17.06,,7.71,4.72,10.14,9.79,,2.42,5.21,13.54
2011-06-09,7.82,,17.09,,7.71,4.72,10.13,9.8,,2.42,5.22,13.53
2011-06-10,7.83,,17.13,,7.72,4.72,10.12,9.81,,2.42,5.22,13.51
2011-06-11,7.83,,17.17,,7.73,4.72,10.12,9.82,,2.42,5.22,13.5
2011-06-12,7.83,,17.21,,6.18,4.72,10.11,9.83,,2.42,5.23,13.48
2011-06-13,7.83,,17.24,,4.64,4.73,10.11,9.83,,2.42,5.24,13.47
2011-06-14,7.84,,17.26,,3.1,4.73,10.12,9.82,,2.42,5.24,13.47
2011-06-15,7.83,,17.26,,3.12,4.73,10.12,9.83,,2.42,5.24,13.46
2011-06-16,7.83,,17.33,,3.14,4.73,10.14,9.84,,2.42,5.24,13.45
2011-06-17,7.83,,17.36,,4.72,4.73,10.15,9.85,,2.42,5.23,13.44
2011-06-18,7.83,,17.38,,6.29,4.74,10.17,9.87,,2.42,5.23,13.42
2011-06-19,7.82,,17.42,,7.87,4.73,10.18,9.89,,2.42,5.23,13.41
2011-06-20,7.82,,17.42,,7.88,4.74,10.2,9.89,,2.42,5.22,13.41
2011-06-21,7.82,,17.33,,7.88,4.74,10.18,9.88,,2.42,5.22,13.41
2011-06-22,7.82,,17.31,,7.87,4.74,10.17,9.81,,2.42,5.22,13.41
2011-06-23,7.81,,17.27,,7.88,4.73,10.16,9.76,,2.42,5.22,13.4
2011-06-24,7.81,,17.25,,7.88,4.73,10.15,9.72,,2.42,5.21,13.39
2011-06-25,7.8,,17.25,,7.88,4.73,10.14,9.68,,2.42,5.21,13.38
2011-06-26,7.79,,17.27,,7.89,4.73,10.14,9.64,,2.41,5.21,13.37
2011-06-27,7.79,,17.27,,7.89,4.72,10.14,9.66,,2.41,5.21,13.36
2011-06-28,7.81,,17.27,,7.89,4.73,10.14,9.66,,2.42,5.21,13.36
2011-06-29,7.83,,17.22,,7.88,4.73,10.13,9.64,,2.42,5.21,13.37
2011-06-30,7.85,,17.16,,7.87,4.73,10.11,9.61,,2.42,5.22,13.39
2011-07-01,7.87,,17.16,,7.86,4.85,10.06,9.58,,2.42,5.22,13.23
2011-07-02,7.88,,17.17,,7.85,4.97,10.01,9.54,,2.41,5.22,13.07
2011-07-03,7.89,,17.19,,7.84,5.08,9.97,9.5,,2.41,5.23,12.9
2011-07-04,7.89,,17.24,,7.83,5.2,9.92,9.48,,2.4,5.22,12.73
2011-07-05,7.89,,17.32,,7.83,5.31,9.88,9.48,,2.39,5.22,12.54
2011-07-06,7.88,,17.31,,7.82,5.3,9.89,9.48,,2.39,5.22,12.53
2011-07-07,7.87,,17.29,,7.82,5.3,9.88,9.49,,2.39,5.22,12.52
2011-07-08,7.85,,17.28,,7.82,5.3,9.88,9.49,,2.39,5.22,12.51
2011-07-09,7.83,,17.27,,7.82,5.3,9.88,9.49,,2.39,5.22,12.5
2011-07-10,7.82,,17.27,,7.82,5.29,9.87,9.48,,2.39,5.22,12.5
2011-07-11,7.8,,17.3,,7.83,5.29,9.87,9.48,,2.39,5.22,12.49
2011-07-12,7.78,,17.35,,7.83,5.29,9.88,9.5,,2.39,5.21,12.48
2011-07-13,7.77,,17.37,,7.83,5.28,9.89,9.51,,2.39,5.2,12.46
2011-07-14,7.77,,17.39,,7.83,5.28,9.89,9.52,,2.38,5.19,12.46
2011-07-15,7.77,,17.41,,7.81,5.28,9.9,9.53,,2.38,5.18,12.45
2011-07-16,7.77,,17.39,,7.79,5.28,9.9,9.53,,2.38,5.18,12.44
2011-07-17,7.77,,17.37,,7.76,5.28,9.89,9.51,,2.38,5.18,12.44
2011-07-18,7.78,,17.38,,7.74,5.28,9.89,9.52,,2.38,5.18,12.45
2011-07-19,7.78,,17.37,,7.72,5.28,9.9,9.51,,2.38,5.17,12.44
2011-07-20,7.78,,17.36,,7.72,5.28,9.89,9.49,,2.38,5.17,12.44
2011-07-21,7.79,,17.33,,7.73,5.28,9.89,9.47,,2.38,5.16,12.42
2011-07-22,7.78,,17.29,,7.73,5.28,9.87,7.57,,2.38,5.15,12.4
2011-07-23,7.78,,17.25,,7.72,5.27,9.86,5.66,,2.38,5.14,12.38
2011-07-24,7.78,,17.23,,7.72,5.27,9.84,3.77,,2.39,5.14,12.36
2011-07-25,7.78,,17.23,,7.72,5.28,9.83,3.74,,2.39,5.14,12.36
2011-07-26,7.77,,17.23,,7.72,5.27,9.82,3.72,,2.39,5.14,12.36
2011-07-27,7.78,,17.27,,7.72,5.28,9.82,5.57,,2.39,5.15,12.38
2011-07-28,7.78,,17.31,,7.72,5.28,9.81,7.43,,2.39,5.16,12.41
2011-07-29,7.77,,17.33,,7.73,5.27,9.79,9.29,,2.38,5.17,12.45
2011-07-30,7.75,,17.35,,7.74,5.27,9.76,9.28,,2.38,5.18,12.49
2011-07-31,6.19,,13.89,,7.75,4.21,7.8,9.27,,1.91,4.14,10.0
2011-08-01,6.16,,13.69,,7.75,4.26,7.65,9.27,,1.89,4.08,10.06
2011-08-02,6.11,,13.54,,7.77,4.29,7.49,9.27,,1.88,4.02,10.07
2011-08-03,6.07,,13.39,,7.77,4.34,7.35,9.27,,1.86,3.95,10.06
2011-08-04,6.03,,13.34,,7.8,4.38,7.22,9.29,,1.85,3.87,10.06
2011-08-05,7.54,,16.76,,7.85,5.47,9.05,9.31,,2.31,4.83,12.59
2011-08-06,7.54,,16.91,,7.9,5.47,9.08,9.33,,2.31,4.82,12.58
2011-08-07,7.54,,17.01,,7.95,5.47,9.11,9.35,,2.31,4.81,12.6
2011-08-08,7.57,,17.27,,8.05,5.47,9.17,9.39,,2.31,4.82,12.79
2011-08-09,7.59,,17.32,,8.11,5.47,9.23,9.42,,2.31,4.83,12.91
2011-08-10,7.57,,17.42,,8.16,5.46,9.25,9.45,,2.3,4.83,12.96
2011-08-11,7.59,,17.46,,8.21,5.45,9.28,9.46,,2.3,4.84,13.01
2011-08-12,7.59,,17.52,,8.26,5.43,9.3,9.46,,2.3,4.84,13.05
2011-08-13,7.58,,17.43,,8.24,5.42,9.3,9.45,,2.3,4.83,12.94
2011-08-14,7.58,,17.44,,6.6,5.41,9.29,9.44,,2.3,4.82,12.89
2011-08-15,7.59,,17.34,,6.73,5.41,9.28,9.41,,2.3,4.82,12.84
2011-08-16,7.57,,17.32,,6.86,5.41,9.24,9.4,,2.3,4.81,12.82
2011-08-17,7.56,,17.25,,6.99,5.41,9.2,9.38,,2.29,4.8,12.77
2011-08-18,7.54,,17.22,,7.15,5.41,9.16,9.38,,2.29,4.79,12.72
2011-08-19,7.53,,17.22,,8.95,5.41,9.13,9.38,,2.29,4.78,12.68
2011-08-20,7.52,,17.28,,8.97,5.41,9.11,9.38,,2.29,4.77,12.68
2011-08-21,7.51,,17.31,,8.98,5.41,9.1,9.39,,2.29,4.77,12.66
2011-08-22,7.52,,17.38,,9.0,5.42,9.1,11.4,,2.29,4.76,12.64
2011-08-23,7.54,,17.38,,9.0,5.42,9.1,13.39,,2.29,4.77,12.63
2011-08-24,7.59,,17.37,,9.01,5.43,9.12,13.52,,2.29,4.77,12.63
2011-08-25,7.62,,17.38,,9.04,5.44,9.13,13.65,,2.29,4.76,12.61
2011-08-26,7.65,,17.36,,9.06,5.44,9.13,13.77,,2.29,4.76,12.6
2011-08-27,7.68,,17.35,,9.09,5.44,9.13,11.9,,2.29,4.76,12.6
2011-08-28,7.69,,17.35,,9.13,5.44,9.13,10.03,,2.29,4.75,12.6
2011-08-29,7.67,,17.31,,9.14,5.44,9.11,10.02,,2.29,4.75,12.59
2011-08-30,7.66,,17.24,,9.13,5.44,9.1,10.0,,2.29,4.75,12.58
2011-08-31,6.12,,13.77,,9.11,4.35,7.28,9.98,,1.83,3.8,10.07
2011-09-01,6.08,,13.77,,9.06,4.17,7.34,9.97,,1.82,3.83,10.17
2011-09-02,6.02,,13.77,,9.02,3.99,7.39,9.95,,1.81,3.86,10.27
2011-09-03,5.97,,13.81,,8.98,3.8,7.44,9.95,,1.79,3.9,10.37
2011-09-04,5.92,,13.86,,8.94,3.62,7.5,9.95,,1.78,3.94,10.47
2011-09-05,7.4,,17.33,,8.92,4.53,9.37,9.96,,2.22,4.92,13.09
2011-09-06,7.38,,17.39,,8.94,4.53,9.37,9.97,,2.22,4.93,13.08
2011-09-07,7.37,,17.42,,8.94,4.53,9.37,9.98,,2.22,4.92,13.07
2011-09-08,7.36,,17.43,,8.95,4.53,9.37,9.99,,2.23,4.92,13.05
2011-09-09,7.35,,17.47,,8.95,4.53,9.39,10.02,,2.23,4.91,13.04
2011-09-10,7.34,,17.52,,8.96,4.53,9.4,10.05,,2.23,4.91,13.02
2011-09-11,7.34,,17.52,,8.94,4.53,9.41,10.06,,2.23,4.9,13.02
2011-09-12,7.35,,17.57,,8.94,4.53,9.43,10.12,,2.22,4.9,13.02
2011-09-13,7.35,,17.61,,8.95,4.53,9.45,10.17,,2.22,4.9,13.02
2011-09-14,7.36,,17.59,,7.16,4.53,9.46,10.23,,2.23,4.9,13.03
2011-09-15,7.38,,17.55,,7.21,4.53,9.47,10.28,,2.23,4.9,13.03
2011-09-16,7.39,,17.51,,7.27,4.53,9.48,10.35,,2.23,4.9,13.03
2011-09-17,7.4,,17.44,,7.32,4.53,9.49,10.38,,2.23,4.9,13.02
2011-09-18,7.4,,17.39,,7.37,4.53,9.5,10.41,,2.23,4.91,13.02
2011-09-19,7.4,,17.37,,9.21,4.53,9.5,10.46,,2.22,4.91,13.0
2011-09-20,7.39,,17.38,,9.21,4.53,9.51,10.53,,2.22,4.91,12.99
2011-09-21,7.38,,17.41,,9.21,4.53,9.52,8.44,,2.22,4.9,12.96
2011-09-22,7.37,,17.48,,9.23,4.52,9.57,6.36,,2.22,4.89,12.9
2011-09-23,7.36,,17.55,,9.24,4.52,9.66,4.27,,2.22,4.88,12.87
2011-09-24,7.36,,17.62,,9.26,4.52,9.73,2.14,,2.22,4.87,12.86
2011-09-25,7.36,,17.69,,9.27,4.52,9.81,0.0,,2.22,4.86,12.84
2011-09-26,7.37,,17.71,,9.28,4.52,9.9,2.12,,2.22,4.86,12.83
2011-09-27,7.39,,17.68,,9.27,4.53,9.93,4.2,,2.23,4.86,12.85
2011-09-28,7.4,,17.71,,9.28,4.53,9.92,6.31,,2.23,4.86,12.84
2011-09-29,7.42,,17.74,,9.29,4.54,9.9,8.42,,2.23,4.87,12.82
2011-09-30,7.43,,17.84,,9.3,4.54,9.9,10.53,,2.23,4.87,12.8
2011-10-01,5.95,,14.31,,9.32,3.63,7.89,10.53,,1.78,3.9,10.23
2011-10-02,4.46,,10.78,,9.34,2.73,5.91,10.56,,1.34,2.93,7.67
2011-10-03,4.47,,10.74,,9.37,2.75,5.95,10.58,,1.32,2.93,7.58
2011-10-04,4.49,,10.71,,9.4,2.77,6.02,10.62,,1.31,2.93,7.5
2011-10-05,4.52,,10.55,,9.42,2.79,6.06,10.61,,1.3,2.94,7.44
2011-10-06,6.03,,14.0,,9.43,3.73,8.06,10.57,,1.73,3.93,9.95
2011-10-07,7.54,,17.43,,9.45,4.66,10.06,10.53,,2.17,4.92,12.46
2011-10-08,7.56,,17.34,,9.44,4.66,10.04,10.47,,2.17,4.93,12.49
2011-10-09,7.56,,17.25,,9.43,4.67,10.0,10.4,,2.17,4.94,12.52
2011-10-10,7.56,,17.12,,9.4,4.67,9.95,10.34,,2.17,4.94,12.53
2011-10-11,7.56,,17.08,,9.38,4.67,9.94,10.31,,2.18,4.94,12.52
2011-10-12,7.55,,16.97,,9.34,4.68,9.9,10.25,,2.18,4.94,12.53
2011-10-13,7.54,,16.87,,9.3,4.68,9.85,10.21,,2.18,4.94,12.54
2011-10-14,7.53,,16.75,,11.71,4.68,9.8,10.15,,2.18,4.94,12.53
2011-10-15,7.52,,16.7,,12.32,4.67,9.78,10.13,,2.18,4.94,12.54
2011-10-16,7.52,,16.61,,12.93,4.68,9.76,10.1,,2.18,4.93,12.54
2011-10-17,7.52,,16.62,,13.55,4.67,9.74,10.11,,2.18,4.93,12.51
2011-10-18,7.52,,16.6,,14.17,4.67,9.72,10.11,,2.18,4.93,12.49
2011-10-19,7.51,,16.61,,12.33,4.67,9.72,10.12,,2.17,4.93,12.48
2011-10-20,7.5,,16.6,,12.32,4.67,9.71,10.16,,2.17,4.93,12.46
2011-10-21,7.48,,16.54,,12.3,4.67,9.71,10.19,,2.17,4.92,12.45
2011-10-22,7.46,,16.46,,12.27,4.67,9.7,10.2,,2.17,4.92,12.44
2011-10-23,7.45,,16.41,,12.25,4.67,9.71,10.22,,2.17,4.91,12.44
2011-10-24,7.43,,16.25,,12.2,4.67,9.7,12.13,,2.17,4.91,12.43
2011-10-25,7.41,,16.18,,12.17,4.67,9.68,14.04,,2.17,4.91,12.44
2011-10-26,7.4,,16.14,,12.14,4.67,9.66,13.92,,2.17,4.91,12.43
2011-10-27,7.39,,16.05,,12.1,4.67,9.61,13.75,,2.17,4.91,12.41
2011-10-28,7.37,,15.97,,12.05,4.67,9.57,13.58,,2.18,4.91,12.41
2011-10-29,7.36,,15.98,,12.04,4.67,9.54,11.5,,2.18,4.91,12.41
2011-10-30,7.35,,15.93,,12.01,4.67,9.51,9.42,,2.18,4.91,12.41
2011-10-31,7.34,,15.92,,12.0,4.66,9.49,9.39,,2.18,4.92,12.4
2011-11-01,8.73,,19.22,,12.02,5.53,11.41,9.45,,2.56,5.87,14.81
2011-11-02,8.66,,19.2,,12.04,5.47,11.43,9.49,,2.5,5.85,14.74
2011-11-03,8.59,,19.15,,12.04,5.42,11.44,9.52,,2.45,5.83,14.67
2011-11-04,8.51,,19.11,,12.05,5.36,11.44,9.56,,2.39,5.81,14.59
2011-11-05,8.44,,19.04,,12.05,5.3,11.44,9.57,,2.34,5.79,14.52
2011-11-06,6.97,,15.71,,12.03,4.37,9.53,9.54,,1.91,4.81,12.05
2011-11-07,6.97,,15.7,,12.01,4.37,9.51,9.53,,1.91,4.82,12.05
2011-11-08,6.99,,15.7,,12.02,4.37,9.5,9.52,,1.91,4.82,12.05
2011-11-09,7.0,,15.77,,12.03,4.38,9.51,9.53,,1.91,4.82,12.05
2011-11-10,7.03,,15.84,,12.02,4.38,9.52,9.55,,1.91,4.82,12.05
2011-11-11,7.06,,15.87,,12.0,4.38,9.52,9.55,,1.91,4.82,12.04
2011-11-12,7.08,,15.88,,11.98,4.38,9.52,9.54,,1.91,4.82,12.04
2011-11-13,7.09,,15.91,,9.58,4.38,9.52,9.56,,1.91,4.81,12.03
2011-11-14,7.1,,15.88,,7.16,4.38,9.52,9.56,,1.91,4.81,12.02
2011-11-15,7.11,,15.87,,6.9,4.38,9.53,9.57,,1.91,4.81,12.02
2011-11-16,7.11,,15.93,,6.64,4.38,9.55,9.61,,1.91,4.82,12.03
2011-11-17,7.13,,16.01,,6.38,4.38,9.58,9.66,,1.91,4.82,12.05
2011-11-18,7.14,,16.09,,8.51,4.38,9.61,9.7,,1.91,4.82,12.06
2011-11-19,7.16,,16.15,,10.64,4.38,9.63,9.73,,1.91,4.82,12.08
2011-11-20,7.17,,16.2,,10.65,4.38,9.65,9.73,,1.91,4.81,12.09
2011-11-21,7.19,,16.25,,10.66,4.38,9.67,11.61,,1.91,4.81,12.1
2011-11-22,7.19,,16.32,,10.68,4.38,9.7,13.47,,1.91,4.81,12.1
2011-11-23,7.21,,16.44,,10.71,4.38,9.75,13.4,,1.91,4.8,12.1
2011-11-24,7.23,,16.56,,10.74,4.38,9.8,13.32,,1.91,4.8,12.09
2011-11-25,7.25,,16.68,,10.76,4.38,9.84,13.27,,1.91,4.8,12.09
2011-11-26,7.27,,16.77,,10.77,4.38,9.87,11.34,,1.9,4.8,12.08
2011-11-27,7.28,,16.83,,10.78,4.38,9.89,9.42,,1.9,4.8,12.08
2011-11-28,7.29,,16.76,,10.77,4.38,9.87,9.42,,1.91,4.8,12.07
2011-11-29,7.3,,16.66,,10.76,4.38,9.85,9.41,,1.91,4.8,12.07
2011-11-30,7.29,,16.51,,10.74,4.38,9.81,9.35,,1.91,4.8,12.07
2011-12-01,7.23,,16.49,,10.73,4.39,9.75,9.28,,1.92,4.82,11.98
2011-12-02,7.15,,16.45,,10.72,4.39,9.68,9.21,,1.93,4.84,11.87
2011-12-03,7.07,,16.48,,10.72,4.4,9.63,9.16,,1.93,4.85,11.78
2011-12-04,6.99,,16.53,,10.72,4.41,9.58,9.11,,1.94,4.87,11.68
2011-12-05,6.91,,16.62,,10.72,4.42,9.54,9.09,,1.95,4.88,11.58
2011-12-06,6.9,,16.57,,10.71,4.42,9.52,9.09,,1.95,4.87,11.56
2011-12-07,6.88,,16.54,,10.7,4.42,9.52,9.08,,1.95,4.86,11.54
2011-12-08,6.88,,16.54,,10.7,4.41,9.53,9.08,,1.95,4.86,11.52
2011-12-09,6.88,,16.51,,10.69,4.41,9.53,9.08,,1.95,4.85,11.51
2011-12-10,6.89,,16.5,,10.69,4.41,9.53,9.09,,1.95,4.84,11.49
2011-12-11,6.89,,16.51,,10.69,4.4,9.54,9.1,,1.95,4.83,11.48
2011-12-12,6.9,,16.52,,10.69,4.4,9.55,9.13,,1.95,4.83,11.48
2011-12-13,6.9,,16.52,,10.69,4.4,9.54,9.15,,1.95,4.83,11.48
2011-12-14,6.89,,16.56,,10.7,4.4,9.54,9.2,,1.95,4.83,11.47
2011-12-15,6.88,,16.58,,10.98,4.4,9.55,9.24,,1.95,4.83,11.47
2011-12-16,6.86,,16.59,,11.27,4.4,9.55,9.27,,1.94,4.82,11.46
2011-12-17,6.85,,16.58,,11.55,4.4,9.54,9.29,,1.94,4.82,11.45
2011-12-18,6.83,,16.56,,11.83,4.4,9.55,9.29,,1.94,4.82,11.45
2011-12-19,6.82,,16.53,,12.1,4.4,9.55,9.29,,1.94,4.81,11.44
2011-12-20,6.81,,16.48,,12.1,4.4,9.54,9.27,,1.94,4.81,11.44
2011-12-21,6.81,,16.44,,12.08,4.4,9.53,9.07,,1.94,4.81,11.44
2011-12-22,6.81,,16.38,,12.05,4.4,9.52,8.88,,1.94,4.8,11.44
2011-12-23,6.8,,16.3,,12.03,4.4,9.51,8.67,,1.94,4.79,11.43
2011-12-24,6.81,,16.23,,12.02,4.4,9.49,8.47,,1.94,4.79,11.43
2011-12-25,6.81,,16.19,,12.01,4.4,9.49,8.28,,1.94,4.79,11.42
2011-12-26,6.81,,16.16,,12.0,4.4,9.49,8.27,,1.94,4.78,11.41
2011-12-27,8.17,,19.27,,12.01,5.26,11.27,8.27,,2.34,5.64,11.41
2011-12-28,9.53,,22.42,,12.01,6.11,13.04,8.28,,2.74,6.5,13.6
2011-12-29,10.88,,25.54,,12.02,6.96,14.81,8.29,,3.14,7.34,15.8
2011-12-30,12.22,,28.65,,12.03,7.81,16.58,8.3,,3.54,8.2,18.0
2011-12-31,12.22,,28.55,,12.03,7.78,16.45,8.31,,3.55,8.1,17.92
2012-01-01,10.85,,25.32,,12.03,6.9,14.56,8.32,,3.16,7.15,17.85
2012-01-02,9.49,,22.07,,12.03,6.02,12.65,8.32,,2.77,6.2,15.58
2012-01-03,8.13,,18.85,,12.01,5.14,10.78,8.31,,2.38,5.26,13.31
2012-01-04,6.78,,15.63,,12.0,4.26,8.9,8.29,,2.0,4.3,11.03
2012-01-05,6.79,,15.64,,11.97,4.26,8.91,8.29,,2.0,4.3,11.02
2012-01-06,6.79,,15.66,,11.95,4.26,8.93,8.28,,2.0,4.28,11.01
2012-01-07,6.79,,15.68,,11.92,4.26,8.96,8.28,,2.0,4.26,11.0
2012-01-08,6.79,,15.71,,11.91,4.26,8.96,8.3,,2.0,4.24,10.99
2012-01-09,6.79,,15.73,,11.89,4.26,8.97,8.31,,2.0,4.23,10.97
2012-01-10,6.79,,15.72,,11.88,4.26,8.99,8.29,,2.0,4.22,10.94
2012-01-11,6.79,,15.71,,11.87,4.26,8.99,8.27,,2.0,4.22,10.92
2012-01-12,6.78,,15.7,,11.86,4.25,8.99,8.25,,2.0,4.22,10.89
2012-01-13,6.77,,15.7,,13.89,4.25,8.99,8.23,,1.99,4.22,10.85
2012-01-14,6.76,,15.7,,13.55,4.25,8.99,8.21,,1.99,4.22,10.82
2012-01-15,6.75,,15.71,,13.23,4.25,8.99,8.21,,1.99,4.22,10.79
2012-01-16,6.74,,15.71,,12.9,4.25,8.99,8.2,,1.99,4.22,10.77
2012-01-17,6.74,,15.71,,12.57,4.25,8.99,8.19,,1.99,4.21,10.76
2012-01-18,6.73,,15.7,,10.21,4.25,8.98,8.16,,1.99,4.21,10.75
2012-01-19,6.73,,15.68,,10.21,4.25,8.97,8.12,,1.99,4.21,10.75
2012-01-20,6.74,,15.66,,10.2,4.25,8.95,6.48,,1.99,4.21,10.74
2012-01-21,6.74,,15.64,,10.2,4.25,8.93,4.83,,2.0,4.21,10.74
2012-01-22,6.74,,15.62,,10.2,4.26,8.91,3.21,,2.0,4.21,10.74
2012-01-23,6.75,,15.61,,10.19,4.26,8.89,2.92,,2.0,4.21,10.74
2012-01-24,6.75,,15.59,,10.18,4.26,8.89,2.64,,2.0,4.21,10.75
2012-01-25,6.74,,15.54,,10.17,4.26,8.88,3.96,,2.0,4.2,10.74
2012-01-26,5.39,,12.42,,10.16,3.41,7.11,5.26,,1.6,3.36,10.73
2012-01-27,4.04,,9.3,,10.14,2.56,5.33,6.56,,1.2,2.52,8.58
2012-01-28,2.69,,6.18,,10.12,1.7,3.55,6.54,,0.8,1.67,6.43
2012-01-29,1.34,,3.08,,10.11,0.85,1.77,6.52,,0.4,0.83,4.28
2012-01-30,0.0,,0.0,,10.09,0.0,0.0,6.51,,0.0,0.0,2.14
2012-01-31,0.0,,0.0,,10.08,0.0,0.0,6.5,,0.0,0.0,0.0
2012-02-01,1.33,,2.92,,10.07,0.91,1.83,6.49,,0.35,0.86,2.15
2012-02-02,2.66,,5.83,,10.07,1.83,3.66,6.47,,0.69,1.72,4.31
2012-02-03,4.0,,8.74,,10.05,2.74,5.48,6.45,,1.04,2.59,6.47
2012-02-04,5.33,,11.65,,10.04,3.65,7.3,6.41,,1.39,3.45,8.63
2012-02-05,6.66,,14.55,,10.03,4.56,9.12,6.39,,1.73,4.31,10.79
2012-02-06,6.66,,14.54,,10.03,4.56,9.11,6.38,,1.74,4.32,10.8
2012-02-07,6.66,,14.53,,10.03,4.56,9.1,6.37,,1.74,4.33,10.81
2012-02-08,6.66,,14.52,,10.02,4.56,9.1,6.36,,1.74,4.33,10.81
2012-02-09,6.66,,14.51,,10.02,4.56,9.1,6.36,,1.74,4.34,10.81
2012-02-10,6.66,,14.52,,10.02,4.56,9.1,6.36,,1.74,4.34,10.8
2012-02-11,6.67,,14.54,,10.02,4.56,9.1,6.37,,1.74,4.33,10.8
2012-02-12,6.67,,14.56,,8.01,4.56,9.11,6.38,,1.74,4.32,10.79
2012-02-13,6.67,,14.58,,6.01,4.56,9.1,6.38,,1.74,4.31,10.78
2012-02-14,6.67,,14.59,,4.01,4.56,9.09,6.39,,1.74,4.3,10.77
2012-02-15,6.66,,14.59,,4.02,4.56,9.08,6.39,,1.74,4.29,10.76
2012-02-16,6.66,0.0,14.58,,4.04,4.56,9.07,6.39,,1.74,4.28,10.76
2012-02-17,6.66,0.0,14.57,,6.07,4.56,9.06,6.38,,1.74,4.28,10.76
2012-02-18,6.67,0.0,14.57,,8.09,4.56,9.06,6.38,,1.74,4.28,10.76
2012-02-19,6.67,0.0,14.57,,10.11,4.56,9.06,6.38,,1.74,4.29,10.76
2012-02-20,6.68,0.0,14.56,,10.11,4.56,9.07,6.37,,1.74,4.29,10.76
2012-02-21,6.68,0.0,14.55,,10.11,4.56,9.06,7.55,,1.74,4.29,10.76
2012-02-22,6.68,0.0,14.53,,10.11,4.56,9.05,7.46,,1.74,4.28,10.76
2012-02-23,6.67,0.0,14.5,,10.12,4.56,9.03,7.37,,1.74,4.3,10.76
2012-02-24,6.66,0.0,14.46,,10.12,4.56,9.01,7.27,,1.74,4.32,10.75
2012-02-25,6.65,0.0,14.42,,10.12,4.56,8.99,7.18,,1.74,4.34,10.75
2012-02-26,6.64,0.0,14.39,,10.12,4.56,8.98,5.9,,1.74,4.37,10.74
2012-02-27,6.63,0.0,14.37,,10.12,4.56,8.97,5.9,,1.74,4.39,10.74
2012-02-28,6.62,0.0,14.36,,10.11,4.56,8.96,5.9,,1.74,4.4,10.73
2012-02-29,6.61,0.0,14.35,,10.11,4.56,8.95,5.9,,1.74,4.4,10.72
2012-03-01,7.97,0.0,17.36,,10.11,5.53,10.81,5.89,,2.13,5.29,12.84
2012-03-02,8.0,0.0,17.52,,10.1,5.58,10.88,5.89,,2.18,5.31,12.82
2012-03-03,8.04,0.0,17.69,,10.09,5.64,10.94,5.89,,2.23,5.33,12.8
2012-03-04,8.08,0.0,17.86,,10.08,5.69,11.01,5.89,,2.28,5.34,12.78
2012-03-05,8.12,0.0,18.06,,10.08,5.74,11.09,5.89,,2.33,5.36,12.76
2012-03-06,6.81,0.0,15.27,,10.08,4.83,9.31,5.91,,1.98,4.48,10.63
2012-03-07,6.81,0.0,15.32,,10.09,4.83,9.32,5.92,,1.98,4.48,10.63
2012-03-08,6.82,0.0,15.35,,10.09,4.83,9.32,5.92,,1.98,4.49,10.63
2012-03-09,6.82,0.0,15.37,,10.1,4.83,9.32,5.92,,1.98,4.49,10.62
2012-03-10,6.83,0.0,15.38,,10.1,4.83,9.31,5.92,,1.98,4.5,10.6
2012-03-11,6.83,0.0,15.34,,10.09,4.83,9.29,5.9,,1.98,4.5,10.58
2012-03-12,6.83,0.0,15.31,,10.08,4.83,9.28,5.9,,1.98,4.5,10.57
2012-03-13,6.84,0.0,15.29,,10.08,4.83,9.27,5.91,,1.98,4.5,10.56
2012-03-14,6.86,0.0,15.27,,10.08,4.83,9.27,5.93,,1.98,4.51,10.56
2012-03-15,6.89,0.0,15.27,,12.08,4.83,9.27,5.94,,1.98,4.53,10.57
2012-03-16,6.91,0.0,15.28,,12.08,4.83,9.28,5.95,,1.99,4.54,10.61
2012-03-17,6.93,0.0,15.28,,12.07,4.84,9.29,5.96,,1.99,4.56,10.64
2012-03-18,6.95,0.0,15.31,,12.07,4.84,9.3,5.96,,1.99,4.57,10.68
2012-03-19,6.95,0.0,15.32,,12.07,4.84,9.31,5.95,,1.99,4.58,10.72
2012-03-20,6.95,0.0,15.32,,10.05,4.84,9.32,5.95,,1.99,4.58,10.73
2012-03-21,6.95,0.0,15.32,,10.05,4.84,9.34,5.96,,1.99,4.57,10.72
2012-03-22,6.95,0.0,15.32,,10.05,4.84,9.35,4.77,,1.99,4.57,10.7
2012-03-23,6.95,0.0,15.32,,10.05,4.84,9.36,3.58,,1.99,4.56,10.67
2012-03-24,6.94,0.0,15.33,,10.05,4.84,9.37,2.39,,1.99,4.55,10.64
2012-03-25,6.94,0.0,15.34,,10.05,4.83,9.38,1.2,,1.99,4.54,10.62
2012-03-26,6.94,0.0,15.32,,10.05,4.83,9.38,1.19,,1.98,4.53,10.61
2012-03-27,6.92,0.0,15.3,,10.04,4.83,9.38,2.38,,1.98,4.53,10.58
2012-03-28,6.91,0.0,15.29,,10.04,4.83,9.39,3.57,,1.98,4.52,10.56
2012-03-29,6.9,0.0,15.27,,10.04,4.83,9.39,4.76,,1.98,4.51,10.54
2012-03-30,6.89,0.0,15.27,,10.03,4.83,9.39,5.96,,1.98,4.51,10.52
2012-03-31,5.5,0.0,12.22,,10.03,3.86,7.51,5.96,,1.58,3.6,8.4
2012-04-01,4.13,0.0,9.17,,10.02,2.9,5.63,5.96,,1.19,2.7,6.3
2012-04-02,4.1,1.1,9.22,,10.02,2.59,5.59,5.96,,1.16,2.65,6.68
2012-04-03,4.1,2.21,9.27,,10.02,2.3,5.56,5.95,,1.14,2.61,7.08
2012-04-04,4.08,3.32,9.32,,10.02,1.99,5.53,5.95,,1.11,2.57,7.47
2012-04-05,5.44,4.42,12.44,,10.03,2.66,7.37,5.95,,1.48,3.43,9.97
2012-04-06,6.8,5.52,15.57,,10.03,3.32,9.22,5.96,,1.85,4.29,12.46
2012-04-07,6.81,5.52,15.59,,10.04,3.32,9.23,5.96,,1.85,4.3,12.47
2012-04-08,6.81,5.52,15.61,,10.04,3.32,9.24,5.96,,1.85,4.3,12.47
2012-04-09,6.8,5.52,15.63,,10.04,3.32,9.24,5.97,,1.85,4.3,12.47
2012-04-10,6.79,5.51,15.66,,10.05,3.31,9.24,5.98,,1.85,4.29,12.47
2012-04-11,6.78,5.51,15.68,,10.05,3.31,9.23,6.0,,1.85,4.28,12.45
2012-04-12,6.78,5.5,15.66,,10.05,3.31,9.22,6.0,,1.85,4.28,12.44
2012-04-13,6.76,5.5,15.66,,12.19,3.3,9.21,6.01,,1.85,4.27,12.43
2012-04-14,6.76,5.49,15.63,,12.31,3.3,9.2,6.01,,1.85,4.27,12.43
2012-04-15,6.75,5.5,15.6,,12.43,3.3,9.19,6.01,,1.85,4.27,12.42
2012-04-16,6.74,5.5,15.57,,12.55,3.3,9.18,6.01,,1.85,4.27,12.43
2012-04-17,6.74,5.5,15.57,,12.67,3.3,9.17,6.01,,1.85,4.26,12.43
2012-04-18,6.73,5.5,15.55,,10.66,3.3,9.17,6.0,,1.85,4.26,12.42
2012-04-19,6.73,5.5,15.54,,10.66,3.3,9.16,6.0,,1.85,4.25,12.41
2012-04-20,6.73,5.49,15.52,,10.65,3.3,9.15,6.0,,1.85,4.24,12.39
2012-04-21,6.73,5.49,15.51,,10.64,3.3,9.14,5.99,,1.85,4.24,12.38
2012-04-22,6.73,5.48,15.51,,10.64,3.3,9.13,5.99,,1.85,4.23,12.37
2012-04-23,6.73,5.48,15.52,,10.63,3.3,9.13,7.19,,1.85,4.23,12.35
2012-04-24,6.73,5.48,15.51,,10.63,3.3,9.13,8.39,,1.85,4.23,12.34
2012-04-25,6.73,5.48,15.49,,10.62,3.3,9.13,8.39,,1.85,4.23,12.34
2012-04-26,6.73,5.48,15.47,,10.61,3.3,9.12,8.38,,1.85,4.23,12.33
2012-04-27,6.72,5.47,15.44,,10.6,3.3,9.12,8.37,,1.85,4.23,12.32
2012-04-28,6.72,5.47,15.41,,10.59,3.3,9.11,7.16,,1.85,4.22,12.3
2012-04-29,6.71,5.47,15.39,,10.58,3.3,9.1,5.95,,1.85,4.22,12.29
2012-04-30,6.71,5.46,15.38,,10.57,3.3,9.09,5.95,,1.85,4.22,12.28
2012-05-01,8.03,6.2,18.24,,10.56,3.85,10.86,5.95,,2.21,5.05,14.39
2012-05-02,8.0,5.85,18.02,,10.56,3.74,10.81,5.94,,2.2,5.04,14.05
2012-05-03,7.97,5.5,17.8,,10.55,3.63,10.75,5.94,,2.2,5.03,13.71
2012-05-04,7.94,5.16,17.58,,10.53,3.52,10.69,5.94,,2.19,5.01,13.36
2012-05-05,7.91,4.81,17.38,,10.51,3.41,10.64,5.94,,2.18,4.99,13.02
2012-05-06,6.56,3.72,14.3,,10.5,2.74,8.82,5.95,,1.82,4.14,10.55
2012-05-07,6.55,3.72,14.31,,10.49,2.74,8.81,5.95,,1.82,4.13,10.54
2012-05-08,6.55,3.72,14.31,,10.5,2.74,8.82,5.96,,1.81,4.12,10.53
2012-05-09,6.54,3.72,14.31,,10.5,2.74,8.83,5.98,,1.81,4.12,10.52
2012-05-10,6.54,3.72,14.32,,10.51,2.74,8.84,6.0,,1.81,4.13,10.52
2012-05-11,6.54,3.72,14.32,,10.52,2.74,8.86,6.02,,1.81,4.13,10.51
2012-05-12,6.54,3.72,14.33,,10.52,2.74,8.88,6.04,,1.81,4.13,10.5
2012-05-13,6.54,3.72,14.34,,8.42,2.74,8.89,6.05,,1.81,4.13,10.5
2012-05-14,6.54,3.71,14.35,,6.31,2.74,8.92,6.07,,1.81,4.14,10.49
2012-05-15,6.53,3.71,14.38,,6.27,2.74,8.95,6.09,,1.81,4.14,10.49
2012-05-16,6.53,3.71,14.45,,6.23,2.74,8.98,6.12,,1.81,4.14,10.5
2012-05-17,6.54,3.72,14.55,,6.21,2.74,9.03,6.15,,1.81,4.14,10.51
2012-05-18,6.56,3.72,14.66,,8.31,2.74,9.08,6.19,,1.81,4.14,10.51
2012-05-19,6.58,3.73,14.74,,10.41,2.74,9.11,6.21,,1.81,4.13,10.52
2012-05-20,6.59,3.73,14.81,,10.44,2.74,9.13,6.23,,1.81,4.13,10.52
2012-05-21,6.6,3.74,14.82,,10.46,2.74,9.13,7.47,,1.81,4.13,10.52
2012-05-22,6.61,3.74,14.79,,10.47,2.74,9.12,8.72,,1.81,4.13,10.52
2012-05-23,6.61,3.74,14.76,,10.46,2.74,9.12,8.73,,1.81,4.13,10.51
2012-05-24,6.61,3.74,14.74,,10.45,2.74,9.11,8.74,,1.81,4.13,10.51
2012-05-25,6.6,3.74,14.72,,10.44,2.74,9.11,8.75,,1.81,4.13,10.5
2012-05-26,6.6,3.74,14.73,,10.44,2.74,9.12,7.53,,1.81,4.13,10.49
2012-05-27,6.59,3.74,14.74,,10.45,2.74,9.13,6.29,,1.81,4.13,10.49
2012-05-28,6.59,3.74,14.75,,10.44,2.74,9.13,6.3,,1.81,4.13,10.48
2012-05-29,6.58,3.74,14.73,,10.44,2.74,9.13,6.29,,1.81,4.13,10.48
2012-05-30,6.58,3.74,14.71,,10.46,2.74,9.13,6.3,,1.81,4.13,10.48
2012-05-31,5.26,2.99,11.76,,10.47,2.19,7.31,6.31,,1.45,3.31,8.38
2012-06-01,5.27,3.01,11.99,,10.52,2.21,7.35,6.32,,1.44,3.31,8.43
2012-06-02,5.27,3.03,12.22,,10.57,2.23,7.4,6.33,,1.42,3.31,8.49
2012-06-03,5.28,3.06,12.49,,10.62,2.25,7.45,6.35,,1.41,3.31,8.54
2012-06-04,5.29,3.09,12.73,,10.65,2.27,7.48,6.35,,1.4,3.31,8.59
2012-06-05,6.63,3.86,15.9,,10.67,2.84,9.32,6.34,,1.75,4.14,10.74
2012-06-06,6.64,3.86,15.84,,10.65,2.84,9.27,6.31,,1.75,4.14,10.74
2012-06-07,6.66,3.86,15.77,,10.62,2.84,9.21,6.28,,1.75,4.15,10.73
2012-06-08,6.67,3.85,15.69,,10.59,2.84,9.15,6.25,,1.75,4.15,10.72
2012-06-09,6.66,3.85,15.61,,10.56,2.84,9.11,6.23,,1.75,4.16,10.72
2012-06-10,6.66,3.85,15.56,,10.54,2.84,9.08,6.22,,1.75,4.16,10.71
2012-06-11,6.65,3.84,15.55,,10.52,2.84,9.07,6.23,,1.75,4.16,10.71
2012-06-12,6.65,3.85,15.54,,10.5,2.84,9.06,6.23,,1.75,4.16,10.71
2012-06-13,6.65,3.85,15.55,,10.49,2.84,9.04,6.23,,1.75,4.17,10.72
2012-06-14,6.65,3.85,15.53,,8.39,2.84,9.02,6.23,,1.75,4.17,10.73
2012-06-15,6.65,3.85,15.51,,8.28,2.84,9.0,6.22,,1.75,4.17,10.73
2012-06-16,6.64,3.85,15.47,,8.17,2.83,8.98,6.21,,1.75,4.16,10.73
2012-06-17,6.63,3.85,15.45,,8.07,2.83,8.97,6.2,,1.75,4.16,10.72
2012-06-18,6.63,3.85,15.42,,7.97,2.83,8.96,6.19,,1.75,4.16,10.72
2012-06-19,6.63,3.84,15.39,,9.96,2.83,8.94,6.17,,1.75,4.16,10.72
2012-06-20,6.63,3.84,15.36,,9.95,2.83,8.93,4.94,,1.75,4.17,10.73
2012-06-21,6.63,3.84,15.35,,9.96,2.83,8.92,3.7,,1.75,4.17,10.72
2012-06-22,6.63,3.83,15.32,,9.96,2.83,8.92,2.46,,1.75,4.18,10.72
2012-06-23,6.63,3.83,15.29,,9.95,2.83,8.91,1.22,,1.75,4.18,10.71
2012-06-24,6.63,3.83,15.28,,9.95,2.83,8.91,0.0,,1.75,4.18,10.7
2012-06-25,6.62,3.83,15.29,,9.95,2.83,8.92,1.24,,1.75,4.18,10.69
2012-06-26,6.62,3.83,15.28,,9.95,2.83,8.92,2.47,,1.75,4.17,10.69
2012-06-27,6.61,3.83,15.27,,9.94,2.83,8.92,3.7,,1.75,4.17,10.69
2012-06-28,6.6,3.82,15.26,,9.93,2.83,8.92,4.94,,1.75,4.17,10.68
2012-06-29,6.59,3.82,15.23,,9.92,2.83,8.91,6.15,,1.75,4.17,10.67
2012-06-30,6.59,3.82,15.18,,9.9,2.83,8.9,6.12,,1.75,4.17,10.67
2012-07-01,5.27,3.05,12.12,,9.89,2.27,7.11,6.1,,1.4,3.33,8.54
2012-07-02,5.25,3.04,11.96,,9.88,2.3,7.12,6.08,,1.4,3.35,8.47
2012-07-03,5.23,3.03,11.78,,9.87,2.33,7.11,6.05,,1.39,3.37,8.41
2012-07-04,5.21,3.02,11.63,,9.86,2.36,7.12,6.04,,1.39,3.39,8.35
2012-07-05,5.18,3.01,11.49,,9.86,2.39,7.13,6.03,,1.39,3.4,8.29
2012-07-06,6.47,3.76,14.36,,9.85,2.98,8.91,6.03,,1.73,4.25,10.36
2012-07-07,6.46,3.76,14.35,,9.85,2.98,8.9,6.04,,1.73,4.24,10.36
2012-07-08,6.46,3.75,14.35,,9.85,2.98,8.89,6.05,,1.73,4.24,10.36
2012-07-09,6.45,3.75,14.36,,9.84,2.98,8.88,6.06,,1.73,4.23,10.36
2012-07-10,6.44,3.75,14.37,,9.84,2.98,8.88,6.06,,1.73,4.22,10.35
2012-07-11,6.44,3.75,14.38,,9.84,2.98,8.87,6.05,,1.73,4.22,10.33
2012-07-12,6.43,3.74,14.38,,9.83,2.98,8.86,6.05,,1.73,4.22,10.31
2012-07-13,6.42,3.73,14.38,,11.86,2.97,8.83,6.04,,1.73,4.21,10.29
2012-07-14,6.41,3.73,14.39,,13.9,2.97,8.81,6.03,,1.73,4.21,10.27
2012-07-15,6.41,3.72,14.37,,13.97,2.97,8.79,6.02,,1.73,4.21,10.25
2012-07-16,6.39,3.71,14.38,,14.04,2.97,8.76,6.02,,1.73,4.2,10.24
2012-07-17,6.39,3.71,14.37,,14.11,2.97,8.74,6.0,,1.73,4.2,10.25
2012-07-18,6.38,3.71,14.36,,12.15,2.97,8.73,5.99,,1.73,4.19,10.24
2012-07-19,6.37,3.7,14.33,,10.18,2.97,8.72,5.98,,1.73,4.19,10.24
2012-07-20,6.35,3.69,14.33,,10.17,2.97,8.71,5.97,,1.73,4.18,10.23
2012-07-21,6.34,3.69,14.31,,10.16,2.97,8.7,5.96,,1.73,4.17,10.22
2012-07-22,6.33,3.69,14.3,,10.16,2.97,8.7,5.96,,1.73,4.16,10.21
2012-07-23,6.33,3.69,14.31,,10.16,2.97,8.71,7.18,,1.72,4.16,10.19
2012-07-24,6.34,3.69,14.35,,10.16,2.97,8.73,8.41,,1.72,4.16,10.18
2012-07-25,6.34,3.69,14.38,,10.16,2.97,8.74,8.42,,1.72,4.16,10.18
2012-07-26,6.33,3.69,14.38,,10.16,2.97,8.75,8.42,,1.72,4.15,10.17
2012-07-27,6.34,3.69,14.36,,10.16,2.97,8.75,8.42,,1.72,4.15,10.16
2012-07-28,6.34,3.69,14.34,,10.16,2.97,8.74,7.2,,1.72,4.15,10.15
2012-07-29,6.34,3.69,14.3,,10.16,2.97,8.72,5.97,,1.73,4.15,10.15
2012-07-30,6.34,3.69,14.25,,10.16,2.97,8.7,5.95,,1.73,4.16,10.14
2012-07-31,6.34,3.69,14.24,,10.15,2.97,8.69,5.95,,1.73,4.16,10.14
2012-08-01,6.3,3.69,14.16,,10.15,2.86,8.67,5.95,,1.68,4.15,10.09
2012-08-02,6.27,3.69,14.09,,10.15,2.75,8.65,5.96,,1.63,4.15,10.04
2012-08-03,6.24,3.69,14.01,,10.14,2.64,8.63,5.95,,1.58,4.14,10.0
2012-08-04,6.22,3.69,13.93,,10.13,2.53,8.62,5.94,,1.54,4.14,9.95
2012-08-05,6.2,3.7,13.84,,10.13,2.42,8.6,5.93,,1.49,4.14,9.91
2012-08-06,6.2,3.7,13.85,,10.12,2.42,8.59,5.92,,1.49,4.14,9.92
2012-08-07,6.21,3.7,13.84,,10.11,2.42,8.58,5.91,,1.49,4.14,9.93
2012-08-08,6.22,3.7,13.85,,10.1,2.42,8.58,5.9,,1.49,4.14,9.93
2012-08-09,6.23,3.71,13.85,,10.1,2.42,8.59,5.9,,1.49,4.14,9.95
2012-08-10,6.23,3.71,13.86,,10.09,2.42,8.6,5.9,,1.49,4.14,9.95
2012-08-11,6.24,3.71,13.86,,10.08,2.42,8.62,5.9,,1.49,4.14,9.96
2012-08-12,6.24,3.72,13.87,,8.07,2.42,8.63,5.9,,1.49,4.14,9.96
2012-08-13,6.24,3.72,13.87,,6.05,2.42,8.64,5.91,,1.49,4.14,9.95
2012-08-14,6.24,3.72,13.86,,4.03,2.42,8.64,5.91,,1.49,4.14,9.93
2012-08-15,6.26,3.73,13.87,,3.78,2.42,8.65,5.92,,1.49,4.15,9.93
2012-08-16,6.28,3.73,13.87,,3.53,2.43,8.65,5.92,,1.49,4.15,9.93
2012-08-17,6.29,3.74,13.86,,5.29,2.43,8.66,5.93,,1.49,4.16,9.92
2012-08-18,6.31,3.75,13.86,,7.05,2.43,8.67,5.94,,1.49,4.16,9.93
2012-08-19,6.31,3.75,13.87,,8.81,2.43,8.68,5.94,,1.5,4.16,9.93
2012-08-20,6.31,3.75,13.85,,8.81,2.43,8.68,5.94,,1.49,4.16,9.92
2012-08-21,6.3,3.74,13.84,,8.81,2.43,8.68,5.94,,1.49,4.16,9.92
2012-08-22,6.29,3.74,13.84,,8.8,2.43,8.66,4.75,,1.49,4.16,9.92
2012-08-23,6.28,3.74,13.83,,8.8,2.43,8.64,3.57,,1.49,4.16,9.91
2012-08-24,6.26,3.73,13.81,,8.79,2.43,8.62,2.38,,1.49,4.16,9.9
2012-08-25,6.25,3.72,13.8,,8.79,2.42,8.6,1.19,,1.49,4.15,9.89
2012-08-26,6.24,3.72,13.79,,8.78,2.42,8.59,0.0,,1.49,4.15,9.89
2012-08-27,6.24,3.71,13.78,,8.78,2.42,8.58,1.19,,1.49,4.15,9.87
2012-08-28,6.23,3.71,13.77,,8.78,2.42,8.58,2.38,,1.49,4.15,9.88
2012-08-29,6.23,3.71,13.77,,8.78,2.42,8.58,3.57,,1.49,4.14,9.87
2012-08-30,6.23,3.71,13.77,,8.78,2.42,8.57,4.76,,1.49,4.14,9.87
2012-08-31,4.98,2.97,11.02,,8.78,1.94,6.86,5.95,,1.19,3.31,7.9
2012-09-01,3.74,2.22,8.27,,8.77,1.45,5.14,5.95,,0.89,2.48,5.92
2012-09-02,2.49,1.48,5.51,,8.77,0.97,3.43,5.95,,0.6,1.66,3.95
2012-09-03,1.25,0.74,2.75,,8.77,0.48,1.71,5.94,,0.3,0.83,1.97
2012-09-04,1.24,0.7,2.76,,8.77,0.37,1.63,5.94,,0.29,0.82,2.06
2012-09-05,2.48,1.39,5.53,,8.77,0.75,3.26,5.93,,0.58,1.64,4.12
2012-09-06,3.73,2.09,8.27,,8.76,1.12,4.89,5.93,,0.87,2.47,6.19
2012-09-07,4.97,2.79,11.02,,8.75,1.5,6.5,5.91,,1.17,3.29,8.25
2012-09-08,6.21,3.48,13.76,,8.74,1.87,8.12,5.9,,1.46,4.11,10.31
2012-09-09,6.22,3.49,13.74,,8.73,1.87,8.11,5.89,,1.46,4.11,10.31
2012-09-10,6.22,3.49,13.72,,8.73,1.87,8.09,5.87,,1.46,4.11,10.31
2012-09-11,6.22,3.48,13.7,,8.72,1.87,8.08,5.86,,1.46,4.11,10.3
2012-09-12,6.22,3.49,13.68,,8.72,1.87,8.08,5.86,,1.46,4.11,10.31
2012-09-13,6.21,3.49,13.64,,8.71,1.87,8.07,5.85,,1.46,4.12,10.31
2012-09-14,6.21,3.49,13.6,,8.7,1.87,8.07,5.84,,1.46,4.12,10.32
2012-09-15,6.22,3.5,13.56,,8.68,1.87,8.07,5.82,,1.46,4.12,10.33
2012-09-16,6.22,3.5,13.53,,8.68,1.87,8.06,5.81,,1.46,4.13,10.34
2012-09-17,6.22,3.5,13.52,,8.67,1.87,8.07,5.8,,1.46,4.13,10.35
2012-09-18,6.22,3.5,13.52,,8.66,1.87,8.07,5.8,,1.46,4.13,10.35
2012-09-19,6.21,3.5,13.52,,8.66,1.87,8.06,5.8,,1.46,4.13,10.34
2012-09-20,6.2,3.49,13.54,,8.65,1.87,8.06,5.82,,1.46,4.12,10.33
2012-09-21,6.19,3.49,13.56,,8.65,1.87,8.06,5.82,,1.46,4.12,10.31
2012-09-22,6.18,3.48,13.58,,8.65,1.87,8.06,5.83,,1.46,4.11,10.3
2012-09-23,6.18,3.48,13.6,,8.65,1.87,8.05,5.83,,1.46,4.11,10.29
2012-09-24,6.17,3.48,13.62,,8.65,1.87,8.05,7.49,,1.46,4.11,10.28
2012-09-25,6.17,3.48,13.65,,8.65,1.86,8.06,9.14,,1.46,4.11,10.28
2012-09-26,6.16,3.48,13.7,,8.66,1.86,8.06,9.63,,1.46,4.1,10.28
2012-09-27,6.15,3.47,13.71,,8.66,1.86,8.06,10.12,,1.46,4.1,10.27
2012-09-28,6.14,3.46,13.73,,8.67,1.86,8.06,10.61,,1.46,4.09,10.26
2012-09-29,6.13,3.46,13.75,,8.67,1.87,8.05,9.44,,1.46,4.09,10.25
2012-09-30,6.13,3.46,13.75,,8.68,1.87,8.04,8.27,,1.46,4.09,10.24
2012-10-01,7.34,4.18,16.37,,8.68,2.27,9.53,8.27,,1.75,4.9,12.3
2012-10-02,8.55,4.91,19.0,,8.68,2.66,11.02,8.27,,2.05,5.72,14.35
2012-10-03,9.76,5.64,21.61,,8.67,3.06,12.51,8.27,,2.34,6.54,16.41
2012-10-04,9.76,5.68,21.47,,8.67,3.09,12.4,8.26,,2.35,6.54,16.43
2012-10-05,9.75,5.72,21.32,,8.67,3.11,12.28,8.26,,2.36,6.54,16.44
2012-10-06,8.53,5.03,18.55,,8.67,2.74,10.67,8.26,,2.07,5.73,14.4
2012-10-07,7.31,4.34,15.78,,8.67,2.37,9.07,8.26,,1.77,4.91,12.36
2012-10-08,6.09,3.65,13.04,,8.67,2.0,7.48,8.26,,1.48,4.09,10.31
2012-10-09,6.09,3.65,13.05,,8.67,2.0,7.48,8.28,,1.48,4.09,10.31
2012-10-10,6.08,3.65,13.07,,8.67,2.0,7.49,8.29,,1.48,4.1,10.31
2012-10-11,6.07,3.64,13.07,,8.67,2.0,7.48,8.29,,1.48,4.1,10.3
2012-10-12,6.06,3.64,13.07,,8.67,2.0,7.47,8.29,,1.48,4.1,10.3
2012-10-13,6.05,3.64,13.06,,8.66,2.0,7.46,8.28,,1.48,4.09,10.29
2012-10-14,6.05,3.63,13.05,,6.93,2.0,7.44,8.27,,1.48,4.09,10.28
2012-10-15,6.04,3.63,13.02,,7.16,2.0,7.42,8.26,,1.48,4.09,10.28
2012-10-16,6.03,3.63,12.99,,7.38,2.0,7.41,8.25,,1.48,4.09,10.27
2012-10-17,6.03,3.63,12.97,,7.61,2.0,7.4,8.24,,1.48,4.09,10.27
2012-10-18,6.03,3.63,12.94,,7.83,2.0,7.39,8.23,,1.48,4.09,10.26
2012-10-19,6.03,3.63,12.93,,9.79,2.0,7.39,8.22,,1.49,4.1,10.26
2012-10-20,6.04,3.63,12.93,,9.79,2.0,7.39,8.21,,1.49,4.1,10.26
2012-10-21,6.04,3.64,12.94,,9.79,2.0,7.4,8.21,,1.49,4.1,10.25
2012-10-22,6.04,3.64,12.95,,9.79,2.0,7.41,9.88,,1.49,4.1,10.25
2012-10-23,6.04,3.64,12.97,,9.79,2.0,7.41,11.56,,1.49,4.1,10.25
2012-10-24,6.04,3.64,12.98,,9.8,2.0,7.42,11.6,,1.49,4.1,10.25
2012-10-25,6.05,3.64,12.99,,9.8,2.0,7.42,11.63,,1.49,4.09,10.25
2012-10-26,6.05,3.64,13.0,,9.81,2.0,7.44,11.66,,1.49,4.09,10.25
2012-10-27,6.05,3.64,13.02,,9.81,2.0,7.44,10.02,,1.49,4.09,10.25
2012-10-28,6.05,3.64,13.02,,9.82,2.0,7.45,8.37,,1.49,4.09,10.24
2012-10-29,6.05,3.64,13.02,,9.82,2.0,7.46,8.37,,1.49,4.09,10.24
2012-10-30,6.04,3.64,13.03,,9.82,2.0,7.46,8.37,,1.49,4.09,10.24
2012-10-31,4.84,2.91,10.42,,9.82,1.6,5.97,8.36,,1.19,3.27,8.19
2012-11-01,3.63,2.18,7.82,,9.82,1.2,4.48,8.36,,0.89,2.45,8.15
2012-11-02,2.42,1.45,5.21,,9.82,0.8,2.98,8.36,,0.59,1.63,8.1
2012-11-03,1.21,0.73,2.61,,9.82,0.4,1.49,8.35,,0.3,0.82,8.05
2012-11-04,0.0,0.0,0.0,,9.83,0.0,0.0,8.35,,0.0,0.0,8.01
2012-11-05,0.0,0.0,0.0,,9.83,0.0,0.0,8.35,,0.0,0.0,10.01
2012-11-06,0.0,0.0,0.0,,9.82,0.0,0.0,8.35,,0.0,0.0,10.0
2012-11-07,0.0,0.0,0.0,,9.82,0.0,0.0,8.35,,0.0,0.0,10.0
2012-11-08,0.0,0.0,0.0,,9.82,0.0,0.0,8.35,,0.0,0.0,9.99
2012-11-09,0.0,0.0,0.0,,9.82,0.0,0.0,8.35,,0.0,0.0,9.97
2012-11-10,0.0,0.0,0.0,,9.82,0.0,0.0,8.35,,0.0,0.0,9.96
2012-11-11,0.0,0.0,0.0,,9.82,0.0,0.0,8.35,,0.0,0.0,9.95
2012-11-12,0.0,0.0,0.0,,9.83,0.0,0.0,8.36,,0.0,0.0,9.95
2012-11-13,0.0,0.0,0.0,,9.84,0.0,0.0,8.36,,0.0,0.0,9.95
2012-11-14,0.0,0.0,0.0,,7.87,0.0,0.0,8.37,,0.0,0.0,9.94
2012-11-15,0.0,0.0,0.0,,7.83,0.0,0.0,8.37,,0.0,0.0,9.94
2012-11-16,0.0,0.0,0.0,,7.79,0.0,0.0,8.37,,0.0,0.0,9.93
2012-11-17,0.0,0.0,0.0,,7.75,0.0,0.0,8.37,,0.0,0.0,9.92
2012-11-18,0.0,0.0,0.0,,7.7,0.0,0.0,8.37,,0.0,0.0,9.91
2012-11-19,0.0,0.0,0.0,,9.61,0.0,0.0,8.36,,0.0,0.0,9.9
2012-11-20,0.0,0.0,0.0,,9.61,0.0,0.0,8.35,,0.0,0.0,9.9
2012-11-21,0.0,0.0,0.0,,9.6,0.0,0.0,6.68,,0.0,0.0,9.9
2012-11-22,0.0,0.0,0.0,,9.59,0.0,0.0,5.01,,0.0,0.0,9.89
2012-11-23,0.0,0.0,0.0,,9.58,0.0,0.0,3.33,,0.0,0.0,9.89
2012-11-24,0.0,0.0,0.0,,9.57,0.0,0.0,1.67,,0.0,0.0,9.89
2012-11-25,0.0,0.0,0.0,,9.57,0.0,0.0,0.0,,0.0,0.0,9.88
2012-11-26,0.0,0.0,0.0,,9.57,0.0,0.0,1.66,,0.0,0.0,9.88
2012-11-27,0.0,0.0,0.0,,9.56,0.0,0.0,3.32,,0.0,0.0,9.88
2012-11-28,0.0,0.0,0.0,,9.57,0.0,0.0,4.98,,0.0,0.0,9.87
2012-11-29,0.0,0.0,0.0,,9.57,0.0,0.0,6.63,,0.0,0.0,9.86
2012-11-30,0.0,0.0,0.0,,9.57,0.0,0.0,8.29,,0.0,0.0,9.84
2012-12-01,0.0,0.0,0.0,,9.56,0.0,0.0,8.29,,0.0,0.0,7.87
2012-12-02,0.0,0.0,0.0,,9.56,0.0,0.0,8.28,,0.0,0.0,5.9
2012-12-03,1.18,0.52,2.6,,9.55,1.03,1.45,8.28,,0.28,0.72,5.72
2012-12-04,2.37,1.03,5.2,,9.54,2.06,2.9,8.27,,0.57,1.45,5.55
2012-12-05,3.55,1.55,7.79,,9.53,3.09,4.35,8.26,,0.85,2.17,5.37
2012-12-06,4.73,2.06,10.38,,9.52,4.12,5.8,8.25,,1.13,2.9,7.16
2012-12-07,5.91,2.58,12.97,,9.5,5.15,7.25,8.23,,1.41,3.63,8.95
2012-12-08,5.91,2.58,12.97,,9.49,5.15,7.25,8.22,,1.41,3.63,8.95
2012-12-09,5.91,2.58,12.96,,9.49,5.15,7.24,8.21,,1.41,3.63,8.95
2012-12-10,5.91,2.58,12.96,,9.48,5.15,7.24,8.2,,1.41,3.63,8.95
2012-12-11,5.92,2.58,12.96,,9.47,5.15,7.24,8.2,,1.41,3.63,8.96
2012-12-12,5.93,2.58,12.95,,9.47,5.15,7.24,8.19,,1.41,3.64,8.98
2012-12-13,5.94,2.58,12.94,,9.47,5.15,7.24,8.18,,1.42,3.64,9.0
2012-12-14,5.94,2.58,12.94,,11.32,5.15,7.24,8.18,,1.41,3.66,9.09
2012-12-15,5.95,2.59,12.94,,11.28,5.15,7.25,8.17,,1.41,3.67,9.17
2012-12-16,5.96,2.59,12.95,,11.24,5.16,7.25,8.17,,1.41,3.68,9.25
2012-12-17,5.96,2.59,12.95,,11.19,5.16,7.25,8.17,,1.42,3.7,9.3
2012-12-18,5.97,2.59,12.94,,11.15,5.16,7.26,8.16,,1.42,3.72,9.32
2012-12-19,5.97,2.59,12.93,,9.25,5.16,7.26,8.16,,1.42,3.72,9.27
2012-12-20,5.97,2.59,12.91,,9.25,5.16,7.25,8.16,,1.42,3.72,9.22
2012-12-21,5.97,2.6,12.9,,9.24,5.16,7.25,8.16,,1.42,3.72,9.17
2012-12-22,5.97,2.6,12.9,,9.24,5.16,7.24,8.16,,1.42,3.72,9.14
2012-12-23,5.96,2.59,12.9,,9.24,5.15,7.23,8.17,,1.42,3.71,9.12
2012-12-24,5.96,2.59,12.91,,9.24,5.15,7.23,12.21,,1.42,3.71,9.11
2012-12-25,5.95,2.59,12.93,,9.25,5.15,7.23,16.26,,1.42,3.71,9.1
2012-12-26,7.1,3.16,15.6,,9.24,5.15,8.66,18.66,,1.71,4.46,9.09
2012-12-27,8.24,3.72,18.26,,9.24,5.15,10.1,21.04,,2.01,5.21,11.2
2012-12-28,9.38,4.28,20.94,,9.24,5.15,11.54,23.43,,2.31,5.97,13.32
2012-12-29,10.51,4.84,23.6,,9.24,5.15,12.97,21.78,,2.61,6.72,15.45
2012-12-30,11.64,5.4,26.27,,9.24,5.15,14.41,20.13,,2.9,7.48,17.58
2012-12-31,11.64,5.4,26.25,,9.24,5.15,14.4,20.11,,2.9,7.48,19.7
2013-01-01,11.65,5.4,26.24,,9.23,5.15,14.4,20.09,,2.9,7.49,19.71
2013-01-02,10.47,4.89,23.62,,9.23,4.12,12.95,20.05,,2.62,6.73,17.89
2013-01-03,9.3,4.38,21.01,,9.22,3.09,11.51,20.03,,2.34,5.98,16.07
2013-01-04,8.13,3.86,18.39,,9.21,2.06,10.07,20.01,,2.06,5.23,14.25
2013-01-05,6.94,3.35,15.8,,9.2,1.03,8.63,20.02,,1.77,4.48,12.43
2013-01-06,5.75,2.83,13.2,,9.2,0.0,7.19,20.02,,1.49,3.73,10.62
2013-01-07,5.76,2.83,13.21,,9.2,0.0,7.19,20.05,,1.49,3.73,10.61
2013-01-08,5.76,2.83,13.2,,9.19,0.0,7.2,20.05,,1.49,3.73,10.6
2013-01-09,5.75,2.83,13.2,,9.18,0.0,7.21,20.04,,1.49,3.73,10.59
2013-01-10,5.75,2.83,13.19,,9.17,0.0,7.22,20.02,,1.49,3.72,10.58
2013-01-11,5.75,2.83,13.17,,9.16,0.0,7.23,20.01,,1.49,3.72,10.56
2013-01-12,5.74,2.83,13.16,,9.15,0.0,7.25,20.0,,1.49,3.71,10.55
2013-01-13,5.74,2.83,13.15,,7.32,0.0,7.25,19.99,,1.49,3.71,10.54
2013-01-14,5.74,2.83,13.14,,5.49,0.0,7.26,19.97,,1.49,3.71,10.53
2013-01-15,5.74,2.83,13.14,,5.63,0.0,7.26,19.98,,1.49,3.71,10.52
2013-01-16,5.74,2.83,13.15,,5.78,0.0,7.25,19.98,,1.49,3.71,10.51
2013-01-17,5.75,2.83,13.15,,5.93,0.0,7.25,19.97,,1.49,3.71,10.5
2013-01-18,5.75,2.83,13.14,,7.9,0.0,7.24,19.97,,1.49,3.71,10.49
2013-01-19,5.76,2.83,13.13,,9.87,0.0,7.23,19.98,,1.49,3.71,10.48
2013-01-20,5.76,2.83,13.12,,9.86,0.0,7.23,19.98,,1.49,3.71,10.47
2013-01-21,5.76,2.83,13.11,,9.85,0.0,7.23,19.98,,1.49,3.7,10.47
2013-01-22,5.76,2.83,13.1,,9.85,0.0,7.23,21.5,,1.49,3.7,10.46
2013-01-23,5.75,2.83,13.11,,9.85,0.0,7.23,19.02,,1.49,3.71,10.45
2013-01-24,5.75,2.83,13.1,,9.85,0.0,7.23,16.54,,1.49,3.71,10.45
2013-01-25,4.6,2.27,10.48,,9.85,0.0,5.79,14.05,,1.19,2.97,10.45
2013-01-26,3.45,1.7,7.86,,9.85,0.0,4.34,11.57,,0.89,2.23,8.36
2013-01-27,2.3,1.13,5.24,,9.84,0.0,2.89,7.57,,0.6,1.48,6.27
2013-01-28,1.15,0.57,2.62,,9.84,0.0,1.45,7.58,,0.3,0.74,4.18
2013-01-29,0.0,0.0,0.0,,9.84,0.0,0.0,7.58,,0.0,0.0,2.09
2013-01-30,0.0,0.0,0.0,,9.84,0.0,0.0,7.59,,0.0,0.0,0.0
2013-01-31,0.0,0.0,0.0,,9.85,0.0,0.0,7.59,,0.0,0.0,0.0
2013-02-01,1.2,0.57,2.61,,9.86,0.29,1.64,7.59,,0.27,0.73,2.03
2013-02-02,2.39,1.15,5.22,,9.86,0.57,3.28,7.58,,0.55,1.47,4.07
2013-02-03,3.59,1.72,7.83,,9.87,0.86,4.92,7.58,,0.82,2.2,6.1
2013-02-04,4.78,2.29,10.45,,9.88,1.14,6.57,7.58,,1.09,2.93,8.13
2013-02-05,5.97,2.87,13.07,,9.88,1.43,8.21,7.58,,1.37,3.66,10.16
2013-02-06,5.97,2.87,13.08,,9.89,1.43,8.21,7.58,,1.37,3.66,10.16
2013-02-07,5.96,2.86,13.09,,9.9,1.43,8.21,7.58,,1.36,3.66,10.17
2013-02-08,5.95,2.86,13.1,,9.91,1.43,8.2,7.58,,1.36,3.66,10.17
2013-02-09,5.95,2.86,13.11,,9.91,1.43,8.18,7.57,,1.36,3.66,10.17
2013-02-10,5.94,2.86,13.12,,9.92,1.43,8.17,7.58,,1.36,3.66,10.17
2013-02-11,5.94,2.86,13.12,,9.92,1.43,8.15,7.57,,1.36,3.66,10.17
2013-02-12,5.94,2.86,13.11,,9.92,1.43,8.14,7.57,,1.36,3.66,10.17
2013-02-13,5.95,2.86,13.1,,9.92,1.43,8.15,7.56,,1.36,3.66,10.17
2013-02-14,5.95,2.86,13.09,,7.94,1.43,8.16,7.55,,1.36,3.66,10.17
2013-02-15,5.95,2.86,13.08,,7.82,1.43,8.17,7.55,,1.36,3.67,10.17
2013-02-16,5.95,2.86,13.06,,7.71,1.43,8.18,7.55,,1.36,3.67,10.17
2013-02-17,5.95,2.86,13.06,,7.6,1.43,8.19,7.55,,1.36,3.67,10.16
2013-02-18,5.95,2.86,13.06,,7.48,1.43,8.19,7.55,,1.36,3.67,10.16
2013-02-19,5.95,2.87,13.06,,9.35,1.43,8.19,9.04,,1.36,3.67,10.16
2013-02-20,5.95,2.87,13.06,,9.35,1.43,8.2,10.54,,1.36,3.67,10.16
2013-02-21,5.94,2.87,13.06,,9.34,1.43,8.2,10.53,,1.36,3.67,10.16
2013-02-22,5.94,2.87,13.05,,9.34,1.43,8.21,10.52,,1.36,3.67,10.16
2013-02-23,5.93,2.87,13.04,,9.33,1.43,8.22,10.51,,1.36,3.67,10.16
2013-02-24,5.93,2.87,13.03,,9.33,1.43,8.23,9.0,,1.36,3.67,10.15
2013-02-25,5.92,2.86,13.03,,9.33,1.43,8.24,7.5,,1.36,3.67,10.15
2013-02-26,5.91,2.86,13.02,,9.33,1.43,8.23,7.5,,1.36,3.67,10.15
2013-02-27,5.91,2.86,13.01,,9.33,1.43,8.22,7.5,,1.36,3.67,10.15
2013-02-28,5.9,2.85,13.0,,9.33,1.43,8.21,7.5,,1.36,3.66,10.14
2013-03-01,7.08,3.43,15.61,,9.33,1.76,9.83,7.51,,1.66,4.45,11.96
2013-03-02,8.27,4.01,18.22,,9.33,2.09,11.45,7.51,,1.97,5.24,13.78
2013-03-03,8.27,4.02,18.25,,9.33,2.14,11.43,7.51,,2.0,5.29,13.58
2013-03-04,8.28,4.03,18.28,,9.33,2.19,11.41,7.51,,2.03,5.35,13.38
2013-03-05,8.29,4.05,18.3,,9.33,2.24,11.38,7.51,,2.06,5.41,13.17
2013-03-06,7.12,3.48,15.71,,9.33,1.96,9.73,7.51,,1.79,4.69,11.15
2013-03-07,5.95,2.91,13.11,,9.32,1.68,8.07,7.5,,1.51,3.96,9.13
2013-03-08,5.97,2.92,13.1,,9.31,1.68,8.07,7.5,,1.52,3.97,9.15
2013-03-09,5.98,2.92,13.09,,9.31,1.68,8.08,7.49,,1.52,3.98,9.18
2013-03-10,5.99,2.93,13.09,,9.3,1.68,8.09,7.49,,1.52,3.99,9.2
2013-03-11,6.0,2.93,13.08,,9.3,1.68,8.11,7.49,,1.52,4.0,9.22
2013-03-12,6.0,2.93,13.08,,9.29,1.68,8.11,7.49,,1.52,4.01,9.24
2013-03-13,6.0,2.93,13.08,,9.29,1.68,8.11,7.49,,1.52,4.01,9.24
2013-03-14,6.0,2.93,13.08,,9.28,1.68,8.12,7.49,,1.52,4.02,9.23
2013-03-15,5.99,2.93,13.07,,11.05,1.68,8.12,7.5,,1.52,4.02,9.22
2013-03-16,5.99,2.93,13.06,,12.83,1.68,8.12,7.5,,1.52,4.02,9.2
2013-03-17,5.99,2.93,13.05,,12.75,1.68,8.13,7.51,,1.52,4.03,9.19
2013-03-18,5.98,2.93,13.04,,12.68,1.68,8.13,7.51,,1.52,4.03,9.17
2013-03-19,5.98,2.92,13.04,,12.6,1.68,8.14,7.52,,1.52,4.02,9.17
2013-03-20,5.97,2.92,13.04,,10.75,1.68,8.14,7.52,,1.52,4.02,9.17
2013-03-21,5.97,2.92,13.04,,8.89,1.68,8.15,6.02,,1.52,4.02,9.17
2013-03-22,5.97,2.92,13.04,,8.89,1.68,8.15,5.99,,1.51,4.02,9.18
2013-03-23,5.97,2.92,13.04,,8.89,1.68,8.16,5.96,,1.52,4.02,9.19
2013-03-24,5.97,2.93,13.04,,8.89,1.68,8.16,5.93,,1.52,4.02,9.2
2013-03-25,5.97,2.92,13.05,,8.89,1.68,8.16,5.9,,1.52,4.02,9.21
2013-03-26,5.97,2.92,13.05,,8.89,1.68,8.16,7.37,,1.52,4.02,9.21
2013-03-27,5.96,2.92,13.06,,8.89,1.67,8.16,7.37,,1.51,4.02,9.21
2013-03-28,5.96,2.92,13.05,,8.89,1.67,8.16,7.37,,1.51,4.02,9.21
2013-03-29,5.96,2.91,13.05,,8.89,1.67,8.16,7.38,,1.51,4.02,9.21
2013-03-30,5.95,2.91,13.05,,8.88,1.67,8.16,7.38,,1.51,4.01,9.21
2013-03-31,4.76,2.33,10.44,,8.89,1.34,6.52,7.38,,1.21,3.21,7.37
2013-04-01,4.74,2.33,10.34,,8.88,1.81,6.46,7.38,,1.19,3.16,7.65
2013-04-02,4.72,2.34,10.24,,8.88,2.28,6.39,7.38,,1.17,3.12,7.94
2013-04-03,4.7,2.35,10.15,,8.88,2.75,6.32,7.38,,1.14,3.07,8.22
2013-04-04,4.67,2.35,10.05,,8.88,3.22,6.24,7.38,,1.12,3.02,8.5
2013-04-05,5.83,2.93,12.56,,8.88,4.03,7.77,7.36,,1.4,3.78,10.61
2013-04-06,5.82,2.93,12.56,,8.88,4.02,7.73,7.35,,1.4,3.77,10.59
2013-04-07,5.8,2.93,12.56,,8.88,4.02,7.7,7.34,,1.4,3.77,10.58
2013-04-08,5.79,2.92,12.56,,8.87,4.02,7.66,7.32,,1.4,3.76,10.57
2013-04-09,5.79,2.92,12.54,,8.87,4.02,7.64,7.3,,1.4,3.76,10.57
2013-04-10,5.79,2.92,12.53,,8.87,4.02,7.63,7.28,,1.4,3.76,10.57
2013-04-11,5.79,2.92,12.51,,8.87,4.03,7.63,7.26,,1.4,3.76,10.58
2013-04-12,5.78,2.91,12.49,,8.87,4.03,7.61,7.24,,1.4,3.76,10.58
2013-04-13,5.78,2.91,12.47,,8.86,4.02,7.6,7.23,,1.4,3.76,10.57
2013-04-14,5.77,2.91,12.46,,7.09,4.02,7.6,7.23,,1.4,3.76,10.58
2013-04-15,5.77,2.91,12.48,,7.07,4.02,7.59,7.24,,1.4,3.76,10.57
2013-04-16,5.76,2.91,12.48,,7.04,4.02,7.6,7.24,,1.4,3.75,10.57
2013-04-17,5.76,2.91,12.48,,7.03,4.02,7.61,7.25,,1.4,3.75,10.56
2013-04-18,5.76,2.9,12.48,,7.01,4.02,7.62,7.26,,1.4,3.75,10.56
2013-04-19,5.76,2.91,12.49,,8.76,4.02,7.64,7.27,,1.39,3.75,10.56
2013-04-20,5.76,2.91,12.48,,8.76,4.02,7.64,7.27,,1.39,3.75,10.56
2013-04-21,5.75,2.91,12.49,,8.76,4.02,7.64,5.82,,1.39,3.74,10.56
2013-04-22,5.75,2.91,12.49,,8.75,4.02,7.64,5.82,,1.39,3.74,10.57
2013-04-23,5.75,2.91,12.48,,8.75,4.02,7.63,5.82,,1.4,3.75,10.57
2013-04-24,5.74,2.91,12.46,,8.75,4.02,7.62,5.81,,1.4,3.75,10.57
2013-04-25,5.74,2.91,12.43,,8.75,4.02,7.62,5.8,,1.4,3.75,10.56
2013-04-26,5.74,2.9,12.41,,8.75,4.02,7.62,7.24,,1.4,3.74,10.56
2013-04-27,5.73,2.9,12.39,,8.75,4.02,7.61,7.23,,1.4,3.74,10.55
2013-04-28,5.73,2.9,12.38,,8.75,4.02,7.61,7.23,,1.4,3.74,10.54
2013-04-29,5.72,2.9,12.37,,8.75,4.01,7.61,7.22,,1.4,3.74,10.54
2013-04-30,5.72,2.9,12.36,,8.74,4.01,7.6,7.21,,1.39,3.74,10.54
2013-05-01,5.7,2.9,12.25,,8.74,3.46,7.59,7.21,,1.38,3.75,10.26
2013-05-02,5.68,2.91,12.13,,8.73,2.9,7.57,7.21,,1.37,3.76,9.98
2013-05-03,5.67,2.92,12.0,,8.72,2.34,7.55,7.2,,1.36,3.77,9.72
2013-05-04,5.65,2.92,11.88,,8.72,1.79,7.54,7.19,,1.35,3.78,9.45
2013-05-05,5.64,2.93,11.76,,8.72,1.23,7.54,7.19,,1.34,3.79,9.18
2013-05-06,5.65,2.94,11.74,,8.71,1.23,7.54,7.18,,1.34,3.79,9.19
2013-05-07,5.66,2.94,11.74,,8.71,1.23,7.54,7.17,,1.34,3.79,9.19
2013-05-08,5.66,2.94,11.73,,8.7,1.23,7.55,7.17,,1.34,3.8,9.19
2013-05-09,5.67,2.94,11.73,,8.7,1.23,7.55,7.16,,1.34,3.8,9.18
2013-05-10,5.68,2.95,11.74,,8.69,1.23,7.56,7.16,,1.34,3.81,9.17
2013-05-11,5.68,2.95,11.76,,8.69,1.24,7.57,7.16,,1.34,3.81,9.18
2013-05-12,5.69,2.95,11.77,,8.69,1.24,7.57,7.17,,1.34,3.81,9.18
2013-05-13,5.7,2.96,11.79,,8.68,1.24,7.59,7.18,,1.34,3.82,9.18
2013-05-14,5.71,2.96,11.81,,8.68,1.24,7.61,7.2,,1.34,3.82,9.17
2013-05-15,5.72,2.97,11.82,,8.63,1.24,7.63,7.21,,1.34,3.82,9.16
2013-05-16,5.71,2.97,11.82,,8.58,1.24,7.64,7.23,,1.34,3.81,9.15
2013-05-17,5.71,2.97,11.82,,8.52,1.24,7.65,7.25,,1.34,3.81,9.14
2013-05-18,5.71,2.97,11.82,,8.47,1.24,7.65,7.26,,1.34,3.81,9.13
2013-05-19,5.71,2.97,11.81,,8.41,1.24,7.65,7.27,,1.34,3.81,9.13
2013-05-20,5.71,2.97,11.8,,8.41,1.24,7.65,7.28,,1.34,3.81,9.12
2013-05-21,5.71,2.97,11.79,,8.41,1.24,7.66,7.29,,1.34,3.82,9.12
2013-05-22,5.72,2.97,11.8,,8.41,1.24,7.67,5.83,,1.34,3.82,9.11
2013-05-23,5.72,2.97,11.82,,8.41,1.24,7.68,4.37,,1.34,3.82,9.1
2013-05-24,5.73,2.98,11.83,,8.42,1.24,7.71,4.4,,1.34,3.82,9.09
2013-05-25,5.73,2.98,11.86,,8.42,1.24,7.73,4.42,,1.34,3.82,9.09
2013-05-26,5.74,2.98,11.88,,8.43,1.24,7.74,4.44,,1.35,3.82,9.08
2013-05-27,5.74,2.98,11.89,,8.43,1.24,7.76,5.92,,1.35,3.82,9.08
2013-05-28,5.75,2.99,11.91,,8.44,1.24,7.78,7.41,,1.35,3.83,9.09
2013-05-29,5.77,2.99,11.92,,8.44,1.25,7.8,7.44,,1.35,3.84,9.09
2013-05-30,5.78,2.99,11.94,,8.44,1.25,7.83,7.47,,1.35,3.85,9.1
2013-05-31,4.63,2.4,9.56,,8.44,1.0,6.28,7.53,,1.08,3.09,7.28
2013-06-01,3.48,1.8,7.18,,8.45,0.75,4.72,7.58,,0.81,2.32,5.46
2013-06-02,2.32,1.2,4.79,,8.45,0.5,3.16,7.62,,0.54,1.55,3.64
2013-06-03,2.32,1.21,4.88,,8.46,0.43,3.17,7.65,,0.55,1.55,3.82
2013-06-04,2.33,1.22,4.97,,8.46,0.36,3.17,7.66,,0.56,1.55,4.04
2013-06-05,3.5,1.83,7.47,,8.47,0.54,4.77,7.68,,0.84,2.32,6.1
2013-06-06,4.67,2.45,9.96,,8.48,0.72,6.37,7.68,,1.11,3.09,8.14
2013-06-07,5.84,3.06,12.45,,8.49,0.9,7.97,7.7,,1.39,3.87,10.18
2013-06-08,5.85,3.06,12.45,,8.49,0.9,7.99,7.72,,1.4,3.87,10.22
2013-06-09,5.85,3.07,12.45,,8.5,0.9,8.01,7.74,,1.4,3.87,10.22
2013-06-10,5.85,3.07,12.43,,8.5,0.9,8.03,7.77,,1.4,3.87,10.23
2013-06-11,5.86,3.07,12.45,,8.5,0.91,8.09,7.83,,1.4,3.88,10.28
2013-06-12,5.87,3.08,12.47,,8.5,0.91,8.12,7.86,,1.4,3.89,10.33
2013-06-13,5.87,3.08,12.46,,8.5,0.91,8.12,7.86,,1.4,3.89,10.38
2013-06-14,5.87,3.08,12.45,,8.46,0.9,8.12,7.86,,1.4,3.89,10.42
2013-06-15,5.86,3.08,12.43,,8.43,0.9,8.09,7.84,,1.4,3.89,10.43
2013-06-16,5.85,3.07,12.4,,8.39,0.9,8.03,7.79,,1.4,3.89,10.42
2013-06-17,5.84,3.07,12.37,,8.35,0.9,8.01,7.77,,1.4,3.89,10.39
2013-06-18,5.85,3.07,12.36,,8.31,0.9,8.03,7.79,,1.4,3.9,10.36
2013-06-19,5.87,3.08,12.39,,8.32,0.9,8.08,7.84,,1.4,3.91,10.39
2013-06-20,5.91,3.09,12.44,,8.33,0.91,8.17,7.93,,1.4,3.93,10.48
2013-06-21,5.95,3.11,12.52,,8.35,0.91,8.3,8.02,,1.41,3.97,10.65
2013-06-22,6.0,3.12,12.59,,8.36,0.91,8.42,8.1,,1.41,4.0,10.82
2013-06-23,6.04,3.14,12.67,,8.38,0.92,8.51,6.53,,1.41,4.04,11.0
2013-06-24,6.08,3.16,12.74,,8.39,0.92,8.62,6.37,,1.42,4.07,11.18
2013-06-25,6.09,3.16,12.75,,8.39,0.92,8.64,6.17,,1.42,4.08,11.25
2013-06-26,6.09,3.16,12.73,,8.39,0.92,8.62,5.96,,1.42,4.06,11.14
2013-06-27,6.07,3.16,12.69,,8.38,0.92,8.56,5.72,,1.42,4.03,11.05
2013-06-28,6.05,3.15,12.67,,8.38,0.92,8.49,7.13,,1.42,4.01,10.95
2013-06-29,6.03,3.14,12.62,,8.37,0.92,8.4,7.1,,1.42,3.98,10.8
2013-06-30,6.01,3.13,12.6,,8.36,0.91,8.35,7.07,,1.42,3.97,10.7
2013-07-01,7.2,3.77,15.11,,8.35,1.13,10.06,7.05,,1.71,4.78,13.15
2013-07-02,8.4,4.41,17.65,,8.35,1.34,11.8,7.06,,2.01,5.59,15.5
2013-07-03,8.4,4.43,17.64,,8.35,1.37,11.92,7.07,,2.02,5.62,15.73
2013-07-04,8.4,4.45,17.63,,8.35,1.4,12.04,7.08,,2.03,5.64,15.97
2013-07-05,8.42,4.48,17.65,,8.35,1.44,12.19,7.11,,2.05,5.68,16.24
2013-07-06,7.24,3.86,15.17,,8.35,1.26,10.59,7.15,,1.77,4.91,14.08
2013-07-07,6.06,3.24,12.67,,8.35,1.08,9.0,7.17,,1.49,4.14,11.99
2013-07-08,6.07,3.25,12.67,,8.35,1.08,9.02,7.18,,1.49,4.15,12.02
2013-07-09,6.07,3.25,12.66,,8.35,1.08,9.04,7.18,,1.49,4.16,12.04
2013-07-10,6.07,3.25,12.61,,8.35,1.08,9.04,7.17,,1.49,4.15,12.02
2013-07-11,6.05,3.24,12.53,,8.34,1.08,9.01,7.15,,1.49,4.14,11.96
2013-07-12,6.03,3.23,12.46,,8.33,1.08,8.99,7.12,,1.49,4.13,11.93
2013-07-13,6.02,3.23,12.42,,8.32,1.08,8.99,7.11,,1.49,4.11,11.89
2013-07-14,6.01,3.22,12.38,,6.65,1.08,8.99,7.1,,1.49,4.1,11.87
2013-07-15,5.99,3.22,12.34,,6.64,1.08,8.96,7.08,,1.48,4.1,11.85
2013-07-16,5.99,3.22,12.34,,6.64,1.08,8.94,7.07,,1.48,4.1,11.87
2013-07-17,5.98,3.21,12.32,,6.63,1.08,8.89,7.05,,1.48,4.1,11.87
2013-07-18,5.97,3.21,12.28,,6.63,1.08,8.84,7.04,,1.48,4.1,11.89
2013-07-19,5.96,3.21,12.25,,8.28,1.07,8.78,7.03,,1.48,4.11,11.94
2013-07-20,5.95,3.2,12.22,,8.27,1.07,8.74,7.02,,1.48,4.11,11.99
2013-07-21,5.95,3.2,12.19,,8.26,1.07,8.72,7.02,,1.48,4.12,12.03
2013-07-22,5.94,3.2,12.18,,8.26,1.07,8.71,7.77,,1.48,4.13,12.08
2013-07-23,5.93,3.2,12.18,,8.25,1.07,8.7,8.5,,1.48,4.14,12.12
2013-07-24,5.94,3.2,12.21,,8.25,1.07,8.71,7.84,,1.48,4.15,12.11
2013-07-25,5.94,3.2,12.24,,8.25,1.07,8.72,7.18,,1.48,4.16,12.08
2013-07-26,5.95,3.2,12.27,,8.25,1.07,8.74,6.53,,1.48,4.16,12.04
2013-07-27,5.96,3.2,12.3,,8.25,1.07,8.75,5.14,,1.48,4.16,12.0
2013-07-28,5.96,3.2,12.32,,8.26,1.07,8.77,3.76,,1.48,4.15,11.96
2013-07-29,5.96,3.2,12.33,,8.26,1.07,8.78,3.77,,1.48,4.15,11.93
2013-07-30,5.97,3.2,12.33,,8.26,1.07,8.8,3.77,,1.48,4.14,11.92
2013-07-31,4.77,2.56,9.87,,8.26,0.86,7.04,3.78,,1.18,3.32,9.54
2013-08-01,4.74,2.56,9.75,,8.26,0.92,7.13,3.79,,1.22,3.32,9.46
2013-08-02,4.7,2.55,9.61,,8.26,0.98,7.19,3.79,,1.26,3.33,9.4
2013-08-03,4.66,2.55,9.47,,8.26,1.04,7.25,3.8,,1.3,3.34,9.33
2013-08-04,4.62,2.54,9.33,,8.26,1.1,7.31,3.8,,1.33,3.35,9.26
2013-08-05,5.78,3.18,11.67,,8.26,1.38,9.14,3.8,,1.67,4.19,11.58
2013-08-06,5.78,3.18,11.67,,8.26,1.38,9.13,3.79,,1.67,4.19,11.62
2013-08-07,5.78,3.18,11.7,,8.26,1.38,9.15,3.79,,1.67,4.19,11.65
2013-08-08,5.78,3.18,11.71,,8.27,1.38,9.16,3.78,,1.67,4.19,11.66
2013-08-09,5.78,3.18,11.73,,8.28,1.38,9.17,3.77,,1.66,4.19,11.68
2013-08-10,5.77,3.17,11.73,,8.28,1.38,9.16,3.77,,1.66,4.19,11.69
2013-08-11,5.77,3.17,11.73,,8.28,1.38,9.14,3.76,,1.66,4.19,11.68
2013-08-12,5.77,3.17,11.73,,8.28,1.37,9.13,3.76,,1.66,4.19,11.67
2013-08-13,5.78,3.18,11.73,,8.27,1.38,9.13,3.76,,1.66,4.19,11.68
2013-08-14,5.79,3.18,11.74,,6.62,1.38,9.15,3.77,,1.67,4.2,11.7
2013-08-15,5.81,3.19,11.76,,6.62,1.38,9.18,3.79,,1.67,4.21,11.74
2013-08-16,5.83,3.2,11.79,,6.63,1.38,9.21,3.81,,1.67,4.22,11.8
2013-08-17,5.86,3.21,11.81,,6.63,1.39,9.25,3.82,,1.67,4.23,11.86
2013-08-18,5.87,3.21,11.84,,6.63,1.39,9.26,3.83,,1.67,4.24,11.9
2013-08-19,5.89,3.22,11.87,,8.3,1.39,9.3,3.85,,1.67,4.25,11.94
2013-08-20,5.9,3.22,11.87,,8.31,1.39,9.33,3.86,,1.67,4.25,11.94
2013-08-21,5.9,3.23,11.88,,8.32,1.39,9.36,3.09,,1.67,4.25,11.94
2013-08-22,5.9,3.23,11.87,,8.32,1.39,9.38,2.32,,1.68,4.25,11.94
2013-08-23,5.9,3.23,11.85,,8.33,1.39,9.4,1.55,,1.68,4.25,11.94
2013-08-24,5.88,3.22,11.81,,8.32,1.39,9.4,0.78,,1.68,4.25,11.93
2013-08-25,5.88,3.22,11.8,,8.32,1.39,9.39,0.0,,1.68,4.24,11.94
2013-08-26,5.86,3.22,11.77,,8.32,1.39,9.37,0.49,,1.68,4.24,11.93
2013-08-27,5.85,3.21,11.78,,8.33,1.39,9.37,0.98,,1.67,4.24,11.93
2013-08-28,5.84,3.21,11.78,,8.33,1.39,9.38,1.48,,1.67,4.24,11.96
2013-08-29,5.83,3.2,11.78,,8.32,1.39,9.4,1.97,,1.67,4.25,12.0
2013-08-30,5.82,3.2,11.78,,8.32,1.38,9.41,2.47,,1.67,4.25,12.05
2013-08-31,4.65,2.56,9.43,,8.31,1.11,7.54,2.48,,1.34,3.4,9.67
2013-09-01,3.49,1.92,7.06,,8.31,0.83,5.66,2.48,,1.0,2.55,7.28
2013-09-02,2.33,1.28,4.7,,8.3,0.55,3.77,2.48,,0.67,1.7,4.86
2013-09-03,2.38,1.25,4.86,,8.3,0.53,3.81,2.48,,0.68,1.72,4.97
2013-09-04,2.45,1.21,5.0,,8.3,0.5,3.85,2.48,,0.7,1.73,5.05
2013-09-05,3.68,1.83,7.51,,8.29,0.75,5.77,2.48,,1.05,2.6,7.58
2013-09-06,4.91,2.44,10.01,,8.29,1.0,7.68,2.47,,1.4,3.47,10.1
2013-09-07,6.15,3.05,12.51,,8.29,1.25,9.58,2.47,,1.75,4.33,12.62
2013-09-08,6.16,3.05,12.5,,8.29,1.25,9.56,2.47,,1.75,4.34,12.61
2013-09-09,6.17,3.05,12.5,,8.29,1.25,9.55,2.46,,1.75,4.34,12.62
2013-09-10,6.17,3.05,12.48,,8.28,1.25,9.54,2.45,,1.75,4.33,12.65
2013-09-11,6.16,3.05,12.46,,8.28,1.25,9.54,2.44,,1.75,4.33,12.67
2013-09-12,6.16,3.05,12.44,,8.28,1.25,9.53,2.43,,1.75,4.33,12.65
2013-09-13,6.16,3.05,12.43,,9.8,1.25,9.52,2.43,,1.75,4.32,12.65
2013-09-14,6.16,3.05,12.42,,9.67,1.25,9.51,2.42,,1.75,4.31,12.62
2013-09-15,6.15,3.05,12.43,,9.54,1.24,9.5,2.41,,1.75,4.31,12.57
2013-09-16,6.15,3.04,12.42,,9.41,1.24,9.47,2.41,,1.75,4.3,12.54
2013-09-17,6.14,3.04,12.4,,9.27,1.24,9.44,2.4,,1.75,4.29,12.53
2013-09-18,6.12,3.04,12.35,,7.62,1.24,9.37,2.38,,1.75,4.28,12.47
2013-09-19,6.11,3.03,12.31,,7.61,1.24,9.3,2.36,,1.75,4.26,12.39
2013-09-20,6.09,3.02,12.28,,7.61,1.23,9.24,2.35,,1.74,4.25,12.3
2013-09-21,6.08,3.01,12.26,,7.61,1.23,9.2,2.34,,1.74,4.24,12.21
2013-09-22,6.07,3.01,12.24,,7.6,1.23,9.17,2.33,,1.74,4.23,12.14
2013-09-23,6.07,3.01,12.25,,7.6,1.23,9.19,3.74,,1.74,4.23,12.12
2013-09-24,6.05,3.01,12.26,,7.6,1.23,9.19,5.16,,1.74,4.22,12.1
2013-09-25,6.04,3.0,12.27,,7.61,1.23,9.2,6.11,,1.74,4.22,12.1
2013-09-26,6.03,3.0,12.28,,7.61,1.23,9.2,7.07,,1.74,4.21,12.09
2013-09-27,6.02,2.99,12.3,,7.62,1.22,9.21,8.03,,1.73,4.21,12.09
2013-09-28,6.02,2.99,12.31,,7.63,1.22,9.22,7.58,,1.73,4.21,12.08
2013-09-29,6.02,2.99,12.32,,7.63,1.22,9.23,7.13,,1.73,4.2,12.08
2013-09-30,6.02,2.99,12.33,,7.64,1.22,9.24,7.14,,1.73,4.2,12.08
2013-10-01,7.24,3.64,14.61,,7.64,1.57,10.99,7.14,,2.08,5.05,14.26
2013-10-02,8.44,4.28,16.89,,7.64,1.93,12.74,7.13,,2.43,5.89,16.45
2013-10-03,8.44,4.32,16.7,,7.64,2.03,12.63,7.12,,2.43,5.89,16.22
2013-10-04,8.44,4.36,16.51,,7.64,2.14,12.51,7.11,,2.44,5.89,15.98
2013-10-05,8.44,4.41,16.32,,7.64,2.25,12.4,7.09,,2.44,5.89,15.76
2013-10-06,7.23,3.81,13.85,,7.63,2.0,10.55,7.08,,2.09,5.05,13.35
2013-10-07,6.02,3.21,11.39,,7.63,1.76,8.69,7.07,,1.75,4.21,10.94
2013-10-08,6.02,3.21,11.39,,7.63,1.76,8.67,7.07,,1.75,4.21,10.97
2013-10-09,6.02,3.21,11.4,,7.63,1.76,8.66,7.07,,1.75,4.21,10.99
2013-10-10,6.02,3.21,11.39,,7.63,1.76,8.65,7.07,,1.75,4.22,11.02
2013-10-11,6.02,3.21,11.38,,7.63,1.76,8.63,7.06,,1.75,4.22,11.05
2013-10-12,6.02,3.21,11.37,,7.63,1.76,8.62,7.05,,1.75,4.23,11.07
2013-10-13,6.02,3.21,11.35,,6.11,1.76,8.61,7.04,,1.75,4.23,11.07
2013-10-14,6.02,3.21,11.33,,4.58,1.77,8.6,7.03,,1.75,4.24,11.09
2013-10-15,6.02,3.21,11.32,,4.58,1.77,8.6,7.03,,1.75,4.24,11.1
2013-10-16,6.01,3.21,11.31,,4.58,1.77,8.59,7.02,,1.75,4.24,11.07
2013-10-17,6.0,3.21,11.28,,4.58,1.76,8.56,7.0,,1.75,4.24,11.04
2013-10-18,5.98,3.2,11.25,,6.1,1.76,8.54,6.98,,1.74,4.23,11.0
2013-10-19,5.96,3.19,11.23,,7.62,1.76,8.52,6.96,,1.74,4.23,10.95
2013-10-20,5.95,3.18,11.2,,7.62,1.76,8.49,6.94,,1.74,4.22,10.9
2013-10-21,5.94,3.18,11.19,,7.61,1.75,8.48,8.51,,1.74,4.21,10.89
2013-10-22,5.93,3.18,11.18,,7.61,1.75,8.48,10.07,,1.74,4.21,10.87
2013-10-23,5.93,3.17,11.18,,7.6,1.75,8.48,10.25,,1.74,4.2,10.85
2013-10-24,5.93,3.17,11.18,,7.6,1.75,8.47,10.42,,1.74,4.19,10.83
2013-10-25,5.92,3.17,11.17,,7.59,1.75,8.47,10.59,,1.74,4.18,10.8
2013-10-26,5.92,3.17,11.16,,7.59,1.75,8.46,9.18,,1.74,4.17,10.77
2013-10-27,5.92,3.17,11.16,,7.59,1.75,8.46,7.79,,1.73,4.17,10.74
2013-10-28,5.92,3.17,11.16,,7.59,1.75,8.46,7.79,,1.74,4.16,10.74
2013-10-29,5.92,3.16,11.15,,7.58,1.75,8.47,7.79,,1.73,4.16,10.76
2013-10-30,5.92,3.16,11.16,,7.58,1.75,8.48,7.8,,1.73,4.16,10.78
2013-10-31,4.73,2.53,8.93,,7.58,1.4,6.78,7.83,,1.39,3.33,8.64
2013-11-01,4.78,2.53,8.96,,7.57,1.43,6.81,7.87,,1.38,3.36,8.79
2013-11-02,4.83,2.54,8.99,,7.57,1.46,6.84,7.91,,1.37,3.4,8.94
2013-11-03,4.89,2.55,9.03,,7.57,1.5,6.87,7.94,,1.36,3.44,9.07
2013-11-04,4.94,2.55,9.06,,7.57,1.53,6.89,7.97,,1.35,3.48,9.2
2013-11-05,6.18,3.19,11.32,,7.57,1.91,8.62,8.0,,1.69,4.35,11.5
2013-11-06,6.18,3.19,11.32,,7.57,1.91,8.63,8.01,,1.69,4.35,11.48
2013-11-07,6.18,3.19,11.31,,7.57,1.91,8.64,8.02,,1.69,4.35,11.47
2013-11-08,6.19,3.19,11.31,,7.57,1.91,8.67,8.05,,1.69,4.36,11.48
2013-11-09,6.21,3.19,11.31,,7.57,1.92,8.7,8.08,,1.7,4.36,11.49
2013-11-10,6.22,3.2,11.31,,7.57,1.92,8.72,8.09,,1.7,4.37,11.49
2013-11-11,6.23,3.2,11.32,,7.57,1.92,8.75,8.12,,1.7,4.37,11.51
2013-11-12,6.24,3.21,11.33,,7.56,1.92,8.78,8.15,,1.7,4.37,11.52
2013-11-13,6.24,3.21,11.34,,7.56,1.92,8.8,8.16,,1.7,4.37,11.52
2013-11-14,6.23,3.21,11.33,,6.05,1.92,8.8,8.16,,1.7,4.37,11.5
2013-11-15,6.22,3.2,11.33,,6.06,1.92,8.79,8.15,,1.7,4.37,11.49
2013-11-16,6.21,3.2,11.31,,6.07,1.92,8.78,8.13,,1.7,4.37,11.47
2013-11-17,6.2,3.19,11.29,,6.09,1.91,8.75,8.11,,1.69,4.36,11.45
2013-11-18,6.19,3.19,11.29,,6.11,1.91,8.72,8.09,,1.69,4.36,11.43
2013-11-19,6.19,3.19,11.29,,7.64,1.91,8.72,8.08,,1.69,4.36,11.43
2013-11-20,6.19,3.19,11.3,,7.64,1.91,8.73,6.46,,1.69,4.36,11.44
2013-11-21,6.19,3.19,11.31,,7.64,1.91,8.74,4.84,,1.69,4.36,11.44
2013-11-22,6.19,3.19,11.31,,7.64,1.91,8.75,4.85,,1.69,4.36,11.44
2013-11-23,6.19,3.19,11.3,,7.64,1.91,8.76,4.86,,1.7,4.36,11.44
2013-11-24,6.19,3.19,11.29,,7.64,1.92,8.77,4.88,,1.7,4.36,11.43
2013-11-25,6.18,3.19,11.28,,7.64,1.92,8.75,6.51,,1.7,4.36,11.41
2013-11-26,6.18,3.18,11.27,,7.64,1.92,8.74,8.14,,1.7,4.36,11.4
2013-11-27,6.17,3.18,11.27,,7.64,1.92,8.73,8.15,,1.7,4.36,11.39
2013-11-28,6.17,3.18,11.27,,7.64,1.92,8.72,8.17,,1.7,4.36,11.39
2013-11-29,6.16,3.18,11.26,,7.64,1.92,8.72,8.18,,1.69,4.36,11.38
2013-11-30,6.16,3.18,11.26,,7.64,1.92,8.73,8.18,,1.7,4.36,11.39
2013-12-01,4.93,2.54,9.01,,7.64,1.53,6.99,8.19,,1.36,3.49,9.11
2013-12-02,4.9,2.56,9.0,,7.64,1.6,6.88,8.19,,1.35,3.47,8.97
2013-12-03,4.86,2.58,9.0,,7.64,1.66,6.76,8.2,,1.34,3.45,8.82
2013-12-04,4.83,2.61,9.01,,7.64,1.72,6.65,8.21,,1.33,3.44,8.67
2013-12-05,4.8,2.63,9.02,,7.64,1.78,6.54,8.22,,1.32,3.42,8.53
2013-12-06,6.0,3.29,11.27,,7.63,2.23,8.16,8.22,,1.66,4.28,10.65
2013-12-07,6.0,3.29,11.27,,7.63,2.23,8.15,8.2,,1.66,4.28,10.65
2013-12-08,6.0,3.3,11.28,,7.64,2.23,8.15,8.2,,1.66,4.28,10.66
2013-12-09,6.0,3.3,11.26,,7.63,2.23,8.13,8.18,,1.66,4.28,10.67
2013-12-10,5.99,3.29,11.25,,7.63,2.23,8.11,8.16,,1.66,4.28,10.67
2013-12-11,5.99,3.29,11.25,,7.63,2.23,8.11,8.16,,1.66,4.28,10.68
2013-12-12,5.99,3.29,11.25,,7.63,2.23,8.1,8.16,,1.66,4.28,10.7
2013-12-13,5.98,3.29,11.25,,9.15,2.23,8.1,8.16,,1.66,4.28,10.73
2013-12-14,5.98,3.29,11.26,,10.68,2.23,8.09,8.16,,1.66,4.28,10.74
2013-12-15,5.98,3.29,11.26,,10.68,2.23,8.1,8.16,,1.66,4.28,10.76
2013-12-16,5.98,3.29,11.26,,10.68,2.23,8.09,8.16,,1.66,4.28,10.79
2013-12-17,5.97,3.29,11.26,,10.68,2.23,8.08,8.16,,1.66,4.27,10.8
2013-12-18,5.97,3.29,11.25,,9.15,2.23,8.08,8.16,,1.66,4.27,10.79
2013-12-19,5.97,3.29,11.25,,7.63,2.23,8.07,8.17,,1.66,4.27,10.8
2013-12-20,5.96,3.29,11.24,,7.62,2.23,8.07,8.19,,1.66,4.27,10.8
2013-12-21,5.95,3.28,11.24,,7.62,2.23,8.06,8.2,,1.66,4.27,10.81
2013-12-22,5.95,3.28,11.23,,7.62,2.23,8.06,6.57,,1.66,4.27,10.81
2013-12-23,5.94,3.28,11.23,,7.62,2.23,8.06,4.93,,1.66,4.28,10.85
2013-12-24,5.94,3.28,11.23,,7.62,2.23,8.05,4.88,,1.66,4.28,10.85
2013-12-25,5.94,3.28,11.23,,7.62,2.23,8.04,4.82,,1.66,4.28,10.86
2013-12-26,7.07,3.96,13.56,,7.61,2.67,9.7,4.76,,1.98,5.15,10.86
2013-12-27,8.2,4.64,15.88,,7.61,3.1,11.36,6.35,,2.3,6.03,14.76
2013-12-28,9.33,5.31,18.21,,7.61,3.53,13.02,7.93,,2.62,6.9,18.65
2013-12-29,10.46,5.99,20.54,,7.61,3.96,14.69,7.93,,2.94,7.77,22.55
2013-12-30,11.58,6.66,22.86,,7.61,4.39,16.35,7.92,,3.26,8.63,26.43
2013-12-31,11.58,6.66,22.86,,7.6,4.39,16.36,7.92,,3.26,8.63,30.3
2014-01-01,10.39,6.0,20.61,,7.6,3.95,14.75,7.92,,2.93,7.77,28.11
2014-01-02,9.2,5.34,18.36,,7.6,3.5,13.15,7.93,,2.59,6.91,25.91
2014-01-03,8.0,4.67,16.11,,7.6,3.05,11.54,7.94,,2.26,6.05,23.7
2014-01-04,6.81,4.01,13.86,,7.59,2.6,9.93,7.95,,1.93,5.19,21.5
2014-01-05,5.62,3.36,11.62,,7.59,2.16,8.31,7.97,,1.59,4.33,19.33
2014-01-06,5.61,3.35,11.61,,7.59,2.15,8.3,7.99,,1.59,4.33,19.3
2014-01-07,5.61,3.35,11.6,,7.59,2.15,8.29,7.98,,1.59,4.33,19.27
2014-01-08,5.61,3.35,11.6,,7.59,2.15,8.29,7.99,,1.59,4.33,19.24
2014-01-09,5.61,3.35,11.59,,7.58,2.15,8.29,8.0,,1.59,4.32,19.2
2014-01-10,5.61,3.35,11.58,,7.58,2.15,8.28,7.99,,1.59,4.31,19.14
2014-01-11,5.6,3.34,11.57,,7.57,2.14,8.28,7.98,,1.59,4.3,19.08
2014-01-12,5.6,3.34,11.56,,6.06,2.14,8.28,7.98,,1.59,4.29,19.04
2014-01-13,5.59,3.33,11.55,,4.54,2.14,8.27,7.97,,1.59,4.28,19.0
2014-01-14,5.58,3.33,11.54,,3.03,2.14,8.26,7.96,,1.59,4.27,18.97
2014-01-15,5.59,3.33,11.54,,3.03,2.14,8.26,7.97,,1.59,4.27,18.97
2014-01-16,5.58,3.33,11.53,,3.02,2.14,8.25,7.98,,1.59,4.27,18.96
2014-01-17,5.58,3.33,11.53,,4.53,2.14,8.25,8.0,,1.59,4.27,18.93
2014-01-18,5.58,3.34,11.52,,6.05,2.14,8.25,8.01,,1.59,4.26,18.9
2014-01-19,5.58,3.33,11.52,,7.56,2.13,8.24,8.02,,1.59,4.26,18.88
2014-01-20,5.57,3.33,11.52,,7.56,2.13,8.24,8.03,,1.59,4.25,18.85
2014-01-21,5.57,3.33,11.51,,7.56,2.13,8.24,8.04,,1.59,4.25,18.85
2014-01-22,5.58,3.33,11.51,,7.55,2.13,8.25,8.05,,1.59,4.26,18.88
2014-01-23,5.58,3.33,11.52,,7.55,2.13,8.27,6.45,,1.59,4.26,18.88
2014-01-24,5.58,3.33,11.54,,7.56,2.13,8.29,4.84,,1.58,4.25,18.86
2014-01-25,4.46,2.66,9.23,,7.56,1.7,6.64,3.23,,1.27,3.4,18.85
2014-01-26,3.35,2.0,6.93,,7.56,1.28,4.99,1.62,,0.95,2.55,15.07
2014-01-27,2.23,1.33,4.63,,7.56,0.85,3.34,1.4,,0.63,1.7,11.28
2014-01-28,1.11,0.66,2.32,,7.56,0.42,1.67,2.8,,0.32,0.85,7.51
2014-01-29,0.0,0.0,0.0,,7.56,0.0,0.0,4.21,,0.0,0.0,3.76
2014-01-30,0.0,0.0,0.0,,7.57,0.0,0.0,5.61,,0.0,0.0,0.0
2014-01-31,0.0,0.0,0.0,,7.57,0.0,0.0,7.01,,0.0,0.0,0.0
2014-02-01,0.0,0.0,0.0,,7.57,0.0,0.0,7.02,,0.0,0.0,0.0
2014-02-02,0.0,0.0,0.0,,7.56,0.0,0.0,7.03,,0.0,0.0,0.0
2014-02-03,1.1,0.67,2.3,,7.56,0.47,1.7,7.05,,0.35,0.83,2.16
2014-02-04,2.2,1.35,4.59,,7.57,0.94,3.38,7.05,,0.7,1.66,4.35
2014-02-05,3.31,2.02,6.89,,7.57,1.42,5.06,7.04,,1.04,2.5,6.52
2014-02-06,4.42,2.7,9.18,,7.57,1.89,6.73,7.02,,1.39,3.33,8.69
2014-02-07,5.52,3.37,11.45,,7.57,2.36,8.4,7.0,,1.74,4.17,10.86
2014-02-08,5.53,3.37,11.43,,7.57,2.37,8.37,6.97,,1.74,4.17,10.86
2014-02-09,5.53,3.37,11.41,,7.57,2.37,8.35,6.96,,1.74,4.16,10.84
2014-02-10,5.53,3.37,11.39,,7.57,2.37,8.34,6.95,,1.74,4.16,10.83
2014-02-11,5.53,3.37,11.37,,7.56,2.37,8.33,6.95,,1.74,4.16,10.81
2014-02-12,5.53,3.37,11.37,,7.56,2.37,8.33,6.95,,1.74,4.16,10.8
2014-02-13,5.53,3.37,11.36,,7.56,2.37,8.34,6.94,,1.74,4.16,10.79
2014-02-14,5.53,3.37,11.35,,7.54,2.37,8.34,6.93,,1.75,4.16,10.78
2014-02-15,5.53,3.37,11.34,,7.53,2.37,8.34,6.91,,1.75,4.16,10.78
2014-02-16,5.53,3.37,11.34,,7.51,2.37,8.34,6.9,,1.75,4.16,10.79
2014-02-17,5.52,3.37,11.33,,7.49,2.37,8.33,6.89,,1.75,4.16,10.79
2014-02-18,5.51,3.37,11.32,,7.47,2.37,8.33,6.88,,1.75,4.16,10.8
2014-02-19,5.51,3.37,11.32,,7.47,2.37,8.34,6.89,,1.74,4.16,10.79
2014-02-20,5.51,3.37,11.32,,7.47,2.37,8.34,6.9,,1.74,4.16,10.77
2014-02-21,5.51,3.37,11.31,,7.47,2.37,8.34,6.9,,1.74,4.16,10.76
2014-02-22,5.51,3.37,11.3,,7.47,2.37,8.33,6.9,,1.74,4.16,10.74
2014-02-23,5.51,3.37,11.3,,7.47,2.37,8.33,6.9,,1.74,4.16,10.72
2014-02-24,5.51,3.37,11.29,,7.47,2.37,8.32,8.15,,1.74,4.16,10.71
2014-02-25,5.51,3.37,11.28,,7.47,2.37,8.3,9.42,,1.74,4.15,10.71
2014-02-26,5.5,3.36,11.27,,7.47,2.37,8.29,9.32,,1.74,4.15,10.69
2014-02-27,5.49,3.36,11.25,,7.47,2.37,8.27,9.22,,1.74,4.14,10.67
2014-02-28,5.48,3.35,11.23,,7.46,2.36,8.24,9.12,,1.74,4.14,10.65
2014-03-01,5.47,3.35,11.22,,7.46,2.36,8.22,7.74,,1.74,4.13,10.62
2014-03-02,5.47,3.34,11.21,,7.46,2.36,8.21,6.37,,1.74,4.12,10.6
2014-03-03,6.55,4.01,13.45,,7.46,2.85,9.9,6.37,,2.12,4.94,12.88
2014-03-04,7.64,4.68,15.68,,7.46,3.34,11.57,6.37,,2.49,5.77,15.19
2014-03-05,7.64,4.68,15.68,,7.46,3.35,11.61,6.37,,2.52,5.77,15.38
2014-03-06,7.64,4.68,15.69,,7.46,3.37,11.66,6.37,,2.55,5.78,15.57
2014-03-07,7.64,4.69,15.71,,7.46,3.39,11.7,6.37,,2.58,5.79,15.77
2014-03-08,6.56,4.03,13.47,,7.46,2.92,10.05,6.36,,2.23,4.97,13.67
2014-03-09,5.48,3.36,11.25,,7.46,2.45,8.41,6.35,,1.89,4.16,11.56
2014-03-10,5.49,3.36,11.27,,7.46,2.45,8.42,6.35,,1.89,4.16,11.56
2014-03-11,5.49,3.37,11.28,,7.46,2.45,8.43,6.37,,1.89,4.16,11.55
2014-03-12,5.49,3.37,11.27,,7.46,2.45,8.44,6.37,,1.89,4.16,11.53
2014-03-13,5.48,3.36,11.28,,7.46,2.45,8.44,6.38,,1.89,4.15,11.5
2014-03-14,5.48,3.36,11.28,,8.96,2.44,8.45,6.39,,1.88,4.14,11.48
2014-03-15,5.47,3.35,11.29,,10.45,2.44,8.45,6.39,,1.88,4.14,11.47
2014-03-16,5.46,3.35,11.29,,10.45,2.44,8.45,6.39,,1.88,4.13,11.46
2014-03-17,5.46,3.35,11.3,,10.45,2.44,8.45,6.39,,1.88,4.13,11.46
2014-03-18,5.46,3.35,11.29,,10.45,2.44,8.44,6.38,,1.88,4.13,11.47
2014-03-19,5.47,3.35,11.29,,8.96,2.44,8.44,6.38,,1.88,4.13,11.47
2014-03-20,5.47,3.36,11.29,,7.46,2.45,8.43,6.38,,1.88,4.13,11.47
2014-03-21,5.47,3.36,11.28,,7.46,2.45,8.43,6.38,,1.88,4.14,11.48
2014-03-22,5.47,3.36,11.28,,7.46,2.45,8.43,6.38,,1.88,4.14,11.48
2014-03-23,5.47,3.36,11.29,,7.46,2.45,8.43,6.39,,1.89,4.14,11.48
2014-03-24,5.47,3.36,11.28,,7.45,2.45,8.43,7.66,,1.89,4.14,11.48
2014-03-25,5.46,3.36,11.28,,7.46,2.45,8.42,8.91,,1.89,4.14,11.49
2014-03-26,5.45,3.35,11.27,,7.46,2.45,8.41,8.9,,1.89,4.14,11.48
2014-03-27,5.45,3.35,11.27,,7.45,2.45,8.38,8.88,,1.89,4.14,11.48
2014-03-28,5.44,3.35,11.26,,7.45,2.45,8.35,8.86,,1.88,4.14,11.48
2014-03-29,5.44,3.35,11.26,,7.45,2.45,8.33,7.56,,1.88,4.14,11.48
2014-03-30,5.43,3.34,11.25,,7.45,2.45,8.32,6.28,,1.88,4.13,11.47
2014-03-31,5.43,3.34,11.25,,7.45,2.45,8.3,6.27,,1.88,4.13,11.47
2014-04-01,6.51,3.97,13.39,,7.45,2.91,9.91,6.25,,2.22,4.92,13.52
2014-04-02,6.49,3.92,13.3,,7.45,2.88,9.88,6.24,,2.18,4.88,13.28
2014-04-03,6.48,3.87,13.21,,7.45,2.86,9.85,6.24,,2.14,4.83,13.04
2014-04-04,6.46,3.82,13.11,,7.45,2.83,9.81,6.23,,2.1,4.79,12.79
2014-04-05,6.44,3.77,13.02,,7.45,2.8,9.78,6.23,,2.06,4.75,12.54
2014-04-06,5.34,3.1,10.77,,7.45,2.31,8.14,6.23,,1.69,3.92,10.24
2014-04-07,5.33,3.1,10.77,,7.45,2.31,8.13,6.23,,1.69,3.91,10.23
2014-04-08,5.32,3.09,10.76,,7.45,2.3,8.12,6.21,,1.68,3.91,10.22
2014-04-09,5.32,3.09,10.76,,7.45,2.3,8.11,6.2,,1.68,3.91,10.22
2014-04-10,5.31,3.08,10.76,,7.46,2.3,8.1,6.18,,1.68,3.9,10.21
2014-04-11,5.3,3.08,10.77,,7.46,2.29,8.09,6.17,,1.68,3.9,10.2
2014-04-12,5.29,3.08,10.78,,7.46,2.29,8.08,6.15,,1.68,3.89,10.19
2014-04-13,5.29,3.07,10.79,,5.97,2.29,8.07,6.15,,1.68,3.89,10.18
2014-04-14,5.29,3.07,10.8,,4.48,2.29,8.07,6.16,,1.68,3.88,10.18
2014-04-15,5.28,3.07,10.8,,4.43,2.29,8.08,6.17,,1.68,3.88,10.17
2014-04-16,5.28,3.07,10.79,,4.38,2.29,8.09,6.17,,1.68,3.88,10.17
2014-04-17,5.28,3.08,10.78,,4.32,2.29,8.09,6.18,,1.68,3.88,10.18
2014-04-18,5.29,3.08,10.77,,5.76,2.29,8.09,6.18,,1.68,3.88,10.18
2014-04-19,5.29,3.08,10.77,,7.2,2.3,8.09,6.18,,1.68,3.88,10.18
2014-04-20,5.3,3.09,10.77,,7.2,2.3,8.08,6.18,,1.68,3.89,10.18
2014-04-21,5.3,3.09,10.78,,7.2,2.3,8.08,7.41,,1.68,3.89,10.18
2014-04-22,5.3,3.09,10.77,,7.2,2.3,8.08,8.66,,1.68,3.89,10.17
2014-04-23,5.29,3.09,10.77,,7.2,2.3,8.08,8.67,,1.68,3.88,10.16
2014-04-24,5.29,3.09,10.77,,7.2,2.3,8.08,8.68,,1.68,3.88,10.15
2014-04-25,5.29,3.09,10.77,,7.2,2.29,8.09,8.7,,1.68,3.88,10.13
2014-04-26,5.28,3.08,10.76,,7.2,2.29,8.1,7.47,,1.68,3.87,10.12
2014-04-27,5.28,3.08,10.76,,7.2,2.29,8.11,6.23,,1.68,3.87,10.1
2014-04-28,5.28,3.08,10.76,,7.2,2.29,8.12,6.23,,1.68,3.87,10.1
2014-04-29,5.28,3.08,10.76,,7.2,2.29,8.11,6.23,,1.68,3.87,10.09
2014-04-30,5.28,3.08,10.76,,7.2,2.29,8.11,6.22,,1.68,3.87,10.09
2014-05-01,5.29,3.13,10.65,,7.19,2.3,8.06,6.21,,1.7,3.88,9.89
2014-05-02,5.29,3.18,10.54,,7.18,2.31,8.01,6.2,,1.73,3.88,9.7
2014-05-03,5.29,3.23,10.43,,7.18,2.32,7.96,6.19,,1.75,3.89,9.5
2014-05-04,5.3,3.28,10.32,,7.17,2.33,7.92,6.19,,1.78,3.9,9.3
2014-05-05,5.3,3.33,10.21,,7.17,2.34,7.87,6.18,,1.8,3.91,9.1
2014-05-06,5.3,3.33,10.21,,7.16,2.34,7.86,6.17,,1.8,3.91,9.09
2014-05-07,5.3,3.33,10.21,,7.16,2.34,7.85,6.16,,1.8,3.91,9.08
2014-05-08,5.3,3.34,10.2,,7.16,2.34,7.82,6.14,,1.8,3.9,9.07
2014-05-09,5.31,3.34,10.2,,7.15,2.34,7.8,6.13,,1.8,3.9,9.05
2014-05-10,5.3,3.34,10.19,,7.15,2.34,7.78,6.11,,1.8,3.9,9.04
2014-05-11,5.31,3.34,10.19,,7.15,2.33,7.76,6.1,,1.8,3.89,9.03
2014-05-12,5.31,3.34,10.19,,7.14,2.34,7.76,6.09,,1.8,3.89,9.02
2014-05-13,5.31,3.34,10.18,,7.14,2.34,7.76,6.09,,1.8,3.89,9.01
2014-05-14,5.3,3.34,10.17,,7.15,2.34,7.76,6.08,,1.8,3.89,9.0
2014-05-15,5.29,3.34,10.17,,7.17,2.33,7.75,6.08,,1.8,3.88,8.98
2014-05-16,5.29,3.34,10.16,,7.18,2.33,7.75,6.07,,1.8,3.88,8.97
2014-05-17,5.28,3.33,10.15,,7.2,2.33,7.74,6.06,,1.8,3.88,8.95
2014-05-18,5.27,3.33,10.15,,7.22,2.33,7.74,6.06,,1.8,3.87,8.94
2014-05-19,5.27,3.33,10.14,,7.24,2.33,7.74,6.06,,1.8,3.87,8.94
2014-05-20,5.27,3.33,10.14,,7.24,2.33,7.73,6.05,,1.8,3.87,8.94
2014-05-21,5.28,3.33,10.14,,7.24,2.33,7.73,4.84,,1.8,3.87,8.94
2014-05-22,5.28,3.33,10.14,,7.24,2.33,7.73,3.63,,1.8,3.87,8.94
2014-05-23,5.28,3.33,10.14,,7.24,2.33,7.72,3.63,,1.8,3.87,8.93
2014-05-24,5.28,3.33,10.14,,7.24,2.33,7.72,3.62,,1.8,3.87,8.92
2014-05-25,5.28,3.34,10.13,,7.23,2.33,7.72,3.62,,1.8,3.87,8.91
2014-05-26,5.28,3.33,10.13,,7.23,2.33,7.71,4.82,,1.8,3.87,8.9
2014-05-27,5.28,3.33,10.13,,7.23,2.33,7.71,6.03,,1.8,3.87,8.9
2014-05-28,5.27,3.33,10.13,,7.23,2.32,7.7,6.03,,1.79,3.87,8.9
2014-05-29,5.26,3.33,10.12,,7.23,2.32,7.68,6.03,,1.79,3.87,8.9
2014-05-30,5.26,3.32,10.12,,7.23,2.32,7.67,6.04,,1.79,3.87,8.9
2014-05-31,4.2,2.66,8.09,,7.23,1.86,6.12,6.04,,1.43,3.09,7.12
2014-06-01,3.15,1.99,6.07,,7.22,1.39,4.58,6.04,,1.08,2.32,5.33
2014-06-02,3.14,1.99,6.1,,7.22,1.34,4.56,6.05,,1.07,2.3,5.31
2014-06-03,3.13,2.0,6.13,,7.22,1.29,4.55,6.06,,1.06,2.28,5.29
2014-06-04,3.12,2.0,6.16,,7.22,1.24,4.54,6.07,,1.05,2.26,5.26
2014-06-05,4.17,2.67,8.21,,7.22,1.65,6.05,6.07,,1.4,3.01,7.02
2014-06-06,5.2,3.34,10.26,,7.21,2.07,7.56,6.07,,1.75,3.76,8.77
2014-06-07,5.21,3.34,10.25,,7.21,2.07,7.55,6.05,,1.75,3.77,8.77
2014-06-08,5.2,3.34,10.24,,7.2,2.07,7.54,6.04,,1.75,3.77,8.76
2014-06-09,5.2,3.34,10.22,,7.2,2.07,7.52,6.02,,1.75,3.77,8.76
2014-06-10,5.2,3.34,10.22,,7.2,2.07,7.52,6.01,,1.75,3.77,8.77
2014-06-11,5.2,3.34,10.21,,7.2,2.07,7.53,6.02,,1.75,3.77,8.77
2014-06-12,5.2,3.34,10.21,,7.2,2.07,7.54,6.02,,1.75,3.77,8.78
2014-06-13,5.2,3.34,10.21,,8.63,2.07,7.55,6.02,,1.75,3.78,8.78
2014-06-14,5.2,3.34,10.21,,8.63,2.07,7.56,6.02,,1.75,3.78,8.78
2014-06-15,5.2,3.34,10.21,,8.63,2.07,7.56,6.02,,1.75,3.78,8.78
2014-06-16,5.2,3.33,10.21,,8.63,2.07,7.57,6.02,,1.75,3.78,8.78
2014-06-17,5.2,3.34,10.21,,8.63,2.07,7.58,6.03,,1.75,3.78,8.78
2014-06-18,5.2,3.34,10.2,,7.19,2.07,7.58,6.03,,1.75,3.78,8.77
2014-06-19,5.2,3.34,10.2,,7.19,2.07,7.59,6.04,,1.75,3.78,8.76
2014-06-20,5.2,3.34,10.19,,7.19,2.06,7.59,6.04,,1.75,3.78,8.76
2014-06-21,5.2,3.34,10.18,,7.19,2.06,7.58,6.04,,1.75,3.78,8.76
2014-06-22,5.19,3.34,10.17,,7.19,2.06,7.57,4.83,,1.75,3.77,8.75
2014-06-23,5.19,3.34,10.17,,7.19,2.06,7.57,4.83,,1.75,3.78,8.75
2014-06-24,5.19,3.34,10.17,,7.19,2.06,7.56,4.82,,1.75,3.78,8.76
2014-06-25,5.18,3.33,10.17,,7.19,2.06,7.55,4.81,,1.75,3.77,8.75
2014-06-26,5.18,3.33,10.17,,7.19,2.06,7.53,4.8,,1.75,3.77,8.75
2014-06-27,5.17,3.33,10.17,,7.19,2.06,7.52,6.0,,1.75,3.76,8.76
2014-06-28,5.16,3.32,10.17,,7.19,2.06,7.51,5.99,,1.75,3.76,8.76
2014-06-29,5.16,3.32,10.17,,7.19,2.05,7.51,5.98,,1.75,3.75,8.77
2014-06-30,5.16,3.32,10.17,,7.19,2.05,7.51,5.98,,1.75,3.75,8.79
2014-07-01,6.17,3.98,12.14,,7.19,2.44,8.99,5.97,,2.09,4.5,10.71
2014-07-02,6.16,3.98,12.08,,7.19,2.42,8.97,5.97,,2.09,4.49,10.86
2014-07-03,6.14,3.98,12.01,,7.18,2.4,8.94,5.97,,2.08,4.49,11.02
2014-07-04,6.13,3.97,11.95,,7.18,2.37,8.92,5.97,,2.08,4.48,11.19
2014-07-05,6.11,3.97,11.88,,7.17,2.35,8.89,5.97,,2.08,4.48,11.34
2014-07-06,5.08,3.31,9.85,,7.17,1.94,7.39,5.97,,1.73,3.73,9.59
2014-07-07,5.08,3.31,9.85,,7.18,1.94,7.38,5.97,,1.73,3.73,9.58
2014-07-08,5.07,3.31,9.86,,7.18,1.94,7.37,5.96,,1.73,3.73,9.57
2014-07-09,5.07,3.3,9.86,,7.18,1.94,7.36,5.95,,1.73,3.73,9.57
2014-07-10,5.06,3.3,9.87,,7.18,1.94,7.34,5.94,,1.73,3.72,9.55
2014-07-11,5.05,3.29,9.87,,7.19,1.94,7.33,5.93,,1.72,3.72,9.54
2014-07-12,5.04,3.29,9.88,,7.19,1.93,7.32,5.93,,1.72,3.72,9.54
2014-07-13,5.04,3.29,9.88,,5.75,1.93,7.32,5.93,,1.72,3.72,9.54
2014-07-14,5.04,3.29,9.88,,4.31,1.93,7.32,5.93,,1.72,3.72,9.53
2014-07-15,5.04,3.29,9.88,,4.33,1.93,7.33,5.94,,1.72,3.72,9.53
2014-07-16,5.04,3.29,9.89,,4.34,1.94,7.33,5.94,,1.72,3.72,9.51
2014-07-17,5.04,3.29,9.91,,4.37,1.94,7.34,5.96,,1.72,3.71,9.48
2014-07-18,5.04,3.29,9.92,,5.82,1.94,7.34,5.96,,1.72,3.71,9.44
2014-07-19,5.03,3.28,9.94,,7.28,1.94,7.35,5.96,,1.72,3.71,9.4
2014-07-20,5.03,3.28,9.94,,7.29,1.94,7.34,5.96,,1.72,3.7,9.37
2014-07-21,5.02,3.28,9.95,,7.29,1.94,7.34,7.15,,1.72,3.7,9.35
2014-07-22,5.03,3.28,9.95,,7.29,1.94,7.33,8.33,,1.72,3.7,9.33
2014-07-23,5.02,3.28,9.94,,7.28,1.94,7.32,8.32,,1.72,3.7,9.32
2014-07-24,5.03,3.28,9.94,,7.28,1.94,7.3,8.31,,1.72,3.7,9.31
2014-07-25,5.02,3.28,9.93,,7.28,1.93,7.29,8.31,,1.72,3.69,9.3
2014-07-26,5.02,3.27,9.93,,7.27,1.94,7.29,7.11,,1.72,3.69,9.29
2014-07-27,5.02,3.27,9.92,,7.27,1.94,7.29,5.92,,1.72,3.69,9.28
2014-07-28,5.02,3.27,9.93,,7.28,1.94,7.29,5.93,,1.72,3.69,9.28
2014-07-29,5.02,3.27,9.94,,7.28,1.94,7.3,5.94,,1.72,3.69,9.27
2014-07-30,5.02,3.27,9.96,,7.29,1.94,7.31,5.96,,1.72,3.69,9.28
2014-07-31,4.02,2.62,7.97,,7.3,1.55,5.85,5.98,,1.38,2.95,7.43
2014-08-01,4.05,2.64,8.08,,7.31,1.58,5.88,6.01,,1.38,2.96,7.45
2014-08-02,4.08,2.65,8.19,,7.32,1.61,5.9,6.03,,1.38,2.97,7.48
2014-08-03,4.11,2.67,8.29,,7.33,1.64,5.92,6.05,,1.38,2.98,7.51
2014-08-04,4.13,2.68,8.37,,7.34,1.67,5.93,6.06,,1.38,2.99,7.54
2014-08-05,5.17,3.35,10.46,,7.34,2.09,7.41,6.06,,1.72,3.75,9.42
2014-08-06,5.17,3.35,10.45,,7.34,2.09,7.41,6.07,,1.72,3.75,9.42
2014-08-07,5.16,3.34,10.43,,7.34,2.09,7.41,6.08,,1.72,3.75,9.41
2014-08-08,5.16,3.34,10.41,,7.34,2.09,7.41,6.08,,1.72,3.75,9.4
2014-08-09,5.16,3.34,10.4,,7.34,2.09,7.41,6.08,,1.72,3.74,9.38
2014-08-10,5.16,3.34,10.39,,7.33,2.08,7.41,6.08,,1.72,3.74,9.37
2014-08-11,5.16,3.33,10.37,,7.33,2.08,7.4,6.07,,1.72,3.74,9.37
2014-08-12,5.16,3.34,10.36,,7.33,2.08,7.39,6.06,,1.72,3.74,9.38
2014-08-13,5.15,3.34,10.34,,7.33,2.08,7.39,6.05,,1.72,3.74,9.38
2014-08-14,5.15,3.34,10.32,,5.87,2.08,7.37,6.04,,1.72,3.74,9.37
2014-08-15,5.14,3.33,10.3,,5.9,2.08,7.35,6.03,,1.72,3.73,9.37
2014-08-16,5.14,3.33,10.28,,5.93,2.08,7.33,6.02,,1.72,3.73,9.36
2014-08-17,5.13,3.32,10.27,,5.96,2.08,7.32,6.01,,1.72,3.73,9.35
2014-08-18,5.13,3.32,10.26,,6.0,2.08,7.31,6.01,,1.71,3.73,9.34
2014-08-19,5.13,3.32,10.25,,7.49,2.08,7.3,6.01,,1.71,3.73,9.34
2014-08-20,5.13,3.32,10.24,,7.49,2.08,7.31,4.8,,1.71,3.73,9.34
2014-08-21,5.14,3.33,10.23,,7.48,2.08,7.31,3.6,,1.72,3.73,9.33
2014-08-22,5.14,3.33,10.23,,7.48,2.08,7.31,2.4,,1.72,3.73,9.33
2014-08-23,5.13,3.33,10.24,,7.47,2.08,7.31,1.2,,1.72,3.73,9.32
2014-08-24,5.13,3.33,10.24,,7.46,2.08,7.31,0.0,,1.72,3.72,9.32
2014-08-25,5.13,3.33,10.24,,7.45,2.08,7.31,1.21,,1.72,3.72,9.32
2014-08-26,5.12,3.33,10.24,,7.45,2.08,7.31,2.41,,1.72,3.72,9.32
2014-08-27,5.12,3.32,10.24,,7.45,2.08,7.29,3.61,,1.72,3.72,9.31
2014-08-28,5.11,3.32,10.23,,7.45,2.08,7.29,4.81,,1.72,3.72,9.3
2014-08-29,5.1,3.32,10.23,,7.44,2.08,7.28,6.02,,1.72,3.71,9.28
2014-08-30,5.1,3.31,10.23,,7.44,2.08,7.27,6.01,,1.72,3.71,9.27
2014-08-31,4.08,2.65,8.19,,7.44,1.66,5.81,6.0,,1.38,2.97,7.41
2014-09-01,3.06,1.99,6.14,,7.44,1.25,4.36,6.01,,1.03,2.22,5.55
2014-09-02,3.06,2.0,6.14,,7.44,1.17,3.97,6.01,,1.03,2.22,5.52
2014-09-03,3.06,2.0,6.13,,7.44,1.1,3.57,6.01,,1.02,2.22,5.5
2014-09-04,3.06,2.01,6.14,,7.45,1.03,3.17,6.02,,1.01,2.22,5.48
2014-09-05,4.09,2.69,8.19,,7.45,1.37,4.23,6.02,,1.35,2.96,7.31
2014-09-06,5.12,3.36,10.25,,7.46,1.71,5.28,6.02,,1.69,3.7,9.13
2014-09-07,5.12,3.36,10.26,,7.47,1.71,5.27,6.01,,1.69,3.7,9.14
2014-09-08,5.13,3.36,10.27,,7.48,1.71,5.28,6.02,,1.69,3.7,9.13
2014-09-09,5.14,3.36,10.29,,7.48,1.71,5.28,6.03,,1.69,3.7,9.13
2014-09-10,5.14,3.37,10.3,,7.48,1.71,5.29,6.05,,1.69,3.71,9.13
2014-09-11,5.15,3.37,10.31,,7.48,1.72,5.3,6.07,,1.69,3.71,9.13
2014-09-12,5.16,3.38,10.32,,7.49,1.72,5.32,6.1,,1.69,3.71,9.14
2014-09-13,5.17,3.38,10.33,,7.49,1.72,5.33,6.12,,1.69,3.71,9.16
2014-09-14,5.18,3.38,10.33,,5.99,1.72,5.34,6.13,,1.69,3.72,9.17
2014-09-15,5.18,3.39,10.34,,6.03,1.72,5.34,6.14,,1.69,3.72,9.17
2014-09-16,5.19,3.39,10.34,,6.07,1.72,5.35,6.14,,1.69,3.72,9.17
2014-09-17,5.19,3.39,10.34,,6.11,1.72,5.35,6.15,,1.69,3.72,9.15
2014-09-18,5.19,3.39,10.33,,6.14,1.72,5.36,6.16,,1.69,3.71,9.14
2014-09-19,5.19,3.39,10.32,,7.68,1.72,5.36,6.16,,1.69,3.71,9.12
2014-09-20,5.19,3.39,10.3,,7.68,1.72,5.36,6.17,,1.7,3.71,9.11
2014-09-21,5.18,3.39,10.29,,7.67,1.72,5.36,6.17,,1.7,3.71,9.1
2014-09-22,5.18,3.39,10.29,,7.67,1.72,5.36,7.99,,1.7,3.71,9.09
2014-09-23,5.17,3.38,10.3,,7.67,1.72,5.35,9.81,,1.7,3.7,9.07
2014-09-24,5.17,3.38,10.32,,7.68,1.72,5.35,10.38,,1.7,3.7,9.07
2014-09-25,5.17,3.38,10.36,,7.69,1.71,5.35,10.96,,1.69,3.7,9.06
2014-09-26,5.17,3.38,10.39,,7.7,1.71,5.35,11.55,,1.69,3.7,9.06
2014-09-27,5.17,3.38,10.43,,7.71,1.71,5.35,10.32,,1.69,3.7,9.05
2014-09-28,5.17,3.38,10.45,,7.72,1.71,5.35,9.1,,1.69,3.7,9.06
2014-09-29,5.17,3.38,10.47,,7.73,1.71,5.36,9.13,,1.69,3.7,9.06
2014-09-30,5.17,3.38,10.46,,7.74,1.71,5.37,9.15,,1.69,3.7,9.06
2014-10-01,6.18,4.05,12.34,,7.74,2.08,6.81,9.17,,2.04,4.43,10.76
2014-10-02,6.16,4.05,12.14,,7.73,2.1,7.18,9.18,,2.05,4.42,10.65
2014-10-03,6.14,4.04,11.93,,7.73,2.12,7.56,9.2,,2.06,4.41,10.54
2014-10-04,6.12,4.04,11.71,,7.72,2.15,7.92,9.21,,2.07,4.4,10.43
2014-10-05,6.1,4.03,11.51,,7.72,2.17,8.29,9.21,,2.08,4.39,10.33
2014-10-06,5.07,3.36,9.42,,7.71,1.83,7.22,9.2,,1.74,3.66,8.52
2014-10-07,5.07,3.35,9.42,,7.71,1.83,7.21,9.2,,1.74,3.65,8.52
2014-10-08,5.06,3.35,9.41,,7.7,1.83,7.2,9.17,,1.74,3.65,8.51
2014-10-09,5.05,3.35,9.43,,7.7,1.82,7.2,9.15,,1.74,3.65,8.51
2014-10-10,5.05,3.34,9.46,,7.71,1.82,7.19,9.14,,1.74,3.65,8.5
2014-10-11,5.04,3.34,9.5,,7.71,1.82,7.19,9.13,,1.74,3.64,8.5
2014-10-12,5.04,3.34,9.52,,7.72,1.82,7.19,9.14,,1.74,3.64,8.49
2014-10-13,5.04,3.34,9.57,,7.73,1.82,7.19,9.15,,1.74,3.64,8.49
2014-10-14,5.04,3.33,9.59,,7.74,1.82,7.2,9.14,,1.73,3.63,8.48
2014-10-15,5.03,3.33,9.59,,7.81,1.82,7.2,9.14,,1.73,3.63,8.47
2014-10-16,5.03,3.33,9.58,,7.88,1.82,7.19,9.14,,1.73,3.62,8.47
2014-10-17,5.02,3.32,9.56,,7.94,1.82,7.18,9.13,,1.73,3.62,8.48
2014-10-18,5.02,3.32,9.52,,8.0,1.82,7.17,9.14,,1.73,3.62,8.49
2014-10-19,5.02,3.32,9.5,,8.06,1.82,7.16,9.14,,1.73,3.63,8.5
2014-10-20,5.03,3.32,9.46,,8.04,1.82,7.15,9.12,,1.73,3.63,8.51
2014-10-21,5.02,3.31,9.41,,8.02,1.82,7.15,9.11,,1.73,3.63,8.51
2014-10-22,5.03,3.32,9.4,,8.01,1.82,7.14,7.28,,1.73,3.64,8.5
2014-10-23,5.03,3.32,9.38,,7.99,1.82,7.14,5.46,,1.73,3.64,8.5
2014-10-24,5.03,3.32,9.36,,7.98,1.81,7.14,3.63,,1.73,3.64,8.48
2014-10-25,5.03,3.33,9.35,,7.97,1.81,7.14,1.82,,1.73,3.65,8.48
2014-10-26,5.04,3.33,9.36,,7.97,1.82,7.14,0.0,,1.73,3.65,8.47
2014-10-27,5.04,3.33,9.36,,7.97,1.82,7.14,1.73,,1.73,3.65,8.47
2014-10-28,5.04,3.34,9.36,,7.97,1.82,7.13,3.45,,1.73,3.65,8.47
2014-10-29,5.04,3.34,9.37,,7.97,1.82,7.13,5.18,,1.73,3.65,8.47
2014-10-30,5.05,3.34,9.38,,7.97,1.82,7.13,6.89,,1.73,3.65,8.47
2014-10-31,4.04,2.67,7.51,,7.97,1.45,5.7,8.63,,1.39,2.92,6.78
2014-11-01,3.03,2.01,5.63,,7.96,1.09,4.27,8.63,,1.04,2.19,5.09
2014-11-02,2.02,1.34,3.75,,7.96,0.73,2.85,8.64,,0.69,1.46,3.39
2014-11-03,2.02,1.36,3.81,,7.95,0.71,2.9,8.66,,0.71,1.43,3.39
2014-11-04,2.02,1.38,3.87,,7.94,0.69,2.97,8.68,,0.72,1.4,3.39
2014-11-05,3.04,2.07,5.81,,7.94,1.04,4.45,8.7,,1.08,2.1,5.09
2014-11-06,4.05,2.76,7.75,,7.94,1.38,5.94,8.74,,1.44,2.8,6.78
2014-11-07,5.06,3.45,9.68,,7.94,1.73,7.43,8.77,,1.8,3.5,8.48
2014-11-08,5.06,3.45,9.68,,7.94,1.73,7.43,8.79,,1.8,3.5,8.47
2014-11-09,5.06,3.45,9.67,,7.94,1.73,7.43,8.81,,1.8,3.5,8.47
2014-11-10,5.06,3.45,9.67,,7.94,1.72,7.43,8.82,,1.8,3.5,8.47
2014-11-11,5.06,3.45,9.66,,7.94,1.72,7.43,8.82,,1.8,3.49,8.47
2014-11-12,5.07,3.45,9.66,,7.94,1.73,7.43,8.82,,1.8,3.49,8.47
2014-11-13,5.07,3.45,9.67,,7.94,1.73,7.43,8.82,,1.81,3.49,8.48
2014-11-14,5.08,3.45,9.69,,7.77,1.73,7.44,8.83,,1.81,3.49,8.47
2014-11-15,5.08,3.45,9.71,,7.61,1.72,7.44,8.84,,1.81,3.49,8.46
2014-11-16,5.08,3.45,9.73,,7.45,1.72,7.44,8.84,,1.81,3.49,8.45
2014-11-17,5.08,3.45,9.75,,7.29,1.72,7.45,8.85,,1.81,3.49,8.45
2014-11-18,5.08,3.45,9.76,,7.13,1.72,7.45,8.85,,1.81,3.49,8.45
2014-11-19,5.09,3.46,9.77,,7.13,1.72,7.45,8.84,,1.81,3.5,8.46
2014-11-20,5.09,3.46,9.77,,7.13,1.72,7.45,8.83,,1.81,3.5,8.46
2014-11-21,5.09,3.46,9.77,,7.13,1.72,7.44,10.65,,1.8,3.5,8.46
2014-11-22,5.08,3.46,9.76,,7.13,1.72,7.42,12.47,,1.8,3.5,8.46
2014-11-23,5.08,3.46,9.75,,7.14,1.72,7.41,14.31,,1.8,3.5,8.46
2014-11-24,5.07,3.46,9.74,,7.13,1.72,7.4,16.14,,1.8,3.49,8.45
2014-11-25,5.06,3.46,9.72,,7.13,1.72,7.39,17.96,,1.8,3.49,8.45
2014-11-26,5.05,3.45,9.72,,7.13,1.72,7.39,16.2,,1.8,3.49,8.44
2014-11-27,5.04,3.45,9.71,,7.12,1.72,7.38,14.44,,1.8,3.49,8.43
2014-11-28,5.03,3.44,9.73,,7.12,1.72,7.39,12.7,,1.8,3.49,8.42
2014-11-29,5.02,3.44,9.74,,7.12,1.72,7.39,10.97,,1.8,3.49,8.42
2014-11-30,5.01,3.44,9.76,,7.12,1.72,7.39,9.25,,1.8,3.48,8.41
2014-12-01,6.02,4.13,11.84,,7.13,2.06,8.94,9.29,,2.15,4.19,9.98
2014-12-02,7.04,4.83,13.9,,7.13,2.4,10.5,9.34,,2.5,4.9,11.55
2014-12-03,7.05,4.84,13.97,,7.14,2.39,10.55,9.36,,2.49,4.91,11.42
2014-12-04,7.06,4.85,14.04,,7.15,2.39,10.6,9.39,,2.48,4.92,11.29
2014-12-05,7.07,4.86,14.11,,7.16,2.39,10.66,9.44,,2.47,4.93,11.17
2014-12-06,6.07,4.17,12.12,,7.17,2.05,9.17,9.48,,2.11,4.24,9.47
2014-12-07,5.06,3.48,10.15,,7.18,1.71,7.68,9.5,,1.75,3.54,7.78
2014-12-08,5.06,3.48,10.16,,7.18,1.71,7.69,9.53,,1.75,3.54,7.77
2014-12-09,5.06,3.48,10.18,,7.19,1.71,7.72,9.56,,1.75,3.54,7.77
2014-12-10,5.05,3.48,10.21,,7.2,1.7,7.75,9.58,,1.75,3.53,7.76
2014-12-11,5.05,3.47,10.25,,7.22,1.7,7.79,9.61,,1.75,3.53,7.75
2014-12-12,5.04,3.46,10.33,,7.24,1.7,7.85,9.66,,1.75,3.53,7.74
2014-12-13,5.04,3.46,10.39,,7.25,1.7,7.89,9.71,,1.74,3.52,7.73
2014-12-14,5.04,3.46,10.45,,5.81,1.7,7.94,9.75,,1.74,3.52,7.72
2014-12-15,5.04,3.46,10.48,,5.75,1.7,7.99,9.81,,1.74,3.52,7.73
2014-12-16,5.03,3.45,10.52,,5.7,1.7,8.05,9.88,,1.74,3.52,7.73
2014-12-17,5.03,3.46,10.49,,5.63,1.7,8.04,9.88,,1.74,3.52,7.74
2014-12-18,5.03,3.46,10.44,,5.55,1.7,8.01,9.88,,1.74,3.53,7.75
2014-12-19,5.03,3.46,10.37,,6.92,1.7,7.97,11.83,,1.74,3.53,7.76
2014-12-20,5.03,3.46,10.3,,6.9,1.7,7.9,13.76,,1.74,3.53,7.77
2014-12-21,5.02,3.46,10.22,,6.87,1.7,7.82,13.71,,1.74,3.53,7.77
2014-12-22,5.02,3.46,10.19,,6.85,1.7,7.78,13.7,,1.74,3.53,7.76
2014-12-23,5.03,3.46,10.17,,6.84,1.7,7.77,13.68,,1.74,3.53,7.77
2014-12-24,5.99,4.16,12.03,,6.85,2.97,9.98,11.72,,2.05,4.15,7.77
2014-12-25,6.96,4.86,13.89,,6.85,4.24,12.2,9.76,,2.37,4.77,7.77
2014-12-26,7.93,5.55,15.77,,6.85,5.51,14.42,9.76,,2.68,5.38,7.77
2014-12-27,8.9,6.25,17.64,,6.86,6.78,16.64,9.77,,2.99,6.0,7.77
2014-12-28,9.86,6.94,19.52,,6.86,8.05,18.86,9.78,,3.31,6.62,7.77
2014-12-29,9.86,6.93,19.53,,6.86,8.05,18.88,9.79,,3.31,6.62,9.65
2014-12-30,9.85,6.92,19.55,,6.86,8.05,18.89,9.79,,3.31,6.61,11.52
2014-12-31,8.84,6.23,17.52,,6.85,7.71,17.36,9.78,,2.96,5.9,11.85
2015-01-01,7.83,5.53,15.5,,6.85,7.36,15.83,9.77,,2.61,5.2,12.18
2015-01-02,6.82,4.83,13.48,,6.85,7.02,14.3,9.77,,2.26,4.49,12.51
2015-01-03,5.81,4.14,11.46,,6.85,6.68,12.76,9.77,,1.91,3.79,10.96
2015-01-04,4.81,3.44,9.43,,6.84,6.34,11.23,9.78,,1.56,3.08,9.42
2015-01-05,4.8,3.44,9.45,,6.85,6.33,11.25,9.81,,1.56,3.08,9.41
2015-01-06,4.79,3.43,9.48,,6.86,6.33,11.28,9.85,,1.56,3.08,9.39
2015-01-07,4.78,3.42,9.49,,6.87,6.32,11.28,9.85,,1.56,3.08,9.37
2015-01-08,4.77,3.42,9.49,,6.87,6.32,11.26,9.85,,1.55,3.07,9.35
2015-01-09,4.76,3.41,9.48,,6.88,6.31,11.25,9.84,,1.55,3.07,9.33
2015-01-10,4.76,3.41,9.45,,6.88,6.31,11.22,9.8,,1.55,3.06,9.31
2015-01-11,4.76,3.42,9.41,,6.87,6.31,11.18,9.77,,1.55,3.06,9.3
2015-01-12,4.76,3.42,9.39,,6.87,6.31,11.19,9.76,,1.55,3.06,9.29
2015-01-13,4.75,3.41,9.39,,6.87,6.31,11.19,9.76,,1.55,3.06,9.28
2015-01-14,4.75,3.41,9.39,,5.49,6.31,11.18,9.76,,1.55,3.05,9.28
2015-01-15,4.74,3.4,9.41,,5.48,6.3,11.17,9.76,,1.55,3.05,9.28
2015-01-16,4.73,3.4,9.42,,5.46,6.3,11.15,9.75,,1.54,3.05,9.28
2015-01-17,4.73,3.4,9.43,,5.44,6.31,11.12,9.74,,1.54,3.05,9.28
2015-01-18,4.73,3.4,9.44,,5.42,6.31,11.1,7.79,,1.54,3.04,9.28
2015-01-19,4.73,3.4,9.44,,6.77,6.31,11.1,5.84,,1.54,3.04,9.28
2015-01-20,4.73,3.4,9.44,,6.76,6.31,11.1,3.89,,1.54,3.04,9.28
2015-01-21,4.73,3.4,9.43,,6.76,6.31,11.1,1.94,,1.54,3.05,9.29
2015-01-22,4.73,3.4,9.42,,6.76,6.31,11.11,0.0,,1.54,3.05,9.29
2015-01-23,3.78,2.72,7.54,,6.75,5.05,8.89,0.0,,1.23,2.44,9.3
2015-01-24,2.84,2.04,5.65,,6.74,3.79,6.67,0.0,,0.93,1.83,9.31
2015-01-25,1.89,1.36,3.76,,6.74,2.52,4.45,0.0,,0.62,1.22,9.31
2015-01-26,0.95,0.68,1.88,,6.73,1.26,2.23,1.83,,0.31,0.61,9.31
2015-01-27,0.0,0.0,0.0,,6.73,0.0,0.0,3.65,,0.0,0.0,9.3
2015-01-28,0.0,0.0,0.0,,6.73,0.0,0.0,5.47,,0.0,0.0,7.44
2015-01-29,0.0,0.0,0.0,,6.73,0.0,0.0,7.3,,0.0,0.0,5.58
2015-01-30,0.0,0.0,0.0,,6.73,0.0,0.0,9.14,,0.0,0.0,3.71
2015-01-31,0.0,0.0,0.0,,6.74,0.0,0.0,9.14,,0.0,0.0,1.86
2015-02-01,0.0,0.0,0.0,,6.74,0.0,0.0,9.16,,0.0,0.0,0.0
2015-02-02,0.96,0.67,1.76,,6.74,0.26,1.4,9.17,,0.36,0.69,1.74
2015-02-03,1.94,1.35,3.52,,6.73,0.53,2.79,9.15,,0.71,1.39,3.5
2015-02-04,2.91,2.02,5.28,,6.73,0.8,4.19,9.15,,1.07,2.08,5.26
2015-02-05,3.88,2.7,7.03,,6.73,1.06,5.58,9.13,,1.43,2.77,7.01
2015-02-06,4.87,3.38,8.78,,6.73,1.33,6.98,9.13,,1.78,3.47,8.77
2015-02-07,4.89,3.38,8.77,,6.73,1.33,6.98,9.14,,1.79,3.48,8.79
2015-02-08,4.9,3.39,8.77,,6.73,1.33,6.99,9.18,,1.79,3.48,8.78
2015-02-09,4.91,3.4,8.76,,6.72,1.33,6.99,9.19,,1.79,3.49,8.8
2015-02-10,4.93,3.4,8.76,,6.72,1.33,7.0,9.23,,1.79,3.49,8.83
2015-02-11,4.93,3.4,8.75,,6.72,1.33,7.01,9.27,,1.79,3.5,8.86
2015-02-12,4.93,3.41,8.75,,6.72,1.33,7.01,9.29,,1.79,3.5,8.87
2015-02-13,4.93,3.41,8.75,,8.04,1.33,7.01,9.3,,1.79,3.51,8.88
2015-02-14,4.93,3.41,8.74,,8.02,1.33,7.0,9.31,,1.79,3.51,8.89
2015-02-15,4.93,3.41,8.74,,8.0,1.33,6.99,9.31,,1.79,3.51,8.88
2015-02-16,4.93,3.41,8.74,,7.98,1.33,6.98,9.29,,1.79,3.52,8.87
2015-02-17,4.94,3.42,8.74,,7.95,1.33,6.98,9.29,,1.79,3.52,8.88
2015-02-18,4.94,3.42,8.73,,6.61,1.33,6.98,9.29,,1.79,3.52,8.87
2015-02-19,4.94,3.42,8.73,,6.6,1.33,6.99,9.3,,1.8,3.52,8.86
2015-02-20,4.94,3.42,8.73,,6.59,1.33,6.99,9.3,,1.8,3.51,8.85
2015-02-21,4.94,3.43,8.72,,6.59,1.33,6.99,9.3,,1.8,3.51,8.84
2015-02-22,4.94,3.43,8.71,,6.58,1.33,6.99,9.3,,1.79,3.51,8.83
2015-02-23,4.93,3.42,8.71,,6.58,1.33,6.99,11.19,,1.79,3.51,8.83
2015-02-24,4.92,3.42,8.7,,6.58,1.33,6.99,13.05,,1.79,3.51,8.81
2015-02-25,4.91,3.41,8.69,,6.58,1.33,6.97,13.04,,1.79,3.51,8.81
2015-02-26,4.91,3.4,8.69,,6.58,1.33,6.97,13.05,,1.79,3.5,8.81
2015-02-27,4.9,3.4,8.68,,6.58,1.33,6.95,13.04,,1.79,3.5,8.8
2015-02-28,4.9,3.39,8.67,,6.58,1.33,6.94,11.15,,1.79,3.5,8.8
2015-03-01,4.9,3.39,8.66,,6.57,1.33,6.93,9.28,,1.79,3.5,8.79
2015-03-02,5.87,4.09,10.53,,6.57,1.62,8.24,9.3,,2.12,4.19,10.53
2015-03-03,6.85,4.79,12.41,,6.58,1.91,9.55,9.31,,2.45,4.89,12.28
2015-03-04,6.83,4.81,12.55,,6.58,1.94,9.47,9.35,,2.42,4.88,12.27
2015-03-05,6.82,4.83,12.69,,6.59,1.97,9.39,9.39,,2.4,4.88,12.26
2015-03-06,6.81,4.85,12.84,,6.59,2.0,9.32,9.45,,2.37,4.88,12.26
2015-03-07,5.83,4.18,11.12,,6.59,1.73,7.95,9.51,,2.01,4.18,10.53
2015-03-08,4.86,3.5,9.4,,6.59,1.47,6.57,9.55,,1.65,3.49,8.77
2015-03-09,4.86,3.5,9.41,,6.59,1.47,6.58,9.6,,1.65,3.49,8.78
2015-03-10,4.87,3.5,9.43,,6.59,1.47,6.6,9.66,,1.65,3.49,8.79
2015-03-11,4.85,3.5,9.44,,6.59,1.47,6.6,9.68,,1.65,3.49,8.77
2015-03-12,4.85,3.49,9.44,,6.59,1.47,6.6,9.71,,1.65,3.48,8.76
2015-03-13,4.84,3.49,9.45,,7.88,1.47,6.61,9.76,,1.65,3.48,8.73
2015-03-14,4.84,3.49,9.45,,9.18,1.46,6.63,9.8,,1.65,3.47,8.72
2015-03-15,4.83,3.49,9.45,,9.17,1.46,6.63,9.82,,1.65,3.47,8.71
2015-03-16,4.84,3.49,9.46,,9.15,1.46,6.64,9.84,,1.65,3.47,8.69
2015-03-17,4.84,3.49,9.47,,9.14,1.46,6.66,9.85,,1.65,3.47,8.68
2015-03-18,4.82,3.48,9.47,,7.82,1.46,6.64,9.8,,1.65,3.46,8.66
2015-03-19,4.81,3.48,9.48,,6.51,1.46,6.63,9.77,,1.64,3.46,8.64
2015-03-20,4.8,3.47,9.47,,6.51,1.46,6.61,9.72,,1.64,3.46,8.63
2015-03-21,4.79,3.46,9.47,,6.51,1.46,6.58,9.67,,1.64,3.45,8.61
2015-03-22,4.78,3.46,9.45,,6.51,1.46,6.55,9.63,,1.64,3.45,8.61
2015-03-23,4.78,3.46,9.45,,6.51,1.46,6.54,11.28,,1.64,3.45,8.61
2015-03-24,4.77,3.45,9.43,,6.51,1.46,6.52,12.88,,1.64,3.45,8.6
2015-03-25,4.77,3.45,9.43,,6.51,1.46,6.52,12.64,,1.64,3.45,8.6
2015-03-26,4.78,3.45,9.43,,6.51,1.46,6.52,12.42,,1.64,3.45,8.6
2015-03-27,4.78,3.45,9.43,,6.51,1.46,6.51,12.19,,1.64,3.44,8.59
2015-03-28,4.79,3.46,9.43,,6.51,1.46,6.52,10.32,,1.64,3.44,8.59
2015-03-29,4.79,3.46,9.44,,6.5,1.46,6.52,8.47,,1.64,3.45,8.59
2015-03-30,4.79,3.46,9.43,,6.5,1.46,6.52,8.49,,1.64,3.45,8.6
2015-03-31,4.78,3.46,9.42,,6.5,1.46,6.51,8.49,,1.64,3.45,8.59
2015-04-01,4.78,3.48,9.48,,6.49,1.66,6.59,8.48,,1.63,3.44,8.71
2015-04-02,4.78,3.51,9.53,,6.48,1.87,6.65,8.46,,1.63,3.43,8.84
2015-04-03,4.79,3.54,9.59,,6.47,2.07,6.71,8.43,,1.62,3.42,8.96
2015-04-04,4.79,3.57,9.65,,6.47,2.28,6.78,8.4,,1.62,3.41,9.08
2015-04-05,4.79,3.6,9.7,,6.47,2.48,6.85,8.38,,1.61,3.4,9.2
2015-04-06,4.79,3.6,9.7,,6.47,2.48,6.84,8.34,,1.61,3.41,9.21
2015-04-07,4.79,3.6,9.68,,6.46,2.48,6.83,8.33,,1.61,3.4,9.21
2015-04-08,4.79,3.6,9.67,,6.46,2.48,6.83,8.3,,1.61,3.4,9.21
2015-04-09,4.79,3.6,9.65,,6.46,2.48,6.82,8.28,,1.61,3.4,9.21
2015-04-10,4.78,3.6,9.64,,6.45,2.48,6.81,8.26,,1.61,3.4,9.21
2015-04-11,4.79,3.6,9.63,,6.45,2.48,6.8,8.28,,1.61,3.4,9.21
2015-04-12,4.79,3.6,9.62,,5.15,2.48,6.8,8.28,,1.61,3.41,9.21
2015-04-13,4.79,3.61,9.62,,3.86,2.48,6.8,8.3,,1.61,3.41,9.21
2015-04-14,4.79,3.6,9.62,,2.58,2.48,6.8,8.31,,1.61,3.41,9.2
2015-04-15,4.79,3.6,9.62,,2.57,2.48,6.8,8.3,,1.61,3.41,9.2
2015-04-16,4.79,3.6,9.62,,2.57,2.48,6.8,8.29,,1.61,3.41,9.2
2015-04-17,4.78,3.6,9.62,,3.87,2.47,6.8,8.29,,1.61,3.41,9.19
2015-04-18,4.78,3.59,9.62,,5.16,2.47,6.8,8.27,,1.61,3.4,9.18
2015-04-19,4.77,3.59,9.63,,6.45,2.47,6.8,8.27,,1.61,3.4,9.18
2015-04-20,4.77,3.59,9.63,,6.45,2.47,6.81,9.94,,1.61,3.4,9.17
2015-04-21,4.77,3.59,9.63,,6.46,2.48,6.82,11.62,,1.61,3.4,9.17
2015-04-22,4.78,3.6,9.63,,6.45,2.48,6.81,11.63,,1.61,3.41,9.18
2015-04-23,4.79,3.6,9.63,,6.45,2.48,6.81,11.63,,1.61,3.41,9.18
2015-04-24,4.79,3.6,9.62,,6.45,2.48,6.8,11.63,,1.61,3.41,9.18
2015-04-25,4.79,3.6,9.62,,6.45,2.48,6.79,9.96,,1.61,3.41,9.18
2015-04-26,4.8,3.6,9.62,,6.44,2.48,6.77,8.28,,1.61,3.41,9.18
2015-04-27,4.79,3.6,9.61,,6.44,2.47,6.77,8.27,,1.61,3.41,9.17
2015-04-28,4.8,3.6,9.61,,6.44,2.47,6.76,8.25,,1.61,3.41,9.17
2015-04-29,4.81,3.61,9.62,,6.44,2.48,6.77,8.24,,1.61,3.41,9.18
2015-04-30,4.83,3.62,9.63,,6.44,2.48,6.78,8.23,,1.61,3.42,9.19
2015-05-01,4.85,3.6,9.61,,6.44,2.52,6.88,8.23,,1.62,3.42,8.99
2015-05-02,4.87,3.59,9.59,,6.44,2.55,6.98,8.25,,1.62,3.41,8.79
2015-05-03,4.88,3.57,9.57,,6.44,2.59,7.08,8.26,,1.62,3.41,8.58
2015-05-04,4.9,3.55,9.55,,6.43,2.63,7.17,8.29,,1.62,3.41,8.38
2015-05-05,4.91,3.53,9.53,,6.44,2.66,7.26,8.29,,1.62,3.4,8.16
2015-05-06,4.92,3.53,9.54,,6.44,2.67,7.26,8.28,,1.62,3.41,8.17
2015-05-07,4.92,3.53,9.55,,6.45,2.67,7.27,8.28,,1.62,3.41,8.17
2015-05-08,4.92,3.53,9.54,,6.45,2.67,7.27,8.27,,1.62,3.41,8.17
2015-05-09,4.92,3.53,9.54,,6.45,2.67,7.26,8.25,,1.62,3.41,8.17
2015-05-10,4.91,3.53,9.53,,6.45,2.66,7.26,8.25,,1.62,3.41,8.17
2015-05-11,4.91,3.53,9.53,,6.44,2.67,7.26,8.26,,1.62,3.41,8.17
2015-05-12,4.92,3.54,9.52,,6.44,2.67,7.27,8.27,,1.62,3.41,8.17
2015-05-13,4.93,3.54,9.54,,6.44,2.67,7.28,8.27,,1.62,3.42,8.18
2015-05-14,4.94,3.54,9.54,,6.44,2.67,7.29,8.25,,1.62,3.42,8.19
2015-05-15,4.94,3.54,9.55,,6.46,2.67,7.29,8.23,,1.62,3.42,8.19
2015-05-16,4.94,3.54,9.53,,6.48,2.67,7.28,8.2,,1.62,3.42,8.19
2015-05-17,4.93,3.54,9.52,,6.5,2.67,7.27,8.17,,1.62,3.42,8.19
2015-05-18,4.92,3.53,9.51,,6.51,2.67,7.26,8.16,,1.62,3.42,8.19
2015-05-19,4.93,3.54,9.52,,6.53,2.67,7.26,8.18,,1.62,3.42,8.19
2015-05-20,4.94,3.54,9.52,,6.53,2.67,7.27,6.55,,1.62,3.42,8.2
2015-05-21,4.95,3.54,9.53,,6.53,2.67,7.28,4.92,,1.62,3.43,8.2
2015-05-22,4.96,3.55,9.53,,6.53,2.67,7.28,4.95,,1.62,3.43,8.2
2015-05-23,4.96,3.55,9.53,,6.53,2.67,7.27,4.97,,1.62,3.43,8.2
2015-05-24,4.95,3.56,9.53,,6.53,2.67,7.26,4.99,,1.62,3.43,8.2
2015-05-25,4.95,3.56,9.53,,6.52,2.67,7.25,6.65,,1.62,3.43,8.2
2015-05-26,4.94,3.56,9.53,,6.53,2.67,7.25,8.33,,1.62,3.43,8.2
2015-05-27,4.94,3.55,9.53,,6.53,2.67,7.26,8.35,,1.62,3.42,8.19
2015-05-28,4.93,3.55,9.53,,6.53,2.67,7.27,8.38,,1.62,3.42,8.19
2015-05-29,4.93,3.54,9.53,,6.53,2.67,7.28,8.4,,1.62,3.42,8.18
2015-05-30,4.93,3.54,9.53,,6.53,2.66,7.28,8.42,,1.62,3.42,8.18
2015-05-31,3.94,2.83,7.62,,6.53,2.13,5.83,8.42,,1.29,2.73,6.54
2015-06-01,3.95,2.82,7.61,,6.53,2.12,5.9,8.43,,1.3,2.72,6.62
2015-06-02,3.95,2.82,7.61,,6.52,2.1,5.97,8.43,,1.3,2.7,6.71
2015-06-03,3.97,2.83,7.62,,6.53,2.09,6.04,8.44,,1.31,2.69,6.79
2015-06-04,3.98,2.83,7.64,,6.53,2.08,6.12,8.46,,1.31,2.67,6.88
2015-06-05,4.98,3.54,9.56,,6.54,2.6,7.67,8.5,,1.64,3.34,8.61
2015-06-06,4.99,3.55,9.59,,6.55,2.61,7.68,8.53,,1.64,3.34,8.62
2015-06-07,4.99,3.55,9.61,,6.56,2.61,7.7,8.57,,1.64,3.35,8.63
2015-06-08,4.99,3.55,9.62,,6.56,2.61,7.71,8.59,,1.64,3.35,8.63
2015-06-09,5.0,3.56,9.63,,6.57,2.61,7.73,8.6,,1.64,3.35,8.64
2015-06-10,5.01,3.56,9.63,,6.57,2.61,7.75,8.58,,1.64,3.35,8.65
2015-06-11,5.01,3.56,9.63,,6.57,2.61,7.76,8.56,,1.64,3.35,8.65
2015-06-12,5.01,3.56,9.64,,6.57,2.61,7.77,8.55,,1.64,3.35,8.66
2015-06-13,5.01,3.56,9.64,,6.57,2.61,7.77,8.54,,1.64,3.35,8.67
2015-06-14,5.01,3.56,9.64,,5.26,2.61,7.77,8.53,,1.64,3.35,8.67
2015-06-15,5.0,3.56,9.65,,5.28,2.61,7.77,8.54,,1.64,3.34,8.68
2015-06-16,5.0,3.56,9.66,,5.3,2.61,7.78,8.54,,1.64,3.34,8.68
2015-06-17,5.0,3.55,9.66,,5.32,2.61,7.78,8.54,,1.64,3.34,8.67
2015-06-18,5.0,3.55,9.65,,5.34,2.61,7.77,8.52,,1.64,3.34,8.67
2015-06-19,4.99,3.55,9.64,,6.68,2.61,7.76,8.51,,1.64,3.34,8.66
2015-06-20,4.99,3.55,9.62,,6.68,2.6,7.74,8.5,,1.64,3.33,8.66
2015-06-21,4.98,3.55,9.62,,6.68,2.6,7.72,6.79,,1.63,3.33,8.66
2015-06-22,4.99,3.55,9.61,,6.68,2.6,7.71,6.78,,1.63,3.33,8.66
2015-06-23,4.99,3.55,9.6,,6.68,2.61,7.71,6.79,,1.63,3.33,8.66
2015-06-24,5.0,3.56,9.61,,6.68,2.61,7.7,6.79,,1.64,3.34,8.66
2015-06-25,5.01,3.56,9.61,,6.68,2.61,7.7,6.79,,1.64,3.34,8.66
2015-06-26,5.02,3.57,9.63,,6.67,2.61,7.7,8.5,,1.64,3.34,8.67
2015-06-27,5.03,3.57,9.65,,6.67,2.62,7.71,8.51,,1.64,3.34,8.68
2015-06-28,5.03,3.57,9.66,,6.67,2.62,7.72,8.52,,1.64,3.34,8.68
2015-06-29,5.03,3.57,9.69,,6.68,2.62,7.73,8.54,,1.64,3.34,8.71
2015-06-30,5.03,3.57,9.7,,6.68,2.62,7.73,8.55,,1.64,3.34,8.74
2015-07-01,5.03,3.58,9.67,,6.68,2.63,7.74,8.57,,1.64,3.35,8.74
2015-07-02,5.02,3.58,9.63,,6.68,2.63,7.74,8.57,,1.63,3.36,8.74
2015-07-03,5.02,3.59,9.59,,6.69,2.64,7.75,8.57,,1.63,3.37,8.74
2015-07-04,5.02,3.59,9.54,,6.68,2.65,7.75,8.56,,1.63,3.38,8.72
2015-07-05,5.02,3.6,9.5,,6.68,2.66,7.75,8.56,,1.62,3.39,8.69
2015-07-06,5.02,3.6,9.5,,6.68,2.66,7.76,8.57,,1.62,3.39,8.67
2015-07-07,5.01,3.59,9.5,,6.67,2.66,7.77,8.59,,1.62,3.39,8.66
2015-07-08,5.0,3.59,9.52,,6.67,2.66,7.78,8.62,,1.62,3.39,8.64
2015-07-09,5.0,3.58,9.53,,6.67,2.65,7.78,8.64,,1.62,3.38,8.63
2015-07-10,5.0,3.58,9.53,,6.67,2.65,7.78,8.65,,1.62,3.38,8.61
2015-07-11,5.01,3.59,9.52,,6.66,2.65,7.78,8.64,,1.62,3.38,8.61
2015-07-12,5.02,3.6,9.51,,6.66,2.65,7.77,8.62,,1.62,3.38,8.61
2015-07-13,5.03,3.6,9.5,,6.66,2.66,7.77,8.6,,1.62,3.38,8.6
2015-07-14,5.04,3.61,9.49,,6.65,2.66,7.77,8.59,,1.62,3.38,8.59
2015-07-15,5.04,3.6,9.49,,6.67,2.66,7.78,8.59,,1.62,3.38,8.58
2015-07-16,5.04,3.6,9.48,,6.68,2.65,7.78,8.59,,1.62,3.38,8.58
2015-07-17,5.03,3.59,9.49,,6.7,2.65,7.78,8.59,,1.62,3.38,8.57
2015-07-18,5.03,3.59,9.49,,6.71,2.65,7.78,8.59,,1.62,3.38,8.56
2015-07-19,5.02,3.59,9.49,,6.73,2.65,7.78,8.6,,1.62,3.38,8.56
2015-07-20,5.02,3.58,9.5,,6.72,2.65,7.77,8.6,,1.62,3.38,8.56
2015-07-21,5.02,3.58,9.52,,6.73,2.65,7.78,8.6,,1.62,3.37,8.56
2015-07-22,5.02,3.58,9.55,,6.73,2.65,7.78,6.88,,1.62,3.37,8.56
2015-07-23,5.02,3.58,9.57,,6.74,2.65,7.78,5.16,,1.62,3.37,8.55
2015-07-24,5.01,3.57,9.6,,6.76,2.65,7.79,3.45,,1.62,3.37,8.55
2015-07-25,5.01,3.57,9.63,,6.77,2.64,7.8,1.72,,1.62,3.37,8.54
2015-07-26,5.0,3.56,9.65,,6.78,2.64,7.81,0.0,,1.62,3.36,8.54
2015-07-27,5.0,3.56,9.66,,6.79,2.64,7.82,0.0,,1.62,3.36,8.53
2015-07-28,5.0,3.56,9.66,,6.79,2.64,7.83,0.0,,1.62,3.36,8.53
2015-07-29,5.0,3.56,9.65,,6.79,2.64,7.83,0.0,,1.62,3.36,8.53
2015-07-30,5.01,3.56,9.63,,6.79,2.64,7.82,0.0,,1.62,3.36,8.53
2015-07-31,4.01,2.85,7.7,,6.79,2.11,6.25,0.0,,1.3,2.69,6.83
2015-08-01,3.0,2.14,5.76,,6.79,1.59,4.68,0.0,,0.97,2.02,5.12
2015-08-02,2.0,1.42,3.83,,6.79,1.06,3.11,0.0,,0.65,1.35,3.42
2015-08-03,2.0,1.42,3.84,,6.79,1.1,3.11,0.0,,0.66,1.34,3.49
2015-08-04,1.99,1.42,3.85,,6.79,1.14,3.1,0.0,,0.66,1.33,3.57
2015-08-05,3.0,2.13,5.77,,6.8,1.72,4.65,0.0,,0.99,1.99,5.37
2015-08-06,4.0,2.84,7.71,,6.8,2.29,6.2,0.0,,1.33,2.65,7.16
2015-08-07,5.0,3.55,9.65,,6.81,2.86,7.76,0.0,,1.66,3.32,8.94
2015-08-08,5.0,3.55,9.66,,6.81,2.87,7.76,0.0,,1.66,3.32,8.94
2015-08-09,5.0,3.55,9.68,,6.82,2.87,7.77,0.0,,1.66,3.32,8.93
2015-08-10,5.0,3.55,9.69,,6.82,2.86,7.77,0.0,,1.66,3.32,8.93
2015-08-11,4.99,3.54,9.7,,6.82,2.86,7.77,0.0,,1.66,3.32,8.92
2015-08-12,4.99,3.54,9.7,,6.82,2.86,7.77,0.0,,1.66,3.32,8.92
2015-08-13,5.0,3.54,9.71,,6.83,2.86,7.77,0.0,,1.66,3.32,8.92
2015-08-14,5.0,3.55,9.72,,6.87,2.86,7.77,0.0,,1.66,3.32,8.92
2015-08-15,5.0,3.55,9.73,,6.91,2.86,7.77,0.0,,1.66,3.32,8.91
2015-08-16,5.01,3.55,9.73,,6.95,2.86,7.77,0.0,,1.66,3.32,8.91
2015-08-17,5.01,3.55,9.74,,6.98,2.86,7.77,0.0,,1.66,3.32,8.91
2015-08-18,5.01,3.55,9.74,,7.01,2.86,7.77,0.0,,1.66,3.32,8.9
2015-08-19,5.0,3.55,9.74,,7.01,2.86,7.78,0.0,,1.66,3.32,8.9
2015-08-20,5.0,3.54,9.76,,7.02,2.86,7.79,0.0,,1.66,3.32,8.9
2015-08-21,4.99,3.54,9.78,,7.02,2.86,7.82,0.0,,1.66,3.31,8.9
2015-08-22,4.99,3.53,9.8,,7.03,2.86,7.84,0.0,,1.65,3.31,8.9
2015-08-23,4.98,3.53,9.82,,7.04,2.85,7.85,0.0,,1.65,3.31,8.9
2015-08-24,4.99,3.53,9.85,,7.06,2.85,7.89,1.87,,1.65,3.31,8.92
2015-08-25,4.99,3.53,9.87,,7.07,2.85,7.91,3.75,,1.65,3.31,8.94
2015-08-26,5.0,3.54,9.86,,7.08,2.86,7.92,5.62,,1.65,3.32,8.97
2015-08-27,5.01,3.55,9.85,,7.08,2.86,7.91,7.48,,1.65,3.32,9.0
2015-08-28,5.01,3.55,9.83,,7.07,2.86,7.89,9.33,,1.65,3.32,9.02
2015-08-29,5.02,3.56,9.79,,7.06,2.86,7.86,9.3,,1.65,3.32,9.02
2015-08-30,5.02,3.56,9.76,,7.05,2.86,7.83,9.27,,1.65,3.32,9.02
2015-08-31,5.02,3.56,9.74,,7.04,2.86,7.81,9.26,,1.65,3.32,9.01
2015-09-01,6.02,4.27,11.64,,7.04,3.49,9.52,9.26,,1.95,3.97,10.74
2015-09-02,6.04,4.27,11.58,,7.04,3.54,9.69,9.29,,1.91,3.97,10.68
2015-09-03,6.05,4.27,11.51,,7.04,3.6,9.84,9.33,,1.88,3.96,10.61
2015-09-04,6.05,4.27,11.45,,7.03,3.66,9.99,9.38,,1.85,3.95,10.54
2015-09-05,6.05,4.26,11.38,,7.03,3.72,10.15,9.42,,1.82,3.94,10.47
2015-09-06,5.05,3.54,9.42,,7.02,3.15,8.59,9.45,,1.49,3.28,8.65
2015-09-07,5.04,3.54,9.42,,7.02,3.15,8.58,9.47,,1.49,3.28,8.64
2015-09-08,5.05,3.54,9.41,,7.02,3.15,8.58,9.48,,1.49,3.28,8.64
2015-09-09,5.05,3.54,9.4,,7.02,3.15,8.58,9.47,,1.49,3.28,8.64
2015-09-10,5.05,3.54,9.39,,7.01,3.15,8.57,9.46,,1.49,3.28,8.64
2015-09-11,5.06,3.55,9.38,,7.01,3.15,8.57,9.45,,1.49,3.29,8.64
2015-09-12,5.06,3.55,9.37,,7.01,3.15,8.57,9.45,,1.49,3.29,8.65
2015-09-13,5.06,3.55,9.36,,5.61,3.15,8.56,9.44,,1.49,3.29,8.64
2015-09-14,5.06,3.55,9.36,,4.21,3.15,8.57,9.43,,1.49,3.29,8.65
2015-09-15,5.07,3.56,9.37,,4.23,3.15,8.57,9.43,,1.49,3.29,8.64
2015-09-16,5.07,3.56,9.38,,4.24,3.15,8.56,9.42,,1.49,3.3,8.64
2015-09-17,5.07,3.56,9.39,,4.26,3.15,8.54,9.4,,1.49,3.29,8.63
2015-09-18,5.07,3.56,9.4,,5.69,3.15,8.52,9.38,,1.49,3.29,8.61
2015-09-19,5.06,3.56,9.41,,7.12,3.15,8.51,9.37,,1.49,3.29,8.6
2015-09-20,5.05,3.55,9.42,,7.12,3.14,8.48,9.35,,1.49,3.29,8.59
2015-09-21,5.04,3.55,9.43,,7.13,3.14,8.48,11.17,,1.49,3.28,8.58
2015-09-22,5.04,3.55,9.45,,7.14,3.14,8.5,13.04,,1.49,3.28,8.57
2015-09-23,5.04,3.55,9.47,,7.15,3.14,8.53,13.02,,1.49,3.28,8.56
2015-09-24,5.04,3.55,9.5,,7.15,3.15,8.56,13.01,,1.49,3.28,8.55
2015-09-25,5.05,3.55,9.54,,7.16,3.15,8.59,12.99,,1.49,3.28,8.54
2015-09-26,5.04,3.55,9.58,,7.16,3.15,8.62,11.14,,1.49,3.27,8.53
2015-09-27,5.05,3.55,9.6,,7.16,3.15,8.63,9.25,,1.49,3.28,8.52
2015-09-28,5.05,3.55,9.65,,7.17,3.15,8.66,9.26,,1.49,3.27,8.51
2015-09-29,5.05,3.55,9.69,,7.18,3.14,8.68,9.28,,1.49,3.27,8.51
2015-09-30,5.05,3.55,9.71,,7.19,3.14,8.69,9.28,,1.49,3.27,8.52
2015-10-01,5.04,3.57,9.82,,7.2,3.2,8.73,9.28,,1.51,3.28,8.5
2015-10-02,5.03,3.59,9.92,,7.21,3.25,8.76,9.26,,1.52,3.29,8.48
2015-10-03,5.02,3.61,10.0,,7.2,3.31,8.77,9.22,,1.54,3.3,8.46
2015-10-04,5.02,3.64,10.07,,7.2,3.37,8.78,9.18,,1.56,3.31,8.43
2015-10-05,5.01,3.66,10.14,,7.2,3.42,8.79,9.15,,1.58,3.33,8.41
2015-10-06,5.01,3.66,10.1,,7.19,3.42,8.75,9.09,,1.58,3.32,8.41
2015-10-07,5.0,3.66,10.04,,7.19,3.42,8.73,9.03,,1.58,3.33,8.41
2015-10-08,5.01,3.66,9.98,,7.18,3.43,8.71,8.96,,1.58,3.33,8.41
2015-10-09,5.01,3.66,9.92,,7.17,3.43,8.69,8.87,,1.58,3.33,8.41
2015-10-10,5.0,3.66,9.88,,7.17,3.43,8.67,8.8,,1.58,3.33,8.41
2015-10-11,5.0,3.66,9.85,,7.17,3.43,8.65,8.76,,1.58,3.33,8.41
2015-10-12,5.0,3.66,9.84,,7.17,3.43,8.64,8.74,,1.58,3.33,8.41
2015-10-13,5.0,3.66,9.85,,7.17,3.43,8.65,8.75,,1.58,3.33,8.4
2015-10-14,4.99,3.66,9.86,,7.17,3.43,8.65,8.76,,1.58,3.33,8.4
2015-10-15,4.99,3.65,9.87,,7.19,3.43,8.64,8.75,,1.58,3.33,8.4
2015-10-16,4.98,3.65,9.86,,7.21,3.43,8.63,8.75,,1.58,3.33,8.39
2015-10-17,4.98,3.65,9.85,,7.22,3.43,8.61,8.75,,1.58,3.33,8.39
2015-10-18,4.97,3.65,9.84,,7.24,3.43,8.59,8.72,,1.58,3.33,8.39
2015-10-19,4.97,3.65,9.82,,7.26,3.43,8.57,8.73,,1.58,3.33,8.39
2015-10-20,4.97,3.65,9.81,,7.26,3.43,8.57,8.75,,1.58,3.33,8.39
2015-10-21,4.97,3.65,9.8,,7.25,3.43,8.58,7.01,,1.58,3.33,8.38
2015-10-22,4.97,3.64,9.8,,7.25,3.43,8.59,5.26,,1.58,3.33,8.37
2015-10-23,4.96,3.64,9.78,,7.25,3.43,8.6,3.52,,1.58,3.33,8.37
2015-10-24,4.96,3.64,9.78,,7.25,3.43,8.6,1.76,,1.58,3.33,8.36
2015-10-25,4.96,3.64,9.77,,7.26,3.43,8.6,0.0,,1.58,3.33,8.35
2015-10-26,4.96,3.64,9.77,,7.26,3.43,8.58,1.65,,1.58,3.33,8.35
2015-10-27,4.96,3.64,9.77,,7.26,3.43,8.58,3.31,,1.58,3.33,8.35
2015-10-28,4.96,3.63,9.77,,7.27,3.43,8.6,4.97,,1.58,3.33,8.35
2015-10-29,4.97,3.64,9.78,,7.27,3.43,8.6,6.64,,1.58,3.33,8.35
2015-10-30,4.98,3.63,9.78,,7.28,3.43,8.62,8.3,,1.58,3.32,8.34
2015-10-31,3.99,2.91,7.83,,7.28,2.75,6.9,8.3,,1.26,2.66,6.68
2015-11-01,3.0,2.18,5.87,,7.28,2.06,5.18,8.29,,0.95,1.99,5.01
2015-11-02,3.0,2.48,5.85,,7.28,2.0,5.07,8.29,,0.95,1.97,4.95
2015-11-03,2.99,2.78,5.82,,7.28,1.94,4.95,8.26,,0.95,1.95,4.9
2015-11-04,2.98,3.07,5.8,,7.29,1.89,4.83,8.26,,0.95,1.93,4.85
2015-11-05,3.98,4.1,7.74,,7.29,2.51,6.44,8.26,,1.27,2.57,6.46
2015-11-06,4.98,5.13,9.69,,7.29,3.15,8.05,8.28,,1.58,3.22,8.09
2015-11-07,4.99,5.14,9.71,,7.29,3.15,8.05,8.31,,1.59,3.22,8.1
2015-11-08,5.0,5.15,9.73,,7.3,3.15,8.06,8.34,,1.59,3.22,8.1
2015-11-09,5.0,5.15,9.76,,7.3,3.15,8.08,8.38,,1.59,3.22,8.11
2015-11-10,5.01,5.15,9.78,,7.3,3.16,8.09,8.4,,1.59,3.23,8.12
2015-11-11,5.01,5.15,9.8,,7.31,3.15,8.1,8.4,,1.59,3.22,8.12
2015-11-12,5.01,5.15,9.83,,7.31,3.15,8.1,8.41,,1.59,3.22,8.12
2015-11-13,5.01,5.14,9.87,,8.81,3.15,8.11,8.42,,1.59,3.22,8.13
2015-11-14,5.0,5.14,9.89,,8.83,3.15,8.1,8.43,,1.59,3.22,8.13
2015-11-15,5.0,5.14,9.92,,8.86,3.15,8.1,8.44,,1.59,3.22,8.13
2015-11-16,4.99,5.13,9.93,,8.88,3.15,8.1,8.45,,1.59,3.22,8.13
2015-11-17,4.99,5.13,9.92,,8.9,3.15,8.1,8.46,,1.59,3.22,8.13
2015-11-18,4.99,5.13,9.91,,7.43,3.15,8.09,8.45,,1.59,3.22,8.12
2015-11-19,4.98,5.13,9.91,,7.43,3.15,8.08,8.43,,1.59,3.21,8.11
2015-11-20,4.98,5.13,9.91,,7.43,3.15,8.06,8.4,,1.59,3.21,8.09
2015-11-21,4.98,5.13,9.93,,7.44,3.15,8.05,8.37,,1.59,3.21,8.08
2015-11-22,4.97,5.12,9.94,,7.45,3.15,8.03,8.35,,1.59,3.2,8.07
2015-11-23,4.97,5.12,9.96,,7.45,3.15,8.03,10.01,,1.59,3.2,8.07
2015-11-24,4.97,5.12,9.96,,7.46,3.15,8.03,11.66,,1.59,3.2,8.06
2015-11-25,4.97,5.12,9.96,,7.45,3.15,8.03,11.67,,1.59,3.2,8.06
2015-11-26,4.97,5.12,9.96,,7.45,3.15,8.03,11.68,,1.59,3.2,8.06
2015-11-27,4.96,5.11,9.95,,7.45,3.15,8.04,11.71,,1.59,3.2,8.06
2015-11-28,4.96,5.11,9.94,,7.45,3.15,8.04,10.05,,1.59,3.19,8.06
2015-11-29,4.96,5.11,9.94,,7.45,3.15,8.04,8.41,,1.59,3.19,8.06
2015-11-30,4.96,5.11,9.93,,7.45,3.15,8.05,8.43,,1.59,3.19,8.07
2015-12-01,5.93,6.04,11.91,,7.45,5.35,9.6,8.44,,1.91,3.83,9.68
2015-12-02,5.92,5.96,11.92,,7.44,6.93,9.55,8.44,,1.91,3.83,9.68
2015-12-03,5.92,5.89,11.94,,7.43,8.52,9.51,8.44,,1.92,3.84,9.69
2015-12-04,5.92,5.81,11.96,,7.43,10.11,9.47,8.44,,1.92,3.84,9.7
2015-12-05,5.91,5.73,11.98,,7.42,11.69,9.42,8.43,,1.93,3.84,9.71
2015-12-06,4.94,4.72,10.02,,7.42,11.08,7.83,8.42,,1.61,3.21,8.1
2015-12-07,4.95,4.72,10.05,,7.42,11.08,7.84,8.43,,1.61,3.21,8.1
2015-12-08,4.94,4.72,10.09,,7.44,11.07,7.85,8.46,,1.61,3.2,8.1
2015-12-09,4.94,4.72,10.12,,7.46,11.07,7.85,8.48,,1.61,3.2,8.11
2015-12-10,4.94,4.72,10.16,,7.48,11.06,7.85,8.53,,1.61,3.2,8.12
2015-12-11,4.94,4.71,10.24,,7.51,11.06,7.89,8.6,,1.61,3.2,8.12
2015-12-12,4.95,4.71,10.3,,7.54,11.06,7.91,8.65,,1.61,3.19,8.13
2015-12-13,4.95,4.71,10.34,,6.04,11.06,7.94,8.69,,1.61,3.19,8.14
2015-12-14,4.95,4.71,10.41,,4.53,11.06,7.96,8.73,,1.61,3.19,8.14
2015-12-15,4.96,4.72,10.43,,4.59,11.06,7.97,8.73,,1.61,3.19,8.14
2015-12-16,4.97,4.73,10.4,,4.63,11.07,7.96,8.7,,1.61,3.19,8.14
2015-12-17,4.97,4.74,10.4,,4.66,11.07,7.94,8.69,,1.61,3.2,8.14
2015-12-18,4.98,4.74,10.39,,6.22,11.08,7.93,8.66,,1.61,3.19,8.14
2015-12-19,4.98,4.74,10.38,,7.78,11.07,7.93,8.65,,1.61,3.19,8.13
2015-12-20,4.98,4.74,10.39,,7.78,11.07,7.93,8.65,,1.61,3.19,8.13
2015-12-21,4.98,4.74,10.43,,7.78,11.06,7.93,10.39,,1.61,3.19,8.13
2015-12-22,4.98,4.73,10.42,,7.77,11.06,7.94,12.11,,1.61,3.18,8.13
2015-12-23,4.98,4.73,10.39,,7.75,11.06,7.93,12.1,,1.61,3.18,8.12
2015-12-24,5.94,6.25,12.54,,7.74,12.22,9.96,12.08,,2.02,3.79,8.11
2015-12-25,6.91,7.77,14.68,,7.73,13.37,11.99,12.06,,2.43,4.4,8.09
2015-12-26,7.88,9.29,16.83,,7.72,14.52,14.01,10.31,,2.85,5.01,8.08
2015-12-27,8.85,10.82,18.99,,7.71,15.67,16.04,8.56,,3.26,5.62,8.07
2015-12-28,9.82,12.34,21.2,,7.72,16.82,18.09,8.56,,3.67,6.22,8.07
2015-12-29,9.83,12.34,21.2,,7.71,16.82,18.1,8.56,,3.67,6.22,9.62
2015-12-30,9.84,12.35,21.2,,7.71,16.82,18.09,8.58,,3.67,6.22,11.16
2015-12-31,8.85,11.41,19.15,,7.71,14.6,16.52,8.6,,3.34,5.58,11.09
2016-01-01,7.87,10.46,17.09,,7.7,12.38,14.94,8.61,,3.02,4.94,11.02
2016-01-02,6.88,9.52,15.01,,7.7,10.17,13.36,8.62,,2.69,4.31,10.95
2016-01-03,5.88,8.57,12.96,,7.7,7.95,11.77,8.62,,2.37,3.67,9.33
2016-01-04,4.88,7.62,10.92,,7.7,5.73,10.2,8.64,,2.04,3.03,7.7
2016-01-05,4.88,7.62,10.93,,7.7,5.73,10.2,8.65,,2.04,3.03,7.7
2016-01-06,4.87,7.61,10.94,,7.71,5.73,10.19,8.69,,2.04,3.03,7.69
2016-01-07,4.87,7.59,10.96,,7.72,5.72,10.2,8.72,,2.04,3.03,7.68
2016-01-08,4.86,7.58,10.99,,7.72,5.71,10.21,8.77,,2.04,3.03,7.67
2016-01-09,4.86,7.56,11.01,,7.73,5.7,10.22,8.79,,2.04,3.02,7.66
2016-01-10,4.85,7.55,11.03,,7.73,5.7,10.23,8.82,,2.04,3.02,7.66
2016-01-11,4.85,7.55,11.05,,7.73,5.7,10.24,8.83,,2.04,3.02,7.66
2016-01-12,4.85,7.55,11.06,,7.72,5.69,10.26,8.84,,2.04,3.02,7.65
2016-01-13,4.85,7.55,11.09,,7.72,5.69,10.28,8.84,,2.04,3.02,7.66
2016-01-14,4.85,7.55,11.1,,6.17,5.69,10.3,8.83,,2.04,3.02,7.66
2016-01-15,4.86,7.55,11.15,,6.2,5.69,10.34,8.85,,2.04,3.02,7.66
2016-01-16,4.86,7.55,11.19,,6.24,5.68,10.37,8.87,,2.04,3.02,7.66
2016-01-17,4.86,7.55,11.23,,6.27,5.68,10.4,8.89,,2.03,3.02,7.66
2016-01-18,4.87,7.56,11.25,,6.31,5.68,10.42,8.9,,2.03,3.02,7.66
2016-01-19,4.88,7.56,11.29,,7.89,5.68,10.43,8.93,,2.03,3.02,7.66
2016-01-20,4.88,7.56,11.31,,7.89,5.68,10.44,7.14,,2.03,3.01,7.66
2016-01-21,4.88,7.57,11.32,,7.89,5.68,10.43,5.35,,2.03,3.01,7.66
2016-01-22,4.89,7.58,11.3,,7.88,5.68,10.41,3.57,,2.03,3.01,7.66
2016-01-23,3.92,6.07,9.04,,7.87,4.54,8.32,1.78,,1.63,2.41,7.66
2016-01-24,2.94,4.55,6.77,,7.86,3.41,6.24,0.0,,1.22,1.81,7.65
2016-01-25,1.96,3.04,4.49,,7.85,2.27,4.15,1.79,,0.81,1.21,7.65
2016-01-26,0.98,1.52,2.23,,7.84,1.14,2.06,3.56,,0.41,0.6,7.65
2016-01-27,0.0,0.0,0.0,,7.85,0.0,0.0,5.34,,0.0,0.0,7.65
2016-01-28,0.0,0.0,0.0,,7.85,0.0,0.0,7.09,,0.0,0.0,6.12
2016-01-29,0.0,0.0,0.0,,7.85,0.0,0.0,8.83,,0.0,0.0,4.59
2016-01-30,0.0,0.0,0.0,,7.85,0.0,0.0,8.78,,0.0,0.0,3.06
2016-01-31,0.0,0.0,0.0,,7.85,0.0,0.0,8.74,,0.0,0.0,1.53
2016-02-01,1.02,0.85,2.06,,7.85,0.56,1.57,8.7,,0.33,0.63,1.53
2016-02-02,2.04,1.7,4.13,,7.85,1.12,3.14,8.7,,0.66,1.25,3.06
2016-02-03,3.07,2.55,6.19,,7.86,1.68,4.7,8.69,,0.98,1.87,4.58
2016-02-04,4.09,3.4,8.26,,7.86,2.24,6.26,8.67,,1.31,2.5,6.11
2016-02-05,5.11,4.25,10.34,,7.87,2.8,7.82,8.67,,1.64,3.12,7.64
2016-02-06,5.11,4.25,10.37,,7.87,2.79,7.82,8.66,,1.63,3.12,7.63
2016-02-07,5.12,4.25,10.38,,7.88,2.79,7.81,8.64,,1.63,3.11,7.63
2016-02-08,5.11,4.25,10.43,,7.88,2.79,7.82,8.65,,1.63,3.11,7.62
2016-02-09,5.11,4.25,10.48,,7.89,2.79,7.83,8.66,,1.63,3.11,7.61
2016-02-10,5.11,4.24,10.51,,7.9,2.79,7.85,8.65,,1.63,3.11,7.61
2016-02-11,5.1,4.23,10.56,,7.91,2.79,7.86,8.66,,1.63,3.1,7.62
2016-02-12,5.1,4.23,10.58,,9.51,2.79,7.86,8.65,,1.63,3.1,7.62
2016-02-13,5.1,4.23,10.58,,11.11,2.79,7.86,8.64,,1.62,3.1,7.63
2016-02-14,5.1,4.23,10.56,,11.12,2.79,7.86,8.63,,1.62,3.1,7.64
2016-02-15,5.11,4.23,10.55,,11.12,2.79,7.85,8.63,,1.62,3.1,7.64
2016-02-16,5.12,4.24,10.51,,11.13,2.79,7.84,8.63,,1.63,3.11,7.64
2016-02-17,5.12,4.24,10.49,,9.53,2.79,7.83,8.63,,1.63,3.11,7.64
2016-02-18,5.12,4.24,10.47,,7.94,2.79,7.8,8.63,,1.63,3.11,7.62
2016-02-19,5.12,4.24,10.45,,7.94,2.79,7.79,8.63,,1.63,3.11,7.62
2016-02-20,5.11,4.24,10.42,,7.94,2.79,7.77,8.63,,1.63,3.11,7.61
2016-02-21,5.11,4.23,10.4,,7.93,2.79,7.75,8.62,,1.63,3.11,7.6
2016-02-22,5.1,4.23,10.38,,7.92,2.79,7.74,10.32,,1.63,3.11,7.6
2016-02-23,5.09,4.23,10.36,,7.91,2.79,7.73,12.03,,1.63,3.11,7.61
2016-02-24,5.09,4.23,10.34,,7.9,2.79,7.73,12.03,,1.63,3.11,7.62
2016-02-25,5.08,4.22,10.31,,7.88,2.79,7.71,12.02,,1.63,3.11,7.62
2016-02-26,5.07,4.22,10.27,,7.87,2.79,7.7,12.03,,1.63,3.12,7.62
2016-02-27,5.06,4.22,10.25,,7.86,2.79,7.69,10.34,,1.63,3.12,7.62
2016-02-28,5.05,4.22,10.22,,7.86,2.79,7.68,8.63,,1.63,3.12,7.63
2016-02-29,5.05,4.21,10.17,,7.85,2.79,7.67,8.64,,1.63,3.12,7.62
2016-03-01,6.06,4.99,12.23,,7.84,2.79,9.24,8.62,,1.98,3.68,9.1
2016-03-02,6.06,4.92,12.34,,7.82,2.23,9.29,8.58,,2.01,3.62,9.04
2016-03-03,6.05,4.84,12.43,,7.8,1.67,9.35,8.53,,2.04,3.56,8.99
2016-03-04,6.04,4.77,12.52,,7.78,1.12,9.4,8.47,,2.07,3.5,8.94
2016-03-05,6.03,4.71,12.63,,7.76,0.56,9.45,8.4,,2.09,3.43,8.89
2016-03-06,5.01,3.86,10.65,,7.75,0.0,7.93,8.37,,1.77,2.81,7.37
2016-03-07,5.01,3.86,10.64,,7.73,0.0,7.92,8.33,,1.77,2.81,7.37
2016-03-08,5.0,3.86,10.64,,7.72,0.0,7.92,8.31,,1.77,2.81,7.36
2016-03-09,5.0,3.86,10.65,,7.72,0.0,7.92,8.3,,1.77,2.81,7.36
2016-03-10,4.99,3.85,10.64,,7.71,0.0,7.92,8.28,,1.77,2.81,7.36
2016-03-11,4.97,3.85,10.61,,7.69,0.0,7.91,8.24,,1.77,2.81,7.35
2016-03-12,4.96,3.84,10.58,,7.68,0.0,7.91,8.21,,1.77,2.81,7.35
2016-03-13,4.96,3.84,10.53,,6.14,0.0,7.9,8.18,,1.77,2.81,7.36
2016-03-14,4.95,3.84,10.5,,4.6,0.0,7.89,8.16,,1.77,2.81,7.35
2016-03-15,4.94,3.84,10.5,,4.63,0.0,7.89,8.17,,1.77,2.81,7.35
2016-03-16,4.94,3.83,10.51,,4.66,0.0,7.89,8.18,,1.77,2.81,7.35
2016-03-17,4.93,3.82,10.51,,4.69,0.0,7.87,8.15,,1.77,2.81,7.34
2016-03-18,4.91,3.82,10.5,,6.24,0.0,7.86,8.12,,1.77,2.81,7.33
2016-03-19,4.9,3.81,10.49,,7.8,0.0,7.84,8.09,,1.77,2.81,7.33
2016-03-20,4.89,3.8,10.46,,7.79,0.0,7.81,8.04,,1.76,2.8,7.32
2016-03-21,4.89,3.8,10.44,,7.78,0.0,7.79,9.59,,1.76,2.8,7.32
2016-03-22,4.89,3.8,10.45,,7.78,0.0,7.79,11.19,,1.76,2.8,7.32
2016-03-23,4.89,3.8,10.46,,7.78,0.0,7.79,11.21,,1.76,2.8,7.31
2016-03-24,4.89,3.8,10.49,,7.8,0.0,7.8,11.23,,1.76,2.8,7.31
2016-03-25,4.88,3.8,10.52,,7.81,0.0,7.81,11.26,,1.76,2.8,7.32
2016-03-26,4.88,3.8,10.54,,7.83,0.0,7.83,9.68,,1.76,2.8,7.32
2016-03-27,4.88,3.8,10.56,,7.84,0.0,7.84,8.11,,1.76,2.8,7.32
2016-03-28,4.88,3.79,10.58,,7.85,0.0,7.84,8.11,,1.76,2.8,7.32
2016-03-29,4.87,3.79,10.58,,7.84,0.0,7.83,8.08,,1.76,2.8,7.31
2016-03-30,4.87,3.79,10.58,,7.84,0.0,7.82,8.05,,1.76,2.8,7.31
2016-03-31,3.89,3.03,8.46,,7.82,0.0,6.25,8.01,,1.41,2.24,5.85
2016-04-01,3.87,2.98,8.25,,7.81,0.58,6.2,7.97,,1.4,2.18,5.89
2016-04-02,3.85,2.93,8.03,,7.8,1.16,6.14,7.94,,1.39,2.13,5.93
2016-04-03,3.84,2.88,7.82,,7.79,1.74,6.1,7.93,,1.38,2.07,5.97
2016-04-04,3.82,2.83,7.62,,7.79,2.32,6.06,7.92,,1.36,2.02,6.01
2016-04-05,4.78,3.54,9.53,,7.81,2.9,7.58,7.95,,1.71,2.52,7.51
2016-04-06,4.78,3.54,9.53,,7.81,2.9,7.58,7.96,,1.71,2.52,7.5
2016-04-07,4.77,3.53,9.53,,7.82,2.9,7.58,8.0,,1.7,2.52,7.49
2016-04-08,4.77,3.53,9.53,,7.83,2.9,7.59,8.01,,1.7,2.52,7.48
2016-04-09,4.77,3.53,9.52,,7.82,2.9,7.59,8.02,,1.7,2.51,7.47
2016-04-10,4.77,3.52,9.51,,7.81,2.9,7.59,8.01,,1.7,2.51,7.47
2016-04-11,4.77,3.52,9.5,,7.8,2.9,7.58,7.99,,1.7,2.51,7.47
2016-04-12,4.77,3.52,9.48,,7.78,2.9,7.57,7.94,,1.7,2.51,7.48
2016-04-13,4.77,3.53,9.46,,7.77,2.9,7.55,7.91,,1.7,2.51,7.47
2016-04-14,4.77,3.53,9.43,,6.21,2.9,7.54,7.88,,1.7,2.51,7.46
2016-04-15,4.77,3.52,9.41,,6.27,2.9,7.52,7.85,,1.7,2.51,7.44
2016-04-16,4.77,3.52,9.39,,6.33,2.9,7.51,7.84,,1.7,2.51,7.44
2016-04-17,4.76,3.52,9.38,,6.4,2.9,7.5,7.84,,1.7,2.51,7.43
2016-04-18,4.76,3.51,9.37,,6.47,2.9,7.49,7.85,,1.7,2.51,7.43
2016-04-19,4.75,3.51,9.36,,8.08,2.9,7.49,7.83,,1.7,2.51,7.43
2016-04-20,4.75,3.51,9.33,,8.07,2.9,7.48,6.26,,1.7,2.51,7.42
2016-04-21,4.75,3.51,9.32,,8.05,2.9,7.48,4.69,,1.7,2.51,7.42
2016-04-22,4.75,3.51,9.3,,8.04,2.9,7.48,3.12,,1.71,2.51,7.42
2016-04-23,4.75,3.51,9.29,,8.03,2.9,7.48,1.55,,1.71,2.51,7.42
2016-04-24,4.75,3.52,9.29,,8.02,2.9,7.48,0.0,,1.71,2.51,7.42
2016-04-25,4.75,3.52,9.29,,8.02,2.91,7.5,1.58,,1.71,2.51,7.42
2016-04-26,4.75,3.52,9.29,,8.01,2.91,7.5,3.15,,1.71,2.51,7.42
2016-04-27,4.75,3.52,9.28,,8.0,2.9,7.5,4.71,,1.71,2.51,7.41
2016-04-28,4.75,3.52,9.27,,8.0,2.9,7.5,6.26,,1.71,2.51,7.4
2016-04-29,4.74,3.52,9.26,,7.99,2.9,7.49,7.81,,1.71,2.51,7.39
2016-04-30,4.73,3.51,9.25,,7.99,2.9,7.48,7.78,,1.7,2.51,7.38
2016-05-01,3.78,2.81,7.39,,7.98,2.32,5.98,7.76,,1.36,2.01,5.9
2016-05-02,3.76,2.75,7.4,,7.98,2.26,5.91,7.75,,1.35,2.06,5.9
2016-05-03,3.74,2.69,7.43,,7.98,2.21,5.85,7.76,,1.34,2.1,5.9
2016-05-04,3.72,2.64,7.46,,7.98,2.15,5.79,7.8,,1.32,2.15,5.9
2016-05-05,3.7,2.58,7.49,,7.98,2.1,5.73,7.84,,1.31,2.2,5.9
2016-05-06,4.63,3.22,9.38,,7.98,2.62,7.16,7.87,,1.63,2.75,7.37
2016-05-07,4.63,3.22,9.4,,7.99,2.62,7.16,7.91,,1.63,2.75,7.36
2016-05-08,4.63,3.22,9.41,,7.99,2.62,7.16,7.92,,1.63,2.75,7.36
2016-05-09,4.63,3.22,9.41,,7.99,2.62,7.16,7.93,,1.63,2.75,7.36
2016-05-10,4.63,3.22,9.4,,7.99,2.62,7.15,7.93,,1.63,2.75,7.36
2016-05-11,4.63,3.22,9.39,,7.99,2.61,7.15,7.92,,1.63,2.75,7.35
2016-05-12,4.63,3.22,9.38,,8.0,2.61,7.14,7.92,,1.63,2.74,7.35
2016-05-13,4.63,3.22,9.37,,9.69,2.61,7.13,7.93,,1.63,2.74,7.35
2016-05-14,4.63,3.22,9.36,,11.38,2.61,7.12,7.93,,1.63,2.74,7.34
2016-05-15,4.62,3.22,9.37,,11.47,2.61,7.11,7.93,,1.63,2.74,7.33
2016-05-16,4.63,3.22,9.37,,11.56,2.61,7.1,7.95,,1.63,2.74,7.33
2016-05-17,4.63,3.22,9.37,,11.65,2.61,7.1,7.96,,1.63,2.74,7.32
2016-05-18,4.64,3.23,9.36,,10.05,2.62,7.12,7.99,,1.63,2.74,7.32
2016-05-19,4.65,3.24,9.36,,8.44,2.62,7.14,8.02,,1.63,2.74,7.32
2016-05-20,4.66,3.24,9.35,,8.44,2.62,7.15,8.04,,1.63,2.74,7.32
2016-05-21,4.66,3.25,9.35,,8.44,2.62,7.17,8.06,,1.64,2.74,7.31
2016-05-22,4.67,3.25,9.35,,8.43,2.62,7.19,8.09,,1.64,2.74,7.31
2016-05-23,4.67,3.25,9.35,,8.43,2.62,7.19,9.72,,1.64,2.75,7.3
2016-05-24,4.67,3.25,9.33,,8.42,2.62,7.19,11.34,,1.64,2.75,7.3
2016-05-25,4.67,3.25,9.32,,8.42,2.62,7.18,11.34,,1.64,2.75,7.3
2016-05-26,4.66,3.25,9.31,,8.41,2.62,7.17,11.33,,1.64,2.75,7.3
2016-05-27,4.66,3.25,9.3,,8.41,2.62,7.17,11.34,,1.64,2.75,7.3
2016-05-28,4.66,3.24,9.28,,8.4,2.62,7.16,9.71,,1.64,2.75,7.3
2016-05-29,4.66,3.24,9.28,,8.4,2.62,7.16,8.09,,1.64,2.75,7.3
2016-05-30,4.65,3.24,9.28,,8.4,2.62,7.16,8.1,,1.64,2.75,7.3
2016-05-31,4.65,3.24,9.28,,8.4,2.62,7.16,8.11,,1.64,2.75,7.3
2016-06-01,4.68,3.29,9.38,,8.4,2.64,7.27,8.11,,1.64,2.76,7.3
2016-06-02,4.7,3.34,9.48,,8.39,2.66,7.38,8.11,,1.64,2.78,7.3
2016-06-03,4.71,3.38,9.57,,8.39,2.68,7.48,8.08,,1.63,2.79,7.3
2016-06-04,4.73,3.42,9.66,,8.39,2.7,7.58,8.05,,1.63,2.8,7.3
2016-06-05,4.74,3.47,9.75,,8.38,2.72,7.68,8.02,,1.63,2.81,7.3
2016-06-06,4.73,3.46,9.74,,8.38,2.71,7.66,7.98,,1.63,2.81,7.3
2016-06-07,4.73,3.46,9.72,,8.38,2.71,7.64,7.92,,1.63,2.81,7.3
2016-06-08,4.73,3.46,9.69,,8.38,2.71,7.63,7.88,,1.63,2.81,7.29
2016-06-09,4.72,3.46,9.67,,8.38,2.71,7.62,7.85,,1.63,2.81,7.29
2016-06-10,4.72,3.45,9.67,,8.38,2.71,7.61,7.84,,1.63,2.8,7.29
2016-06-11,4.71,3.45,9.67,,8.39,2.71,7.61,7.84,,1.63,2.8,7.28
2016-06-12,4.71,3.45,9.68,,6.71,2.71,7.61,7.85,,1.63,2.8,7.28
2016-06-13,4.7,3.44,9.71,,5.03,2.71,7.62,7.89,,1.63,2.8,7.27
2016-06-14,4.71,3.45,9.74,,3.36,2.71,7.64,7.92,,1.62,2.79,7.27
2016-06-15,4.71,3.45,9.76,,3.36,2.71,7.65,7.93,,1.62,2.79,7.26
2016-06-16,4.71,3.44,9.77,,3.37,2.71,7.66,7.94,,1.62,2.79,7.26
2016-06-17,4.71,3.45,9.79,,5.06,2.71,7.66,7.94,,1.62,2.79,7.26
2016-06-18,4.71,3.45,9.79,,6.75,2.71,7.67,7.94,,1.62,2.79,7.26
2016-06-19,4.7,3.44,9.79,,8.44,2.71,7.66,7.92,,1.62,2.78,7.26
2016-06-20,4.71,3.45,9.78,,8.44,2.71,7.65,9.47,,1.62,2.78,7.26
2016-06-21,4.71,3.45,9.76,,8.43,2.71,7.64,11.01,,1.62,2.79,7.25
2016-06-22,4.71,3.45,9.74,,8.42,2.71,7.63,10.98,,1.63,2.79,7.25
2016-06-23,4.71,3.45,9.7,,8.41,2.71,7.61,10.94,,1.63,2.79,7.24
2016-06-24,4.71,3.45,9.7,,8.41,2.71,7.6,10.95,,1.63,2.79,7.23
2016-06-25,4.71,3.45,9.71,,8.42,2.71,7.61,9.4,,1.62,2.79,7.22
2016-06-26,4.7,3.44,9.72,,8.43,2.71,7.61,7.86,,1.62,2.78,7.22
2016-06-27,4.69,3.44,9.77,,8.45,2.71,7.61,7.9,,1.62,2.78,7.21
2016-06-28,4.68,3.43,9.8,,8.46,2.7,7.61,7.93,,1.62,2.77,7.2
2016-06-29,4.67,3.42,9.78,,8.45,2.7,7.58,7.88,,1.62,2.77,7.19
2016-06-30,4.66,3.42,9.75,,8.44,2.7,7.54,7.84,,1.62,2.77,7.18
2016-07-01,4.63,3.41,9.69,,8.43,2.71,7.78,7.79,,1.62,2.79,7.02
2016-07-02,4.61,3.41,9.6,,8.41,2.71,8.03,7.73,,1.62,2.81,6.87
2016-07-03,4.6,3.4,9.54,,8.4,2.72,8.28,7.7,,1.62,2.83,6.72
2016-07-04,4.58,3.4,9.49,,8.4,2.72,8.56,7.69,,1.63,2.85,6.58
2016-07-05,4.56,3.39,9.48,,8.4,2.72,8.83,7.7,,1.63,2.86,6.43
2016-07-06,4.56,3.39,9.48,,8.4,2.72,8.82,7.71,,1.63,2.86,6.42
2016-07-07,4.55,3.39,9.48,,8.4,2.72,8.82,7.72,,1.63,2.85,6.42
2016-07-08,4.54,3.38,9.46,,8.39,2.72,8.8,7.72,,1.63,2.85,6.41
2016-07-09,4.53,3.37,9.43,,8.38,2.72,8.78,7.71,,1.63,2.85,6.41
2016-07-10,4.53,3.37,9.39,,8.37,2.72,8.76,7.7,,1.63,2.85,6.4
2016-07-11,4.52,3.37,9.37,,8.36,2.72,8.74,7.68,,1.63,2.85,6.4
2016-07-12,4.53,3.37,9.34,,8.35,2.72,8.73,7.65,,1.63,2.86,6.4
2016-07-13,4.53,3.37,9.33,,8.34,2.72,8.73,7.65,,1.63,2.86,6.41
2016-07-14,4.54,3.38,9.33,,8.34,2.72,8.73,7.63,,1.63,2.87,6.41
2016-07-15,4.55,3.39,9.33,,8.38,2.73,8.73,7.62,,1.63,2.87,6.42
2016-07-16,4.55,3.39,9.33,,8.43,2.73,8.74,7.61,,1.63,2.87,6.42
2016-07-17,4.56,3.39,9.33,,8.49,2.73,8.73,7.62,,1.63,2.87,6.42
2016-07-18,4.56,3.4,9.33,,8.53,2.73,8.74,7.61,,1.63,2.87,6.42
2016-07-19,4.56,3.4,9.33,,8.58,2.73,8.74,7.63,,1.63,2.87,6.42
2016-07-20,4.56,3.4,9.32,,8.57,2.73,8.74,6.11,,1.63,2.88,6.42
2016-07-21,4.56,3.4,9.32,,8.56,2.73,8.74,4.58,,1.63,2.88,6.42
2016-07-22,4.56,3.39,9.31,,8.55,2.73,8.75,3.06,,1.63,2.88,6.42
2016-07-23,4.56,3.39,9.3,,8.55,2.73,8.75,1.54,,1.63,2.88,6.41
2016-07-24,4.56,3.39,9.29,,8.54,2.73,8.75,0.0,,1.63,2.88,6.41
2016-07-25,4.56,3.39,9.3,,8.54,2.73,8.75,1.55,,1.63,2.88,6.41
2016-07-26,4.56,3.39,9.3,,8.54,2.73,8.76,3.1,,1.63,2.88,6.41
2016-07-27,4.56,3.39,9.32,,8.54,2.73,8.76,4.64,,1.63,2.88,6.41
2016-07-28,4.55,3.39,9.33,,8.54,2.73,8.77,6.18,,1.63,2.88,6.41
2016-07-29,4.55,3.39,9.35,,8.54,2.73,8.77,7.71,,1.63,2.87,6.4
2016-07-30,4.54,3.38,9.36,,8.54,2.72,8.76,7.69,,1.63,2.87,6.4
2016-07-31,3.63,2.7,7.49,,8.54,2.18,7.01,7.67,,1.3,2.3,5.12
2016-08-01,3.61,2.7,7.44,,8.54,2.13,6.92,7.66,,1.28,2.27,5.13
2016-08-02,3.6,2.69,7.38,,8.55,2.09,6.83,7.64,,1.26,2.24,5.15
2016-08-03,3.58,2.69,7.32,,8.56,2.04,6.75,7.65,,1.24,2.22,5.16
2016-08-04,3.57,2.69,7.25,,8.56,1.99,6.65,7.64,,1.22,2.19,5.17
2016-08-05,4.46,3.36,9.04,,8.56,2.49,8.31,7.64,,1.53,2.74,6.47
2016-08-06,4.46,3.36,9.02,,8.56,2.49,8.3,7.62,,1.53,2.74,6.46
2016-08-07,4.46,3.36,9.0,,8.55,2.49,8.29,7.61,,1.53,2.74,6.46
2016-08-08,4.46,3.36,8.97,,8.54,2.49,8.28,7.59,,1.53,2.74,6.46
2016-08-09,4.46,3.36,8.96,,8.54,2.49,8.26,7.57,,1.53,2.74,6.46
2016-08-10,4.45,3.36,8.95,,8.54,2.49,8.24,7.54,,1.53,2.74,6.46
2016-08-11,4.45,3.36,8.93,,8.53,2.49,8.22,7.51,,1.53,2.74,6.46
2016-08-12,4.44,3.35,8.92,,8.53,2.49,8.2,7.49,,1.53,2.74,6.45
2016-08-13,4.43,3.35,8.91,,8.52,2.49,8.18,7.47,,1.53,2.74,6.45
2016-08-14,4.42,3.35,8.91,,6.82,2.49,8.17,7.47,,1.52,2.73,6.45
2016-08-15,4.43,3.35,8.89,,6.82,2.49,8.16,7.46,,1.52,2.73,6.45
2016-08-16,4.43,3.35,8.89,,6.81,2.49,8.16,7.46,,1.52,2.73,6.45
2016-08-17,4.43,3.35,8.89,,6.81,2.49,8.16,7.45,,1.52,2.73,6.45
2016-08-18,4.43,3.35,8.88,,6.81,2.49,8.15,7.44,,1.52,2.73,6.45
2016-08-19,4.43,3.36,8.87,,8.51,2.49,8.15,7.44,,1.53,2.73,6.46
2016-08-20,4.43,3.36,8.87,,8.51,2.49,8.15,7.44,,1.53,2.73,6.46
2016-08-21,4.43,3.36,8.87,,8.51,2.49,8.15,7.44,,1.53,2.73,6.46
2016-08-22,4.43,3.35,8.87,,8.51,2.49,8.15,8.94,,1.53,2.73,6.46
2016-08-23,4.42,3.35,8.87,,8.51,2.49,8.16,10.47,,1.53,2.73,6.45
2016-08-24,4.42,3.35,8.87,,8.51,2.49,8.16,10.48,,1.53,2.73,6.45
2016-08-25,4.42,3.35,8.87,,8.51,2.49,8.16,10.51,,1.53,2.73,6.45
2016-08-26,4.42,3.35,8.87,,8.51,2.49,8.17,10.53,,1.53,2.73,6.44
2016-08-27,4.42,3.35,8.87,,8.51,2.49,8.17,9.06,,1.53,2.73,6.44
2016-08-28,4.43,3.35,8.87,,8.51,2.49,8.18,7.57,,1.53,2.73,6.44
2016-08-29,4.42,3.35,8.86,,8.51,2.49,8.17,7.58,,1.53,2.73,6.44
2016-08-30,4.42,3.35,8.85,,8.5,2.49,8.17,7.59,,1.53,2.73,6.44
2016-08-31,3.54,2.68,7.08,,8.5,1.99,6.53,7.6,,1.22,2.18,5.15
2016-09-01,3.53,2.68,7.02,,8.5,2.0,6.5,7.6,,1.22,2.21,5.2
2016-09-02,3.52,2.68,6.95,,8.49,2.0,6.47,7.61,,1.23,2.24,5.25
2016-09-03,3.51,2.68,6.89,,8.49,2.01,6.44,7.61,,1.23,2.27,5.3
2016-09-04,3.5,2.68,6.83,,8.49,2.02,6.42,7.61,,1.23,2.29,5.35
2016-09-05,4.38,3.35,8.53,,8.49,2.52,8.02,7.6,,1.54,2.87,6.69
2016-09-06,4.38,3.35,8.52,,8.49,2.52,8.01,7.57,,1.54,2.87,6.69
2016-09-07,4.38,3.35,8.52,,8.49,2.52,7.99,7.55,,1.54,2.87,6.68
2016-09-08,4.38,3.35,8.53,,8.49,2.52,7.99,7.52,,1.54,2.87,6.68
2016-09-09,4.39,3.36,8.55,,8.49,2.52,7.99,7.52,,1.54,2.87,6.68
2016-09-10,4.4,3.36,8.58,,8.49,2.52,8.0,7.51,,1.54,2.87,6.68
2016-09-11,4.42,3.37,8.6,,8.49,2.52,8.02,7.53,,1.54,2.87,6.68
2016-09-12,4.43,3.38,8.61,,8.49,2.52,8.05,7.55,,1.54,2.88,6.68
2016-09-13,4.44,3.39,8.64,,8.49,2.52,8.08,7.58,,1.54,2.88,6.68
2016-09-14,4.44,3.39,8.65,,6.79,2.52,8.09,7.59,,1.54,2.88,6.68
2016-09-15,4.44,3.39,8.64,,6.79,2.52,8.1,7.6,,1.54,2.88,6.68
2016-09-16,4.44,3.39,8.64,,6.79,2.52,8.12,7.61,,1.54,2.88,6.68
2016-09-17,4.44,3.39,8.64,,6.79,2.52,8.13,7.62,,1.54,2.88,6.69
2016-09-18,4.44,3.39,8.63,,6.79,2.52,8.12,7.62,,1.54,2.88,6.68
2016-09-19,4.44,3.39,8.62,,8.49,2.52,8.12,7.61,,1.54,2.89,6.68
2016-09-20,4.44,3.39,8.62,,8.49,2.52,8.11,7.61,,1.54,2.89,6.68
2016-09-21,4.43,3.39,8.61,,8.49,2.52,8.09,6.08,,1.54,2.89,6.68
2016-09-22,4.43,3.38,8.59,,8.48,2.52,8.06,4.56,,1.54,2.88,6.68
2016-09-23,4.42,3.38,8.57,,8.48,2.52,8.03,3.04,,1.54,2.88,6.68
2016-09-24,4.41,3.37,8.56,,8.48,2.51,8.01,1.52,,1.54,2.88,6.68
2016-09-25,4.4,3.37,8.54,,8.47,2.51,7.99,0.0,,1.54,2.88,6.68
2016-09-26,4.4,3.36,8.54,,8.47,2.51,8.0,1.51,,1.54,2.88,6.68
2016-09-27,4.39,3.36,8.55,,8.47,2.51,8.0,3.0,,1.54,2.88,6.68
2016-09-28,4.39,3.36,8.54,,8.47,2.51,8.0,4.49,,1.54,2.88,6.68
2016-09-29,4.39,3.35,8.54,,8.47,2.51,8.0,5.99,,1.54,2.88,6.68
2016-09-30,4.38,3.35,8.53,,8.46,2.51,8.0,7.49,,1.54,2.88,6.68
2016-10-01,3.51,2.68,6.81,,8.46,2.01,6.4,7.48,,1.23,2.3,5.34
2016-10-02,2.63,2.01,5.1,,8.46,1.51,4.8,7.48,,0.92,1.73,4.01
2016-10-03,2.64,2.02,5.17,,8.46,1.46,4.83,7.48,,0.93,1.71,4.04
2016-10-04,2.65,2.03,5.24,,8.46,1.41,4.86,7.48,,0.94,1.69,4.07
2016-10-05,2.67,2.04,5.3,,8.46,1.36,4.9,7.48,,0.96,1.68,4.11
2016-10-06,3.56,2.73,7.07,,8.46,1.82,6.54,7.48,,1.28,2.24,5.47
2016-10-07,4.44,3.41,8.83,,8.46,2.27,8.17,7.49,,1.59,2.8,6.84
2016-10-08,4.45,3.41,8.82,,8.46,2.27,8.18,7.49,,1.6,2.8,6.85
2016-10-09,4.45,3.42,8.81,,8.46,2.27,8.18,7.49,,1.6,2.8,6.85
2016-10-10,4.44,3.42,8.8,,8.46,2.27,8.18,7.5,,1.6,2.8,6.85
2016-10-11,4.45,3.41,8.8,,8.46,2.27,8.19,7.51,,1.6,2.8,6.86
2016-10-12,4.45,3.41,8.81,,8.46,2.27,8.19,7.52,,1.6,2.8,6.87
2016-10-13,4.45,3.41,8.82,,8.46,2.27,8.2,7.53,,1.6,2.81,6.88
2016-10-14,4.45,3.41,8.83,,9.89,2.27,8.21,7.55,,1.6,2.81,6.9
2016-10-15,4.45,3.41,8.84,,9.63,2.27,8.23,7.56,,1.6,2.81,6.92
2016-10-16,4.45,3.41,8.84,,9.37,2.27,8.23,7.57,,1.6,2.81,6.92
2016-10-17,4.45,3.41,8.84,,9.11,2.27,8.23,7.57,,1.6,2.81,6.93
2016-10-18,4.45,3.41,8.83,,8.85,2.27,8.24,7.57,,1.6,2.81,6.94
2016-10-19,4.45,3.41,8.82,,7.16,2.27,8.23,7.55,,1.6,2.81,6.93
2016-10-20,4.44,3.41,8.81,,7.16,2.27,8.23,7.54,,1.59,2.81,6.92
2016-10-21,4.43,3.4,8.8,,7.15,2.27,8.21,7.53,,1.59,2.81,6.91
2016-10-22,4.43,3.4,8.79,,7.15,2.27,8.2,7.52,,1.59,2.81,6.9
2016-10-23,4.43,3.4,8.78,,7.15,2.27,8.19,7.52,,1.59,2.81,6.9
2016-10-24,4.43,3.4,8.78,,7.14,2.27,8.18,9.02,,1.59,2.81,6.9
2016-10-25,4.43,3.4,8.78,,7.14,2.27,8.18,10.51,,1.59,2.81,6.9
2016-10-26,4.44,3.4,8.79,,7.14,2.27,8.18,10.51,,1.59,2.81,6.9
2016-10-27,4.45,3.41,8.8,,7.15,2.27,8.21,10.52,,1.6,2.81,6.91
2016-10-28,4.46,3.42,8.82,,7.15,2.27,8.23,10.53,,1.6,2.81,6.91
2016-10-29,4.47,3.42,8.85,,7.15,2.27,8.26,9.05,,1.6,2.81,6.92
2016-10-30,4.48,3.43,8.87,,7.15,2.28,8.29,7.58,,1.6,2.82,6.92
2016-10-31,4.49,3.43,8.89,,7.15,2.28,8.31,7.58,,1.6,2.81,6.92
2016-11-01,5.37,4.12,10.7,,7.15,2.77,9.81,7.59,,1.92,3.36,8.32
2016-11-02,5.36,4.11,10.72,,7.16,2.8,9.65,7.58,,1.92,3.34,8.34
2016-11-03,5.35,4.11,10.74,,7.17,2.84,9.49,7.59,,1.92,3.32,8.35
2016-11-04,5.34,4.11,10.76,,7.18,2.88,9.32,7.59,,1.92,3.3,8.36
2016-11-05,5.33,4.11,10.77,,7.2,2.92,9.16,7.6,,1.93,3.28,8.37
2016-11-06,4.43,3.42,8.99,,7.21,2.46,7.5,7.6,,1.61,2.71,6.99
2016-11-07,4.43,3.42,8.96,,7.2,2.46,7.49,7.6,,1.61,2.71,6.99
2016-11-08,4.43,3.42,8.94,,7.2,2.46,7.48,7.58,,1.61,2.71,6.99
2016-11-09,4.44,3.44,8.93,,7.2,2.46,7.49,7.59,,1.61,2.72,7.01
2016-11-10,4.46,3.45,8.95,,7.19,2.47,7.55,7.66,,1.61,2.73,7.07
2016-11-11,4.48,3.47,8.98,,7.19,2.48,7.62,7.76,,1.62,2.74,7.14
2016-11-12,4.5,3.48,9.04,,7.19,2.48,7.71,7.86,,1.62,2.74,7.2
2016-11-13,4.52,3.49,9.09,,5.76,2.49,7.8,7.97,,1.62,2.75,7.26
2016-11-14,4.53,3.5,9.12,,4.32,2.49,7.87,8.05,,1.62,2.76,7.34
2016-11-15,4.53,3.5,9.1,,4.11,2.49,7.86,8.05,,1.63,2.77,7.36
2016-11-16,4.53,3.5,9.07,,3.89,2.49,7.85,8.05,,1.63,2.77,7.39
2016-11-17,4.54,3.5,9.05,,3.68,2.49,7.83,8.04,,1.63,2.78,7.43
2016-11-18,4.55,3.51,9.02,,4.91,2.49,7.83,8.04,,1.63,2.79,7.45
2016-11-19,4.56,3.51,9.01,,6.13,2.5,7.81,8.03,,1.63,2.79,7.43
2016-11-20,4.57,3.52,9.02,,6.13,2.5,7.82,8.05,,1.63,2.79,7.43
2016-11-21,4.58,3.52,9.01,,6.13,2.5,7.83,9.65,,1.63,2.79,7.42
2016-11-22,4.58,3.52,8.98,,6.12,2.5,7.83,11.24,,1.63,2.79,7.41
2016-11-23,4.58,3.52,8.96,,6.12,2.51,7.82,11.25,,1.63,2.79,7.44
2016-11-24,4.58,3.52,8.94,,6.12,2.51,7.82,11.25,,1.63,2.8,7.47
2016-11-25,4.58,3.52,8.92,,6.12,2.51,7.82,11.25,,1.63,2.8,7.49
2016-11-26,4.58,3.52,8.91,,6.12,2.51,7.82,9.66,,1.63,2.8,7.51
2016-11-27,4.58,3.52,8.91,,6.12,2.51,7.83,8.08,,1.63,2.81,7.51
2016-11-28,4.58,3.52,8.91,,6.12,2.51,7.83,8.06,,1.63,2.81,7.51
2016-11-29,4.57,3.52,8.91,,6.12,2.51,7.82,8.05,,1.63,2.81,7.51
2016-11-30,4.57,3.52,8.91,,6.12,2.51,7.82,8.05,,1.63,2.81,7.54
2016-12-01,4.57,3.52,8.9,,6.11,3.23,7.8,8.05,,2.22,2.85,7.71
2016-12-02,4.57,3.52,8.88,,6.11,3.96,7.78,8.06,,2.8,2.89,7.87
2016-12-03,4.57,3.52,8.85,,6.1,4.68,7.77,8.07,,3.39,2.92,8.01
2016-12-04,4.57,3.52,8.83,,6.09,5.41,7.75,8.08,,3.97,2.95,8.15
2016-12-05,4.57,3.52,8.8,,6.09,6.13,7.72,8.07,,4.56,2.98,8.28
2016-12-06,4.56,3.52,8.77,,6.08,6.13,7.71,8.04,,4.56,2.98,8.24
2016-12-07,4.55,3.52,8.75,,6.08,6.12,7.69,8.01,,4.56,2.97,8.2
2016-12-08,4.55,3.52,8.73,,6.07,6.12,7.66,7.98,,4.56,2.96,8.17
2016-12-09,4.55,3.52,8.71,,6.07,6.12,7.65,7.95,,4.56,2.96,8.16
2016-12-10,4.56,3.53,8.69,,6.06,6.13,7.64,7.93,,4.56,2.95,8.13
2016-12-11,4.56,3.53,8.68,,6.06,6.13,7.64,7.93,,4.56,2.95,8.13
2016-12-12,4.57,3.54,8.68,,6.06,6.13,7.64,7.93,,4.56,2.95,8.15
2016-12-13,4.57,3.54,8.68,,6.06,6.13,7.64,7.92,,4.56,2.95,8.15
2016-12-14,4.58,3.55,8.69,,6.06,6.14,7.64,7.93,,4.57,2.95,8.15
2016-12-15,4.58,3.55,8.7,,6.21,6.15,7.65,7.95,,4.57,2.96,8.15
2016-12-16,4.58,3.56,8.71,,6.36,6.16,7.66,7.96,,4.58,2.96,8.16
2016-12-17,4.59,3.56,8.72,,6.51,6.17,7.67,7.99,,4.58,2.96,8.16
2016-12-18,4.59,3.56,8.73,,6.66,6.19,7.68,8.01,,4.59,2.97,8.17
2016-12-19,4.59,3.56,8.72,,6.81,6.19,7.67,8.02,,4.59,2.97,8.17
2016-12-20,4.59,3.56,8.71,,6.81,6.19,7.66,8.01,,4.58,2.96,8.17
2016-12-21,4.58,3.55,8.7,,6.81,6.18,7.64,6.4,,4.58,2.96,8.17
2016-12-22,5.49,4.04,9.99,,6.81,7.69,8.53,4.8,,4.96,3.36,8.16
2016-12-23,6.39,4.53,11.27,,6.81,9.2,9.41,4.78,,5.34,3.76,8.16
2016-12-24,7.3,5.02,12.55,,6.8,10.71,10.29,4.77,,5.72,4.16,8.16
2016-12-25,8.21,5.52,13.84,,6.8,12.22,11.18,4.76,,6.1,4.57,8.16
2016-12-26,9.12,6.01,15.13,,6.8,13.73,12.08,6.34,,6.48,4.97,8.16
2016-12-27,9.12,6.01,15.13,,6.8,13.74,12.08,7.93,,6.48,4.97,8.16
2016-12-28,9.12,6.0,15.13,,6.8,13.73,12.07,7.93,,6.48,4.97,9.86
2016-12-29,9.11,6.0,15.14,,6.8,13.72,12.07,7.93,,6.48,4.96,11.57
2016-12-30,9.1,5.99,15.14,,6.8,13.7,12.07,7.92,,6.48,4.96,13.26
2016-12-31,8.18,5.27,13.41,,6.8,12.46,10.55,7.91,,5.56,4.37,13.35
2017-01-01,7.26,4.56,11.68,,6.8,11.21,9.03,7.89,,4.64,3.78,13.44
2017-01-02,6.35,3.85,9.95,,6.8,9.98,7.51,7.88,,3.73,3.19,11.82
2017-01-03,5.44,3.15,8.21,,6.79,8.74,5.99,7.89,,2.81,2.6,10.21
2017-01-04,4.53,2.45,6.47,,6.79,7.52,4.47,7.88,,1.9,2.01,8.61
2017-01-05,4.52,2.44,6.46,,6.79,7.51,4.45,7.87,,1.9,2.01,8.6
2017-01-06,4.52,2.44,6.45,,6.79,7.51,4.44,7.86,,1.9,2.01,8.6
2017-01-07,4.51,2.44,6.44,,6.78,7.51,4.42,7.85,,1.9,2.01,8.59
2017-01-08,4.51,2.43,6.44,,6.78,7.51,4.41,7.83,,1.9,2.01,8.58
2017-01-09,4.51,2.43,6.44,,6.78,7.51,4.41,7.83,,1.9,2.01,8.57
2017-01-10,4.51,2.43,6.44,,6.78,7.51,4.41,7.84,,1.9,2.01,8.56
2017-01-11,4.51,2.43,6.44,,6.78,7.5,4.41,7.84,,1.9,2.0,8.55
2017-01-12,4.51,2.43,6.44,,6.79,7.5,4.41,7.83,,1.9,2.0,8.52
2017-01-13,4.51,2.44,6.44,,7.97,7.5,4.41,7.82,,1.9,2.0,8.5
2017-01-14,4.51,2.44,6.43,,7.8,7.5,4.41,7.81,,1.9,2.0,8.49
2017-01-15,4.51,2.44,6.43,,7.63,7.5,4.4,7.79,,1.9,1.99,8.48
2017-01-16,4.51,2.44,6.43,,7.45,7.5,4.4,7.78,,1.9,1.99,8.47
2017-01-17,4.51,2.44,6.43,,7.28,7.5,4.4,7.77,,1.9,1.99,8.47
2017-01-18,4.51,2.44,6.43,,5.93,7.51,4.4,7.77,,1.9,1.99,8.47
2017-01-19,4.52,2.44,6.44,,5.93,7.51,4.41,7.77,,1.9,2.0,8.48
2017-01-20,4.52,2.44,6.44,,5.93,7.52,4.41,7.76,,1.9,2.0,8.48
2017-01-21,3.62,1.96,5.15,,5.93,6.02,3.53,7.75,,1.52,1.6,8.49
2017-01-22,2.72,1.47,3.86,,5.93,4.52,2.65,6.21,,1.14,1.2,8.5
2017-01-23,1.81,0.98,2.58,,5.94,3.01,1.77,6.19,,0.76,0.8,8.51
2017-01-24,0.91,0.49,1.29,,5.94,1.51,0.88,6.18,,0.38,0.4,8.53
2017-01-25,0.0,0.0,0.0,,5.93,0.0,0.0,6.17,,0.0,0.0,8.53
2017-01-26,0.0,0.0,0.0,,5.93,0.0,0.0,6.17,,0.0,0.0,8.53
2017-01-27,0.0,0.0,0.0,,5.93,0.0,0.0,7.71,,0.0,0.0,6.83
2017-01-28,0.0,0.0,0.0,,5.93,0.0,0.0,7.71,,0.0,0.0,5.12
2017-01-29,0.0,0.0,0.0,,5.94,0.0,0.0,7.71,,0.0,0.0,3.41
2017-01-30,0.0,0.0,0.0,,5.94,0.0,0.0,7.71,,0.0,0.0,1.7
2017-01-31,0.0,0.0,0.0,,5.94,0.0,0.0,7.71,,0.0,0.0,0.0
2017-02-01,0.9,0.72,1.71,,5.94,0.57,1.48,7.7,,0.35,0.58,1.53
2017-02-02,1.8,1.44,3.42,,5.94,1.13,2.96,7.68,,0.71,1.16,3.06
2017-02-03,2.7,2.16,5.13,,5.94,1.7,4.42,7.65,,1.06,1.74,4.59
2017-02-04,3.6,2.88,6.84,,5.95,2.27,5.89,7.62,,1.41,2.31,6.12
2017-02-05,4.5,3.6,8.54,,5.95,2.83,7.36,7.6,,1.77,2.89,7.65
2017-02-06,4.5,3.6,8.54,,5.95,2.83,7.34,7.58,,1.76,2.89,7.64
2017-02-07,4.49,3.59,8.54,,5.95,2.83,7.34,7.57,,1.76,2.89,7.63
2017-02-08,4.48,3.59,8.54,,5.95,2.83,7.33,7.58,,1.76,2.89,7.63
2017-02-09,4.48,3.59,8.54,,5.95,2.83,7.33,7.58,,1.76,2.89,7.62
2017-02-10,4.48,3.58,8.54,,5.95,2.82,7.33,7.58,,1.76,2.88,7.62
2017-02-11,4.48,3.58,8.54,,5.95,2.82,7.32,7.58,,1.76,2.88,7.62
2017-02-12,4.48,3.58,8.54,,4.76,2.82,7.32,7.57,,1.76,2.88,7.62
2017-02-13,4.48,3.59,8.53,,3.57,2.82,7.31,7.57,,1.76,2.89,7.62
2017-02-14,4.48,3.59,8.53,,2.38,2.83,7.31,7.56,,1.76,2.89,7.61
2017-02-15,4.49,3.59,8.52,,2.34,2.83,7.31,7.55,,1.76,2.89,7.61
2017-02-16,4.49,3.6,8.52,,2.31,2.83,7.31,7.54,,1.77,2.89,7.6
2017-02-17,4.49,3.6,8.51,,3.46,2.83,7.31,9.06,,1.77,2.89,7.59
2017-02-18,4.48,3.59,8.51,,4.61,2.83,7.32,10.58,,1.77,2.89,7.58
2017-02-19,4.48,3.59,8.51,,5.77,2.83,7.32,12.1,,1.76,2.89,7.58
2017-02-20,4.48,3.59,8.51,,5.77,2.83,7.32,13.63,,1.76,2.89,7.57
2017-02-21,4.47,3.59,8.5,,5.77,2.83,7.32,15.14,,1.76,2.89,7.57
2017-02-22,4.47,3.59,8.5,,5.76,2.83,7.31,13.62,,1.76,2.89,7.56
2017-02-23,4.47,3.58,8.49,,5.76,2.82,7.3,12.08,,1.76,2.89,7.56
2017-02-24,4.46,3.58,8.48,,5.76,2.82,7.29,10.56,,1.76,2.88,7.55
2017-02-25,4.45,3.58,8.47,,5.76,2.82,7.28,9.03,,1.76,2.88,7.55
2017-02-26,4.44,3.57,8.47,,5.75,2.82,7.27,7.52,,1.76,2.88,7.54
2017-02-27,4.44,3.57,8.46,,5.75,2.81,7.27,7.52,,1.76,2.88,7.54
2017-02-28,4.44,3.56,8.46,,5.75,2.81,7.27,7.53,,1.76,2.87,7.53
2017-03-01,5.35,4.3,10.15,,5.74,3.44,8.72,7.54,,2.12,3.5,8.88
2017-03-02,6.27,5.04,11.84,,5.74,4.07,10.19,7.56,,2.49,4.13,10.23
2017-03-03,6.29,5.06,11.85,,5.74,4.13,10.19,7.57,,2.51,4.18,10.06
2017-03-04,6.31,5.09,11.86,,5.73,4.19,10.19,7.58,,2.52,4.23,9.9
2017-03-05,6.33,5.11,11.87,,5.73,4.25,10.18,7.58,,2.54,4.28,9.74
2017-03-06,5.44,4.4,10.19,,5.73,3.68,8.73,7.59,,2.19,3.7,8.23
2017-03-07,4.55,3.68,8.52,,5.73,3.12,7.26,7.58,,1.83,3.13,6.72
2017-03-08,4.56,3.69,8.54,,5.73,3.12,7.27,7.59,,1.83,3.13,6.72
2017-03-09,4.57,3.69,8.58,,5.74,3.12,7.3,7.6,,1.83,3.13,6.74
2017-03-10,4.58,3.7,8.61,,5.75,3.13,7.31,7.6,,1.84,3.13,6.75
2017-03-11,4.59,3.71,8.64,,5.76,3.13,7.33,7.6,,1.84,3.14,6.76
2017-03-12,4.6,3.71,8.66,,5.76,3.13,7.34,7.61,,1.84,3.14,6.77
2017-03-13,4.6,3.71,8.66,,5.76,3.13,7.35,7.6,,1.84,3.14,6.77
2017-03-14,4.6,3.71,8.66,,5.76,3.13,7.35,7.59,,1.84,3.14,6.76
2017-03-15,4.6,3.71,8.64,,6.86,3.13,7.34,7.58,,1.84,3.13,6.75
2017-03-16,4.59,3.71,8.63,,7.95,3.13,7.33,7.55,,1.83,3.13,6.73
2017-03-17,4.59,3.71,8.61,,7.9,3.13,7.31,7.51,,1.83,3.13,6.72
2017-03-18,4.58,3.7,8.6,,7.85,3.12,7.3,7.48,,1.83,3.13,6.71
2017-03-19,4.57,3.7,8.58,,7.79,3.12,7.27,5.96,,1.83,3.13,6.7
2017-03-20,4.57,3.69,8.59,,6.65,3.11,7.27,4.46,,1.83,3.13,6.69
2017-03-21,4.56,3.69,8.6,,5.5,3.11,7.26,2.97,,1.83,3.12,6.69
2017-03-22,4.55,3.68,8.61,,5.5,3.11,7.26,1.48,,1.83,3.12,6.69
2017-03-23,4.55,3.68,8.62,,5.51,3.11,7.25,0.0,,1.83,3.12,6.68
2017-03-24,4.54,3.67,8.63,,5.51,3.1,7.24,0.0,,1.83,3.11,6.68
2017-03-25,4.54,3.67,8.63,,5.52,3.1,7.23,0.0,,1.82,3.11,6.67
2017-03-26,4.53,3.67,8.62,,5.52,3.1,7.23,0.0,,1.82,3.11,6.67
2017-03-27,4.53,3.67,8.62,,5.52,3.1,7.22,1.48,,1.82,3.11,6.66
2017-03-28,4.53,3.67,8.6,,5.51,3.1,7.22,2.96,,1.82,3.11,6.66
2017-03-29,4.53,3.67,8.59,,5.51,3.1,7.22,4.44,,1.83,3.1,6.65
2017-03-30,4.53,3.67,8.57,,5.51,3.1,7.22,5.91,,1.83,3.1,6.65
2017-03-31,3.62,2.93,6.85,,5.51,2.48,5.77,7.39,,1.46,2.48,5.31
2017-04-01,2.72,2.2,5.13,,5.5,1.86,4.33,7.4,,1.1,1.86,3.98
2017-04-02,1.81,1.47,3.41,,5.5,1.24,2.88,7.4,,0.73,1.24,2.65
2017-04-03,1.8,1.45,3.36,,5.5,1.28,2.87,7.4,,0.72,1.2,2.79
2017-04-04,1.79,1.44,3.31,,5.49,1.32,2.86,7.4,,0.71,1.16,2.92
2017-04-05,2.68,2.15,4.97,,5.49,1.97,4.28,7.4,,1.07,1.73,4.39
2017-04-06,3.57,2.87,6.62,,5.49,2.63,5.71,7.4,,1.42,2.31,5.85
2017-04-07,4.47,3.59,8.27,,5.49,3.29,7.14,7.4,,1.78,2.89,7.31
2017-04-08,4.47,3.6,8.27,,5.49,3.29,7.14,7.4,,1.78,2.89,7.31
2017-04-09,4.47,3.6,8.27,,5.49,3.3,7.13,7.41,,1.78,2.88,7.31
2017-04-10,4.47,3.6,8.27,,5.49,3.3,7.13,7.42,,1.78,2.88,7.3
2017-04-11,4.47,3.6,8.27,,5.49,3.3,7.13,7.42,,1.78,2.88,7.29
2017-04-12,4.46,3.59,8.27,,5.49,3.29,7.13,7.41,,1.78,2.88,7.29
2017-04-13,4.45,3.58,8.27,,6.58,3.29,7.12,7.4,,1.78,2.88,7.28
2017-04-14,4.44,3.58,8.28,,6.58,3.28,7.11,7.39,,1.78,2.87,7.27
2017-04-15,4.43,3.57,8.28,,6.58,3.28,7.11,7.38,,1.77,2.87,7.27
2017-04-16,4.43,3.57,8.29,,6.59,3.28,7.11,7.37,,1.77,2.87,7.26
2017-04-17,4.43,3.57,8.28,,6.58,3.28,7.1,7.37,,1.77,2.87,7.26
2017-04-18,4.42,3.57,8.28,,5.49,3.27,7.1,7.36,,1.77,2.87,7.26
2017-04-19,4.42,3.57,8.28,,5.49,3.27,7.1,7.36,,1.77,2.87,7.26
2017-04-20,4.42,3.56,8.27,,5.48,3.27,7.1,7.35,,1.77,2.87,7.25
2017-04-21,4.42,3.56,8.26,,5.48,3.27,7.09,7.35,,1.77,2.87,7.25
2017-04-22,4.42,3.56,8.26,,5.48,3.27,7.09,7.35,,1.77,2.87,7.25
2017-04-23,4.43,3.56,8.26,,5.48,3.28,7.09,7.36,,1.77,2.87,7.25
2017-04-24,4.43,3.57,8.24,,5.48,3.28,7.08,8.8,,1.77,2.87,7.25
2017-04-25,4.43,3.57,8.23,,5.48,3.28,7.07,10.25,,1.77,2.87,7.26
2017-04-26,4.43,3.57,8.23,,5.48,3.28,7.07,10.25,,1.77,2.87,7.27
2017-04-27,4.44,3.57,8.21,,5.48,3.28,7.07,10.25,,1.78,2.88,7.27
2017-04-28,4.44,3.58,8.21,,5.48,3.28,7.06,10.25,,1.78,2.88,7.28
2017-04-29,4.44,3.58,8.2,,5.48,3.28,7.06,8.8,,1.78,2.88,7.29
2017-04-30,4.43,3.57,8.2,,5.48,3.28,7.05,7.35,,1.77,2.88,7.29
2017-05-01,5.33,4.29,9.85,,5.48,3.95,8.48,7.35,,2.16,3.47,8.65
2017-05-02,6.23,5.02,11.5,,5.48,4.62,9.9,7.34,,2.55,4.06,10.02
2017-05-03,6.24,5.02,11.5,,5.48,4.63,9.92,7.33,,2.59,4.07,9.93
2017-05-04,6.26,5.03,11.52,,5.48,4.64,9.95,7.34,,2.62,4.09,9.84
2017-05-05,6.27,5.04,11.53,,5.48,4.66,9.97,7.34,,2.66,4.1,9.75
2017-05-06,5.38,4.32,9.9,,5.49,4.0,8.56,7.34,,2.3,3.52,8.29
2017-05-07,4.49,3.61,8.26,,5.49,3.34,7.17,7.34,,1.95,2.95,6.84
2017-05-08,4.5,3.61,8.26,,5.49,3.34,7.17,7.36,,1.95,2.95,6.83
2017-05-09,4.5,3.61,8.26,,5.48,3.34,7.18,7.36,,1.95,2.95,6.83
2017-05-10,4.5,3.61,8.25,,5.48,3.35,7.18,7.37,,1.95,2.94,6.83
2017-05-11,4.5,3.61,8.25,,5.48,3.35,7.18,7.37,,1.95,2.94,6.83
2017-05-12,4.49,3.61,8.24,,5.48,3.35,7.17,7.36,,1.95,2.94,6.82
2017-05-13,4.49,3.61,8.23,,4.38,3.34,7.16,7.35,,1.95,2.94,6.81
2017-05-14,4.48,3.6,8.23,,3.28,3.34,7.15,7.33,,1.95,2.94,6.81
2017-05-15,4.48,3.6,8.22,,3.25,3.34,7.14,7.31,,1.95,2.94,6.8
2017-05-16,4.47,3.6,8.22,,3.21,3.34,7.14,7.29,,1.95,2.94,6.8
2017-05-17,4.46,3.59,8.22,,3.18,3.33,7.13,7.28,,1.95,2.93,6.79
2017-05-18,4.46,3.59,8.22,,4.24,3.33,7.14,7.3,,1.95,2.93,6.78
2017-05-19,4.45,3.59,8.21,,5.3,3.33,7.14,7.3,,1.94,2.93,6.77
2017-05-20,4.44,3.58,8.21,,5.3,3.32,7.14,7.31,,1.94,2.92,6.77
2017-05-21,4.44,3.58,8.22,,5.3,3.32,7.15,7.33,,1.94,2.92,6.76
2017-05-22,4.44,3.58,8.21,,5.3,3.32,7.15,8.81,,1.94,2.92,6.76
2017-05-23,4.44,3.58,8.2,,5.3,3.33,7.14,10.25,,1.94,2.92,6.76
2017-05-24,4.44,3.58,8.19,,5.3,3.33,7.14,10.24,,1.94,2.92,6.76
2017-05-25,4.44,3.58,8.18,,5.3,3.32,7.13,10.22,,1.94,2.92,6.75
2017-05-26,4.45,3.58,8.18,,5.29,3.32,7.12,10.21,,1.94,2.91,6.75
2017-05-27,4.45,3.58,8.17,,5.29,3.32,7.12,8.73,,1.94,2.91,6.75
2017-05-28,4.44,3.58,8.17,,5.29,3.32,7.11,7.27,,1.94,2.91,6.76
2017-05-29,4.44,3.58,8.17,,5.29,3.32,7.11,7.26,,1.94,2.91,6.76
2017-05-30,4.44,3.58,8.17,,5.29,3.32,7.11,7.26,,1.94,2.91,6.75
2017-05-31,3.55,2.86,6.54,,5.29,2.66,5.68,7.26,,1.55,2.33,5.4
2017-06-01,3.53,2.86,6.54,,5.29,2.66,5.68,7.25,,1.54,2.31,5.48
2017-06-02,3.51,2.85,6.54,,5.29,2.67,5.67,7.24,,1.53,2.29,5.56
2017-06-03,3.48,2.85,6.54,,5.29,2.67,5.66,7.23,,1.52,2.26,5.63
2017-06-04,3.46,2.84,6.54,,5.29,2.67,5.65,7.22,,1.51,2.24,5.71
2017-06-05,4.33,3.56,8.18,,5.29,3.34,7.06,7.21,,1.88,2.8,7.14
2017-06-06,4.33,3.55,8.18,,5.29,3.34,7.05,7.2,,1.88,2.8,7.14
2017-06-07,4.33,3.55,8.19,,5.3,3.34,7.05,7.2,,1.88,2.8,7.14
2017-06-08,4.33,3.55,8.2,,5.3,3.34,7.05,7.2,,1.88,2.8,7.15
2017-06-09,4.33,3.56,8.2,,5.3,3.34,7.06,7.2,,1.88,2.8,7.15
2017-06-10,4.33,3.56,8.21,,5.31,3.34,7.06,7.2,,1.88,2.8,7.15
2017-06-11,4.34,3.56,8.21,,5.31,3.34,7.07,7.21,,1.88,2.8,7.15
2017-06-12,4.34,3.56,8.2,,5.31,3.35,7.07,7.21,,1.89,2.81,7.16
2017-06-13,4.34,3.56,8.19,,5.3,3.35,7.07,7.21,,1.89,2.81,7.16
2017-06-14,4.33,3.56,8.19,,4.24,3.35,7.07,7.19,,1.89,2.81,7.16
2017-06-15,4.33,3.56,8.19,,4.24,3.35,7.07,7.19,,1.88,2.81,7.16
2017-06-16,4.32,3.55,8.19,,4.24,3.34,7.07,7.19,,1.88,2.81,7.15
2017-06-17,4.32,3.55,8.2,,4.25,3.34,7.07,7.18,,1.88,2.8,7.15
2017-06-18,4.31,3.55,8.21,,4.25,3.34,7.07,7.18,,1.88,2.8,7.15
2017-06-19,4.31,3.55,8.21,,5.31,3.34,7.08,7.2,,1.88,2.8,7.15
2017-06-20,4.31,3.54,8.21,,5.31,3.34,7.08,7.21,,1.88,2.8,7.15
2017-06-21,4.31,3.54,8.22,,5.32,3.34,7.09,5.77,,1.88,2.8,7.15
2017-06-22,4.31,3.54,8.23,,5.32,3.35,7.1,4.34,,1.88,2.8,7.15
2017-06-23,4.31,3.54,8.23,,5.32,3.35,7.11,2.9,,1.88,2.8,7.14
2017-06-24,4.3,3.54,8.23,,5.33,3.34,7.11,1.45,,1.88,2.8,7.14
2017-06-25,4.3,3.54,8.23,,5.33,3.35,7.1,0.0,,1.88,2.8,7.14
2017-06-26,4.3,3.53,8.22,,5.33,3.34,7.09,1.44,,1.88,2.8,7.14
2017-06-27,4.3,3.54,8.22,,5.33,3.35,7.09,2.89,,1.88,2.8,7.14
2017-06-28,4.3,3.54,8.21,,5.32,3.35,7.1,4.33,,1.88,2.8,7.15
2017-06-29,4.31,3.54,8.21,,5.32,3.35,7.11,5.77,,1.88,2.81,7.16
2017-06-30,4.31,3.54,8.21,,5.32,3.35,7.12,7.22,,1.88,2.81,7.16
2017-07-01,3.45,2.84,6.57,,5.32,2.68,5.7,7.24,,1.51,2.25,5.74
2017-07-02,2.59,2.13,4.92,,5.32,2.01,4.28,7.24,,1.13,1.69,4.31
2017-07-03,2.61,2.14,4.92,,5.31,1.95,4.29,7.26,,1.14,1.71,4.29
2017-07-04,2.62,2.15,4.92,,5.31,1.89,4.29,7.27,,1.16,1.72,4.26
2017-07-05,2.63,2.16,4.92,,5.31,1.82,4.29,7.28,,1.17,1.74,4.23
2017-07-06,3.51,2.87,6.57,,5.31,2.43,5.73,7.29,,1.56,2.32,5.63
2017-07-07,4.39,3.59,8.21,,5.31,3.03,7.17,7.31,,1.95,2.9,7.03
2017-07-08,4.39,3.59,8.22,,5.31,3.03,7.18,7.32,,1.95,2.9,7.02
2017-07-09,4.39,3.59,8.23,,5.31,3.03,7.19,7.33,,1.95,2.9,7.0
2017-07-10,4.39,3.6,8.23,,5.31,3.03,7.19,7.33,,1.95,2.9,7.0
2017-07-11,4.39,3.59,8.23,,5.31,3.03,7.18,7.33,,1.95,2.9,6.99
2017-07-12,4.39,3.59,8.22,,5.31,3.03,7.17,7.31,,1.95,2.9,6.99
2017-07-13,4.38,3.59,8.21,,5.3,3.03,7.15,7.29,,1.95,2.9,6.98
2017-07-14,4.38,3.58,8.19,,6.38,3.02,7.13,7.26,,1.95,2.9,6.97
2017-07-15,4.37,3.58,8.18,,6.39,3.02,7.12,7.23,,1.95,2.89,6.96
2017-07-16,4.37,3.58,8.16,,6.4,3.02,7.1,7.2,,1.95,2.89,6.95
2017-07-17,4.37,3.58,8.15,,6.42,3.02,7.1,7.18,,1.95,2.89,6.95
2017-07-18,4.36,3.57,8.15,,6.43,3.02,7.09,7.16,,1.95,2.89,6.95
2017-07-19,4.35,3.57,8.14,,5.37,3.02,7.09,7.16,,1.95,2.89,6.95
2017-07-20,4.35,3.56,8.14,,5.37,3.02,7.08,7.15,,1.95,2.88,6.94
2017-07-21,4.34,3.56,8.13,,5.37,3.02,7.07,7.14,,1.95,2.88,6.94
2017-07-22,4.34,3.55,8.13,,5.36,3.01,7.06,7.13,,1.95,2.88,6.94
2017-07-23,4.33,3.55,8.13,,5.36,3.01,7.05,7.13,,1.95,2.88,6.94
2017-07-24,4.33,3.55,8.13,,5.36,3.01,7.05,8.56,,1.95,2.87,6.94
2017-07-25,4.34,3.55,8.13,,5.36,3.01,7.06,10.0,,1.95,2.88,6.94
2017-07-26,4.34,3.56,8.12,,5.35,3.01,7.06,10.01,,1.95,2.88,6.94
2017-07-27,4.34,3.56,8.12,,5.35,3.01,7.06,10.01,,1.95,2.88,6.93
2017-07-28,4.35,3.56,8.12,,5.35,3.02,7.06,10.01,,1.95,2.88,6.94
2017-07-29,4.35,3.56,8.11,,5.35,3.02,7.06,8.57,,1.95,2.88,6.95
2017-07-30,4.35,3.56,8.11,,5.35,3.01,7.05,7.13,,1.95,2.88,6.96
2017-07-31,4.35,3.56,8.11,,5.35,3.01,7.05,7.13,,1.95,2.88,6.96
2017-08-01,5.2,4.27,9.69,,5.35,3.62,8.49,7.13,,2.35,3.43,8.23
2017-08-02,5.19,4.26,9.65,,5.35,3.62,8.52,7.13,,2.36,3.41,8.08
2017-08-03,5.19,4.26,9.62,,5.35,3.63,8.55,7.12,,2.37,3.39,7.94
2017-08-04,5.18,4.26,9.58,,5.36,3.63,8.58,7.12,,2.38,3.37,7.79
2017-08-05,5.18,4.26,9.54,,5.36,3.64,8.61,7.11,,2.39,3.35,7.65
2017-08-06,4.31,3.55,7.92,,5.36,3.04,7.2,7.11,,2.0,2.78,6.25
2017-08-07,4.32,3.55,7.93,,5.36,3.03,7.19,7.12,,2.0,2.77,6.24
2017-08-08,4.32,3.56,7.93,,5.36,3.04,7.2,7.12,,2.0,2.78,6.25
2017-08-09,4.33,3.56,7.95,,5.36,3.04,7.2,7.13,,2.0,2.77,6.25
2017-08-10,4.33,3.56,7.97,,5.36,3.03,7.2,7.14,,2.0,2.77,6.24
2017-08-11,4.33,3.56,7.99,,5.37,3.03,7.2,7.14,,2.0,2.77,6.24
2017-08-12,4.33,3.56,8.01,,5.37,3.03,7.21,7.15,,2.0,2.77,6.24
2017-08-13,4.33,3.56,8.03,,4.3,3.03,7.21,7.15,,1.99,2.77,6.24
2017-08-14,4.33,3.56,8.02,,3.23,3.03,7.21,7.15,,1.99,2.77,6.24
2017-08-15,4.33,3.56,8.01,,3.31,3.03,7.21,7.14,,1.99,2.77,6.24
2017-08-16,4.33,3.56,8.0,,3.39,3.03,7.2,7.13,,1.99,2.77,6.24
2017-08-17,4.33,3.56,8.0,,3.48,3.03,7.2,7.12,,1.99,2.77,6.23
2017-08-18,4.33,3.55,8.0,,4.64,3.03,7.19,7.11,,1.99,2.77,6.22
2017-08-19,4.33,3.55,8.01,,5.8,3.03,7.19,7.11,,1.99,2.77,6.22
2017-08-20,4.32,3.55,8.01,,5.8,3.03,7.18,7.1,,1.99,2.77,6.21
2017-08-21,4.32,3.55,8.02,,5.81,3.03,7.18,8.5,,1.99,2.77,6.21
2017-08-22,4.32,3.55,8.01,,5.81,3.03,7.17,9.91,,1.99,2.77,6.2
2017-08-23,4.32,3.55,8.0,,5.81,3.03,7.17,9.9,,1.99,2.77,6.2
2017-08-24,4.32,3.55,7.99,,5.8,3.03,7.16,9.9,,1.99,2.77,6.2
2017-08-25,4.31,3.54,7.97,,5.8,3.03,7.15,9.88,,1.99,2.77,6.19
2017-08-26,4.31,3.54,7.96,,5.79,3.03,7.14,8.46,,1.99,2.77,6.19
2017-08-27,4.31,3.54,7.96,,5.79,3.03,7.14,7.03,,1.99,2.77,6.18
2017-08-28,4.3,3.54,7.95,,5.78,3.03,7.13,7.02,,1.99,2.76,6.18
2017-08-29,4.3,3.54,7.95,,5.78,3.02,7.13,7.01,,1.99,2.76,6.17
2017-08-30,4.3,3.54,7.95,,5.78,3.02,7.13,7.02,,1.99,2.76,6.17
2017-08-31,3.44,2.83,6.36,,5.78,2.42,5.7,7.03,,1.59,2.21,4.94
2017-09-01,3.45,2.84,6.36,,5.79,2.41,5.69,7.02,,1.6,2.21,5.03
2017-09-02,3.45,2.84,6.36,,5.79,2.39,5.67,7.01,,1.6,2.2,5.12
2017-09-03,3.46,2.85,6.36,,5.79,2.38,5.65,7.0,,1.61,2.2,5.22
2017-09-04,3.47,2.85,6.36,,5.79,2.37,5.63,6.99,,1.61,2.2,5.31
2017-09-05,4.33,3.56,7.95,,5.79,2.96,7.04,6.98,,2.02,2.75,6.64
2017-09-06,4.33,3.56,7.96,,5.79,2.96,7.04,6.98,,2.01,2.75,6.64
2017-09-07,4.32,3.56,7.96,,5.79,2.96,7.03,6.96,,2.01,2.74,6.63
2017-09-08,4.32,3.55,7.97,,5.79,2.96,7.02,6.95,,2.01,2.74,6.63
2017-09-09,4.31,3.55,7.98,,5.8,2.96,7.01,6.93,,2.01,2.74,6.63
2017-09-10,4.32,3.55,7.99,,5.79,2.96,7.01,6.92,,2.01,2.74,6.63
2017-09-11,4.32,3.55,7.99,,5.79,2.96,7.0,6.91,,2.01,2.74,6.63
2017-09-12,4.32,3.56,7.99,,5.79,2.96,7.01,6.92,,2.01,2.74,6.64
2017-09-13,4.33,3.56,7.98,,5.79,2.96,7.01,6.93,,2.01,2.74,6.64
2017-09-14,4.33,3.56,7.97,,4.63,2.96,7.02,6.93,,2.01,2.74,6.64
2017-09-15,4.33,3.57,7.96,,3.47,2.96,7.02,6.94,,2.02,2.75,6.65
2017-09-16,4.33,3.57,7.95,,2.32,2.96,7.02,6.94,,2.02,2.75,6.65
2017-09-17,4.33,3.57,7.95,,1.16,2.96,7.02,6.94,,2.02,2.75,6.65
2017-09-18,4.33,3.57,7.94,,1.17,2.96,7.02,6.94,,2.02,2.75,6.65
2017-09-19,4.33,3.57,7.94,,2.35,2.96,7.02,6.95,,2.02,2.75,6.65
2017-09-20,4.33,3.57,7.94,,3.52,2.97,7.03,5.56,,2.02,2.75,6.65
2017-09-21,4.33,3.57,7.94,,4.7,2.97,7.04,4.17,,2.02,2.75,6.65
2017-09-22,4.33,3.57,7.94,,5.87,2.97,7.05,2.79,,2.02,2.75,6.65
2017-09-23,4.33,3.57,7.94,,5.87,2.97,7.06,1.39,,2.02,2.75,6.65
2017-09-24,4.33,3.57,7.94,,5.87,2.97,7.06,0.0,,2.02,2.75,6.65
2017-09-25,4.32,3.57,7.94,,5.87,2.97,7.05,0.0,,2.02,2.75,6.64
2017-09-26,4.32,3.56,7.94,,5.87,2.97,7.05,1.55,,2.02,2.75,6.64
2017-09-27,4.32,3.56,7.93,,5.86,2.97,7.06,3.11,,2.02,2.75,6.64
2017-09-28,4.32,3.56,7.93,,5.86,2.97,7.06,4.67,,2.02,2.75,6.65
2017-09-29,4.32,3.57,7.92,,5.86,2.97,7.06,6.22,,2.02,2.75,6.65
2017-09-30,4.32,3.57,7.92,,5.85,2.97,7.06,7.78,,2.02,2.76,6.65
2017-10-01,3.46,2.86,6.33,,5.85,2.38,5.65,7.79,,1.62,2.21,5.32
2017-10-02,3.46,2.85,6.31,,5.85,2.37,5.65,7.79,,1.62,2.22,5.46
2017-10-03,3.47,2.84,6.28,,5.85,2.36,5.65,7.78,,1.62,2.23,5.61
2017-10-04,3.47,2.83,6.26,,5.85,2.36,5.65,7.78,,1.63,2.25,5.75
2017-10-05,3.48,2.83,6.24,,5.85,2.35,5.66,7.78,,1.63,2.26,5.9
2017-10-06,4.35,3.53,7.8,,5.85,2.94,7.07,7.79,,2.04,2.82,7.38
2017-10-07,4.35,3.53,7.8,,5.84,2.94,7.07,7.79,,2.04,2.82,7.38
2017-10-08,4.35,3.53,7.8,,5.84,2.94,7.08,7.8,,2.04,2.82,7.38
2017-10-09,4.36,3.53,7.8,,5.84,2.94,7.08,7.82,,2.04,2.82,7.38
2017-10-10,4.35,3.53,7.8,,5.84,2.94,7.08,7.83,,2.04,2.82,7.38
2017-10-11,4.35,3.53,7.8,,5.84,2.94,7.08,7.83,,2.04,2.82,7.38
2017-10-12,4.35,3.53,7.8,,5.84,2.94,7.08,7.82,,2.04,2.82,7.38
2017-10-13,4.35,3.53,7.8,,5.84,2.94,7.07,7.82,,2.04,2.82,7.37
2017-10-14,4.34,3.52,7.81,,5.83,2.94,7.06,7.8,,2.04,2.82,7.37
2017-10-15,4.34,3.52,7.81,,5.83,2.93,7.05,7.79,,2.03,2.82,7.36
2017-10-16,4.34,3.52,7.81,,5.83,2.93,7.04,7.78,,2.03,2.82,7.36
2017-10-17,4.34,3.52,7.81,,5.83,2.93,7.04,7.78,,2.03,2.81,7.35
2017-10-18,4.34,3.52,7.8,,4.67,2.94,7.04,7.78,,2.03,2.81,7.35
2017-10-19,4.34,3.52,7.8,,3.5,2.94,7.04,7.78,,2.04,2.81,7.35
2017-10-20,4.34,3.53,7.79,,2.33,2.94,7.05,7.79,,2.04,2.81,7.35
2017-10-21,4.35,3.53,7.78,,1.16,2.94,7.05,7.8,,2.04,2.81,7.35
2017-10-22,4.35,3.53,7.78,,0.0,2.94,7.05,7.81,,2.04,2.81,7.36
2017-10-23,4.35,3.53,7.78,,1.17,2.94,7.06,7.82,,2.04,2.81,7.36
2017-10-24,4.35,3.53,7.78,,2.33,2.95,7.07,9.4,,2.04,2.81,7.37
2017-10-25,4.36,3.54,7.79,,3.5,2.95,7.07,10.99,,2.04,2.82,7.38
2017-10-26,4.36,3.54,7.8,,4.66,2.95,7.08,11.02,,2.04,2.82,7.39
2017-10-27,4.36,3.54,7.8,,5.83,2.95,7.08,11.03,,2.04,2.82,7.4
2017-10-28,4.36,3.54,7.8,,5.83,2.95,7.09,11.05,,2.04,2.82,7.4
2017-10-29,4.36,3.54,7.8,,5.83,2.95,7.09,9.49,,2.04,2.82,7.41
2017-10-30,4.36,3.54,7.8,,5.83,2.95,7.08,7.92,,2.04,2.82,7.4
2017-10-31,4.35,3.53,7.8,,5.83,2.94,7.07,7.92,,2.04,2.82,7.39
2017-11-01,4.35,3.52,7.8,,5.83,2.97,7.04,7.92,,2.04,2.81,7.29
2017-11-02,4.34,3.52,7.81,,5.84,2.99,7.01,7.91,,2.04,2.79,7.19
2017-11-03,4.33,3.51,7.82,,5.84,3.02,6.98,7.93,,2.04,2.77,7.09
2017-11-04,4.32,3.5,7.82,,5.84,3.04,6.97,7.94,,2.05,2.76,6.99
2017-11-05,4.31,3.49,7.83,,5.84,3.07,6.95,7.95,,2.05,2.74,6.89
2017-11-06,4.31,3.49,7.83,,5.84,3.07,6.96,7.94,,2.05,2.74,6.89
2017-11-07,4.31,3.49,7.83,,5.84,3.06,6.97,7.96,,2.05,2.73,6.88
2017-11-08,4.31,3.49,7.84,,5.85,3.06,6.98,7.94,,2.05,2.73,6.87
2017-11-09,4.32,3.49,7.86,,5.85,3.07,7.0,7.94,,2.05,2.73,6.86
2017-11-10,4.33,3.5,7.88,,5.85,3.07,7.01,7.93,,2.05,2.73,6.86
2017-11-11,4.34,3.51,7.9,,5.85,3.07,7.02,7.94,,2.05,2.73,6.86
2017-11-12,4.34,3.51,7.91,,5.86,3.07,7.02,7.94,,2.05,2.73,6.87
2017-11-13,4.35,3.52,7.91,,5.86,3.07,7.02,7.94,,2.05,2.74,6.87
2017-11-14,4.36,3.52,7.92,,5.86,3.08,7.02,7.95,,2.05,2.74,6.87
2017-11-15,4.35,3.52,7.92,,5.86,3.07,7.02,7.96,,2.05,2.74,6.86
2017-11-16,4.35,3.52,7.92,,5.87,3.07,7.01,7.96,,2.05,2.74,6.86
2017-11-17,4.34,3.51,7.91,,5.87,3.07,7.0,7.95,,2.05,2.74,6.85
2017-11-18,4.34,3.51,7.9,,5.86,3.07,6.99,7.94,,2.05,2.74,6.85
2017-11-19,4.34,3.51,7.89,,5.86,3.07,6.98,7.93,,2.05,2.74,6.85
2017-11-20,4.34,3.51,7.87,,6.91,3.07,6.98,7.91,,2.05,2.74,6.85
2017-11-21,4.33,3.51,7.87,,7.96,3.07,6.97,9.49,,2.05,2.74,6.85
2017-11-22,4.33,3.5,7.86,,7.84,3.07,6.96,11.05,,2.05,2.74,6.85
2017-11-23,4.32,3.5,7.86,,7.72,3.07,6.96,11.04,,2.05,2.74,6.85
2017-11-24,4.32,3.49,7.85,,7.6,3.07,6.95,11.02,,2.05,2.75,6.86
2017-11-25,4.31,3.49,7.84,,6.43,3.07,6.94,10.99,,2.05,2.75,6.86
2017-11-26,4.31,3.49,7.84,,5.26,3.07,6.94,9.39,,2.05,2.75,6.87
2017-11-27,4.31,3.49,7.85,,5.26,3.07,6.94,7.81,,2.05,2.75,6.87
2017-11-28,4.31,3.49,7.84,,5.26,3.07,6.94,7.8,,2.05,2.75,6.87
2017-11-29,4.31,3.49,7.85,,5.26,3.07,6.94,7.81,,2.05,2.75,6.88
2017-11-30,4.32,3.49,7.85,,5.26,3.07,6.94,7.82,,2.05,2.76,6.88
2017-12-01,4.32,3.51,7.88,,5.26,3.13,6.95,7.82,,2.05,2.79,6.83
2017-12-02,4.32,3.52,7.9,,5.26,3.19,6.97,7.82,,2.06,2.82,6.79
2017-12-03,4.33,3.53,7.93,,5.26,3.24,6.98,7.83,,2.07,2.85,6.75
2017-12-04,4.33,3.54,7.95,,5.26,3.3,6.99,7.83,,2.07,2.88,6.7
2017-12-05,4.32,3.55,7.98,,5.26,3.36,6.99,7.81,,2.07,2.91,6.65
2017-12-06,4.32,3.55,7.98,,5.26,3.36,6.99,7.81,,2.07,2.9,6.65
2017-12-07,4.32,3.55,7.99,,5.26,3.36,6.99,7.81,,2.07,2.9,6.64
2017-12-08,4.31,3.55,7.99,,5.25,3.36,6.99,7.81,,2.07,2.89,6.64
2017-12-09,4.31,3.55,7.99,,5.25,3.36,6.99,7.82,,2.07,2.89,6.65
2017-12-10,4.32,3.55,7.99,,5.25,3.35,6.99,7.82,,2.07,2.89,6.65
2017-12-11,4.32,3.55,7.98,,5.25,3.36,6.99,7.83,,2.07,2.9,6.66
2017-12-12,4.32,3.55,7.98,,5.25,3.36,6.99,7.83,,2.08,2.9,6.67
2017-12-13,4.32,3.55,7.98,,5.25,3.36,6.99,7.82,,2.08,2.9,6.66
2017-12-14,4.31,3.55,7.98,,5.25,3.36,6.98,7.83,,2.07,2.9,6.66
2017-12-15,4.31,3.54,7.99,,5.25,3.35,6.98,7.82,,2.07,2.9,6.65
2017-12-16,4.3,3.54,7.99,,5.25,3.35,6.97,7.82,,2.07,2.89,6.64
2017-12-17,4.29,3.54,7.99,,5.26,3.35,6.96,7.81,,2.07,2.89,6.63
2017-12-18,4.29,3.54,7.99,,6.55,3.35,6.96,7.81,,2.07,2.89,6.63
2017-12-19,4.3,3.54,7.99,,7.85,3.35,6.96,7.8,,2.08,2.9,6.63
2017-12-20,4.31,3.55,7.99,,8.1,3.36,6.96,7.79,,2.08,2.9,6.64
2017-12-21,5.0,4.25,9.54,,8.35,3.36,8.12,6.23,,2.53,3.44,6.64
2017-12-22,5.69,4.96,11.09,,8.6,3.36,9.27,4.66,,2.99,3.97,6.65
2017-12-23,6.37,5.66,12.64,,7.56,3.36,10.42,3.11,,3.44,4.51,6.66
2017-12-24,7.05,6.36,14.18,,6.5,3.36,11.57,1.55,,3.89,5.04,6.66
2017-12-25,7.73,7.06,15.73,,6.5,3.36,12.71,0.0,,4.35,5.57,6.66
2017-12-26,7.73,7.05,15.72,,6.5,3.36,12.7,1.55,,4.35,5.57,6.66
2017-12-27,7.72,7.05,15.71,,6.5,3.36,12.7,3.1,,4.34,5.56,8.04
2017-12-28,7.71,7.04,15.71,,6.5,3.36,12.69,4.66,,4.34,5.55,9.42
2017-12-29,7.7,7.03,15.7,,6.49,3.36,12.69,6.2,,4.34,5.55,10.8
2017-12-30,7.69,7.02,15.69,,6.49,3.36,12.68,7.74,,4.34,5.54,12.18
2017-12-31,6.82,6.3,14.09,,6.49,2.68,11.29,7.73,,3.92,4.96,12.24
2018-01-01,5.96,5.59,12.5,,6.49,2.01,9.89,7.72,,3.5,4.38,10.91
2018-01-02,5.1,4.89,10.9,,6.48,1.34,8.5,7.69,,3.09,3.8,9.59
2018-01-03,4.25,4.18,9.3,,6.48,0.67,7.11,7.67,,2.68,3.22,8.25
2018-01-04,3.39,3.48,7.7,,6.48,0.0,5.72,7.65,,2.26,2.65,6.92
2018-01-05,3.4,3.48,7.69,,6.48,0.0,5.71,7.62,,2.26,2.65,6.91
2018-01-06,3.4,3.49,7.67,,6.47,0.0,5.71,7.59,,2.26,2.65,6.9
2018-01-07,3.4,3.49,7.66,,6.47,0.0,5.7,7.58,,2.26,2.65,6.9
2018-01-08,3.4,3.49,7.66,,6.47,0.0,5.7,7.57,,2.27,2.65,6.9
2018-01-09,3.4,3.49,7.67,,6.47,0.0,5.71,7.58,,2.27,2.65,6.9
2018-01-10,3.41,3.49,7.68,,6.47,0.0,5.72,7.58,,2.27,2.65,6.9
2018-01-11,3.41,3.49,7.68,,6.47,0.0,5.72,7.58,,2.27,2.66,6.91
2018-01-12,3.41,3.49,7.69,,6.47,0.0,5.73,7.56,,2.27,2.66,6.91
2018-01-13,3.41,3.5,7.69,,6.47,0.0,5.73,7.55,,2.27,2.66,6.92
2018-01-14,3.41,3.49,7.69,,6.47,0.0,5.73,7.53,,2.27,2.66,6.92
2018-01-15,3.4,3.49,7.69,,6.47,0.0,5.73,7.52,,2.27,2.66,6.93
2018-01-16,3.4,3.49,7.69,,6.47,0.0,5.73,7.51,,2.27,2.66,6.93
2018-01-17,3.4,3.49,7.69,,5.17,0.0,5.73,7.51,,2.27,2.66,6.93
2018-01-18,3.41,3.5,7.7,,3.88,0.0,5.73,7.51,,2.27,2.66,6.93
2018-01-19,3.41,3.5,7.7,,2.59,0.0,5.74,7.51,,2.27,2.66,6.93
2018-01-20,2.73,2.8,6.16,,1.29,0.0,4.59,7.5,,1.82,2.13,6.93
2018-01-21,2.05,2.1,4.62,,0.0,0.0,3.44,7.49,,1.37,1.6,6.93
2018-01-22,1.37,1.4,3.08,,1.09,0.0,2.3,7.49,,0.91,1.06,6.93
2018-01-23,0.69,0.7,1.54,,2.18,0.0,1.15,8.99,,0.46,0.53,6.93
2018-01-24,0.0,0.0,0.0,,3.27,0.0,0.0,10.46,,0.0,0.0,6.92
2018-01-25,0.0,0.0,0.0,,4.36,0.0,0.0,10.44,,0.0,0.0,6.92
2018-01-26,0.0,0.0,0.0,,5.44,0.0,0.0,10.42,,0.0,0.0,5.53
2018-01-27,0.0,0.0,0.0,,5.44,0.0,0.0,10.4,,0.0,0.0,4.15
2018-01-28,0.0,0.0,0.0,,5.44,0.0,0.0,8.88,,0.0,0.0,2.77
2018-01-29,0.0,0.0,0.0,,5.44,0.0,0.0,7.4,,0.0,0.0,1.38
2018-01-30,0.0,0.0,0.0,,5.44,0.0,0.0,7.41,,0.0,0.0,0.0
2018-01-31,0.0,0.0,0.0,,5.44,0.0,0.0,7.42,,0.0,0.0,0.0
2018-02-01,0.87,0.71,1.57,,5.43,0.72,0.96,7.42,,0.43,0.55,1.36
2018-02-02,1.74,1.41,3.15,,5.43,1.43,1.94,7.44,,0.86,1.1,2.72
2018-02-03,2.62,2.12,4.72,,5.43,2.15,2.91,7.44,,1.28,1.65,4.09
2018-02-04,3.49,2.83,6.3,,5.43,2.87,3.88,7.44,,1.71,2.21,5.45
2018-02-05,4.37,3.54,7.89,,5.43,3.58,4.86,7.47,,2.14,2.76,6.81
2018-02-06,4.37,3.54,7.9,,5.43,3.58,4.87,7.48,,2.14,2.76,6.81
2018-02-07,4.38,3.54,7.9,,5.43,3.58,4.87,7.49,,2.14,2.76,6.8
2018-02-08,4.38,3.54,7.92,,5.44,3.58,4.89,7.52,,2.14,2.76,6.8
2018-02-09,4.39,3.55,7.95,,5.45,3.58,4.91,7.54,,2.14,2.76,6.79
2018-02-10,4.4,3.56,7.96,,5.46,3.59,4.92,7.56,,2.14,2.76,6.79
2018-02-11,4.41,3.56,7.98,,5.47,3.59,4.94,7.58,,2.14,2.76,6.79
2018-02-12,4.42,3.56,7.99,,5.47,3.59,4.95,7.59,,2.14,2.76,6.8
2018-02-13,4.42,3.57,7.99,,5.47,3.59,4.96,7.58,,2.14,2.76,6.79
2018-02-14,4.43,3.57,7.98,,5.46,3.59,4.96,7.56,,2.14,2.76,6.79
2018-02-15,4.43,3.57,7.96,,5.46,3.6,4.96,7.52,,2.14,2.76,6.79
2018-02-16,4.42,3.57,7.93,,5.45,3.6,4.95,7.49,,2.14,2.76,6.79
2018-02-17,4.42,3.57,7.92,,5.45,3.6,4.94,7.46,,2.14,2.76,6.8
2018-02-18,4.42,3.57,7.89,,5.45,3.6,4.93,7.44,,2.14,2.76,6.8
2018-02-19,4.41,3.57,7.87,,5.45,3.6,4.92,7.43,,2.14,2.76,6.81
2018-02-20,4.41,3.57,7.87,,6.6,3.59,4.92,9.08,,2.14,2.76,6.82
2018-02-21,4.42,3.57,7.89,,6.67,3.6,4.93,10.74,,2.14,2.76,6.82
2018-02-22,4.43,3.57,7.9,,6.73,3.6,4.94,10.89,,2.14,2.76,6.82
2018-02-23,4.43,3.58,7.9,,6.8,3.6,4.94,11.03,,2.14,2.76,6.82
2018-02-24,4.43,3.58,7.9,,6.86,3.6,4.94,11.18,,2.14,2.76,6.81
2018-02-25,4.43,3.58,7.9,,5.77,3.6,4.94,9.67,,2.14,2.76,6.81
2018-02-26,4.43,3.57,7.88,,5.76,3.59,4.92,8.15,,2.14,2.76,6.8
2018-02-27,4.42,3.57,7.87,,5.76,3.59,4.92,8.15,,2.14,2.76,6.81
2018-02-28,4.43,3.58,7.88,,5.77,3.59,4.92,8.17,,2.14,2.76,6.81
2018-03-01,5.34,4.34,9.37,,5.77,4.32,6.01,8.18,,2.6,3.35,8.11
2018-03-02,6.26,5.11,10.85,,5.77,5.05,7.09,8.21,,3.05,3.93,9.42
2018-03-03,6.29,5.16,10.75,,5.77,5.06,7.19,8.23,,3.08,3.97,9.36
2018-03-04,6.32,5.21,10.65,,5.77,5.07,7.29,8.24,,3.11,4.0,9.3
2018-03-05,6.34,5.27,10.54,,5.77,5.09,7.38,8.23,,3.14,4.04,9.24
2018-03-06,5.46,4.55,8.94,,5.76,4.37,6.39,8.22,,2.71,3.49,7.88
2018-03-07,4.57,3.84,7.36,,5.76,3.66,5.41,8.21,,2.29,2.94,6.52
2018-03-08,4.57,3.84,7.36,,5.76,3.66,5.41,8.2,,2.29,2.94,6.51
2018-03-09,4.57,3.84,7.36,,5.76,3.66,5.41,8.19,,2.29,2.94,6.52
2018-03-10,4.57,3.84,7.35,,5.75,3.66,5.4,8.19,,2.29,2.94,6.52
2018-03-11,4.57,3.84,7.35,,5.75,3.65,5.4,8.19,,2.29,2.94,6.52
2018-03-12,4.57,3.84,7.34,,5.75,3.65,5.4,8.2,,2.29,2.94,6.52
2018-03-13,4.58,3.84,7.34,,5.75,3.65,5.4,8.19,,2.29,2.94,6.52
2018-03-14,4.57,3.84,7.35,,5.75,3.65,5.4,8.2,,2.29,2.94,6.52
2018-03-15,4.57,3.84,7.36,,5.75,3.65,5.4,8.21,,2.28,2.94,6.51
2018-03-16,4.56,3.83,7.36,,5.75,3.65,5.4,8.22,,2.28,2.94,6.5
2018-03-17,4.56,3.83,7.37,,5.75,3.65,5.4,8.23,,2.28,2.94,6.5
2018-03-18,4.55,3.83,7.36,,5.75,3.65,5.4,8.25,,2.28,2.94,6.49
2018-03-19,4.56,3.83,7.37,,7.0,3.65,5.41,8.25,,2.28,2.94,6.49
2018-03-20,4.56,3.84,7.37,,8.25,3.65,5.41,10.06,,2.29,2.94,6.49
2018-03-21,4.57,3.84,7.37,,9.5,3.65,5.42,11.84,,2.29,2.94,6.49
2018-03-22,4.57,3.84,7.38,,9.6,3.65,5.42,11.97,,2.28,2.94,6.49
2018-03-23,4.58,3.84,7.4,,9.7,3.65,5.43,12.1,,2.28,2.94,6.49
2018-03-24,4.59,3.85,7.4,,8.55,3.65,5.44,12.24,,2.28,2.94,6.48
2018-03-25,4.59,3.85,7.42,,7.41,3.65,5.44,10.56,,2.28,2.93,6.48
2018-03-26,4.59,3.85,7.42,,6.25,3.64,5.45,8.9,,2.28,2.93,6.47
2018-03-27,4.58,3.85,7.42,,6.25,3.64,5.44,8.89,,2.28,2.93,6.47
2018-03-28,4.57,3.84,7.41,,6.25,3.64,5.43,8.89,,2.28,2.93,6.46
2018-03-29,4.56,3.84,7.4,,6.25,3.64,5.41,8.87,,2.28,2.93,6.46
2018-03-30,4.55,3.83,7.38,,6.25,3.64,5.4,8.85,,2.28,2.93,6.45
2018-03-31,3.63,3.06,5.91,,6.24,2.91,4.31,8.85,,1.82,2.34,5.16
2018-04-01,2.72,2.29,4.43,,6.24,2.18,3.23,8.85,,1.36,1.75,3.87
2018-04-02,2.74,2.26,4.46,,6.24,2.19,3.33,8.84,,1.36,1.74,3.99
2018-04-03,2.76,2.24,4.5,,6.24,2.2,3.44,8.85,,1.37,1.72,4.1
2018-04-04,2.78,2.22,4.53,,6.24,2.22,3.55,8.86,,1.37,1.7,4.22
2018-04-05,3.71,2.96,6.04,,6.24,2.95,4.73,8.87,,1.82,2.27,5.62
2018-04-06,4.63,3.7,7.55,,6.25,3.69,5.91,8.89,,2.28,2.84,7.02
2018-04-07,4.63,3.7,7.54,,6.25,3.69,5.91,8.9,,2.28,2.84,7.02
2018-04-08,4.63,3.7,7.54,,6.25,3.69,5.91,8.91,,2.28,2.84,7.02
2018-04-09,4.62,3.7,7.54,,6.25,3.69,5.91,8.94,,2.28,2.84,7.02
2018-04-10,4.62,3.69,7.53,,6.25,3.69,5.91,8.95,,2.28,2.83,7.01
2018-04-11,4.62,3.69,7.52,,6.24,3.69,5.91,8.96,,2.28,2.83,7.01
2018-04-12,4.62,3.69,7.5,,6.24,3.69,5.91,8.97,,2.28,2.84,7.01
2018-04-13,4.62,3.69,7.48,,6.24,3.69,5.91,8.97,,2.28,2.84,7.01
2018-04-14,4.62,3.69,7.47,,6.24,3.69,5.92,8.96,,2.28,2.84,7.01
2018-04-15,4.62,3.7,7.46,,6.24,3.7,5.91,8.95,,2.28,2.84,7.0
2018-04-16,4.63,3.7,7.46,,6.23,3.7,5.91,8.95,,2.28,2.84,7.0
2018-04-17,4.63,3.7,7.45,,6.23,3.69,5.92,8.95,,2.28,2.84,7.0
2018-04-18,4.63,3.7,7.45,,4.98,3.7,5.92,8.95,,2.28,2.84,7.0
2018-04-19,4.64,3.7,7.45,,3.74,3.7,5.93,7.16,,2.28,2.84,7.0
2018-04-20,4.65,3.71,7.46,,2.49,3.7,5.94,5.37,,2.29,2.84,7.01
2018-04-21,4.66,3.72,7.47,,1.25,3.7,5.96,3.57,,2.29,2.84,7.01
2018-04-22,4.68,3.72,7.48,,0.0,3.71,5.96,1.79,,2.29,2.84,7.01
2018-04-23,4.68,3.73,7.49,,1.18,3.71,5.98,0.0,,2.29,2.84,7.01
2018-04-24,4.69,3.73,7.5,,2.36,3.72,5.99,1.86,,2.29,2.85,7.01
2018-04-25,4.7,3.74,7.51,,3.54,3.72,6.0,3.74,,2.29,2.85,7.01
2018-04-26,4.7,3.74,7.51,,4.72,3.72,6.0,5.62,,2.29,2.85,7.01
2018-04-27,4.7,3.74,7.51,,5.9,3.72,6.01,7.49,,2.29,2.85,7.01
2018-04-28,4.7,3.74,7.51,,5.9,3.72,6.02,9.35,,2.29,2.85,7.01
2018-04-29,4.7,3.74,7.51,,5.89,3.71,6.02,9.36,,2.29,2.85,7.02
2018-04-30,4.7,3.73,7.5,,5.89,3.71,6.02,9.36,,2.29,2.85,7.01
2018-05-01,5.62,4.53,9.06,,5.89,4.45,7.35,9.38,,2.79,3.42,8.38
2018-05-02,5.6,4.57,9.12,,5.9,4.45,7.49,9.42,,2.83,3.42,8.35
2018-05-03,5.58,4.61,9.19,,5.9,4.45,7.63,9.46,,2.87,3.42,8.32
2018-05-04,5.56,4.66,9.25,,5.9,4.44,7.76,9.5,,2.91,3.41,8.29
2018-05-05,5.54,4.7,9.3,,5.9,4.44,7.9,9.52,,2.95,3.41,8.26
2018-05-06,4.6,3.95,7.8,,5.9,3.69,6.7,9.53,,2.49,2.84,6.86
2018-05-07,4.6,3.95,7.8,,5.9,3.69,6.7,9.54,,2.49,2.84,6.85
2018-05-08,4.6,3.96,7.8,,5.9,3.69,6.72,9.56,,2.49,2.84,6.85
2018-05-09,4.6,3.96,7.8,,5.9,3.7,6.73,9.6,,2.49,2.84,6.85
2018-05-10,4.59,3.96,7.79,,5.9,3.7,6.73,9.62,,2.49,2.83,6.84
2018-05-11,4.59,3.96,7.79,,5.9,3.7,6.73,9.63,,2.49,2.83,6.84
2018-05-12,4.58,3.95,7.78,,5.9,3.7,6.71,9.63,,2.49,2.83,6.83
2018-05-13,4.58,3.95,7.78,,5.9,3.7,6.69,9.62,,2.49,2.83,6.83
2018-05-14,4.57,3.95,7.77,,5.9,3.7,6.67,9.6,,2.49,2.83,6.82
2018-05-15,4.58,3.95,7.78,,5.9,3.7,6.68,9.64,,2.49,2.83,6.83
2018-05-16,4.59,3.95,7.79,,5.9,3.7,6.69,9.66,,2.49,2.83,6.83
2018-05-17,4.6,3.95,7.79,,5.9,3.71,6.7,9.7,,2.49,2.83,6.84
2018-05-18,4.61,3.96,7.8,,5.9,3.71,6.72,9.76,,2.5,2.84,6.84
2018-05-19,4.62,3.96,7.8,,5.9,3.71,6.73,9.8,,2.5,2.84,6.85
2018-05-20,4.62,3.96,7.8,,5.9,3.71,6.73,9.83,,2.5,2.84,6.85
2018-05-21,4.61,3.96,7.8,,7.11,3.71,6.74,9.86,,2.5,2.84,6.85
2018-05-22,4.61,3.96,7.8,,8.32,3.71,6.74,11.88,,2.5,2.83,6.85
2018-05-23,4.61,3.95,7.79,,8.36,3.71,6.72,13.86,,2.49,2.83,6.84
2018-05-24,4.6,3.95,7.79,,8.39,3.71,6.71,13.9,,2.49,2.83,6.84
2018-05-25,4.59,3.94,7.78,,8.43,3.7,6.68,13.94,,2.49,2.83,6.82
2018-05-26,4.58,3.94,7.78,,7.25,3.7,6.66,13.98,,2.49,2.83,6.81
2018-05-27,4.57,3.93,7.78,,6.07,3.69,6.65,12.02,,2.49,2.82,6.8
2018-05-28,4.57,3.93,7.79,,6.07,3.69,6.64,10.08,,2.48,2.82,6.8
2018-05-29,4.56,3.92,7.8,,6.07,3.68,6.64,10.1,,2.48,2.82,6.79
2018-05-30,4.56,3.92,7.8,,6.07,3.68,6.65,10.1,,2.48,2.82,6.79
2018-05-31,3.65,3.14,6.24,,6.07,2.94,5.32,10.1,,1.98,2.25,5.43
2018-06-01,3.73,3.11,6.33,,6.07,2.92,5.47,10.1,,2.01,2.29,5.36
2018-06-02,3.81,3.09,6.42,,6.07,2.91,5.61,10.1,,2.05,2.32,5.29
2018-06-03,3.9,3.06,6.5,,6.07,2.9,5.76,10.09,,2.08,2.35,5.22
2018-06-04,3.99,3.04,6.59,,6.07,2.89,5.9,10.09,,2.12,2.39,5.15
2018-06-05,4.99,3.8,8.23,,6.07,3.61,7.38,10.09,,2.65,2.98,6.43
2018-06-06,5.0,3.81,8.22,,6.07,3.61,7.38,10.08,,2.65,2.98,6.43
2018-06-07,5.0,3.81,8.21,,6.06,3.61,7.38,10.1,,2.65,2.98,6.43
2018-06-08,5.0,3.81,8.2,,6.06,3.61,7.39,10.11,,2.66,2.98,6.43
2018-06-09,5.0,3.81,8.19,,6.06,3.61,7.39,10.13,,2.65,2.98,6.43
2018-06-10,5.0,3.81,8.19,,6.06,3.62,7.4,10.14,,2.65,2.98,6.43
2018-06-11,5.0,3.81,8.19,,6.05,3.62,7.4,10.16,,2.65,2.98,6.43
2018-06-12,5.01,3.81,8.19,,6.05,3.62,7.41,10.17,,2.65,2.98,6.43
2018-06-13,5.01,3.81,8.18,,6.05,3.62,7.43,10.18,,2.65,2.98,6.43
2018-06-14,5.01,3.81,8.17,,6.05,3.62,7.44,10.22,,2.66,2.98,6.43
2018-06-15,5.0,3.81,8.16,,6.05,3.62,7.45,10.26,,2.66,2.98,6.43
2018-06-16,5.0,3.81,8.16,,6.05,3.61,7.46,10.29,,2.66,2.98,6.43
2018-06-17,5.0,3.81,8.15,,6.05,3.61,7.47,10.31,,2.66,2.98,6.43
2018-06-18,5.0,3.81,8.15,,7.34,3.61,7.47,10.34,,2.66,2.98,6.43
2018-06-19,5.0,3.8,8.15,,8.64,3.61,7.48,10.35,,2.65,2.98,6.42
2018-06-20,5.01,3.81,8.15,,8.72,3.61,7.48,10.36,,2.65,2.98,6.42
2018-06-21,5.01,3.81,8.16,,8.81,3.61,7.48,8.3,,2.65,2.98,6.42
2018-06-22,5.02,3.82,8.16,,8.89,3.61,7.48,6.23,,2.65,2.98,6.42
2018-06-23,5.02,3.82,8.16,,7.68,3.61,7.46,4.16,,2.65,2.97,6.41
2018-06-24,5.03,3.82,8.17,,6.47,3.61,7.44,2.08,,2.65,2.98,6.41
2018-06-25,5.03,3.82,8.17,,6.47,3.61,7.43,2.08,,2.65,2.97,6.41
2018-06-26,5.03,3.82,8.18,,6.47,3.61,7.44,4.16,,2.65,2.98,6.41
2018-06-27,5.02,3.82,8.18,,6.48,3.6,7.45,6.25,,2.65,2.97,6.41
2018-06-28,5.01,3.82,8.2,,6.48,3.6,7.46,8.34,,2.65,2.97,6.41
2018-06-29,5.01,3.81,8.21,,6.48,3.6,7.46,10.43,,2.65,2.97,6.4
2018-06-30,5.0,3.81,8.22,,6.48,3.6,7.47,10.44,,2.65,2.97,6.4
2018-07-01,4.0,3.05,6.59,,6.49,2.88,5.97,10.45,,2.12,2.38,5.12
2018-07-02,3.96,3.09,6.58,,6.49,2.83,5.95,10.46,,2.11,2.41,5.07
2018-07-03,3.92,3.12,6.57,,6.48,2.78,5.93,10.46,,2.11,2.45,5.01
2018-07-04,3.88,3.15,6.55,,6.48,2.74,5.9,10.45,,2.1,2.48,4.96
2018-07-05,3.83,3.18,6.53,,6.48,2.69,5.87,10.44,,2.09,2.52,4.9
2018-07-06,4.78,3.98,8.16,,6.47,3.36,7.31,10.42,,2.62,3.14,6.12
2018-07-07,4.78,3.97,8.15,,6.46,3.36,7.29,10.39,,2.62,3.14,6.11
2018-07-08,4.77,3.97,8.14,,6.46,3.36,7.27,10.37,,2.62,3.14,6.11
2018-07-09,4.77,3.97,8.13,,6.45,3.36,7.24,10.34,,2.62,3.14,6.11
2018-07-10,4.77,3.97,8.12,,6.45,3.36,7.22,10.31,,2.62,3.14,6.1
2018-07-11,4.77,3.97,8.12,,6.45,3.36,7.22,10.31,,2.62,3.14,6.1
2018-07-12,4.76,3.97,8.11,,6.45,3.36,7.22,10.31,,2.62,3.14,6.1
2018-07-13,4.76,3.96,8.11,,6.45,3.36,7.21,10.31,,2.62,3.14,6.1
2018-07-14,4.75,3.96,8.1,,6.45,3.36,7.2,10.32,,2.62,3.14,6.1
2018-07-15,4.75,3.96,8.1,,6.45,3.36,7.2,10.35,,2.62,3.14,6.09
2018-07-16,4.75,3.96,8.1,,6.45,3.36,7.19,10.34,,2.62,3.14,6.09
2018-07-17,4.75,3.96,8.1,,6.45,3.36,7.19,10.33,,2.62,3.14,6.09
2018-07-18,4.75,3.96,8.1,,5.16,3.36,7.19,10.33,,2.62,3.14,6.09
2018-07-19,4.75,3.96,8.1,,3.87,3.36,7.2,10.34,,2.62,3.13,6.09
2018-07-20,4.76,3.97,8.1,,2.58,3.36,7.2,10.35,,2.62,3.13,6.08
2018-07-21,4.76,3.97,8.1,,1.29,3.36,7.21,10.36,,2.62,3.13,6.08
2018-07-22,4.76,3.97,8.1,,0.0,3.36,7.21,10.37,,2.62,3.13,6.08
2018-07-23,4.76,3.98,8.1,,1.31,3.36,7.21,10.38,,2.62,3.14,6.09
2018-07-24,4.77,3.98,8.09,,2.61,3.36,7.22,12.23,,2.62,3.14,6.09
2018-07-25,4.77,3.98,8.09,,3.91,3.36,7.21,12.0,,2.62,3.14,6.09
2018-07-26,4.77,3.98,8.08,,5.21,3.37,7.2,11.79,,2.62,3.14,6.09
2018-07-27,4.76,3.98,8.08,,6.52,3.37,7.18,11.57,,2.63,3.14,6.09
2018-07-28,4.76,3.97,8.07,,6.51,3.37,7.17,11.34,,2.63,3.14,6.09
2018-07-29,4.75,3.97,8.07,,6.51,3.37,7.15,9.25,,2.63,3.14,6.08
2018-07-30,4.75,3.97,8.07,,6.51,3.37,7.15,9.26,,2.63,3.14,6.08
2018-07-31,4.75,3.96,8.06,,6.52,3.37,7.16,9.25,,2.63,3.14,6.08
2018-08-01,4.75,3.97,8.0,,6.51,3.31,7.15,9.25,,2.65,3.13,6.24
2018-08-02,4.74,3.97,7.93,,6.51,3.25,7.15,9.25,,2.66,3.12,6.39
2018-08-03,4.73,3.98,7.87,,6.51,3.18,7.15,9.26,,2.68,3.11,6.55
2018-08-04,4.72,3.98,7.8,,6.51,3.12,7.14,9.26,,2.7,3.1,6.7
2018-08-05,4.72,3.98,7.74,,6.51,3.06,7.12,9.26,,2.72,3.09,6.85
2018-08-06,4.71,3.98,7.73,,6.51,3.06,7.12,9.28,,2.72,3.09,6.85
2018-08-07,4.71,3.98,7.73,,6.51,3.06,7.13,9.28,,2.72,3.09,6.86
2018-08-08,4.72,3.98,7.73,,6.51,3.06,7.13,9.29,,2.72,3.09,6.86
2018-08-09,4.72,3.99,7.72,,6.51,3.06,7.14,9.32,,2.72,3.09,6.86
2018-08-10,4.72,3.99,7.73,,6.5,3.06,7.17,9.38,,2.71,3.09,6.85
2018-08-11,4.72,3.99,7.73,,6.5,3.05,7.19,9.43,,2.71,3.09,6.85
2018-08-12,4.72,3.99,7.73,,6.5,3.05,7.21,9.49,,2.71,3.09,6.84
2018-08-13,4.72,3.99,7.74,,6.5,3.05,7.24,9.58,,2.71,3.09,6.84
2018-08-14,4.72,3.98,7.74,,6.5,3.05,7.25,9.63,,2.71,3.09,6.83
2018-08-15,4.71,3.98,7.74,,6.5,3.05,7.25,9.67,,2.71,3.09,6.83
2018-08-16,4.71,3.98,7.74,,6.5,3.05,7.25,9.7,,2.71,3.08,6.83
2018-08-17,4.7,3.98,7.74,,6.5,3.05,7.24,9.72,,2.71,3.08,6.83
2018-08-18,4.7,3.98,7.73,,6.49,3.05,7.23,9.7,,2.71,3.08,6.83
2018-08-19,4.7,3.97,7.73,,6.49,3.05,7.22,9.71,,2.7,3.08,6.83
2018-08-20,4.69,3.97,7.73,,7.79,3.05,7.21,9.7,,2.7,3.08,6.83
2018-08-21,4.69,3.97,7.72,,9.09,3.04,7.2,11.63,,2.7,3.08,6.83
2018-08-22,4.69,3.97,7.72,,9.08,3.04,7.2,13.55,,2.7,3.08,6.82
2018-08-23,4.69,3.97,7.72,,9.08,3.04,7.2,13.58,,2.7,3.08,6.82
2018-08-24,4.69,3.97,7.71,,9.08,3.04,7.19,13.58,,2.7,3.08,6.82
2018-08-25,4.69,3.97,7.71,,7.79,3.04,7.18,13.58,,2.7,3.08,6.81
2018-08-26,4.69,3.97,7.7,,6.49,3.04,7.18,11.64,,2.7,3.08,6.81
2018-08-27,4.69,3.97,7.7,,6.49,3.04,7.18,9.71,,2.7,3.08,6.81
2018-08-28,4.69,3.97,7.7,,6.48,3.04,7.18,9.69,,2.7,3.08,6.81
2018-08-29,4.69,3.97,7.7,,6.48,3.04,7.18,9.71,,2.7,3.08,6.81
2018-08-30,4.7,3.98,7.7,,6.48,3.05,7.2,9.75,,2.71,3.08,6.81
2018-08-31,3.76,3.18,6.16,,6.48,2.44,5.76,9.77,,2.16,2.47,5.45
2018-09-01,2.83,2.39,4.62,,6.48,1.83,4.33,9.81,,1.62,1.85,4.09
2018-09-02,1.88,1.59,3.08,,6.48,1.22,2.89,9.84,,1.08,1.23,2.73
2018-09-03,0.94,0.8,1.54,,6.48,0.61,1.45,9.84,,0.54,0.62,1.36
2018-09-04,0.96,0.78,1.56,,6.48,0.66,1.44,9.87,,0.55,0.62,1.31
2018-09-05,1.92,1.56,3.12,,6.48,1.32,2.88,9.92,,1.09,1.24,2.61
2018-09-06,2.87,2.34,4.68,,6.48,1.98,4.32,9.96,,1.64,1.85,3.92
2018-09-07,3.83,3.12,6.24,,6.47,2.65,5.75,9.99,,2.19,2.47,5.22
2018-09-08,4.79,3.9,7.8,,6.47,3.31,7.19,10.03,,2.73,3.09,6.53
2018-09-09,4.8,3.9,7.81,,6.47,3.31,7.19,10.02,,2.74,3.09,6.53
2018-09-10,4.79,3.9,7.8,,6.47,3.31,7.19,10.03,,2.74,3.1,6.53
2018-09-11,4.8,3.9,7.8,,6.47,3.32,7.2,10.03,,2.74,3.1,6.54
2018-09-12,4.79,3.9,7.8,,6.47,3.32,7.2,10.03,,2.74,3.1,6.54
2018-09-13,4.79,3.9,7.79,,6.47,3.32,7.19,10.01,,2.74,3.1,6.54
2018-09-14,4.79,3.9,7.77,,6.46,3.32,7.17,9.99,,2.74,3.1,6.55
2018-09-15,4.79,3.9,7.77,,6.46,3.32,7.15,9.97,,2.74,3.1,6.55
2018-09-16,4.78,3.9,7.76,,6.46,3.32,7.13,9.94,,2.74,3.1,6.55
2018-09-17,4.78,3.9,7.75,,6.46,3.32,7.12,9.92,,2.74,3.1,6.56
2018-09-18,4.79,3.9,7.75,,6.45,3.32,7.13,9.92,,2.74,3.1,6.56
2018-09-19,4.79,3.9,7.76,,5.16,3.33,7.13,9.9,,2.74,3.1,6.56
2018-09-20,4.8,3.91,7.76,,3.87,3.33,7.13,7.91,,2.74,3.11,6.56
2018-09-21,4.8,3.91,7.76,,2.58,3.33,7.12,5.93,,2.74,3.11,6.57
2018-09-22,4.8,3.91,7.76,,1.29,3.33,7.11,3.95,,2.75,3.11,6.57
2018-09-23,4.8,3.91,7.76,,0.0,3.33,7.09,1.97,,2.74,3.11,6.58
2018-09-24,4.8,3.91,7.76,,1.27,3.33,7.08,0.0,,2.74,3.11,6.58
2018-09-25,4.8,3.91,7.76,,2.54,3.33,7.08,1.74,,2.74,3.11,6.58
2018-09-26,4.8,3.91,7.76,,3.81,3.33,7.08,3.47,,2.74,3.11,6.58
2018-09-27,4.8,3.91,7.76,,5.08,3.33,7.06,5.19,,2.74,3.11,6.59
2018-09-28,4.8,3.91,7.76,,6.35,3.33,7.06,6.92,,2.74,3.11,6.59
2018-09-29,4.79,3.91,7.75,,6.35,3.33,7.05,8.64,,2.74,3.11,6.58
2018-09-30,4.79,3.9,7.75,,6.34,3.32,7.04,8.63,,2.74,3.11,6.58
2018-10-01,5.76,4.7,9.36,,6.34,3.98,8.49,8.63,,3.3,3.75,7.87
2018-10-02,6.73,5.5,10.97,,6.34,4.63,9.95,8.63,,3.85,4.39,9.15
2018-10-03,7.71,6.31,12.6,,6.34,5.28,11.41,8.64,,4.41,5.04,10.45
2018-10-04,7.73,6.33,12.68,,6.34,5.27,11.47,8.66,,4.42,5.06,10.42
2018-10-05,7.76,6.36,12.77,,6.34,5.26,11.54,8.69,,4.43,5.09,10.4
2018-10-06,6.81,5.58,11.25,,6.34,4.6,10.15,8.71,,3.88,4.47,9.09
2018-10-07,5.87,4.81,9.72,,6.34,3.95,8.77,8.73,,3.34,3.85,7.78
2018-10-08,4.91,4.03,8.19,,6.34,3.28,7.37,8.73,,2.79,3.23,6.47
2018-10-09,4.91,4.04,8.19,,6.34,3.28,7.37,8.71,,2.79,3.23,6.48
2018-10-10,4.92,4.04,8.21,,6.34,3.28,7.38,8.72,,2.79,3.23,6.49
2018-10-11,4.91,4.03,8.22,,6.35,3.28,7.38,8.71,,2.79,3.23,6.5
2018-10-12,4.91,4.03,8.22,,6.36,3.28,7.38,8.7,,2.79,3.24,6.52
2018-10-13,4.9,4.03,8.22,,6.36,3.27,7.38,8.69,,2.79,3.24,6.53
2018-10-14,4.9,4.03,8.22,,6.36,3.27,7.38,8.68,,2.79,3.24,6.54
2018-10-15,4.9,4.03,8.21,,6.36,3.27,7.38,8.66,,2.78,3.24,6.54
2018-10-16,4.9,4.03,8.2,,6.36,3.27,7.37,8.63,,2.78,3.24,6.53
2018-10-17,4.9,4.03,8.2,,6.35,3.27,7.37,8.6,,2.78,3.24,6.53
2018-10-18,4.91,4.03,8.2,,6.35,3.27,7.37,8.59,,2.78,3.24,6.53
2018-10-19,4.91,4.04,8.21,,6.35,3.27,7.37,8.58,,2.79,3.24,6.53
2018-10-20,4.92,4.04,8.21,,6.35,3.28,7.38,8.57,,2.79,3.24,6.53
2018-10-21,4.92,4.04,8.22,,6.35,3.28,7.39,8.58,,2.79,3.24,6.53
2018-10-22,4.93,4.04,8.23,,7.64,3.28,7.4,8.58,,2.79,3.24,6.53
2018-10-23,4.93,4.04,8.23,,8.92,3.28,7.4,10.29,,2.79,3.23,6.52
2018-10-24,4.93,4.04,8.24,,8.94,3.28,7.41,12.04,,2.79,3.23,6.52
2018-10-25,4.92,4.04,8.24,,8.96,3.27,7.41,12.04,,2.78,3.22,6.51
2018-10-26,4.92,4.03,8.26,,8.98,3.27,7.41,12.04,,2.78,3.22,6.51
2018-10-27,4.92,4.03,8.27,,7.71,3.27,7.41,12.05,,2.78,3.22,6.51
2018-10-28,4.92,4.03,8.28,,6.45,3.27,7.41,10.34,,2.78,3.23,6.5
2018-10-29,4.92,4.03,8.29,,6.45,3.26,7.41,8.61,,2.77,3.22,6.5
2018-10-30,4.92,4.03,8.29,,6.45,3.26,7.41,8.62,,2.77,3.22,6.5
2018-10-31,3.94,3.22,6.63,,6.45,2.61,5.93,8.64,,2.22,2.58,5.2
2018-11-01,3.99,3.28,6.73,,6.45,2.7,5.97,8.64,,2.26,2.61,5.37
2018-11-02,4.04,3.35,6.84,,6.44,2.79,6.01,8.63,,2.3,2.64,5.54
2018-11-03,4.1,3.41,6.93,,6.44,2.88,6.05,8.61,,2.34,2.67,5.71
2018-11-04,4.15,3.47,7.04,,6.44,2.98,6.09,8.58,,2.38,2.7,5.88
2018-11-05,5.18,4.34,8.8,,6.44,3.72,7.6,8.55,,2.98,3.38,7.35
2018-11-06,5.18,4.34,8.79,,6.43,3.72,7.6,8.53,,2.98,3.38,7.35
2018-11-07,5.18,4.33,8.78,,6.43,3.72,7.6,8.52,,2.98,3.38,7.36
2018-11-08,5.18,4.33,8.76,,6.43,3.72,7.6,8.52,,2.98,3.38,7.36
2018-11-09,5.17,4.33,8.76,,6.43,3.72,7.6,8.53,,2.99,3.37,7.36
2018-11-10,5.17,4.33,8.76,,6.43,3.72,7.6,8.53,,2.99,3.37,7.36
2018-11-11,5.17,4.32,8.77,,6.43,3.72,7.6,8.54,,2.99,3.37,7.36
2018-11-12,5.17,4.32,8.79,,6.44,3.72,7.61,8.57,,2.98,3.37,7.35
2018-11-13,5.17,4.32,8.82,,6.44,3.72,7.62,8.59,,2.98,3.37,7.35
2018-11-14,5.18,4.32,8.83,,6.44,3.71,7.63,8.6,,2.98,3.36,7.35
2018-11-15,5.18,4.33,8.85,,6.45,3.71,7.64,8.59,,2.98,3.36,7.35
2018-11-16,5.19,4.33,8.87,,6.46,3.7,7.65,8.57,,2.97,3.36,7.35
2018-11-17,5.19,4.33,8.89,,6.47,3.7,7.65,8.55,,2.97,3.36,7.36
2018-11-18,5.19,4.33,8.89,,6.47,3.7,7.65,8.51,,2.97,3.35,7.36
2018-11-19,5.19,4.33,8.91,,7.86,3.69,7.66,8.49,,2.97,3.35,7.36
2018-11-20,5.2,4.33,8.92,,9.25,3.69,7.67,10.14,,2.97,3.35,7.36
2018-11-21,5.2,4.33,8.92,,9.34,3.69,7.69,11.78,,2.97,3.35,7.36
2018-11-22,5.2,4.33,8.93,,9.43,3.69,7.7,11.72,,2.97,3.35,7.35
2018-11-23,5.2,4.33,8.94,,9.52,3.69,7.71,11.66,,2.97,3.35,7.35
2018-11-24,5.2,4.33,8.94,,8.23,3.69,7.72,11.6,,2.97,3.35,7.34
2018-11-25,5.2,4.32,8.95,,6.94,3.69,7.72,9.89,,2.96,3.35,7.34
2018-11-26,5.2,4.32,8.95,,6.93,3.69,7.72,8.2,,2.97,3.35,7.34
2018-11-27,5.2,4.32,8.95,,6.93,3.69,7.74,8.21,,2.97,3.35,7.34
2018-11-28,5.19,4.32,8.93,,6.93,3.69,7.73,8.2,,2.97,3.34,7.33
2018-11-29,5.19,4.32,8.9,,6.93,3.69,7.72,8.19,,2.97,3.34,7.33
2018-11-30,5.2,4.32,8.89,,6.93,3.68,7.71,8.19,,2.96,3.34,7.33
2018-12-01,4.16,3.46,7.1,,6.93,2.94,6.16,8.17,,2.37,2.67,5.86
2018-12-02,3.12,2.6,5.32,,6.93,2.21,4.61,8.15,,1.78,2.0,4.39
2018-12-03,3.07,2.56,5.14,,6.93,2.26,4.57,8.15,,1.8,1.96,4.2
2018-12-04,3.02,2.53,4.98,,6.92,2.31,4.54,8.16,,1.82,1.91,4.01
2018-12-05,2.98,2.5,4.81,,6.92,2.35,4.51,8.16,,1.84,1.86,3.82
2018-12-06,3.96,3.33,6.42,,6.92,3.14,6.01,8.16,,2.46,2.48,5.09
2018-12-07,4.95,4.16,8.04,,6.93,3.92,7.51,8.16,,3.07,3.1,6.36
2018-12-08,4.95,4.15,8.05,,6.95,3.91,7.51,8.17,,3.06,3.1,6.35
2018-12-09,4.95,4.15,8.06,,6.96,3.91,7.51,8.17,,3.06,3.1,6.35
2018-12-10,4.94,4.15,8.07,,6.98,3.91,7.5,8.19,,3.06,3.09,6.34
2018-12-11,4.94,4.14,8.07,,7.0,3.9,7.5,8.21,,3.06,3.09,6.34
2018-12-12,4.93,4.14,8.06,,7.01,3.91,7.49,8.21,,3.06,3.09,6.34
2018-12-13,4.92,4.14,8.05,,7.01,3.91,7.49,8.22,,3.06,3.1,6.34
2018-12-14,4.91,4.14,8.04,,7.01,3.91,7.48,8.22,,3.06,3.1,6.34
2018-12-15,4.91,4.13,8.04,,7.02,3.91,7.47,8.22,,3.06,3.1,6.34
2018-12-16,4.91,4.13,8.03,,7.02,3.91,7.46,8.21,,3.06,3.1,6.34
2018-12-17,4.9,4.13,8.05,,7.03,3.91,7.46,8.21,,3.06,3.1,6.34
2018-12-18,5.87,4.96,9.75,,7.04,4.14,11.68,8.21,,3.68,3.69,6.34
2018-12-19,6.85,5.79,11.48,,5.64,4.38,15.91,8.2,,4.29,4.27,6.33
2018-12-20,7.82,6.64,13.24,,4.23,4.62,20.15,6.55,,4.91,4.86,6.32
2018-12-21,8.8,7.48,15.02,,2.83,4.85,24.41,4.91,,5.52,5.44,6.31
2018-12-22,9.78,8.32,16.79,,1.41,5.09,28.68,3.27,,6.14,6.03,6.31
2018-12-23,9.79,8.33,16.86,,0.0,5.09,28.71,1.63,,6.14,6.02,6.3
2018-12-24,9.81,8.34,16.93,,2.41,5.09,28.74,1.64,,6.14,6.02,6.3
2018-12-25,9.81,8.34,16.98,,4.83,5.09,28.77,3.27,,6.13,6.02,6.3
2018-12-26,9.82,8.34,16.95,,7.21,5.09,28.76,4.91,,6.13,6.02,6.3
2018-12-27,9.82,8.34,16.92,,9.6,5.09,28.73,6.53,,6.13,6.02,7.75
2018-12-28,9.82,8.33,16.88,,11.99,5.08,28.7,8.15,,6.13,6.01,9.19
2018-12-29,9.81,8.33,16.82,,11.96,5.08,28.66,8.14,,6.12,6.01,10.64
2018-12-30,9.81,8.32,16.76,,11.94,5.08,28.62,8.12,,6.12,6.01,12.08
2018-12-31,9.79,8.31,16.76,,11.95,5.07,28.58,8.1,,6.12,6.01,45.78
2019-01-01,9.78,8.3,16.75,,11.96,5.07,28.55,8.09,,6.11,6.0,78.02
2019-01-02,8.79,7.48,15.11,,11.95,4.29,27.05,8.08,,5.5,5.39,109.11
2019-01-03,7.8,6.65,13.47,,11.94,3.51,25.53,8.06,,4.89,4.77,140.11
2019-01-04,6.82,5.82,11.8,,11.88,2.74,23.98,8.03,,4.28,4.16,171.3
2019-01-05,5.84,5.0,10.13,,11.82,1.96,22.44,8.01,,3.67,3.54,170.23
2019-01-06,4.86,4.18,8.46,,11.76,1.19,20.91,7.99,,3.06,2.93,169.17
2019-01-07,4.86,4.18,8.41,,11.68,1.19,20.84,7.97,,3.07,2.93,169.17
2019-01-08,4.86,4.18,8.36,,11.61,1.19,20.8,7.95,,3.07,2.93,169.25
2019-01-09,4.85,4.18,8.33,,11.59,1.19,20.78,7.93,,3.07,2.93,169.14
2019-01-10,4.85,4.18,8.29,,11.56,1.19,20.76,7.92,,3.07,2.93,169.09
2019-01-11,4.84,4.17,8.26,,11.54,1.19,20.75,7.91,,3.07,2.93,168.91
2019-01-12,4.84,4.17,8.25,,11.55,1.19,20.75,7.9,,3.07,2.93,168.85
2019-01-13,4.83,4.17,8.25,,11.57,1.19,20.75,7.89,,3.07,2.93,168.78
2019-01-14,4.84,4.18,8.25,,11.58,1.19,20.76,7.9,,3.07,2.93,168.65
2019-01-15,4.84,4.18,8.26,,11.6,1.19,20.75,7.89,,3.07,2.93,168.46
2019-01-16,4.84,4.18,8.25,,11.6,1.19,20.74,7.89,,3.07,2.93,168.41
2019-01-17,3.87,3.34,6.6,,11.6,0.95,16.59,7.89,,2.46,2.34,168.33
2019-01-18,2.9,2.51,4.95,,11.6,0.72,12.44,7.89,,1.84,1.76,168.37
2019-01-19,1.94,1.67,3.3,,11.58,0.48,8.28,7.9,,1.23,1.17,168.48
2019-01-20,0.97,0.83,1.65,,11.57,0.24,4.14,7.9,,0.61,0.59,168.59
2019-01-21,0.0,0.0,0.0,,11.56,0.0,0.0,7.91,,0.0,0.0,168.68
2019-01-22,0.0,0.0,0.0,,13.06,0.0,0.0,9.51,,0.0,0.0,168.77
2019-01-23,0.0,0.0,0.0,,12.25,0.0,0.0,9.5,,0.0,0.0,168.82
2019-01-24,0.0,0.0,0.0,,11.44,0.0,0.0,9.5,,0.0,0.0,168.76
2019-01-25,0.0,0.0,0.0,,10.63,0.0,0.0,9.48,,0.0,0.0,168.71
2019-01-26,0.0,0.0,0.0,,9.81,0.0,0.0,9.47,,0.0,0.0,167.37
2019-01-27,0.0,0.0,0.0,,7.5,0.0,0.0,7.86,,0.0,0.0,166.05
2019-01-28,0.0,0.0,0.0,,7.5,0.0,0.0,7.86,,0.0,0.0,164.65
2019-01-29,0.0,0.0,0.0,,7.5,0.0,0.0,7.84,,0.0,0.0,163.34
2019-01-30,0.0,0.0,0.0,,7.5,0.0,0.0,7.82,,0.0,0.0,129.63
2019-01-31,0.0,0.0,0.0,,7.5,0.0,0.0,7.79,,0.0,0.0,97.21
2019-02-01,0.95,0.84,1.62,,7.49,0.82,1.38,7.76,,0.61,0.62,65.97
2019-02-02,1.9,1.69,3.24,,7.49,1.64,2.75,7.73,,1.23,1.24,34.73
2019-02-03,2.84,2.53,4.86,,7.49,2.46,4.13,7.71,,1.84,1.86,3.53
2019-02-04,3.79,3.37,6.47,,7.49,3.28,5.51,7.71,,2.46,2.48,4.7
2019-02-05,4.74,4.22,8.08,,7.48,4.1,6.88,7.71,,3.07,3.11,5.88
2019-02-06,4.74,4.22,8.07,,7.47,4.1,6.89,7.72,,3.07,3.11,5.88
2019-02-07,4.74,4.22,8.07,,7.46,4.1,6.89,7.72,,3.07,3.1,5.87
2019-02-08,4.73,4.21,8.07,,7.45,4.1,6.9,7.74,,3.07,3.1,5.87
2019-02-09,4.73,4.21,8.07,,7.45,4.09,6.91,7.75,,3.07,3.1,5.86
2019-02-10,4.73,4.21,8.08,,7.45,4.09,6.92,7.77,,3.06,3.1,5.86
2019-02-11,4.73,4.21,8.08,,7.45,4.09,6.94,7.77,,3.06,3.09,5.86
2019-02-12,4.73,4.21,8.08,,7.45,4.09,6.94,7.79,,3.06,3.09,5.85
2019-02-13,4.73,4.21,8.07,,7.45,4.09,6.94,7.8,,3.06,3.09,5.86
2019-02-14,4.73,4.21,8.06,,7.45,4.09,6.93,7.81,,3.06,3.09,5.85
2019-02-15,4.73,4.21,8.05,,7.44,4.1,6.93,7.81,,3.07,3.09,5.86
2019-02-16,4.73,4.21,8.04,,7.43,4.1,6.92,7.8,,3.07,3.09,5.85
2019-02-17,4.73,4.21,8.04,,7.42,4.1,6.91,7.8,,3.06,3.09,5.85
2019-02-18,4.73,4.2,8.03,,7.42,4.09,6.91,7.79,,3.06,3.09,5.85
2019-02-19,4.73,4.2,8.03,,8.94,4.09,6.91,9.24,,3.06,3.09,5.85
2019-02-20,4.73,4.2,8.02,,10.46,4.09,6.91,10.7,,3.06,3.09,5.85
2019-02-21,4.73,4.2,8.02,,10.51,4.09,6.91,10.6,,3.06,3.09,5.85
2019-02-22,4.73,4.2,8.02,,10.54,4.09,6.9,10.5,,3.06,3.09,5.85
2019-02-23,4.73,4.2,8.02,,10.58,4.09,6.89,10.4,,3.06,3.09,5.85
2019-02-24,4.73,4.21,8.01,,9.09,4.09,6.89,8.84,,3.06,3.09,5.85
2019-02-25,4.73,4.21,8.01,,7.6,4.09,6.88,7.28,,3.06,3.09,5.85
2019-02-26,4.72,4.2,8.0,,7.59,4.09,6.87,7.27,,3.06,3.08,5.84
2019-02-27,4.72,4.2,8.0,,7.59,4.09,6.87,7.26,,3.06,3.08,5.84
2019-02-28,4.73,4.21,8.0,,7.59,4.09,6.87,7.25,,3.06,3.08,5.84
2019-03-01,5.69,5.04,9.56,,7.58,4.9,8.25,7.25,,3.68,3.74,6.89
2019-03-02,6.66,5.87,11.12,,7.58,5.71,9.63,7.26,,4.3,4.39,7.94
2019-03-03,6.68,5.87,11.08,,7.58,5.7,9.64,7.26,,4.31,4.42,7.83
2019-03-04,6.69,5.86,11.05,,7.58,5.68,9.65,7.28,,4.32,4.46,7.71
2019-03-05,6.71,5.84,11.02,,7.58,5.67,9.66,7.28,,4.32,4.49,7.6
2019-03-06,5.75,5.0,9.43,,7.58,4.85,8.28,7.29,,3.71,3.87,6.43
2019-03-07,4.8,4.15,7.85,,7.58,4.02,6.91,7.31,,3.09,3.25,5.25
2019-03-08,4.79,4.14,7.86,,7.59,4.02,6.91,7.33,,3.09,3.25,5.25
2019-03-09,4.79,4.14,7.86,,7.6,4.01,6.91,7.34,,3.08,3.25,5.24
2019-03-10,4.78,4.14,7.87,,7.61,4.01,6.91,7.36,,3.08,3.24,5.24
2019-03-11,4.77,4.13,7.87,,7.61,4.01,6.91,7.36,,3.08,3.24,5.23
2019-03-12,4.77,4.13,7.86,,7.61,4.01,6.89,7.33,,3.08,3.24,5.23
2019-03-13,4.77,4.13,7.85,,7.6,4.0,6.88,7.32,,3.08,3.24,5.23
2019-03-14,4.77,4.13,7.84,,7.6,4.0,6.88,7.3,,3.08,3.24,5.23
2019-03-15,4.76,4.13,7.83,,7.6,4.0,6.86,7.28,,3.08,3.24,5.22
2019-03-16,4.76,4.12,7.82,,7.59,4.0,6.85,7.27,,3.07,3.24,5.22
2019-03-17,4.76,4.12,7.81,,7.59,4.0,6.85,7.26,,3.07,3.24,5.22
2019-03-18,4.76,4.12,7.82,,8.95,4.0,6.85,7.25,,3.07,3.24,5.22
2019-03-19,4.76,4.12,7.81,,10.31,4.0,6.84,7.24,,3.07,3.24,5.21
2019-03-20,4.75,4.12,7.81,,11.67,3.99,6.82,7.22,,3.07,3.24,5.21
2019-03-21,4.74,4.11,7.8,,11.51,3.99,6.81,5.77,,3.07,3.24,5.2
2019-03-22,4.73,4.1,7.8,,11.37,3.99,6.8,4.32,,3.07,3.23,5.2
2019-03-23,4.72,4.1,7.8,,9.86,3.98,6.8,2.88,,3.06,3.23,5.19
2019-03-24,4.7,4.09,7.8,,8.36,3.98,6.8,1.43,,3.06,3.22,5.18
2019-03-25,4.69,4.08,7.8,,6.85,3.97,6.8,0.0,,3.05,3.22,5.17
2019-03-26,4.68,4.07,7.8,,6.86,3.97,6.8,1.45,,3.05,3.21,5.17
2019-03-27,4.68,4.07,7.8,,6.85,3.97,6.8,2.92,,3.05,3.21,5.16
2019-03-28,4.68,4.07,7.79,,6.84,3.96,6.79,4.38,,3.05,3.21,5.16
2019-03-29,4.67,4.06,7.78,,6.83,3.96,6.78,5.84,,3.05,3.21,5.16
2019-03-30,4.67,4.06,7.77,,6.83,3.96,6.78,7.3,,3.05,3.21,5.15
2019-03-31,3.73,3.25,6.21,,6.82,3.17,5.43,7.31,,2.44,2.57,4.12
2019-04-01,3.74,3.26,6.19,,6.82,3.13,5.45,7.3,,2.44,2.54,4.22
2019-04-02,3.74,3.28,6.18,,6.81,3.1,5.48,7.29,,2.43,2.51,4.32
2019-04-03,3.74,3.29,6.16,,6.8,3.06,5.52,7.28,,2.43,2.48,4.42
2019-04-04,3.75,3.31,6.15,,6.79,3.03,5.55,7.27,,2.43,2.45,4.52
2019-04-05,4.68,4.13,7.68,,6.78,3.78,6.94,7.25,,3.04,3.06,5.65
2019-04-06,4.68,4.13,7.67,,6.77,3.78,6.93,7.24,,3.04,3.06,5.65
2019-04-07,4.68,4.13,7.67,,6.77,3.78,6.93,7.23,,3.04,3.06,5.65
2019-04-08,4.68,4.13,7.66,,6.76,3.78,6.93,7.23,,3.04,3.06,5.65
2019-04-09,4.67,4.13,7.66,,6.75,3.78,6.93,7.23,,3.04,3.06,5.65
2019-04-10,4.67,4.13,7.66,,6.75,3.78,6.93,7.23,,3.04,3.06,5.65
2019-04-11,4.67,4.13,7.65,,6.74,3.78,6.94,7.23,,3.04,3.06,5.64
2019-04-12,4.66,4.13,7.64,,6.74,3.78,6.95,7.23,,3.04,3.06,5.64
2019-04-13,4.66,4.13,7.63,,6.73,3.78,6.95,7.23,,3.04,3.06,5.64
2019-04-14,4.65,4.13,7.62,,6.73,3.78,6.95,7.22,,3.04,3.06,5.64
2019-04-15,4.66,4.13,7.62,,6.73,3.78,6.95,7.22,,3.05,3.06,5.64
2019-04-16,4.66,4.13,7.62,,6.73,3.78,6.96,7.22,,3.05,3.06,5.64
2019-04-17,4.67,4.14,7.62,,5.38,3.78,6.96,7.22,,3.05,3.06,5.64
2019-04-18,4.67,4.14,7.63,,4.04,3.78,6.96,7.22,,3.05,3.06,5.64
2019-04-19,4.67,4.14,7.63,,2.69,3.78,6.96,7.23,,3.05,3.06,5.64
2019-04-20,4.67,4.14,7.64,,1.35,3.78,6.96,7.23,,3.05,3.06,5.64
2019-04-21,4.67,4.14,7.64,,0.0,3.78,6.95,7.22,,3.04,3.06,5.64
2019-04-22,4.67,4.14,7.64,,1.44,3.78,6.95,7.22,,3.04,3.06,5.64
2019-04-23,4.67,4.14,7.64,,2.87,3.78,6.95,8.68,,3.04,3.05,5.64
2019-04-24,4.67,4.13,7.64,,4.3,3.78,6.95,10.17,,3.04,3.05,5.63
2019-04-25,4.66,4.13,7.64,,5.74,3.78,6.95,10.2,,3.04,3.05,5.63
2019-04-26,4.65,4.13,7.63,,7.17,3.78,6.95,10.22,,3.04,3.05,5.63
2019-04-27,4.64,4.12,7.62,,7.17,3.78,6.95,10.24,,3.04,3.04,5.62
2019-04-28,4.64,4.12,7.62,,7.18,3.77,6.95,8.8,,3.03,3.04,5.62
2019-04-29,4.64,4.12,7.62,,7.17,3.77,6.95,7.33,,3.03,3.04,5.62
2019-04-30,4.64,4.12,7.61,,7.17,3.77,6.95,7.31,,3.03,3.04,5.61
2019-05-01,4.63,4.1,7.57,,7.17,3.75,6.93,7.32,,3.03,3.04,5.6
2019-05-02,4.62,4.08,7.52,,7.16,3.72,6.91,7.34,,3.02,3.04,5.59
2019-05-03,4.6,4.05,7.47,,7.16,3.7,6.89,7.34,,3.02,3.04,5.58
2019-05-04,4.59,4.03,7.41,,7.15,3.67,6.87,7.33,,3.01,3.04,5.57
2019-05-05,4.57,4.01,7.36,,7.15,3.65,6.84,7.34,,3.01,3.03,5.55
2019-05-06,4.57,4.01,7.36,,7.15,3.64,6.84,7.34,,3.01,3.03,5.55
2019-05-07,4.57,4.0,7.36,,7.15,3.64,6.84,7.34,,3.01,3.03,5.55
2019-05-08,4.57,4.0,7.37,,7.16,3.64,6.85,7.36,,3.0,3.03,5.55
2019-05-09,4.57,4.01,7.38,,7.17,3.64,6.86,7.37,,3.0,3.03,5.54
2019-05-10,4.57,4.01,7.38,,7.18,3.64,6.86,7.38,,3.0,3.02,5.54
2019-05-11,4.57,4.01,7.39,,7.18,3.64,6.87,7.38,,3.0,3.02,5.54
2019-05-12,4.57,4.01,7.39,,7.18,3.64,6.86,7.37,,3.0,3.02,5.54
2019-05-13,4.57,4.01,7.4,,7.19,3.64,6.87,7.38,,3.0,3.02,5.53
2019-05-14,4.57,4.01,7.41,,7.19,3.63,6.88,7.38,,3.0,3.02,5.53
2019-05-15,4.56,4.0,7.42,,7.19,3.63,6.88,7.38,,2.99,3.02,5.52
2019-05-16,4.56,4.0,7.42,,7.19,3.63,6.88,7.39,,2.99,3.01,5.52
2019-05-17,4.56,3.99,7.43,,7.19,3.63,6.88,7.4,,2.99,3.01,5.51
2019-05-18,4.56,3.99,7.42,,7.18,3.63,6.88,7.4,,2.99,3.01,5.51
2019-05-19,4.55,3.99,7.41,,7.18,3.63,6.88,7.41,,2.99,3.01,5.5
2019-05-20,4.56,3.99,7.41,,8.68,3.63,6.87,7.42,,2.99,3.01,5.5
2019-05-21,4.56,3.99,7.41,,10.18,3.63,6.87,7.43,,2.99,3.01,5.5
2019-05-22,4.56,3.99,7.4,,10.24,3.63,6.86,7.42,,2.99,3.01,5.5
2019-05-23,4.56,3.99,7.4,,10.31,3.63,6.86,5.94,,2.99,3.01,5.5
2019-05-24,4.55,3.99,7.41,,10.38,3.63,6.85,4.45,,2.99,3.01,5.5
2019-05-25,4.55,3.99,7.41,,8.94,3.63,6.85,2.97,,2.99,3.01,5.5
2019-05-26,4.54,3.98,7.42,,7.52,3.62,6.85,1.48,,2.99,3.01,5.49
2019-05-27,4.54,3.98,7.43,,7.52,3.62,6.85,0.0,,2.99,3.01,5.49
2019-05-28,4.54,3.98,7.43,,7.52,3.62,6.85,1.48,,2.99,3.0,5.49
2019-05-29,4.54,3.97,7.44,,7.53,3.62,6.85,2.95,,2.98,3.0,5.49
2019-05-30,4.53,3.97,7.44,,7.53,3.62,6.84,4.42,,2.98,3.0,5.49
2019-05-31,3.62,3.17,5.96,,7.53,2.89,5.47,5.89,,2.38,2.4,4.39
2019-06-01,2.71,2.38,4.47,,7.54,2.17,4.1,7.35,,1.79,1.8,3.29
2019-06-02,1.81,1.58,2.98,,7.54,1.45,2.73,7.34,,1.19,1.2,2.19
2019-06-03,1.85,1.58,3.07,,7.55,1.44,2.76,7.33,,1.21,1.21,2.23
2019-06-04,1.89,1.57,3.14,,7.55,1.44,2.78,7.31,,1.23,1.22,2.27
2019-06-05,2.83,2.36,4.7,,7.55,2.16,4.17,7.3,,1.84,1.83,3.41
2019-06-06,3.78,3.14,6.26,,7.54,2.88,5.54,7.28,,2.46,2.45,4.54
2019-06-07,4.72,3.93,7.81,,7.54,3.6,6.91,7.27,,3.07,3.06,5.68
2019-06-08,4.71,3.92,7.78,,7.53,3.59,6.89,7.25,,3.07,3.06,5.68
2019-06-09,4.71,3.92,7.77,,7.53,3.59,6.87,7.25,,3.07,3.06,5.68
2019-06-10,4.7,3.92,7.76,,7.53,3.59,6.86,7.23,,3.07,3.05,5.68
2019-06-11,4.7,3.92,7.76,,7.53,3.59,6.85,7.22,,3.07,3.05,5.68
2019-06-12,4.7,3.92,7.75,,7.53,3.59,6.86,7.21,,3.07,3.05,5.68
2019-06-13,4.7,3.92,7.75,,7.52,3.59,6.86,7.19,,3.07,3.06,5.68
2019-06-14,4.7,3.92,7.75,,7.52,3.6,6.86,7.17,,3.07,3.06,5.68
2019-06-15,4.69,3.92,7.75,,7.51,3.59,6.86,7.18,,3.07,3.06,5.67
2019-06-16,4.69,3.92,7.75,,7.51,3.59,6.86,7.18,,3.07,3.06,5.67
2019-06-17,4.69,3.92,7.75,,7.51,3.59,6.86,7.18,,3.07,3.06,5.67
2019-06-18,4.68,3.91,7.74,,7.52,3.59,6.85,7.18,,3.07,3.05,5.67
2019-06-19,4.67,3.9,7.72,,6.01,3.59,6.82,7.16,,3.07,3.05,5.67
2019-06-20,4.65,3.89,7.7,,4.51,3.59,6.79,7.13,,3.06,3.05,5.66
2019-06-21,4.64,3.88,7.68,,3.01,3.58,6.77,7.1,,3.06,3.05,5.66
2019-06-22,4.62,3.88,7.66,,1.5,3.58,6.75,7.07,,3.06,3.05,5.66
2019-06-23,4.61,3.87,7.65,,0.0,3.58,6.75,7.04,,3.06,3.05,5.66
2019-06-24,4.61,3.87,7.65,,1.56,3.58,6.75,8.44,,3.06,3.05,5.66
2019-06-25,4.61,3.87,7.66,,3.13,3.58,6.77,9.84,,3.06,3.05,5.65
2019-06-26,4.62,3.87,7.67,,4.7,3.58,6.77,11.24,,3.06,3.05,5.65
2019-06-27,4.61,3.87,7.67,,6.26,3.58,6.77,11.23,,3.06,3.05,5.65
2019-06-28,4.61,3.86,7.67,,7.83,3.58,6.76,11.22,,3.06,3.05,5.65
2019-06-29,4.61,3.86,7.68,,7.83,3.58,6.76,9.8,,3.06,3.05,5.65
2019-06-30,4.6,3.86,7.67,,7.83,3.58,6.75,8.4,,3.06,3.05,5.65
2019-07-01,5.47,4.59,9.2,,7.82,4.3,8.01,6.98,,3.64,3.63,6.73
2019-07-02,6.33,5.33,10.72,,7.82,5.02,9.28,6.96,,4.22,4.21,7.81
2019-07-03,6.29,5.3,10.71,,7.81,5.02,9.21,6.95,,4.18,4.18,7.76
2019-07-04,6.24,5.27,10.71,,7.81,5.02,9.13,6.94,,4.15,4.15,7.72
2019-07-05,6.2,5.24,10.7,,7.81,5.03,9.06,6.92,,4.12,4.12,7.67
2019-07-06,5.29,4.47,9.17,,7.81,4.31,7.72,6.91,,3.51,3.51,6.54
2019-07-07,4.38,3.71,7.64,,7.81,3.6,6.39,6.91,,2.9,2.9,5.41
2019-07-08,4.39,3.71,7.65,,7.81,3.6,6.4,6.91,,2.9,2.9,5.41
2019-07-09,4.4,3.72,7.66,,7.81,3.6,6.41,6.9,,2.9,2.9,5.41
2019-07-10,4.4,3.72,7.66,,7.8,3.6,6.41,6.9,,2.9,2.9,5.41
2019-07-11,4.41,3.72,7.66,,7.8,3.6,6.42,6.9,,2.9,2.9,5.41
2019-07-12,4.42,3.73,7.66,,7.8,3.6,6.42,6.89,,2.9,2.9,5.41
2019-07-13,4.42,3.73,7.66,,7.8,3.6,6.42,6.88,,2.9,2.9,5.41
2019-07-14,4.42,3.73,7.66,,7.79,3.6,6.42,6.87,,2.9,2.9,5.41
2019-07-15,4.42,3.73,7.66,,7.79,3.6,6.42,6.87,,2.9,2.9,5.41
2019-07-16,4.42,3.73,7.66,,7.79,3.6,6.42,6.87,,2.9,2.9,5.41
2019-07-17,4.42,3.73,7.66,,7.78,3.6,6.41,6.87,,2.9,2.9,5.41
2019-07-18,4.41,3.73,7.66,,7.78,3.6,6.41,6.85,,2.9,2.89,5.4
2019-07-19,4.41,3.72,7.67,,7.77,3.6,6.4,6.84,,2.9,2.89,5.4
2019-07-20,4.4,3.72,7.68,,7.77,3.59,6.4,6.84,,2.9,2.89,5.4
2019-07-21,4.4,3.72,7.68,,7.77,3.59,6.4,6.82,,2.9,2.89,5.4
2019-07-22,4.4,3.71,7.68,,9.31,3.59,6.4,6.82,,2.9,2.89,5.4
2019-07-23,4.39,3.71,7.67,,10.85,3.59,6.39,8.19,,2.9,2.89,5.4
2019-07-24,4.39,3.71,7.66,,10.83,3.59,6.38,8.2,,2.9,2.89,5.4
2019-07-25,4.39,3.71,7.66,,10.81,3.59,6.37,8.21,,2.9,2.89,5.4
2019-07-26,4.38,3.71,7.65,,10.8,3.59,6.36,8.22,,2.9,2.89,5.4
2019-07-27,4.38,3.71,7.64,,9.24,3.59,6.36,8.23,,2.9,2.89,5.39
2019-07-28,4.38,3.71,7.64,,7.68,3.59,6.36,6.86,,2.9,2.89,5.39
2019-07-29,4.38,3.71,7.64,,7.68,3.59,6.36,6.87,,2.9,2.89,5.39
2019-07-30,4.38,3.71,7.64,,7.67,3.59,6.36,6.87,,2.9,2.89,5.39
2019-07-31,3.51,2.97,6.11,,7.67,2.87,5.09,6.87,,2.32,2.31,4.31
2019-08-01,3.48,2.96,6.04,,7.67,2.87,5.03,6.89,,2.27,2.3,4.34
2019-08-02,3.46,2.96,5.97,,7.67,2.86,4.97,6.92,,2.22,2.29,4.37
2019-08-03,3.43,2.95,5.9,,7.68,2.86,4.91,6.94,,2.16,2.28,4.4
2019-08-04,3.4,2.94,5.83,,7.68,2.85,4.85,6.96,,2.11,2.27,4.42
2019-08-05,4.26,3.68,7.31,,7.69,3.56,6.08,6.99,,2.64,2.84,5.53
2019-08-06,4.25,3.67,7.31,,7.69,3.56,6.09,7.01,,2.64,2.83,5.52
2019-08-07,4.24,3.67,7.32,,7.7,3.56,6.08,7.02,,2.63,2.83,5.51
2019-08-08,4.23,3.66,7.32,,7.7,3.56,6.07,7.02,,2.63,2.83,5.51
2019-08-09,4.23,3.66,7.32,,7.71,3.56,6.07,7.02,,2.63,2.82,5.5
2019-08-10,4.22,3.65,7.31,,7.71,3.56,6.05,7.0,,2.63,2.82,5.5
2019-08-11,4.22,3.65,7.31,,7.72,3.56,6.03,6.99,,2.63,2.82,5.5
2019-08-12,4.22,3.65,7.31,,7.72,3.56,6.04,6.99,,2.63,2.82,5.5
2019-08-13,4.22,3.65,7.31,,7.72,3.56,6.06,7.0,,2.62,2.82,5.49
2019-08-14,4.21,3.64,7.32,,7.73,3.56,6.07,7.03,,2.62,2.81,5.49
2019-08-15,4.2,3.63,7.33,,7.74,3.56,6.08,7.04,,2.62,2.81,5.48
2019-08-16,4.19,3.62,7.33,,7.74,3.56,6.09,7.05,,2.61,2.81,5.47
2019-08-17,4.18,3.61,7.33,,7.74,3.56,6.08,7.05,,2.61,2.81,5.46
2019-08-18,4.17,3.61,7.33,,7.75,3.56,6.07,7.05,,2.61,2.8,5.46
2019-08-19,4.17,3.61,7.32,,9.27,3.55,6.06,7.04,,2.61,2.8,5.46
2019-08-20,4.16,3.61,7.31,,10.78,3.55,6.06,7.05,,2.61,2.8,5.46
2019-08-21,4.16,3.6,7.3,,10.76,3.55,6.06,7.05,,2.61,2.8,5.46
2019-08-22,4.16,3.6,7.28,,10.74,3.55,6.06,5.65,,2.61,2.81,5.46
2019-08-23,4.16,3.6,7.27,,10.72,3.55,6.06,4.24,,2.61,2.81,5.45
2019-08-24,4.15,3.6,7.27,,9.17,3.55,6.06,2.82,,2.61,2.81,5.45
2019-08-25,4.15,3.6,7.27,,7.63,3.55,6.05,1.41,,2.61,2.81,5.45
2019-08-26,4.15,3.6,7.26,,7.63,3.55,6.05,0.0,,2.61,2.81,5.45
2019-08-27,4.14,3.59,7.27,,7.63,3.55,6.05,1.43,,2.61,2.81,5.44
2019-08-28,4.14,3.59,7.26,,7.63,3.55,6.05,2.87,,2.6,2.81,5.44
2019-08-29,4.13,3.59,7.24,,7.63,3.55,6.04,4.3,,2.6,2.81,5.44
2019-08-30,4.13,3.59,7.23,,7.62,3.55,6.03,5.73,,2.6,2.8,5.44
2019-08-31,3.3,2.87,5.78,,7.62,2.84,4.82,7.16,,2.08,2.24,4.35
2019-09-01,2.48,2.15,4.34,,7.62,2.13,3.61,7.17,,1.56,1.68,3.26
2019-09-02,1.65,1.43,2.89,,7.62,1.42,2.4,7.16,,1.04,1.12,2.18
2019-09-03,1.66,1.47,2.91,,7.62,1.42,2.38,7.16,,1.04,1.11,2.23
2019-09-04,1.66,1.51,2.93,,7.62,1.43,2.36,7.14,,1.03,1.1,2.29
2019-09-05,2.49,2.27,4.38,,7.62,2.14,3.54,7.12,,1.55,1.65,3.44
2019-09-06,3.32,3.02,5.84,,7.61,2.85,4.72,7.09,,2.06,2.21,4.59
2019-09-07,4.16,3.78,7.3,,7.61,3.57,5.89,7.07,,2.58,2.76,5.74
2019-09-08,4.16,3.78,7.29,,7.61,3.57,5.89,7.04,,2.58,2.76,5.74
2019-09-09,4.17,3.79,7.28,,7.6,3.57,5.9,7.04,,2.58,2.76,5.75
2019-09-10,4.18,3.8,7.27,,7.6,3.57,5.92,7.04,,2.59,2.77,5.75
2019-09-11,4.19,3.81,7.27,,7.59,3.57,5.93,7.04,,2.59,2.77,5.76
2019-09-12,4.21,3.82,7.27,,7.59,3.57,5.95,7.04,,2.59,2.77,5.77
2019-09-13,4.23,3.84,7.27,,7.58,3.58,5.98,7.04,,2.6,2.78,5.78
2019-09-14,4.24,3.85,7.27,,7.57,3.58,6.0,7.03,,2.61,2.79,5.8
2019-09-15,4.25,3.86,7.27,,7.57,3.58,6.01,7.02,,2.61,2.79,5.8
2019-09-16,4.26,3.87,7.27,,7.56,3.58,6.01,7.01,,2.61,2.79,5.81
2019-09-17,4.26,3.87,7.26,,7.56,3.58,6.02,7.01,,2.61,2.8,5.81
2019-09-18,4.25,3.86,7.26,,6.04,3.58,6.01,7.01,,2.61,2.79,5.81
2019-09-19,4.24,3.85,7.26,,4.53,3.58,5.99,7.02,,2.61,2.79,5.79
2019-09-20,4.22,3.84,7.25,,3.02,3.58,5.98,7.02,,2.6,2.79,5.78
2019-09-21,4.21,3.83,7.25,,1.51,3.58,5.96,7.03,,2.6,2.79,5.77
2019-09-22,4.2,3.83,7.25,,0.0,3.58,5.95,7.03,,2.6,2.78,5.76
2019-09-23,4.19,3.82,7.25,,1.45,3.58,5.94,7.03,,2.6,2.78,5.75
2019-09-24,4.19,3.81,7.25,,2.9,3.57,5.95,8.48,,2.59,2.78,5.75
2019-09-25,4.19,3.81,7.26,,4.36,3.57,5.96,9.94,,2.59,2.78,5.75
2019-09-26,4.19,3.81,7.26,,5.81,3.57,5.97,10.0,,2.59,2.78,5.75
2019-09-27,4.19,3.81,7.27,,7.27,3.57,5.99,10.05,,2.59,2.78,5.75
2019-09-28,4.19,3.81,7.27,,7.27,3.57,6.0,10.1,,2.59,2.78,5.75
2019-09-29,4.19,3.82,7.28,,7.28,3.57,6.0,8.71,,2.59,2.78,5.75
2019-09-30,4.19,3.81,7.28,,7.28,3.57,6.0,7.31,,2.59,2.78,5.75
2019-10-01,4.99,4.51,8.66,,7.29,4.27,7.17,7.31,,3.12,3.34,6.82
2019-10-02,5.79,5.21,10.05,,7.29,4.98,8.34,7.31,,3.64,3.9,7.9
2019-10-03,5.75,5.15,9.98,,7.29,4.97,8.3,7.3,,3.65,3.91,7.82
2019-10-04,5.71,5.09,9.9,,7.29,4.95,8.25,7.28,,3.65,3.92,7.74
2019-10-05,5.67,5.03,9.83,,7.3,4.94,8.2,7.25,,3.66,3.93,7.66
2019-10-06,4.83,4.27,8.37,,7.3,4.23,6.98,7.23,,3.14,3.37,6.51
2019-10-07,3.99,3.51,6.9,,7.3,3.52,5.77,7.21,,2.62,2.81,5.36
2019-10-08,3.99,3.51,6.9,,7.31,3.52,5.77,7.22,,2.62,2.81,5.36
2019-10-09,4.0,3.51,6.9,,7.32,3.52,5.78,7.22,,2.62,2.81,5.35
2019-10-10,4.01,3.52,6.9,,7.33,3.52,5.79,7.23,,2.63,2.81,5.35
2019-10-11,4.02,3.52,6.9,,7.34,3.52,5.8,7.23,,2.63,2.81,5.36
2019-10-12,4.03,3.53,6.89,,7.34,3.52,5.8,7.22,,2.64,2.82,5.36
2019-10-13,4.03,3.54,6.88,,7.35,3.53,5.8,7.21,,2.64,2.82,5.36
2019-10-14,4.03,3.54,6.87,,7.35,3.53,5.8,7.21,,2.64,2.82,5.36
2019-10-15,4.04,3.54,6.86,,7.34,3.53,5.8,7.2,,2.64,2.82,5.37
2019-10-16,4.03,3.54,6.86,,7.34,3.53,5.8,7.2,,2.64,2.82,5.37
2019-10-17,4.03,3.54,6.85,,7.33,3.53,5.8,7.2,,2.64,2.82,5.37
2019-10-18,4.03,3.54,6.85,,7.33,3.53,5.79,7.19,,2.64,2.82,5.38
2019-10-19,4.03,3.54,6.85,,7.32,3.53,5.79,7.18,,2.64,2.82,5.38
2019-10-20,4.02,3.53,6.84,,7.32,3.53,5.79,7.17,,2.64,2.82,5.38
2019-10-21,4.02,3.53,6.84,,8.72,3.53,5.79,7.15,,2.64,2.83,5.39
2019-10-22,4.02,3.53,6.84,,10.12,3.53,5.79,8.55,,2.64,2.83,5.39
2019-10-23,4.02,3.53,6.84,,10.07,3.53,5.79,9.96,,2.64,2.83,5.39
2019-10-24,4.02,3.53,6.83,,10.02,3.53,5.79,9.95,,2.64,2.83,5.39
2019-10-25,4.02,3.53,6.83,,9.96,3.53,5.79,9.94,,2.64,2.83,5.39
2019-10-26,4.02,3.53,6.83,,8.5,3.53,5.78,9.93,,2.64,2.83,5.39
2019-10-27,4.02,3.53,6.82,,7.04,3.53,5.78,8.5,,2.64,2.83,5.39
2019-10-28,4.02,3.54,6.82,,7.04,3.53,5.78,7.08,,2.65,2.83,5.39
2019-10-29,4.03,3.54,6.82,,7.05,3.53,5.79,7.07,,2.65,2.83,5.39
2019-10-30,4.03,3.54,6.83,,7.05,3.53,5.79,7.08,,2.65,2.83,5.39
2019-10-31,3.22,2.84,5.46,,7.06,2.82,4.63,7.07,,2.12,2.26,4.31
2019-11-01,3.24,2.87,5.51,,7.07,2.81,4.64,7.07,,2.13,2.25,4.26
2019-11-02,3.26,2.89,5.55,,7.07,2.8,4.65,7.07,,2.13,2.24,4.2
2019-11-03,3.27,2.92,5.6,,7.06,2.79,4.65,7.06,,2.14,2.23,4.14
2019-11-04,3.29,2.95,5.64,,7.06,2.78,4.66,7.06,,2.15,2.23,4.08
2019-11-05,4.12,3.69,7.04,,7.05,3.48,5.84,7.05,,2.69,2.78,5.11
2019-11-06,4.12,3.7,7.04,,7.05,3.48,5.85,7.05,,2.69,2.79,5.11
2019-11-07,4.13,3.7,7.05,,7.05,3.48,5.86,7.06,,2.7,2.79,5.11
2019-11-08,4.15,3.71,7.05,,7.04,3.48,5.87,7.08,,2.7,2.79,5.11
2019-11-09,4.15,3.72,7.05,,7.04,3.49,5.88,7.09,,2.7,2.8,5.12
2019-11-10,4.16,3.72,7.05,,7.03,3.49,5.89,7.12,,2.7,2.8,5.12
2019-11-11,4.16,3.73,7.05,,7.03,3.49,5.89,7.14,,2.7,2.8,5.12
2019-11-12,4.16,3.73,7.05,,7.03,3.48,5.89,7.15,,2.7,2.8,5.12
2019-11-13,4.16,3.72,7.05,,7.02,3.48,5.9,7.16,,2.7,2.8,5.12
2019-11-14,4.15,3.72,7.05,,7.02,3.48,5.89,7.18,,2.7,2.8,5.12
2019-11-15,4.15,3.71,7.05,,7.02,3.48,5.89,7.18,,2.7,2.79,5.11
2019-11-16,4.14,3.71,7.05,,7.02,3.48,5.89,7.18,,2.7,2.79,5.11
2019-11-17,4.13,3.7,7.05,,7.02,3.48,5.88,7.18,,2.69,2.79,5.11
2019-11-18,4.13,3.7,7.05,,8.38,3.48,5.88,7.18,,2.69,2.79,5.11
2019-11-19,4.12,3.7,7.05,,9.74,3.48,5.89,7.18,,2.69,2.79,5.11
2019-11-20,4.12,3.69,7.06,,9.7,3.48,5.9,7.17,,2.69,2.79,5.11
2019-11-21,4.12,3.69,7.07,,9.66,3.48,5.9,5.74,,2.69,2.79,5.1
2019-11-22,4.11,3.69,7.07,,9.62,3.48,5.91,4.31,,2.69,2.79,5.1
2019-11-23,4.11,3.69,7.07,,8.22,3.48,5.9,2.87,,2.68,2.78,5.1
2019-11-24,4.11,3.68,7.07,,6.81,3.48,5.9,1.43,,2.68,2.78,5.1
2019-11-25,4.11,3.68,7.06,,6.8,3.48,5.89,1.44,,2.68,2.78,5.09
2019-11-26,4.1,3.68,7.05,,6.8,3.47,5.89,2.88,,2.68,2.78,5.09
2019-11-27,4.09,3.68,7.04,,6.8,3.47,5.89,4.33,,2.68,2.78,5.09
2019-11-28,4.09,3.67,7.04,,6.8,3.48,5.89,5.78,,2.68,2.78,5.08
2019-11-29,4.09,3.67,7.03,,6.79,3.47,5.89,7.21,,2.68,2.78,5.08
2019-11-30,4.09,3.67,7.03,,6.8,3.47,5.89,7.21,,2.68,2.78,5.08
2019-12-01,3.27,2.94,5.63,,6.79,2.78,4.71,7.2,,2.15,2.22,4.06
2019-12-02,3.28,2.93,5.55,,6.8,2.76,4.73,7.2,,2.11,2.22,4.03
2019-12-03,3.28,2.92,5.48,,6.8,2.74,4.74,7.2,,2.08,2.22,3.99
2019-12-04,3.28,2.91,5.4,,6.79,2.71,4.75,7.2,,2.04,2.22,3.95
2019-12-05,3.28,2.89,5.32,,6.78,2.69,4.76,7.19,,2.01,2.21,3.91
2019-12-06,4.1,3.62,6.64,,6.76,3.37,5.94,7.18,,2.51,2.77,4.89
2019-12-07,4.1,3.62,6.64,,6.75,3.37,5.93,7.17,,2.51,2.76,4.89
2019-12-08,4.1,3.62,6.63,,6.74,3.37,5.92,7.16,,2.52,2.76,4.89
2019-12-09,4.1,3.62,6.63,,6.73,3.37,5.91,7.15,,2.52,2.76,4.89
2019-12-10,4.1,3.62,6.62,,6.73,3.37,5.91,7.14,,2.52,2.76,4.89
2019-12-11,4.1,3.62,6.62,,6.72,3.37,5.89,7.13,,2.52,2.76,4.89
2019-12-12,4.1,3.62,6.61,,6.72,3.37,5.88,7.1,,2.52,2.76,4.88
2019-12-13,4.09,3.62,6.6,,6.72,3.37,5.87,7.08,,2.52,2.76,4.88
2019-12-14,4.09,3.62,6.59,,6.71,3.36,5.86,7.06,,2.52,2.76,4.88
2019-12-15,4.09,3.61,6.58,,6.71,3.36,5.84,7.04,,2.51,2.76,4.88
2019-12-16,4.09,3.61,6.57,,6.71,3.36,5.84,7.03,,2.52,2.76,4.88
2019-12-17,4.08,3.61,6.56,,6.71,3.36,5.83,7.04,,2.52,2.76,4.88
2019-12-18,4.09,3.62,6.55,,5.37,3.36,5.82,7.03,,2.52,2.76,4.88
2019-12-19,4.88,4.31,7.75,,4.02,3.51,7.08,7.03,,2.98,3.3,4.88
2019-12-20,5.68,5.0,8.95,,2.68,3.66,8.32,7.03,,3.44,3.84,4.88
2019-12-21,6.47,5.7,10.15,,1.34,3.81,9.57,7.03,,3.9,4.38,4.88
2019-12-22,7.27,6.39,11.35,,0.0,3.96,10.83,7.02,,4.36,4.92,4.88
2019-12-23,8.06,7.08,12.56,,1.33,4.11,12.08,8.42,,4.82,5.46,4.88
2019-12-24,8.06,7.08,12.56,,2.67,4.11,12.07,9.81,,4.82,5.46,4.88
2019-12-25,8.06,7.08,12.56,,4.0,4.11,12.06,9.81,,4.82,5.46,4.88
2019-12-26,8.05,7.07,12.55,,5.34,4.11,12.05,9.8,,4.82,5.46,4.89
2019-12-27,8.05,7.07,12.54,,6.67,4.11,12.03,9.79,,4.82,5.46,4.89
2019-12-28,8.04,7.06,12.54,,6.67,4.11,12.02,8.38,,4.81,5.45,4.89
2019-12-29,8.03,7.06,12.54,,6.67,4.11,12.01,6.97,,4.81,5.45,4.89
2019-12-30,8.03,7.05,12.54,,6.68,4.11,12.0,6.96,,4.81,5.45,5.95
2019-12-31,8.03,7.06,12.54,,6.68,4.11,12.0,6.95,,4.81,5.45,7.02
2020-01-01,7.21,6.34,11.23,,6.67,3.44,10.85,6.94,,4.31,4.9,7.11
2020-01-02,6.4,5.61,9.92,,6.67,2.76,9.7,6.94,,3.81,4.35,7.2
2020-01-03,5.58,4.89,8.61,,6.66,2.09,8.55,6.93,,3.3,3.8,7.29
2020-01-04,4.77,4.17,7.3,,6.66,1.42,7.4,6.94,,2.8,3.24,6.31
2020-01-05,3.95,3.44,5.99,,6.65,0.75,6.24,6.95,,2.29,2.69,5.33
2020-01-06,3.95,3.44,5.99,,6.65,0.75,6.25,6.95,,2.29,2.69,5.33
2020-01-07,3.95,3.44,5.99,,6.65,0.75,6.25,6.96,,2.29,2.68,5.32
2020-01-08,3.95,3.44,5.99,,6.65,0.75,6.25,6.95,,2.29,2.68,5.31
2020-01-09,3.96,3.45,5.99,,6.65,0.75,6.25,6.95,,2.29,2.68,5.31
2020-01-10,3.96,3.45,5.99,,6.65,0.75,6.24,6.94,,2.29,2.68,5.3
2020-01-11,3.95,3.45,5.99,,6.65,0.75,6.24,6.93,,2.29,2.68,5.3
2020-01-12,3.95,3.44,5.98,,6.65,0.75,6.24,6.92,,2.29,2.68,5.3
2020-01-13,3.94,3.44,5.98,,6.65,0.75,6.24,6.92,,2.29,2.68,5.29
2020-01-14,3.94,3.44,5.98,,6.65,0.75,6.24,6.92,,2.29,2.68,5.29
2020-01-15,3.94,3.44,5.98,,6.65,0.75,6.23,6.92,,2.29,2.68,5.29
2020-01-16,3.94,3.44,5.98,,6.65,0.75,6.22,6.93,,2.29,2.67,5.29
2020-01-17,3.94,3.44,5.98,,6.65,0.75,6.22,6.93,,2.29,2.67,5.28
2020-01-18,3.15,2.75,4.78,,6.65,0.6,4.97,6.93,,1.83,2.14,5.28
2020-01-19,2.36,2.06,3.59,,6.65,0.45,3.72,6.93,,1.37,1.6,5.28
2020-01-20,1.57,1.37,2.39,,6.65,0.3,2.48,6.93,,0.92,1.07,5.28
2020-01-21,0.79,0.69,1.2,,7.94,0.15,1.24,8.22,,0.46,0.53,5.28
2020-01-22,0.0,0.0,0.0,,7.9,0.0,0.0,8.13,,0.0,0.0,5.28
2020-01-23,0.0,0.0,0.0,,7.85,0.0,0.0,8.04,,0.0,0.0,5.27
2020-01-24,0.0,0.0,0.0,,7.81,0.0,0.0,7.95,,0.0,0.0,5.27
2020-01-25,0.0,0.0,0.0,,7.77,0.0,0.0,7.86,,0.0,0.0,5.26
2020-01-26,0.0,0.0,0.0,,6.44,0.0,0.0,6.47,,0.0,0.0,5.26
2020-01-27,0.0,0.0,0.0,,6.44,0.0,0.0,6.48,,0.0,0.0,5.26
2020-01-28,0.0,0.0,0.0,,6.45,0.0,0.0,6.49,,0.0,0.0,5.25
2020-01-29,0.0,0.0,0.0,,6.45,0.0,0.0,6.49,,0.0,0.0,4.2
2020-01-30,0.0,0.0,0.0,,6.45,0.0,0.0,6.5,,0.0,0.0,3.15
2020-01-31,0.0,0.0,0.0,,6.46,0.0,0.0,6.52,,0.0,0.0,2.1
2020-02-01,0.0,0.0,0.0,,6.46,0.0,0.0,6.53,,0.0,0.0,1.05
2020-02-02,0.0,0.0,0.0,,6.46,0.0,0.0,6.54,,0.0,0.0,0.0
2020-02-03,0.78,0.7,1.41,,6.47,0.68,1.15,6.55,,0.46,0.53,0.98
2020-02-04,1.56,1.4,2.81,,6.47,1.36,2.3,6.54,,0.92,1.05,1.96
2020-02-05,2.33,2.1,4.2,,6.47,2.04,3.45,6.53,,1.37,1.58,2.94
2020-02-06,3.11,2.8,5.59,,6.47,2.72,4.6,6.52,,1.83,2.11,3.92
2020-02-07,3.89,3.49,6.99,,6.47,3.4,5.74,6.52,,2.29,2.63,4.9
2020-02-08,3.89,3.5,6.97,,6.47,3.4,5.74,6.53,,2.29,2.63,4.9
2020-02-09,3.89,3.49,6.97,,6.47,3.4,5.74,6.54,,2.29,2.63,4.9
2020-02-10,3.88,3.49,6.97,,6.47,3.4,5.74,6.55,,2.29,2.63,4.9
2020-02-11,3.88,3.49,6.97,,6.47,3.4,5.74,6.55,,2.29,2.63,4.9
2020-02-12,3.88,3.49,6.96,,6.47,3.4,5.74,6.55,,2.29,2.63,4.9
2020-02-13,3.88,3.49,6.95,,6.47,3.4,5.73,6.54,,2.29,2.63,4.89
2020-02-14,3.88,3.49,6.95,,6.46,3.4,5.73,6.53,,2.29,2.63,4.89
2020-02-15,3.88,3.49,6.94,,6.46,3.4,5.72,6.52,,2.29,2.63,4.89
2020-02-16,3.88,3.49,6.94,,6.46,3.4,5.71,6.52,,2.29,2.63,4.89
2020-02-17,3.88,3.49,6.94,,6.46,3.39,5.71,6.52,,2.29,2.63,4.89
2020-02-18,3.87,3.48,6.94,,6.46,3.39,5.7,6.52,,2.29,2.63,4.89
2020-02-19,3.87,3.48,6.94,,6.45,3.39,5.7,6.51,,2.29,2.63,4.88
2020-02-20,3.87,3.48,6.94,,5.16,3.39,5.7,5.21,,2.29,2.62,4.88
2020-02-21,3.86,3.48,6.94,,3.87,3.39,5.69,3.91,,2.29,2.62,4.87
2020-02-22,3.86,3.47,6.94,,2.58,3.39,5.68,2.61,,2.28,2.62,4.87
2020-02-23,3.86,3.47,6.94,,1.29,3.39,5.68,1.3,,2.28,2.62,4.86
2020-02-24,3.85,3.47,6.96,,1.24,3.39,5.68,0.0,,2.28,2.61,4.86
2020-02-25,3.85,3.46,6.98,,2.47,3.39,5.69,1.32,,2.28,2.61,4.85
2020-02-26,3.85,3.46,7.01,,3.71,3.39,5.7,2.65,,2.27,2.6,4.84
2020-02-27,3.86,3.46,7.05,,4.97,3.39,5.73,3.99,,2.27,2.6,4.84
2020-02-28,3.86,3.46,7.09,,6.24,3.38,5.76,5.34,,2.26,2.6,4.84
2020-02-29,3.85,3.45,7.11,,6.26,3.38,5.78,6.69,,2.26,2.6,4.85
2020-03-01,3.85,3.45,7.12,,6.29,3.38,5.8,6.72,,2.26,2.6,4.85
2020-03-02,4.64,4.12,8.59,,6.3,3.99,6.98,6.74,,2.7,3.15,5.81
2020-03-03,5.41,4.78,10.06,,6.3,4.6,8.11,6.72,,3.14,3.7,6.76
2020-03-04,5.43,4.77,10.09,,6.28,4.55,8.1,6.7,,3.14,3.73,6.74
2020-03-05,5.45,4.75,10.13,,6.28,4.49,8.09,6.68,,3.14,3.76,6.72
2020-03-06,5.46,4.72,10.2,,6.28,4.43,8.1,6.68,,3.13,3.79,6.71
2020-03-07,4.68,4.02,8.81,,6.28,3.75,6.93,6.68,,2.67,3.27,5.75
2020-03-08,3.91,3.34,7.4,,6.29,3.08,5.8,6.7,,2.22,2.75,4.79
2020-03-09,3.93,3.34,7.5,,6.35,3.08,5.92,6.81,,2.21,2.75,4.85
2020-03-10,3.96,3.35,7.56,,6.38,3.08,6.01,6.89,,2.21,2.75,4.94
2020-03-11,4.03,3.39,7.64,,6.45,3.09,6.16,6.99,,2.21,2.76,5.06
2020-03-12,4.13,3.45,7.78,,6.55,3.11,6.37,7.18,,2.22,2.8,5.37
2020-03-13,4.21,3.49,7.88,,6.64,3.12,6.55,7.42,,2.22,2.83,5.57
2020-03-14,4.26,3.53,7.9,,6.68,3.13,6.63,7.57,,2.23,2.86,5.73
2020-03-15,4.29,3.55,7.95,,6.74,3.14,6.71,7.75,,2.23,2.88,5.85
2020-03-16,4.31,3.58,8.06,,6.83,3.13,6.81,7.86,,2.23,2.91,6.01
2020-03-17,4.32,3.59,8.09,,6.89,3.11,6.85,7.88,,2.23,2.9,5.94
2020-03-18,4.42,3.66,8.24,,7.02,3.12,7.07,7.98,,2.24,2.94,6.25
2020-03-19,4.56,3.74,8.43,,7.23,3.13,7.26,8.04,,2.24,3.0,6.47
2020-03-20,4.69,3.82,8.67,,7.44,3.13,7.39,8.02,,2.23,3.05,6.64
2020-03-21,4.81,3.86,8.81,,7.56,3.14,7.46,8.04,,2.24,3.09,6.75
2020-03-22,4.89,3.91,8.97,,7.71,3.15,7.51,8.06,,2.24,3.14,6.89
2020-03-23,4.86,3.86,9.08,,9.45,3.14,7.41,7.98,,2.23,3.14,6.85
2020-03-24,4.76,3.81,9.07,,10.97,3.12,7.31,9.54,,2.23,3.11,6.7
2020-03-25,4.63,3.73,8.98,,10.86,3.11,7.21,11.08,,2.23,3.06,6.53
2020-03-26,4.5,3.66,8.82,,10.71,3.1,7.08,11.03,,2.23,2.99,6.28
2020-03-27,4.38,3.58,8.64,,10.55,3.09,6.99,11.0,,2.23,2.93,6.07
2020-03-28,4.32,3.55,8.44,,8.73,3.08,6.89,10.93,,2.23,2.88,5.78
2020-03-29,4.28,3.53,8.31,,7.05,3.08,6.84,9.26,,2.23,2.84,5.67
2020-03-30,4.27,3.51,8.22,,6.98,3.08,6.85,7.72,,2.23,2.82,5.63
2020-03-31,4.26,3.5,8.21,,6.92,3.07,6.89,7.75,,2.23,2.83,5.73
2020-04-01,4.17,3.48,8.28,,6.91,3.06,6.91,7.77,,2.16,2.85,6.06
2020-04-02,4.08,3.46,8.34,,6.89,3.05,6.91,7.81,,2.09,2.86,6.32
2020-04-03,3.99,3.45,8.43,,6.91,3.04,6.9,7.87,,2.03,2.88,6.57
2020-04-04,3.91,3.45,8.53,,6.93,3.03,6.9,7.91,,1.96,2.89,6.83
2020-04-05,3.83,3.46,8.63,,6.99,3.02,6.88,7.96,,1.9,2.91,7.03
2020-04-06,3.82,3.46,8.61,,6.96,3.02,6.83,8.0,,1.9,2.9,6.96
2020-04-07,3.8,3.45,8.61,,6.92,3.02,6.79,7.95,,1.9,2.89,6.94
2020-04-08,3.77,3.44,8.52,,6.84,3.01,6.75,7.89,,1.9,2.88,6.92
2020-04-09,3.71,3.4,8.34,,6.71,3.01,6.68,7.81,,1.9,2.86,6.83
2020-04-10,3.65,3.37,8.15,,6.59,3.01,6.6,7.74,,1.91,2.84,6.74
2020-04-11,3.6,3.33,8.01,,6.53,3.01,6.55,7.66,,1.91,2.83,6.65
2020-04-12,3.56,3.31,7.86,,6.48,3.01,6.5,7.65,,1.91,2.83,6.57
2020-04-13,3.53,3.29,7.78,,6.45,3.01,6.47,7.63,,1.91,2.83,6.55
2020-04-14,3.54,3.29,7.8,,6.46,3.01,6.46,7.62,,1.91,2.82,6.6
2020-04-15,3.55,3.29,7.83,,6.46,3.01,6.48,7.62,,1.91,2.82,6.63
2020-04-16,3.55,3.3,7.86,,6.47,3.01,6.51,7.62,,1.91,2.82,6.69
2020-04-17,3.56,3.3,7.89,,6.47,3.02,6.53,7.61,,1.9,2.82,6.74
2020-04-18,3.56,3.3,7.89,,6.46,3.02,6.55,7.6,,1.9,2.81,6.75
2020-04-19,3.56,3.3,7.9,,6.46,3.01,6.57,7.61,,1.9,2.81,6.76
2020-04-20,3.56,3.3,7.91,,7.72,3.01,6.58,7.6,,1.9,2.82,6.79
2020-04-21,3.57,3.31,7.96,,9.05,3.01,6.6,9.13,,1.9,2.82,6.78
2020-04-22,3.57,3.31,8.0,,9.05,3.01,6.63,10.66,,1.9,2.83,6.78
2020-04-23,3.58,3.31,8.04,,9.05,3.01,6.64,10.67,,1.9,2.84,6.79
2020-04-24,3.58,3.31,8.09,,9.05,3.01,6.67,10.69,,1.9,2.84,6.8
2020-04-25,3.58,3.32,8.13,,7.78,3.01,6.69,10.72,,1.9,2.85,6.8
2020-04-26,3.58,3.31,8.13,,6.44,3.01,6.69,9.2,,1.9,2.85,6.81
2020-04-27,3.58,3.31,8.14,,6.45,3.01,6.69,7.7,,1.9,2.86,6.81
2020-04-28,3.58,3.32,8.14,,6.44,3.0,6.68,7.7,,1.9,2.86,6.83
2020-04-29,3.58,3.31,8.1,,6.43,3.0,6.65,7.66,,1.9,2.86,6.84
2020-04-30,3.59,3.31,8.06,,6.43,3.0,6.62,7.64,,1.9,2.87,6.84
2020-05-01,3.62,3.26,7.98,,6.43,2.96,6.49,7.63,,1.88,2.85,6.64
2020-05-02,3.64,3.2,7.9,,6.43,2.92,6.37,7.61,,1.87,2.83,6.45
2020-05-03,3.67,3.15,7.83,,6.44,2.89,6.25,7.61,,1.85,2.81,6.23
2020-05-04,3.7,3.1,7.79,,6.46,2.85,6.16,7.61,,1.84,2.79,6.01
2020-05-05,3.72,3.04,7.74,,6.48,2.82,6.06,7.58,,1.83,2.77,5.82
2020-05-06,3.73,3.05,7.74,,6.47,2.82,6.05,7.55,,1.83,2.76,5.82
2020-05-07,3.74,3.05,7.73,,6.46,2.82,6.03,7.53,,1.83,2.76,5.8
2020-05-08,3.75,3.06,7.71,,6.45,2.82,6.01,7.49,,1.83,2.75,5.79
2020-05-09,3.76,3.07,7.69,,6.42,2.81,5.98,7.49,,1.83,2.75,5.79
2020-05-10,3.77,3.07,7.68,,6.4,2.81,5.97,7.49,,1.83,2.75,5.78
2020-05-11,3.78,3.08,7.67,,6.4,2.81,5.95,7.48,,1.83,2.74,5.75
2020-05-12,3.78,3.08,7.66,,6.4,2.81,5.94,7.46,,1.83,2.74,5.74
2020-05-13,3.78,3.08,7.68,,6.41,2.82,5.94,7.45,,1.82,2.74,5.72
2020-05-14,3.77,3.07,7.7,,6.42,2.82,5.94,7.45,,1.82,2.74,5.71
2020-05-15,3.76,3.06,7.72,,6.44,2.82,5.94,7.46,,1.82,2.74,5.68
2020-05-16,3.74,3.06,7.73,,6.45,2.82,5.94,7.47,,1.82,2.73,5.67
2020-05-17,3.73,3.05,7.75,,6.46,2.82,5.93,7.49,,1.82,2.73,5.67
2020-05-18,3.72,3.04,7.72,,7.46,2.82,5.91,7.48,,1.82,2.73,5.66
2020-05-19,3.71,3.04,7.69,,8.44,2.82,5.88,7.45,,1.82,2.72,5.64
2020-05-20,3.7,3.03,7.65,,8.14,2.82,5.84,7.39,,1.82,2.72,5.63
2020-05-21,3.69,3.03,7.6,,7.84,2.82,5.79,5.88,,1.82,2.72,5.61
2020-05-22,3.67,3.02,7.55,,7.53,2.82,5.76,4.38,,1.82,2.71,5.6
2020-05-23,3.67,3.01,7.53,,6.23,2.82,5.74,2.9,,1.82,2.71,5.57
2020-05-24,3.66,3.01,7.51,,4.94,2.81,5.72,1.44,,1.82,2.7,5.57
2020-05-25,3.66,3.01,7.51,,4.93,2.81,5.73,0.0,,1.82,2.7,5.56
2020-05-26,3.66,3.01,7.49,,4.93,2.81,5.73,1.41,,1.82,2.7,5.55
2020-05-27,3.66,3.01,7.48,,4.92,2.81,5.72,2.81,,1.82,2.7,5.55
2020-05-28,3.65,3.01,7.46,,4.91,2.82,5.71,4.22,,1.82,2.7,5.54
2020-05-29,3.65,3.0,7.44,,4.91,2.82,5.7,5.63,,1.82,2.69,5.53
2020-05-30,3.64,3.0,7.42,,4.9,2.82,5.69,7.03,,1.82,2.69,5.52
2020-05-31,2.91,2.4,5.93,,4.9,2.25,4.55,7.03,,1.46,2.15,4.41
2020-06-01,2.91,2.4,5.72,,4.89,2.21,4.42,7.02,0.0,1.42,2.12,4.46
2020-06-02,2.9,2.39,5.5,,4.89,2.16,4.28,6.99,0.0,1.38,2.09,4.52
2020-06-03,2.91,2.39,5.28,,4.87,2.12,4.13,6.96,0.0,1.35,2.06,4.57
2020-06-04,2.91,2.39,5.06,,4.86,2.08,3.99,6.93,0.0,1.32,2.03,4.62
2020-06-05,3.64,2.99,6.31,,4.84,2.59,4.98,6.9,0.0,1.65,2.54,5.76
2020-06-06,3.64,2.99,6.29,,4.83,2.59,4.96,6.88,0.0,1.65,2.55,5.74
2020-06-07,3.63,2.99,6.27,,4.82,2.59,4.96,6.87,0.0,1.65,2.55,5.71
2020-06-08,3.63,2.99,6.27,,4.81,2.59,4.95,6.87,0.0,1.65,2.55,5.69
2020-06-09,3.63,2.99,6.26,,4.8,2.59,4.93,6.86,0.0,1.65,2.55,5.68
2020-06-10,3.62,2.99,6.27,,4.8,2.59,4.93,6.85,0.0,1.65,2.54,5.68
2020-06-11,3.62,2.99,6.32,,4.82,2.59,4.95,6.87,0.0,1.65,2.54,5.68
2020-06-12,3.62,2.99,6.35,,4.83,2.59,4.95,6.89,0.0,1.65,2.54,5.69
2020-06-13,3.62,2.99,6.38,,4.85,2.59,4.97,6.91,0.0,1.65,2.54,5.69
2020-06-14,3.62,2.99,6.4,,4.86,2.59,4.98,6.92,0.0,1.64,2.54,5.69
2020-06-15,3.62,2.99,6.41,,4.88,2.59,4.99,6.95,0.0,1.64,2.54,5.71
2020-06-16,3.61,2.98,6.38,,4.86,2.59,4.96,6.96,0.0,1.64,2.54,5.71
2020-06-17,3.6,2.98,6.37,,3.88,2.59,4.96,6.97,0.0,1.65,2.54,5.72
2020-06-18,3.59,2.97,6.36,,2.91,2.59,4.95,6.98,0.0,1.65,2.54,5.73
2020-06-19,3.58,2.97,6.35,,1.94,2.6,4.94,7.0,0.0,1.65,2.53,5.74
2020-06-20,3.59,2.97,6.35,,0.97,2.6,4.93,7.02,0.0,1.65,2.53,5.74
2020-06-21,3.58,2.97,6.37,,0.0,2.6,4.93,7.02,0.0,1.65,2.53,5.75
2020-06-22,3.58,2.96,6.37,,0.89,2.6,4.93,7.03,0.0,1.65,2.53,5.73
2020-06-23,3.58,2.96,6.37,,1.77,2.6,4.93,8.41,0.0,1.64,2.53,5.72
2020-06-24,3.59,2.97,6.39,,2.67,2.6,4.93,9.81,0.0,1.64,2.53,5.7
2020-06-25,3.59,2.97,6.4,,3.56,2.6,4.92,9.8,0.0,1.64,2.53,5.69
2020-06-26,3.59,2.97,6.42,,4.47,2.6,4.93,9.8,0.0,1.64,2.53,5.67
2020-06-27,3.6,2.97,6.45,,4.48,2.6,4.93,9.8,0.0,1.64,2.53,5.67
2020-06-28,3.6,2.97,6.47,,4.5,2.6,4.93,8.42,0.0,1.64,2.53,5.66
2020-06-29,3.59,2.97,6.49,,4.51,2.6,4.93,7.02,0.0,1.64,2.53,5.66
2020-06-30,3.59,2.96,6.5,,4.51,2.6,4.93,7.03,0.0,1.64,2.53,5.65
2020-07-01,3.55,2.9,6.58,,4.51,2.59,4.9,7.03,0.02,1.61,2.52,5.49
2020-07-02,3.52,2.83,6.65,,4.49,2.59,4.87,7.02,0.03,1.58,2.52,5.33
2020-07-03,3.48,2.76,6.72,,4.48,2.58,4.84,7.01,0.05,1.55,2.51,5.16
2020-07-04,3.45,2.7,6.78,,4.47,2.58,4.8,7.0,0.07,1.52,2.5,5.0
2020-07-05,3.42,2.63,6.85,,4.46,2.57,4.78,6.97,0.09,1.49,2.5,4.84
2020-07-06,3.41,2.63,6.83,,4.45,2.57,4.77,6.96,0.09,1.49,2.5,4.84
2020-07-07,3.41,2.63,6.83,,4.46,2.57,4.77,6.97,0.09,1.49,2.5,4.84
2020-07-08,3.41,2.63,6.83,,4.46,2.57,4.76,6.97,0.09,1.49,2.5,4.84
2020-07-09,3.4,2.62,6.83,,4.47,2.57,4.76,6.97,0.09,1.49,2.5,4.84
2020-07-10,3.4,2.62,6.82,,4.48,2.57,4.76,6.96,0.09,1.49,2.5,4.84
2020-07-11,3.4,2.62,6.83,,4.49,2.57,4.77,6.95,0.09,1.49,2.5,4.84
2020-07-12,3.39,2.62,6.82,,4.49,2.57,4.77,6.93,0.09,1.49,2.5,4.84
2020-07-13,3.39,2.62,6.83,,4.49,2.57,4.77,6.93,0.09,1.49,2.49,4.84
2020-07-14,3.39,2.62,6.82,,4.48,2.57,4.77,6.93,0.09,1.49,2.49,4.85
2020-07-15,3.39,2.62,6.81,,4.47,2.57,4.77,6.93,0.09,1.49,2.49,4.84
2020-07-16,3.38,2.61,6.79,,4.46,2.57,4.76,6.94,0.09,1.49,2.49,4.84
2020-07-17,3.38,2.61,6.78,,4.45,2.57,4.75,6.95,0.09,1.49,2.49,4.83
2020-07-18,3.37,2.6,6.75,,4.44,2.57,4.74,6.95,0.09,1.49,2.49,4.82
2020-07-19,3.36,2.6,6.74,,4.44,2.57,4.74,6.95,0.09,1.49,2.49,4.81
2020-07-20,3.36,2.6,6.73,,5.32,2.57,4.73,6.95,0.09,1.49,2.48,4.8
2020-07-21,3.35,2.59,6.71,,6.19,2.57,4.71,6.94,0.09,1.49,2.48,4.79
2020-07-22,3.35,2.59,6.69,,6.18,2.57,4.7,6.91,0.09,1.49,2.48,4.78
2020-07-23,3.34,2.59,6.68,,6.18,2.57,4.68,5.52,0.09,1.49,2.48,4.78
2020-07-24,3.34,2.59,6.66,,6.18,2.57,4.67,4.13,0.09,1.48,2.48,4.77
2020-07-25,3.34,2.58,6.65,,5.29,2.57,4.66,2.74,0.09,1.48,2.47,4.76
2020-07-26,3.34,2.58,6.65,,4.41,2.57,4.66,1.37,0.09,1.48,2.47,4.75
2020-07-27,3.34,2.58,6.64,,4.42,2.57,4.66,0.0,0.09,1.48,2.47,4.75
2020-07-28,3.34,2.59,6.64,,4.42,2.57,4.66,1.36,0.09,1.48,2.47,4.75
2020-07-29,3.34,2.58,6.63,,4.41,2.57,4.65,2.73,0.09,1.48,2.47,4.75
2020-07-30,3.34,2.58,6.63,,4.41,2.57,4.65,4.09,0.09,1.48,2.47,4.74
2020-07-31,2.67,2.07,5.3,,4.41,2.06,3.72,5.46,0.07,1.18,1.98,3.79
2020-08-01,2.0,1.55,3.97,,4.41,1.54,2.79,6.83,0.05,0.89,1.48,2.84
2020-08-02,1.33,1.03,2.64,,4.41,1.03,1.86,6.83,0.03,0.59,0.99,1.89
2020-08-03,1.3,0.99,2.63,,4.42,1.03,1.84,6.84,0.05,0.56,0.96,1.91
2020-08-04,1.26,0.94,2.62,,4.43,1.03,1.83,6.86,0.06,0.54,0.93,1.93
2020-08-05,1.9,1.41,3.92,,4.43,1.55,2.74,6.87,0.09,0.8,1.39,2.89
2020-08-06,2.53,1.88,5.23,,4.43,2.06,3.65,6.87,0.13,1.07,1.86,3.86
2020-08-07,3.16,2.35,6.54,,4.43,2.58,4.55,6.89,0.16,1.34,2.32,4.82
2020-08-08,3.15,2.35,6.53,,4.42,2.58,4.55,6.9,0.16,1.34,2.32,4.81
2020-08-09,3.15,2.35,6.53,,4.42,2.58,4.54,6.9,0.16,1.34,2.31,4.81
2020-08-10,3.15,2.35,6.53,,4.41,2.58,4.54,6.9,0.16,1.34,2.31,4.81
2020-08-11,3.16,2.36,6.55,,4.41,2.58,4.54,6.91,0.16,1.34,2.31,4.8
2020-08-12,3.17,2.36,6.56,,4.4,2.58,4.54,6.91,0.16,1.34,2.31,4.81
2020-08-13,3.18,2.37,6.57,,4.39,2.58,4.55,6.91,0.16,1.35,2.32,4.81
2020-08-14,3.2,2.38,6.59,,4.39,2.58,4.55,6.91,0.16,1.35,2.32,4.81
2020-08-15,3.21,2.39,6.61,,4.38,2.58,4.56,6.91,0.16,1.35,2.32,4.82
2020-08-16,3.22,2.4,6.61,,4.38,2.58,4.57,6.91,0.16,1.35,2.32,4.82
2020-08-17,3.23,2.4,6.61,,4.38,2.58,4.57,6.93,0.16,1.35,2.32,4.82
2020-08-18,3.23,2.4,6.6,,4.38,2.58,4.58,6.93,0.16,1.35,2.32,4.82
2020-08-19,3.23,2.4,6.6,,3.51,2.58,4.58,6.94,0.16,1.35,2.32,4.82
2020-08-20,3.22,2.4,6.59,,2.63,2.58,4.58,6.94,0.16,1.35,2.32,4.83
2020-08-21,3.22,2.39,6.58,,1.75,2.58,4.58,6.96,0.16,1.35,2.33,4.83
2020-08-22,3.21,2.39,6.57,,0.88,2.58,4.58,6.96,0.16,1.35,2.33,4.84
2020-08-23,3.21,2.39,6.57,,0.0,2.58,4.57,6.97,0.16,1.35,2.33,4.85
2020-08-24,3.21,2.39,6.56,,0.83,2.58,4.57,6.97,0.16,1.34,2.33,4.86
2020-08-25,3.21,2.39,6.56,,1.66,2.58,4.57,8.31,0.16,1.34,2.33,4.86
2020-08-26,3.22,2.39,6.55,,2.49,2.58,4.57,9.63,0.16,1.35,2.33,4.85
2020-08-27,3.23,2.4,6.54,,3.31,2.58,4.58,9.58,0.16,1.35,2.33,4.85
2020-08-28,3.23,2.4,6.54,,4.14,2.58,4.58,9.5,0.16,1.35,2.34,4.85
2020-08-29,3.24,2.41,6.54,,4.14,2.58,4.58,9.44,0.16,1.35,2.34,4.85
2020-08-30,3.24,2.41,6.54,,4.13,2.58,4.58,8.04,0.16,1.35,2.34,4.85
2020-08-31,3.24,2.41,6.54,,4.13,2.58,4.58,6.65,0.16,1.35,2.34,4.85
2020-09-01,3.87,2.87,7.84,,4.12,3.07,5.48,6.62,0.18,1.58,2.81,5.92
2020-09-02,3.86,2.85,7.83,,4.12,3.05,5.49,6.61,0.17,1.54,2.81,6.03
2020-09-03,3.86,2.83,7.83,,4.12,3.03,5.5,6.6,0.15,1.5,2.8,6.13
2020-09-04,3.86,2.81,7.84,,4.13,3.01,5.51,6.6,0.14,1.47,2.8,6.24
2020-09-05,3.86,2.8,7.84,,4.13,2.99,5.52,6.59,0.13,1.43,2.8,6.35
2020-09-06,3.22,2.32,6.55,,4.13,2.47,4.62,6.6,0.1,1.16,2.34,5.39
2020-09-07,3.23,2.32,6.56,,4.14,2.47,4.63,6.61,0.1,1.16,2.34,5.39
2020-09-08,3.24,2.33,6.57,,4.14,2.47,4.63,6.63,0.1,1.16,2.34,5.4
2020-09-09,3.24,2.33,6.57,,4.13,2.47,4.63,6.63,0.1,1.16,2.34,5.4
2020-09-10,3.23,2.33,6.57,,4.13,2.47,4.64,6.63,0.1,1.16,2.34,5.4
2020-09-11,3.23,2.33,6.57,,4.12,2.47,4.64,6.63,0.1,1.16,2.34,5.4
2020-09-12,3.23,2.33,6.57,,4.12,2.47,4.64,6.63,0.1,1.16,2.34,5.4
2020-09-13,3.23,2.33,6.56,,4.11,2.47,4.64,6.62,0.1,1.16,2.34,5.4
2020-09-14,3.23,2.32,6.57,,4.11,2.48,4.64,6.61,0.1,1.16,2.34,5.4
2020-09-15,3.22,2.32,6.56,,4.1,2.48,4.63,6.6,0.1,1.16,2.33,5.4
2020-09-16,3.22,2.32,6.56,,4.1,2.48,4.63,6.59,0.1,1.16,2.33,5.4
2020-09-17,3.22,2.32,6.56,,4.09,2.48,4.64,6.58,0.1,1.16,2.33,5.4
2020-09-18,3.22,2.32,6.56,,4.09,2.48,4.65,6.57,0.1,1.16,2.33,5.4
2020-09-19,3.22,2.32,6.56,,4.1,2.48,4.65,6.56,0.1,1.16,2.33,5.4
2020-09-20,3.22,2.32,6.57,,4.1,2.48,4.66,6.55,0.1,1.16,2.33,5.4
2020-09-21,3.22,2.32,6.58,,4.99,2.48,4.68,6.57,0.1,1.16,2.33,5.4
2020-09-22,3.22,2.32,6.59,,5.88,2.48,4.7,7.88,0.1,1.16,2.33,5.4
2020-09-23,3.22,2.33,6.61,,5.95,2.48,4.72,9.24,0.1,1.16,2.34,5.4
2020-09-24,3.23,2.33,6.63,,6.03,2.48,4.74,9.23,0.1,1.16,2.34,5.4
2020-09-25,3.24,2.33,6.65,,6.1,2.48,4.76,9.23,0.1,1.16,2.34,5.4
2020-09-26,3.24,2.33,6.66,,5.28,2.48,4.77,9.21,0.1,1.16,2.34,5.4
2020-09-27,3.25,2.34,6.68,,4.47,2.48,4.77,7.9,0.1,1.16,2.34,5.4
2020-09-28,3.25,2.34,6.67,,4.47,2.48,4.76,6.55,0.1,1.16,2.33,5.4
2020-09-29,3.25,2.34,6.67,,4.47,2.48,4.76,6.56,0.1,1.16,2.33,5.4
2020-09-30,3.25,2.33,6.65,,4.46,2.48,4.75,6.56,0.1,1.16,2.33,5.39
2020-10-01,3.24,2.36,6.69,,4.46,2.47,4.84,6.54,0.09,1.14,2.37,5.37
2020-10-02,3.23,2.38,6.73,,4.46,2.47,4.93,6.54,0.09,1.11,2.4,5.34
2020-10-03,3.23,2.41,6.79,,4.46,2.47,5.02,6.52,0.08,1.09,2.44,5.32
2020-10-04,3.23,2.43,6.84,,4.45,2.47,5.12,6.51,0.08,1.07,2.47,5.3
2020-10-05,3.22,2.46,6.88,,4.45,2.46,5.21,6.5,0.07,1.04,2.5,5.28
2020-10-06,3.23,2.46,6.88,,4.45,2.46,5.21,6.51,0.07,1.05,2.51,5.29
2020-10-07,3.23,2.46,6.86,,4.44,2.46,5.2,6.5,0.07,1.05,2.51,5.29
2020-10-08,3.23,2.46,6.85,,4.44,2.46,5.18,6.48,0.07,1.05,2.51,5.29
2020-10-09,3.23,2.46,6.83,,4.44,2.46,5.16,6.46,0.07,1.05,2.51,5.3
2020-10-10,3.23,2.46,6.82,,4.44,2.46,5.15,6.45,0.07,1.05,2.51,5.29
2020-10-11,3.22,2.46,6.81,,4.43,2.46,5.13,6.44,0.07,1.05,2.51,5.29
2020-10-12,3.22,2.45,6.8,,4.43,2.46,5.12,6.42,0.07,1.05,2.51,5.29
2020-10-13,3.21,2.45,6.8,,4.43,2.46,5.11,6.42,0.07,1.05,2.51,5.29
2020-10-14,3.21,2.45,6.8,,4.43,2.46,5.11,6.42,0.07,1.05,2.51,5.29
2020-10-15,3.21,2.45,6.8,,4.44,2.46,5.12,6.42,0.07,1.05,2.51,5.28
2020-10-16,3.2,2.45,6.81,,4.44,2.46,5.12,6.43,0.07,1.05,2.51,5.28
2020-10-17,3.21,2.45,6.82,,4.44,2.46,5.13,6.46,0.07,1.04,2.51,5.28
2020-10-18,3.21,2.45,6.82,,4.45,2.46,5.13,6.46,0.07,1.04,2.51,5.28
2020-10-19,3.21,2.45,6.83,0.0,5.38,2.46,5.14,6.47,0.07,1.05,2.51,5.28
2020-10-20,3.21,2.45,6.83,0.0,6.31,2.46,5.14,6.46,0.07,1.05,2.51,5.28
2020-10-21,3.22,2.45,6.83,0.0,6.36,2.46,5.15,6.45,0.07,1.05,2.51,5.28
2020-10-22,3.22,2.46,6.83,0.0,6.41,2.46,5.17,5.15,0.07,1.05,2.51,5.28
2020-10-23,3.23,2.46,6.83,0.0,6.45,2.46,5.18,3.85,0.07,1.05,2.51,5.28
2020-10-24,3.23,2.46,6.82,0.0,5.57,2.46,5.18,2.56,0.07,1.05,2.51,5.28
2020-10-25,3.23,2.46,6.82,0.0,4.68,2.46,5.19,1.28,0.07,1.05,2.51,5.28
2020-10-26,3.23,2.46,6.82,0.0,4.69,2.46,5.19,0.0,0.07,1.05,2.51,5.28
2020-10-27,3.22,2.46,6.83,0.0,4.69,2.46,5.19,1.28,0.07,1.05,2.51,5.28
2020-10-28,3.22,2.46,6.86,0.0,4.7,2.46,5.19,2.57,0.07,1.05,2.51,5.28
2020-10-29,3.22,2.46,6.88,0.0,4.7,2.46,5.2,3.86,0.07,1.05,2.51,5.28
2020-10-30,3.23,2.46,6.89,0.0,4.71,2.46,5.21,5.16,0.07,1.05,2.51,5.29
2020-10-31,2.58,1.97,5.52,0.0,4.72,1.97,4.17,6.46,0.06,0.84,2.01,4.23
2020-11-01,1.94,1.48,4.14,0.0,4.72,1.48,3.13,6.48,0.04,0.63,1.51,3.17
2020-11-02,1.92,1.49,4.14,0.0,4.72,1.48,3.22,6.49,0.04,0.61,1.48,3.12
2020-11-03,1.89,1.5,4.13,0.0,4.72,1.48,3.3,6.49,0.04,0.6,1.46,3.06
2020-11-04,1.86,1.5,4.11,0.0,4.71,1.48,3.35,6.47,0.04,0.58,1.43,2.99
2020-11-05,2.47,2.0,5.46,0.0,4.7,1.97,4.45,6.43,0.06,0.77,1.9,3.99
2020-11-06,3.08,2.5,6.82,0.0,4.69,2.46,5.55,6.37,0.07,0.96,2.37,4.99
2020-11-07,3.07,2.49,6.8,0.0,4.68,2.46,5.52,6.31,0.07,0.96,2.37,4.98
2020-11-08,3.06,2.49,6.79,0.0,4.67,2.46,5.5,6.27,0.07,0.96,2.36,4.98
2020-11-09,3.07,2.49,6.77,0.0,4.66,2.46,5.49,6.23,0.07,0.97,2.36,4.98
2020-11-10,3.07,2.5,6.77,0.0,4.65,2.46,5.49,6.21,0.07,0.97,2.36,4.97
2020-11-11,3.08,2.5,6.76,0.0,4.64,2.46,5.48,6.21,0.07,0.97,2.36,4.97
2020-11-12,3.08,2.51,6.76,0.0,4.63,2.46,5.48,6.2,0.07,0.97,2.36,4.96
2020-11-13,3.08,2.51,6.76,0.0,4.62,2.46,5.47,6.19,0.07,0.97,2.36,4.96
2020-11-14,3.08,2.5,6.77,0.0,4.62,2.46,5.46,6.19,0.07,0.97,2.36,4.95
2020-11-15,3.08,2.5,6.77,0.0,4.63,2.46,5.46,6.19,0.07,0.97,2.36,4.95
2020-11-16,3.07,2.5,6.77,0.0,4.63,2.46,5.45,6.17,0.07,0.97,2.36,4.95
2020-11-17,3.07,2.49,6.76,0.0,4.63,2.46,5.45,6.16,0.07,0.97,2.36,4.95
2020-11-18,3.06,2.49,6.75,0.0,3.7,2.46,5.45,6.15,0.07,0.97,2.36,4.94
2020-11-19,3.05,2.49,6.74,0.0,2.78,2.46,5.44,6.14,0.07,0.97,2.36,4.93
2020-11-20,3.05,2.48,6.73,0.0,1.85,2.46,5.44,6.12,0.07,0.96,2.35,4.93
2020-11-21,3.04,2.48,6.73,0.0,0.93,2.46,5.44,6.12,0.07,0.96,2.35,4.92
2020-11-22,3.04,2.47,6.73,0.0,0.0,2.46,5.44,6.11,0.07,0.96,2.35,4.91
2020-11-23,3.03,2.47,6.73,0.0,0.97,2.46,5.44,7.34,0.07,0.96,2.34,4.9
2020-11-24,3.03,2.47,6.73,0.0,1.94,2.46,5.44,8.56,0.07,0.96,2.34,4.9
2020-11-25,3.03,2.47,6.72,0.0,2.9,2.46,5.44,9.77,0.07,0.96,2.34,4.9
2020-11-26,3.03,2.47,6.72,0.0,3.87,2.46,5.44,9.77,0.07,0.96,2.34,4.9
2020-11-27,3.03,2.47,6.71,0.0,4.83,2.46,5.43,9.77,0.07,0.96,2.34,4.89
2020-11-28,3.03,2.47,6.7,0.0,4.83,2.46,5.43,8.53,0.07,0.96,2.34,4.89
2020-11-29,3.03,2.47,6.7,0.0,4.83,2.46,5.43,7.31,0.07,0.96,2.34,4.89
2020-11-30,3.02,2.47,6.7,0.0,4.83,2.46,5.42,6.1,0.07,0.96,2.34,4.88
2020-12-01,3.61,3.13,7.97,0.39,4.82,2.97,6.5,6.1,0.09,3.95,2.81,5.81
2020-12-02,3.6,3.31,7.89,0.77,4.82,2.99,6.5,6.1,0.09,6.74,2.8,5.75
2020-12-03,3.58,3.48,7.82,1.16,4.82,3.02,6.5,6.08,0.09,9.53,2.79,5.7
2020-12-04,3.57,3.66,7.74,1.54,4.82,3.04,6.49,6.05,0.09,12.33,2.79,5.64
2020-12-05,3.56,3.84,7.66,1.93,4.81,3.06,6.48,6.02,0.09,15.13,2.78,5.58
2020-12-06,2.96,3.34,6.32,1.93,4.8,2.56,5.39,5.99,0.07,14.94,2.31,4.59
2020-12-07,2.96,3.34,6.31,1.93,4.8,2.56,5.39,5.98,0.07,14.94,2.31,4.58
2020-12-08,2.96,3.35,6.31,1.93,4.8,2.56,5.39,5.98,0.07,14.94,2.31,4.58
2020-12-09,2.97,3.35,6.31,1.93,4.8,2.56,5.39,5.98,0.07,14.93,2.3,4.57
2020-12-10,2.97,3.35,6.31,1.93,4.79,2.56,5.39,5.98,0.07,14.93,2.3,4.57
2020-12-11,2.96,3.35,6.31,1.92,4.79,2.56,5.39,5.98,0.07,14.92,2.3,4.56
2020-12-12,2.96,3.34,6.32,1.92,4.79,2.56,5.39,5.98,0.07,14.92,2.3,4.56
2020-12-13,2.96,3.34,6.32,1.92,4.79,2.56,5.39,5.98,0.07,14.91,2.3,4.56
2020-12-14,2.96,3.34,6.31,1.92,4.79,2.56,5.38,5.97,0.07,14.91,2.3,4.56
2020-12-15,2.96,3.34,6.31,1.92,4.79,2.56,5.38,5.97,0.07,14.9,2.3,4.55
2020-12-16,2.96,3.34,6.31,1.92,4.79,2.56,5.37,5.96,0.07,14.9,2.3,4.55
2020-12-17,3.56,3.84,7.63,1.92,4.79,2.56,6.43,5.95,0.09,15.02,2.73,4.55
2020-12-18,4.15,4.33,8.95,1.92,4.79,2.56,7.49,5.94,0.11,15.14,3.17,4.55
2020-12-19,4.75,4.83,10.27,1.92,4.79,2.56,8.55,5.93,0.12,15.25,3.6,4.54
2020-12-20,5.35,5.32,11.59,1.92,4.79,2.56,9.61,5.92,0.14,15.37,4.03,4.54
2020-12-21,5.95,5.82,12.92,1.92,5.78,2.56,10.68,7.11,0.16,15.49,4.47,4.54
2020-12-22,5.95,5.82,12.93,1.92,6.77,2.56,10.69,8.33,0.16,15.49,4.47,4.54
2020-12-23,5.95,5.82,12.92,1.92,6.8,2.56,10.69,8.34,0.16,15.49,4.47,4.54
2020-12-24,5.95,5.81,12.91,1.92,6.83,2.56,10.68,8.34,0.16,15.49,4.46,4.54
2020-12-25,5.94,5.81,12.9,1.92,6.85,2.56,10.68,8.34,0.16,15.49,4.46,4.54
2020-12-26,5.93,5.8,12.88,1.92,5.89,2.56,10.67,7.14,0.16,15.49,4.46,4.55
2020-12-27,5.93,5.8,12.86,1.92,4.93,2.56,10.66,5.92,0.16,15.49,4.46,4.55
2020-12-28,5.93,5.8,12.85,1.92,4.92,2.56,10.65,5.91,0.16,15.49,4.46,4.55
2020-12-29,5.92,5.79,12.85,1.92,4.92,2.56,10.65,5.92,0.16,15.49,4.46,5.55
2020-12-30,5.92,5.79,12.85,2.32,4.92,2.56,10.64,5.91,0.16,15.5,4.46,6.55
2020-12-31,5.33,5.13,11.59,2.33,4.92,2.05,9.57,5.91,0.14,12.51,4.0,6.65
2021-01-01,4.74,4.46,10.34,2.34,4.92,1.54,8.5,5.91,0.13,9.53,3.54,6.74
2021-01-02,4.15,3.79,9.08,2.35,4.92,1.02,7.43,5.9,0.11,6.55,3.08,6.84
2021-01-03,3.56,3.13,7.83,2.36,4.92,0.51,6.37,5.9,0.1,3.56,2.62,5.93
2021-01-04,2.98,2.46,6.58,1.98,4.92,0.0,5.31,5.89,0.09,0.58,2.16,5.02
2021-01-05,2.98,2.47,6.58,1.98,4.91,0.0,5.31,5.89,0.09,0.58,2.16,5.02
2021-01-06,2.99,2.47,6.59,1.98,4.91,0.0,5.33,5.89,0.09,0.58,2.16,5.01
2021-01-07,3.0,2.48,6.59,1.98,4.91,0.0,5.34,5.9,0.09,0.58,2.16,5.01
2021-01-08,3.01,2.49,6.58,1.98,4.9,0.0,5.35,5.91,0.09,0.58,2.17,5.0
2021-01-09,3.02,2.49,6.58,1.98,4.89,0.0,5.36,5.93,0.09,0.58,2.17,4.99
2021-01-10,3.03,2.5,6.58,1.98,4.88,0.0,5.37,5.94,0.09,0.58,2.17,4.98
2021-01-11,3.03,2.5,6.58,1.98,4.88,0.0,5.37,5.96,0.09,0.58,2.17,4.98
2021-01-12,3.03,2.5,6.58,1.98,4.88,0.0,5.39,5.97,0.09,0.58,2.17,4.98
2021-01-13,3.03,2.5,6.58,1.98,4.88,0.0,5.4,5.97,0.09,0.58,2.17,4.98
2021-01-14,3.03,2.5,6.59,1.98,4.88,0.0,5.41,5.97,0.09,0.58,2.17,4.98
2021-01-15,3.03,2.5,6.59,1.98,4.88,0.0,5.42,5.97,0.09,0.58,2.17,4.97
2021-01-16,2.42,2.0,5.27,1.98,4.88,0.0,4.34,5.97,0.07,0.47,1.73,4.97
2021-01-17,1.81,1.5,3.95,1.98,4.88,0.0,3.25,5.97,0.05,0.35,1.3,4.97
2021-01-18,1.21,1.0,2.63,1.98,4.88,0.0,2.17,5.96,0.03,0.23,0.87,4.97
2021-01-19,0.6,0.5,1.32,1.98,5.85,0.0,1.08,5.97,0.02,0.12,0.43,4.97
2021-01-20,0.0,0.0,0.0,1.98,5.85,0.0,0.0,4.78,0.0,0.0,0.0,4.96
2021-01-21,0.0,0.0,0.0,1.98,5.85,0.0,0.0,3.58,0.0,0.0,0.0,4.96
2021-01-22,0.0,0.0,0.0,1.98,5.85,0.0,0.0,2.39,0.0,0.0,0.0,4.95
2021-01-23,0.0,0.0,0.0,1.97,5.85,0.0,0.0,1.19,0.0,0.0,0.0,4.95
2021-01-24,0.0,0.0,0.0,1.97,4.88,0.0,0.0,0.0,0.0,0.0,0.0,4.95
2021-01-25,0.0,0.0,0.0,1.97,4.88,0.0,0.0,1.21,0.0,0.0,0.0,4.94
2021-01-26,0.0,0.0,0.0,1.98,4.88,0.0,0.0,2.4,0.0,0.0,0.0,4.94
2021-01-27,0.0,0.0,0.0,1.98,4.89,0.0,0.0,3.61,0.0,0.0,0.0,4.94
2021-01-28,0.0,0.0,0.0,1.98,4.89,0.0,0.0,4.8,0.0,0.0,0.0,3.95
2021-01-29,0.0,0.0,0.0,1.58,4.9,0.0,0.0,6.01,0.0,0.0,0.0,2.96
2021-01-30,0.0,0.0,0.0,1.19,4.9,0.0,0.0,6.01,0.0,0.0,0.0,1.97
2021-01-31,0.0,0.0,0.0,0.79,4.91,0.0,0.0,6.02,0.0,0.0,0.0,0.99
2021-02-01,0.58,0.47,1.17,0.71,4.91,0.49,0.98,6.01,0.01,0.17,0.43,0.93
2021-02-02,1.16,0.94,2.33,0.63,4.91,0.99,1.97,6.0,0.03,0.33,0.86,1.86
2021-02-03,1.74,1.41,3.49,0.95,4.9,1.48,2.96,5.99,0.04,0.5,1.29,2.79
2021-02-04,2.31,1.88,4.65,1.27,4.9,1.97,3.94,5.98,0.06,0.66,1.72,3.72
2021-02-05,2.9,2.35,5.81,1.59,4.89,2.46,4.92,5.96,0.07,0.83,2.14,4.65
2021-02-06,2.9,2.36,5.8,1.59,4.88,2.46,4.92,5.95,0.07,0.83,2.14,4.65
2021-02-07,2.9,2.36,5.79,1.58,4.88,2.46,4.92,5.94,0.07,0.83,2.14,4.65
2021-02-08,2.9,2.36,5.79,1.58,4.87,2.46,4.92,5.94,0.07,0.83,2.14,4.65
2021-02-09,2.9,2.36,5.78,1.58,4.87,2.46,4.92,5.94,0.07,0.83,2.14,4.64
2021-02-10,2.9,2.36,5.78,1.58,4.88,2.46,4.92,5.94,0.07,0.83,2.14,4.64
2021-02-11,2.89,2.36,5.78,1.58,4.88,2.46,4.92,5.93,0.07,0.83,2.14,4.64
2021-02-12,2.89,2.36,5.78,1.58,4.88,2.47,4.93,5.93,0.07,0.83,2.14,4.63
2021-02-13,2.9,2.36,5.78,1.58,4.88,2.47,4.93,5.92,0.07,0.83,2.14,4.63
2021-02-14,2.9,2.36,5.78,1.58,4.88,2.47,4.94,5.91,0.07,0.83,2.14,4.63
2021-02-15,2.9,2.36,5.77,1.58,4.87,2.47,4.94,5.91,0.07,0.83,2.14,4.63
2021-02-16,2.91,2.37,5.77,1.58,4.87,2.47,4.96,5.91,0.07,0.83,2.14,4.64
2021-02-17,2.91,2.37,5.78,1.58,4.87,2.47,4.97,5.92,0.07,0.83,2.14,4.64
2021-02-18,2.91,2.37,5.78,1.58,3.9,2.47,4.97,5.94,0.07,0.83,2.14,4.65
2021-02-19,2.92,2.37,5.78,1.58,2.93,2.47,4.99,5.96,0.07,0.83,2.15,4.66
2021-02-20,2.93,2.38,5.79,1.58,1.95,2.47,5.0,5.98,0.07,0.83,2.15,4.67
2021-02-21,2.93,2.38,5.79,1.58,0.97,2.47,5.0,6.0,0.07,0.83,2.15,4.67
2021-02-22,2.94,2.39,5.79,1.58,0.95,2.47,5.01,7.22,0.07,0.83,2.16,4.69
2021-02-23,2.95,2.39,5.79,1.58,1.9,2.48,5.02,8.42,0.07,0.83,2.16,4.7
2021-02-24,2.95,2.39,5.79,1.58,2.84,2.48,5.03,8.39,0.07,0.83,2.17,4.71
2021-02-25,2.96,2.4,5.8,1.58,3.79,2.48,5.05,8.4,0.07,0.83,2.17,4.72
2021-02-26,2.96,2.4,5.82,1.58,4.74,2.48,5.07,8.42,0.07,0.83,2.17,4.73
2021-02-27,2.96,2.4,5.83,1.58,4.75,2.49,5.08,7.22,0.07,0.83,2.18,4.73
2021-02-28,2.96,2.4,5.84,1.58,4.75,2.49,5.09,6.04,0.07,0.83,2.18,4.74
2021-03-01,3.56,2.9,6.96,1.89,4.75,2.99,6.08,6.07,0.07,1.01,2.65,5.61
2021-03-02,4.15,3.4,8.08,2.2,4.75,3.5,7.06,6.07,0.07,1.2,3.11,6.49
2021-03-03,4.16,3.42,8.03,2.2,4.75,3.51,7.03,6.06,0.06,1.21,3.14,6.42
2021-03-04,4.17,3.45,7.99,2.19,4.75,3.52,7.01,6.07,0.04,1.23,3.17,6.35
2021-03-05,4.19,3.48,7.94,2.18,4.75,3.53,6.99,6.09,0.03,1.25,3.2,6.28
2021-03-06,3.61,3.01,6.79,1.87,4.75,3.03,5.99,6.11,0.01,1.08,2.77,5.33
2021-03-07,3.03,2.53,5.63,1.55,4.75,2.54,4.99,6.12,0.0,0.92,2.33,4.38
2021-03-08,3.04,2.54,5.64,1.55,4.75,2.54,5.01,6.16,0.0,0.92,2.33,4.38
2021-03-09,3.04,2.54,5.64,1.55,4.75,2.54,5.02,6.17,0.0,0.92,2.33,4.38
2021-03-10,3.04,2.54,5.64,1.55,4.75,2.54,5.02,6.16,0.0,0.92,2.33,4.37
2021-03-11,3.03,2.54,5.64,1.55,4.75,2.54,5.0,6.15,0.0,0.92,2.32,4.37
2021-03-12,3.04,2.54,5.65,1.55,4.75,2.54,5.01,6.14,0.0,0.92,2.32,4.36
2021-03-13,3.04,2.54,5.64,1.55,4.75,2.54,4.99,6.12,0.0,0.92,2.32,4.36
2021-03-14,3.04,2.55,5.63,1.55,4.75,2.54,4.98,6.11,0.0,0.92,2.32,4.35
2021-03-15,3.05,2.55,5.63,1.55,4.75,2.54,4.98,6.11,0.0,0.92,2.32,4.36
2021-03-16,3.05,2.55,5.64,1.55,4.75,2.54,4.99,6.11,0.0,0.92,2.32,4.36
2021-03-17,3.05,2.55,5.64,1.55,4.75,2.55,4.97,6.1,0.0,0.92,2.32,4.36
2021-03-18,3.05,2.55,5.65,1.55,4.75,2.55,4.96,6.1,0.0,0.92,2.32,4.36
2021-03-19,3.05,2.55,5.65,1.55,4.75,2.55,4.96,6.1,0.0,0.92,2.32,4.37
2021-03-20,3.05,2.56,5.66,1.55,4.75,2.55,4.95,6.1,0.0,0.92,2.33,4.37
2021-03-21,3.06,2.56,5.66,1.55,4.76,2.55,4.96,6.1,0.0,0.92,2.33,4.38
2021-03-22,3.06,2.56,5.66,1.55,5.68,2.55,4.97,6.12,0.0,0.92,2.33,4.38
2021-03-23,3.05,2.55,5.65,1.55,6.6,2.55,4.96,6.14,0.0,0.92,2.33,4.38
2021-03-24,3.05,2.55,5.65,1.55,6.57,2.55,4.96,4.92,0.0,0.92,2.33,4.37
2021-03-25,3.04,2.55,5.64,1.55,6.54,2.55,4.96,4.96,0.0,0.92,2.33,4.37
2021-03-26,3.04,2.54,5.63,1.55,6.5,2.55,4.96,4.99,0.0,0.92,2.32,4.37
2021-03-27,3.03,2.54,5.62,1.55,5.55,2.55,4.97,5.01,0.0,0.92,2.32,4.36
2021-03-28,3.03,2.54,5.62,1.55,4.6,2.55,4.96,5.01,0.0,0.92,2.32,4.36
2021-03-29,3.04,2.54,5.61,1.55,4.6,2.55,4.97,6.27,0.0,0.92,2.32,4.36
2021-03-30,3.04,2.54,5.61,1.55,4.6,2.55,4.98,6.27,0.0,0.92,2.32,4.36
2021-03-31,2.43,2.04,4.49,1.24,4.6,2.04,3.98,6.27,0.0,0.73,1.86,3.48
2021-04-01,2.39,2.01,4.43,1.24,4.6,2.02,3.97,6.25,0.0,0.71,1.83,3.54
2021-04-02,2.35,1.98,4.38,1.24,4.6,2.0,3.96,6.24,0.01,0.7,1.79,3.59
2021-04-03,2.31,1.95,4.33,1.24,4.6,1.98,3.94,6.22,0.01,0.68,1.76,3.64
2021-04-04,2.27,1.92,4.27,1.24,4.6,1.96,3.92,6.2,0.01,0.66,1.73,3.7
2021-04-05,2.84,2.4,5.34,1.55,4.6,2.45,4.9,6.2,0.01,0.82,2.16,4.63
2021-04-06,2.84,2.4,5.34,1.55,4.6,2.45,4.9,6.2,0.01,0.82,2.16,4.63
2021-04-07,2.84,2.4,5.34,1.55,4.59,2.45,4.9,6.19,0.01,0.82,2.16,4.63
2021-04-08,2.84,2.4,5.34,1.55,4.59,2.45,4.9,6.18,0.01,0.82,2.16,4.63
2021-04-09,2.84,2.39,5.33,1.55,4.59,2.45,4.9,6.17,0.01,0.82,2.16,4.63
2021-04-10,2.83,2.39,5.33,1.55,4.58,2.44,4.89,6.16,0.01,0.82,2.16,4.62
2021-04-11,2.83,2.39,5.33,1.55,4.58,2.44,4.89,6.15,0.01,0.82,2.16,4.62
2021-04-12,2.83,2.39,5.33,1.55,4.58,2.44,4.89,6.15,0.01,0.82,2.16,4.61
2021-04-13,2.83,2.39,5.34,1.55,4.58,2.44,4.88,6.16,0.01,0.82,2.16,4.61
2021-04-14,2.83,2.39,5.34,1.55,4.58,2.44,4.88,6.16,0.01,0.82,2.16,4.61
2021-04-15,2.83,2.39,5.33,1.55,4.59,2.44,4.86,6.15,0.01,0.82,2.15,4.6
2021-04-16,2.82,2.39,5.33,1.55,4.59,2.44,4.85,6.14,0.01,0.82,2.15,4.6
2021-04-17,2.82,2.38,5.33,1.55,4.59,2.44,4.83,6.12,0.01,0.82,2.15,4.59
2021-04-18,2.82,2.39,5.33,1.55,4.59,2.44,4.83,6.1,0.01,0.82,2.15,4.59
2021-04-19,2.83,2.39,5.33,1.55,5.46,2.44,4.82,6.09,0.01,0.82,2.15,4.59
2021-04-20,2.83,2.39,5.33,1.55,6.34,2.44,4.82,6.1,0.01,0.82,2.15,4.59
2021-04-21,2.83,2.39,5.33,1.55,6.29,2.44,4.83,6.1,0.01,0.82,2.15,4.59
2021-04-22,2.83,2.39,5.34,1.55,6.25,2.44,4.83,6.1,0.01,0.82,2.15,4.59
2021-04-23,2.82,2.38,5.33,1.55,6.2,2.44,4.82,6.11,0.01,0.82,2.15,4.59
2021-04-24,2.82,2.38,5.33,1.55,5.28,2.44,4.82,4.89,0.01,0.82,2.14,4.58
2021-04-25,2.82,2.38,5.33,1.55,4.36,2.44,4.82,3.66,0.01,0.82,2.14,4.58
2021-04-26,2.82,2.38,5.33,1.55,4.36,2.44,4.82,3.66,0.01,0.82,2.14,4.58
2021-04-27,2.82,2.38,5.33,1.55,4.36,2.44,4.83,3.67,0.01,0.82,2.14,4.58
2021-04-28,2.82,2.38,5.33,1.55,4.36,2.44,4.83,3.66,0.01,0.82,2.14,4.58
2021-04-29,2.82,2.38,5.32,1.55,4.36,2.44,4.84,4.88,0.01,0.82,2.15,4.58
2021-04-30,2.83,2.38,5.32,1.55,4.36,2.44,4.84,6.1,0.01,0.82,2.15,4.58
2021-05-01,2.26,1.91,4.26,1.24,4.36,1.95,3.87,6.11,0.01,0.66,1.72,3.66
2021-05-02,1.7,1.43,3.19,0.93,4.36,1.46,2.9,6.11,0.01,0.49,1.29,2.75
2021-05-03,1.7,1.43,3.19,0.92,4.36,1.39,2.9,6.11,0.02,0.48,1.29,2.7
2021-05-04,1.7,1.42,3.19,0.92,4.36,1.32,2.9,6.13,0.03,0.47,1.29,2.65
2021-05-05,1.7,1.41,3.19,0.91,4.36,1.24,2.9,6.12,0.03,0.46,1.29,2.6
2021-05-06,2.26,1.88,4.25,1.22,4.36,1.66,3.86,6.11,0.05,0.61,1.72,3.47
2021-05-07,2.83,2.35,5.31,1.52,4.36,2.07,4.82,6.09,0.06,0.76,2.15,4.34
2021-05-08,2.82,2.35,5.31,1.52,4.36,2.07,4.81,6.07,0.06,0.76,2.15,4.34
2021-05-09,2.82,2.35,5.31,1.52,4.36,2.07,4.8,6.04,0.06,0.76,2.15,4.33
2021-05-10,2.82,2.35,5.31,1.52,4.36,2.07,4.8,6.02,0.06,0.76,2.15,4.33
2021-05-11,2.83,2.35,5.31,1.52,4.36,2.07,4.8,6.01,0.06,0.76,2.15,4.33
2021-05-12,2.84,2.36,5.32,1.52,4.36,2.07,4.81,6.02,0.06,0.76,2.15,4.33
2021-05-13,2.84,2.36,5.33,1.52,4.36,2.08,4.82,6.03,0.06,0.76,2.15,4.33
2021-05-14,2.85,2.37,5.33,1.52,4.36,2.08,4.82,6.03,0.06,0.76,2.15,4.33
2021-05-15,2.85,2.37,5.33,1.52,4.36,2.08,4.82,6.03,0.06,0.76,2.15,4.33
2021-05-16,2.84,2.36,5.33,1.52,4.36,2.08,4.82,6.03,0.06,0.76,2.15,4.33
2021-05-17,2.84,2.36,5.32,1.52,4.36,2.08,4.81,6.02,0.06,0.76,2.15,4.33
2021-05-18,2.84,2.36,5.32,1.52,4.36,2.08,4.81,6.01,0.06,0.76,2.15,4.32
2021-05-19,2.84,2.36,5.33,1.52,3.48,2.08,4.81,6.02,0.06,0.76,2.15,4.32
2021-05-20,2.84,2.36,5.33,1.52,2.61,2.08,4.81,6.02,0.06,0.76,2.15,4.32
2021-05-21,2.84,2.36,5.33,1.52,1.74,2.08,4.81,6.03,0.06,0.76,2.15,4.32
2021-05-22,2.84,2.36,5.33,1.52,0.87,2.08,4.81,6.02,0.06,0.76,2.15,4.32
2021-05-23,2.84,2.36,5.33,1.52,0.0,2.08,4.81,6.03,0.06,0.76,2.15,4.32
2021-05-24,2.83,2.36,5.32,1.52,0.81,2.08,4.8,7.22,0.06,0.76,2.15,4.31
2021-05-25,2.83,2.35,5.32,1.52,1.62,2.08,4.8,8.43,0.06,0.76,2.15,4.31
2021-05-26,2.82,2.35,5.32,1.52,2.43,2.08,4.79,8.43,0.06,0.76,2.15,4.31
2021-05-27,2.82,2.35,5.32,1.52,3.24,2.08,4.79,8.42,0.06,0.76,2.14,4.31
2021-05-28,2.82,2.35,5.32,1.52,4.05,2.08,4.79,8.41,0.06,0.76,2.14,4.3
2021-05-29,2.82,2.35,5.32,1.52,4.05,2.08,4.78,7.21,0.06,0.76,2.14,4.3
2021-05-30,2.82,2.35,5.32,1.52,4.04,2.08,4.78,6.0,0.06,0.76,2.14,4.3
2021-05-31,2.82,2.35,5.32,1.52,4.04,2.08,4.78,5.99,0.06,0.76,2.14,4.3
2021-06-01,3.39,2.81,6.36,1.82,4.04,2.41,5.76,5.98,0.06,0.9,2.56,5.18
2021-06-02,3.39,2.8,6.35,1.82,4.04,2.33,5.78,5.98,0.06,0.89,2.55,5.2
2021-06-03,3.4,2.79,6.34,1.82,4.04,2.24,5.81,5.98,0.05,0.89,2.53,5.22
2021-06-04,3.4,2.78,6.32,1.82,4.04,2.16,5.84,5.97,0.05,0.88,2.52,5.24
2021-06-05,3.4,2.77,6.3,1.82,4.03,2.08,5.86,5.96,0.04,0.87,2.51,5.26
2021-06-06,2.83,2.29,5.24,1.52,4.03,1.66,4.9,5.95,0.03,0.71,2.08,4.4
2021-06-07,2.83,2.29,5.24,1.52,4.03,1.66,4.9,5.95,0.03,0.71,2.08,4.4
2021-06-08,2.83,2.29,5.24,1.52,4.03,1.66,4.89,5.94,0.03,0.71,2.08,4.4
2021-06-09,2.82,2.29,5.24,1.52,4.03,1.66,4.89,5.94,0.03,0.71,2.08,4.39
2021-06-10,2.82,2.28,5.23,1.52,4.03,1.66,4.88,5.93,0.03,0.71,2.07,4.39
2021-06-11,2.81,2.28,5.23,1.52,4.03,1.66,4.87,5.93,0.03,0.71,2.07,4.38
2021-06-12,2.8,2.27,5.23,1.52,4.03,1.66,4.86,5.93,0.03,0.71,2.07,4.38
2021-06-13,2.8,2.27,5.22,1.52,4.03,1.66,4.86,5.93,0.03,0.71,2.07,4.38
2021-06-14,2.8,2.27,5.22,1.52,4.03,1.66,4.86,5.94,0.03,0.71,2.07,4.37
2021-06-15,2.8,2.27,5.22,1.52,4.03,1.66,4.86,5.95,0.03,0.71,2.07,4.38
2021-06-16,2.8,2.27,5.22,1.52,4.03,1.66,4.88,5.97,0.03,0.71,2.07,4.38
2021-06-17,2.8,2.28,5.23,1.52,4.03,1.66,4.88,5.99,0.03,0.71,2.07,4.38
2021-06-18,2.8,2.27,5.23,1.52,4.04,1.66,4.89,6.02,0.03,0.71,2.07,4.38
2021-06-19,2.79,2.27,5.23,1.52,4.04,1.66,4.89,6.05,0.03,0.71,2.07,4.38
2021-06-20,2.79,2.27,5.23,1.52,4.04,1.66,4.89,6.07,0.03,0.71,2.07,4.38
2021-06-21,2.79,2.27,5.23,1.52,4.85,1.66,4.89,6.09,0.03,0.71,2.07,4.38
2021-06-22,2.79,2.26,5.23,1.52,5.66,1.66,4.88,6.09,0.03,0.71,2.08,4.38
2021-06-23,2.79,2.27,5.22,1.52,5.66,1.66,4.88,4.87,0.03,0.71,2.08,4.38
2021-06-24,2.79,2.27,5.22,1.52,5.66,1.66,4.88,4.86,0.03,0.71,2.08,4.38
2021-06-25,2.8,2.27,5.21,1.52,5.66,1.66,4.88,4.85,0.03,0.71,2.08,4.38
2021-06-26,2.8,2.27,5.21,1.52,4.85,1.66,4.89,4.84,0.03,0.71,2.08,4.38
2021-06-27,2.8,2.27,5.21,1.52,4.04,1.66,4.89,4.84,0.03,0.71,2.08,4.38
2021-06-28,2.8,2.27,5.2,1.52,4.04,1.66,4.88,6.04,0.03,0.71,2.08,4.38
2021-06-29,2.79,2.27,5.2,1.52,4.04,1.66,4.88,6.05,0.03,0.71,2.08,4.38
2021-06-30,2.79,2.27,5.2,1.52,4.04,1.66,4.88,6.05,0.03,0.71,2.08,4.38
2021-07-01,2.78,2.27,5.2,1.51,4.04,1.58,4.87,6.06,0.03,0.72,2.08,4.27
2021-07-02,2.77,2.27,5.2,1.51,4.04,1.5,4.86,6.06,0.03,0.73,2.08,4.16
2021-07-03,2.75,2.28,5.2,1.5,4.04,1.42,4.85,6.07,0.03,0.73,2.08,4.05
2021-07-04,2.74,2.28,5.2,1.49,4.04,1.34,4.84,6.07,0.03,0.74,2.08,3.94
2021-07-05,2.73,2.28,5.2,1.49,4.04,1.26,4.83,6.08,0.03,0.75,2.09,3.83
2021-07-06,2.73,2.28,5.19,1.49,4.04,1.26,4.83,6.09,0.03,0.75,2.09,3.83
2021-07-07,2.73,2.28,5.19,1.49,4.04,1.26,4.83,6.1,0.03,0.75,2.08,3.83
2021-07-08,2.72,2.28,5.2,1.49,4.04,1.26,4.83,6.11,0.03,0.75,2.08,3.83
2021-07-09,2.72,2.27,5.2,1.49,4.04,1.26,4.83,6.12,0.03,0.75,2.08,3.82
2021-07-10,2.72,2.27,5.2,1.49,4.05,1.26,4.83,6.13,0.03,0.75,2.08,3.82
2021-07-11,2.72,2.27,5.2,1.49,4.05,1.26,4.83,6.13,0.03,0.75,2.08,3.82
2021-07-12,2.72,2.27,5.2,1.49,4.05,1.26,4.83,6.13,0.03,0.75,2.08,3.81
2021-07-13,2.73,2.28,5.2,1.49,4.04,1.26,4.83,6.13,0.03,0.75,2.08,3.81
2021-07-14,2.73,2.28,5.2,1.49,4.04,1.26,4.83,6.13,0.03,0.75,2.08,3.81
2021-07-15,2.72,2.28,5.21,1.49,4.04,1.26,4.83,6.13,0.03,0.75,2.08,3.81
2021-07-16,2.72,2.28,5.21,1.49,4.04,1.26,4.82,6.13,0.03,0.75,2.08,3.81
2021-07-17,2.72,2.27,5.21,1.49,4.04,1.26,4.82,6.12,0.03,0.75,2.08,3.81
2021-07-18,2.72,2.27,5.21,1.49,4.05,1.26,4.82,6.11,0.03,0.75,2.08,3.81
2021-07-19,2.72,2.27,5.22,1.49,4.84,1.26,4.81,6.11,0.03,0.74,2.07,3.81
2021-07-20,2.71,2.27,5.23,1.49,5.64,1.26,4.81,6.11,0.03,0.74,2.07,3.81
2021-07-21,2.71,2.27,5.23,1.49,5.63,1.26,4.81,6.12,0.03,0.74,2.07,3.81
2021-07-22,2.71,2.27,5.22,1.49,5.61,1.26,4.81,6.12,0.03,0.74,2.07,3.81
2021-07-23,2.71,2.26,5.22,1.49,5.6,1.25,4.81,6.12,0.03,0.74,2.07,3.81
2021-07-24,2.71,2.26,5.21,1.49,4.78,1.25,4.81,4.9,0.03,0.74,2.08,3.81
2021-07-25,2.71,2.26,5.2,1.49,3.97,1.25,4.81,3.67,0.03,0.74,2.08,3.81
2021-07-26,2.71,2.26,5.2,1.49,3.97,1.25,4.81,3.64,0.03,0.74,2.08,3.81
2021-07-27,2.7,2.26,5.2,1.49,3.97,1.25,4.82,3.61,0.03,0.74,2.08,3.81
2021-07-28,2.7,2.26,5.21,1.49,3.97,1.25,4.82,3.58,0.03,0.74,2.08,3.81
2021-07-29,2.7,2.26,5.21,1.49,3.97,1.25,4.82,4.76,0.03,0.74,2.08,3.81
2021-07-30,2.7,2.26,5.21,1.49,3.98,1.25,4.82,5.95,0.03,0.74,2.08,3.81
2021-07-31,2.16,1.81,4.17,1.19,3.98,1.0,3.86,5.94,0.02,0.59,1.66,3.05
2021-08-01,1.62,1.36,3.12,0.89,3.98,0.75,2.89,5.93,0.02,0.45,1.25,2.28
2021-08-02,1.6,1.34,3.09,0.8,3.98,0.71,2.87,5.93,0.02,0.45,1.23,2.35
2021-08-03,1.57,1.32,3.06,0.71,3.98,0.66,2.85,5.93,0.02,0.46,1.21,2.41
2021-08-04,1.55,1.31,3.03,0.62,3.98,0.62,2.84,5.93,0.02,0.47,1.2,2.48
2021-08-05,2.07,1.74,4.04,0.83,3.98,0.83,3.78,5.93,0.02,0.62,1.59,3.3
2021-08-06,2.59,2.18,5.06,1.04,3.98,1.03,4.74,5.95,0.03,0.78,1.99,4.13
2021-08-07,2.6,2.19,5.06,1.04,3.98,1.03,4.74,5.96,0.03,0.78,1.99,4.13
2021-08-08,2.6,2.19,5.06,1.04,3.98,1.03,4.75,5.97,0.03,0.78,2.0,4.13
2021-08-09,2.61,2.2,5.06,1.04,3.98,1.04,4.75,5.99,0.03,0.78,2.0,4.13
2021-08-10,2.62,2.2,5.06,1.04,3.98,1.04,4.76,6.0,0.03,0.78,2.0,4.14
2021-08-11,2.62,2.2,5.07,1.04,3.98,1.04,4.77,6.0,0.03,0.78,2.0,4.14
2021-08-12,2.62,2.21,5.07,1.04,3.98,1.04,4.77,6.0,0.03,0.78,2.0,4.14
2021-08-13,2.62,2.21,5.07,1.04,3.98,1.04,4.76,6.0,0.03,0.78,2.0,4.14
2021-08-14,2.62,2.2,5.06,1.04,3.98,1.04,4.76,5.99,0.03,0.78,2.0,4.14
2021-08-15,2.61,2.2,5.06,1.04,3.98,1.03,4.75,5.99,0.03,0.78,2.0,4.14
2021-08-16,2.61,2.2,5.05,1.04,3.98,1.03,4.75,5.98,0.03,0.78,2.0,4.14
2021-08-17,2.61,2.19,5.05,1.04,3.98,1.03,4.74,5.99,0.03,0.78,2.0,4.14
2021-08-18,2.61,2.2,5.06,1.04,3.18,1.03,4.74,5.99,0.03,0.78,2.0,4.14
2021-08-19,2.61,2.19,5.06,1.04,2.38,1.03,4.74,6.01,0.03,0.78,2.0,4.14
2021-08-20,2.61,2.19,5.06,1.04,1.59,1.04,4.75,6.02,0.03,0.78,2.0,4.14
2021-08-21,2.61,2.19,5.07,1.04,0.8,1.04,4.75,6.04,0.03,0.78,2.0,4.14
2021-08-22,2.6,2.19,5.07,1.04,0.0,1.04,4.75,6.05,0.03,0.78,2.0,4.14
2021-08-23,2.6,2.19,5.06,1.04,0.81,1.04,4.75,6.05,0.03,0.78,2.0,4.15
2021-08-24,2.6,2.19,5.05,1.04,1.61,1.04,4.74,6.04,0.03,0.78,2.0,4.14
2021-08-25,2.61,2.19,5.05,1.04,2.42,1.04,4.74,5.98,0.03,0.78,2.0,4.15
2021-08-26,2.61,2.2,5.04,1.04,3.23,1.04,4.74,5.92,0.03,0.78,2.0,4.15
2021-08-27,2.61,2.2,5.04,1.04,4.03,1.03,4.73,5.85,0.03,0.78,2.0,4.14
2021-08-28,2.61,2.2,5.03,1.04,4.03,1.03,4.72,5.79,0.03,0.78,2.0,4.14
2021-08-29,2.61,2.19,5.03,1.04,4.03,1.03,4.72,5.73,0.03,0.78,2.0,4.14
2021-08-30,2.6,2.19,5.02,1.04,4.03,1.03,4.71,5.72,0.03,0.78,2.0,4.14
2021-08-31,2.6,2.19,5.02,1.04,4.03,1.03,4.71,5.7,0.03,0.78,2.0,4.14
2021-09-01,2.58,2.18,4.99,1.1,4.02,1.02,4.7,5.69,0.03,0.77,1.99,4.17
2021-09-02,2.56,2.17,4.96,1.16,4.02,1.0,4.68,5.68,0.03,0.75,1.97,4.21
2021-09-03,2.54,2.16,4.93,1.22,4.02,0.98,4.67,5.67,0.04,0.74,1.96,4.24
2021-09-04,2.52,2.15,4.9,1.28,4.01,0.96,4.67,5.66,0.04,0.73,1.95,4.27
2021-09-05,2.5,2.14,4.86,1.34,4.01,0.94,4.66,5.66,0.04,0.72,1.93,4.31
2021-09-06,2.5,2.14,4.86,1.34,4.01,0.94,4.66,5.66,0.04,0.72,1.93,4.31
2021-09-07,2.51,2.15,4.87,1.34,4.01,0.94,4.67,5.66,0.04,0.72,1.93,4.31
2021-09-08,2.51,2.15,4.87,1.34,4.01,0.94,4.67,5.66,0.04,0.72,1.93,4.31
2021-09-09,2.51,2.14,4.87,1.34,4.01,0.94,4.67,5.67,0.04,0.72,1.93,4.31
2021-09-10,2.51,2.14,4.87,1.34,4.01,0.94,4.67,5.68,0.04,0.72,1.93,4.32
2021-09-11,2.51,2.14,4.87,1.33,4.01,0.94,4.67,5.69,0.04,0.72,1.93,4.32
2021-09-12,2.5,2.14,4.87,1.33,4.01,0.94,4.67,5.69,0.04,0.72,1.93,4.32
2021-09-13,2.5,2.14,4.87,1.33,4.01,0.94,4.67,5.69,0.04,0.72,1.93,4.32
2021-09-14,2.5,2.14,4.87,1.34,4.02,0.94,4.67,5.69,0.04,0.72,1.93,4.32
2021-09-15,2.5,2.14,4.87,1.34,4.01,0.94,4.67,5.69,0.04,0.72,1.93,4.32
2021-09-16,2.49,2.14,4.86,1.34,4.01,0.94,4.67,5.69,0.04,0.72,1.93,4.32
2021-09-17,2.49,2.14,4.86,1.34,4.01,0.94,4.67,5.7,0.04,0.72,1.93,4.32
2021-09-18,2.49,2.14,4.86,1.34,4.01,0.94,4.68,5.71,0.04,0.72,1.93,4.32
2021-09-19,2.5,2.14,4.86,1.34,4.01,0.94,4.68,5.72,0.04,0.72,1.93,4.32
2021-09-20,2.5,2.14,4.87,1.34,4.83,0.94,4.69,5.74,0.04,0.72,1.93,4.32
2021-09-21,2.5,2.14,4.87,1.34,5.65,0.94,4.7,5.75,0.04,0.72,1.93,4.32
2021-09-22,2.49,2.13,4.87,1.34,5.67,0.94,4.7,5.75,0.04,0.72,1.93,4.32
2021-09-23,2.49,2.14,4.87,1.34,5.68,0.94,4.71,5.75,0.04,0.72,1.93,4.32
2021-09-24,2.5,2.14,4.87,1.33,5.7,0.94,4.72,5.77,0.04,0.72,1.93,4.32
2021-09-25,2.5,2.14,4.87,1.33,4.89,0.95,4.73,5.77,0.04,0.72,1.93,4.33
2021-09-26,2.5,2.14,4.87,1.33,4.09,0.95,4.74,5.78,0.04,0.72,1.93,4.33
2021-09-27,2.51,2.15,4.87,1.33,4.09,0.95,4.76,5.79,0.04,0.72,1.94,4.33
2021-09-28,2.51,2.15,4.87,1.33,4.09,0.95,4.77,5.8,0.04,0.72,1.94,4.34
2021-09-29,2.52,2.15,4.88,1.33,4.09,0.95,4.78,5.82,0.04,0.72,1.94,4.35
2021-09-30,2.53,2.16,4.88,1.33,4.09,0.95,4.78,5.83,0.04,0.72,1.94,4.35
2021-10-01,2.58,2.2,4.94,1.35,4.09,0.81,4.78,5.83,0.04,0.74,1.96,4.33
2021-10-02,2.62,2.24,4.99,1.36,4.09,0.67,4.78,5.83,0.04,0.75,1.99,4.3
2021-10-03,2.67,2.28,5.03,1.37,4.09,0.53,4.77,5.83,0.04,0.76,2.01,4.27
2021-10-04,2.71,2.32,5.09,1.38,4.09,0.39,4.77,5.82,0.04,0.78,2.03,4.25
2021-10-05,2.76,2.36,5.14,1.39,4.09,0.25,4.76,5.83,0.04,0.79,2.05,4.22
2021-10-06,2.76,2.36,5.14,1.39,4.09,0.25,4.77,5.84,0.04,0.79,2.05,4.22
2021-10-07,2.76,2.37,5.15,1.39,4.09,0.25,4.78,5.84,0.04,0.79,2.05,4.22
2021-10-08,2.77,2.37,5.15,1.39,4.09,0.25,4.78,5.85,0.04,0.79,2.05,4.23
2021-10-09,2.78,2.38,5.16,1.39,4.08,0.25,4.79,5.86,0.04,0.79,2.05,4.23
2021-10-10,2.78,2.38,5.16,1.39,4.08,0.25,4.79,5.86,0.04,0.79,2.05,4.23
2021-10-11,2.79,2.39,5.17,1.39,4.08,0.25,4.79,5.86,0.04,0.8,2.05,4.24
2021-10-12,2.79,2.39,5.17,1.39,4.08,0.25,4.79,5.86,0.04,0.8,2.05,4.24
2021-10-13,2.79,2.38,5.17,1.39,4.08,0.25,4.79,5.86,0.04,0.8,2.05,4.24
2021-10-14,2.78,2.38,5.16,1.39,4.08,0.25,4.78,5.85,0.04,0.79,2.05,4.24
2021-10-15,2.77,2.37,5.16,1.39,4.08,0.25,4.77,5.84,0.04,0.8,2.05,4.24
2021-10-16,2.76,2.37,5.15,1.39,4.08,0.25,4.76,5.83,0.04,0.79,2.05,4.24
2021-10-17,2.76,2.37,5.14,1.39,4.08,0.25,4.75,5.82,0.04,0.79,2.05,4.25
2021-10-18,2.76,2.37,5.14,1.39,4.93,0.25,4.75,5.82,0.04,0.8,2.05,4.25
2021-10-19,2.77,2.37,5.14,1.39,5.78,0.25,4.75,5.82,0.04,0.8,2.05,4.25
2021-10-20,2.77,2.37,5.14,1.39,5.81,0.25,4.76,5.81,0.04,0.8,2.05,4.25
2021-10-21,2.78,2.38,5.14,1.39,5.84,0.25,4.76,5.83,0.04,0.8,2.05,4.25
2021-10-22,2.78,2.38,5.15,1.39,5.87,0.25,4.77,5.84,0.04,0.8,2.06,4.25
2021-10-23,2.78,2.38,5.15,1.39,5.05,0.25,4.77,5.84,0.04,0.8,2.06,4.25
2021-10-24,2.79,2.38,5.15,1.39,4.23,0.25,4.77,4.68,0.04,0.8,2.06,4.25
2021-10-25,2.78,2.38,5.16,1.39,4.23,0.25,4.77,4.69,0.04,0.8,2.06,4.26
2021-10-26,2.78,2.38,5.16,1.39,4.23,0.25,4.76,4.69,0.04,0.8,2.06,4.25
2021-10-27,2.77,2.37,5.16,1.39,4.23,0.25,4.75,4.69,0.04,0.8,2.06,4.25
2021-10-28,2.77,2.37,5.15,1.39,4.24,0.25,4.75,4.69,0.04,0.8,2.06,4.25
2021-10-29,2.76,2.37,5.15,1.39,4.24,0.25,4.74,5.88,0.04,0.8,2.05,4.25
2021-10-30,2.76,2.36,5.15,1.39,4.24,0.25,4.74,5.89,0.04,0.8,2.05,4.24
2021-10-31,2.2,1.89,4.12,1.11,4.24,0.2,3.79,5.9,0.03,0.64,1.64,3.39
2021-11-01,2.22,1.86,4.08,1.17,4.24,0.15,3.83,5.92,0.03,0.63,1.61,3.4
2021-11-02,2.24,1.83,4.04,1.22,4.24,0.1,3.87,5.93,0.03,0.63,1.58,3.42
2021-11-03,2.25,1.8,3.99,1.27,4.23,0.05,3.91,5.93,0.03,0.63,1.55,3.43
2021-11-04,2.26,1.77,3.95,1.33,4.23,0.0,3.94,5.93,0.03,0.63,1.52,3.44
2021-11-05,2.82,2.21,4.92,1.66,4.23,0.0,4.92,5.92,0.04,0.78,1.9,4.3
2021-11-06,2.82,2.2,4.91,1.66,4.23,0.0,4.9,5.91,0.04,0.78,1.89,4.3
2021-11-07,2.81,2.2,4.91,1.66,4.22,0.0,4.89,5.89,0.04,0.78,1.89,4.29
2021-11-08,2.8,2.19,4.9,1.66,4.22,0.0,4.88,5.88,0.04,0.78,1.89,4.29
2021-11-09,2.8,2.19,4.9,1.66,4.22,0.0,4.87,5.86,0.04,0.78,1.89,4.28
2021-11-10,2.81,2.19,4.9,1.66,4.22,0.0,4.88,5.86,0.04,0.78,1.89,4.28
2021-11-11,2.81,2.2,4.91,1.66,4.22,0.0,4.9,5.86,0.04,0.78,1.89,4.28
2021-11-12,2.82,2.2,4.92,1.66,4.22,0.0,4.91,5.87,0.04,0.78,1.89,4.28
2021-11-13,2.83,2.21,4.92,1.66,4.23,0.0,4.92,5.88,0.04,0.78,1.89,4.27
2021-11-14,2.84,2.21,4.93,1.66,4.23,0.0,4.93,5.89,0.04,0.78,1.89,4.27
2021-11-15,2.84,2.22,4.93,1.66,4.23,0.0,4.93,5.9,0.04,0.79,1.89,4.27
2021-11-16,2.85,2.22,4.93,1.66,4.23,0.0,4.93,5.91,0.04,0.79,1.89,4.27
2021-11-17,2.85,2.22,4.94,1.66,3.38,0.0,4.94,5.92,0.04,0.79,1.89,4.28
2021-11-18,2.85,2.22,4.94,1.66,2.54,0.0,4.94,5.94,0.04,0.79,1.89,4.28
2021-11-19,2.85,2.22,4.94,1.66,1.69,0.0,4.94,5.96,0.04,0.79,1.89,4.28
2021-11-20,2.85,2.22,4.94,1.66,0.85,0.0,4.94,5.98,0.04,0.79,1.89,4.28
2021-11-21,2.84,2.22,4.95,1.66,0.0,0.0,4.93,5.99,0.04,0.79,1.89,4.28
2021-11-22,2.84,2.22,4.95,1.66,0.85,0.0,4.94,6.01,0.04,0.79,1.89,4.28
2021-11-23,2.85,2.22,4.96,1.66,1.7,0.0,4.96,7.25,0.04,0.79,1.89,4.28
2021-11-24,2.86,2.23,4.96,1.66,2.55,0.0,4.97,7.27,0.04,0.79,1.89,4.28
2021-11-25,2.86,2.23,4.97,1.66,3.4,0.0,4.99,7.29,0.04,0.79,1.89,4.28
2021-11-26,2.86,2.23,4.98,1.66,4.25,0.0,5.01,7.32,0.04,0.79,1.89,4.28
2021-11-27,2.86,2.23,4.99,1.66,4.26,0.0,5.03,7.34,0.04,0.79,1.89,4.28
2021-11-28,2.85,2.22,5.0,1.66,4.26,0.0,5.04,6.13,0.04,0.79,1.89,4.27
2021-11-29,2.85,2.22,5.0,1.66,4.27,0.0,5.04,6.14,0.04,0.79,1.89,4.27
2021-11-30,2.84,2.21,5.0,1.66,4.27,0.0,5.05,6.13,0.04,0.79,1.89,4.27
2021-12-01,2.79,2.22,5.02,1.69,4.27,0.0,5.03,6.12,0.04,1.5,1.91,4.2
2021-12-02,2.74,2.23,5.03,1.72,4.27,0.0,5.0,6.11,0.04,2.21,1.92,4.14
2021-12-03,2.68,2.24,5.04,1.75,4.27,0.0,4.98,6.1,0.04,2.92,1.94,4.07
2021-12-04,2.62,2.24,5.05,1.78,4.27,0.0,4.96,6.1,0.04,3.63,1.96,4.0
2021-12-05,2.57,2.25,5.06,1.81,4.26,0.0,4.94,6.1,0.04,4.35,1.98,3.93
2021-12-06,2.57,2.25,5.05,1.81,4.26,0.0,4.94,6.1,0.04,4.35,1.98,3.93
2021-12-07,2.56,2.25,5.04,1.81,4.26,0.0,4.93,6.09,0.04,4.35,1.98,3.93
2021-12-08,2.57,2.25,5.03,1.81,4.25,0.0,4.92,6.08,0.04,4.35,1.98,3.93
2021-12-09,2.58,2.26,5.02,1.81,4.25,0.0,4.92,6.06,0.04,4.36,1.98,3.93
2021-12-10,2.58,2.26,5.02,1.81,4.24,0.0,4.92,6.05,0.04,4.36,1.98,3.93
2021-12-11,2.59,2.27,5.01,1.81,4.24,0.0,4.91,6.04,0.04,4.36,1.98,3.93
2021-12-12,2.59,2.27,5.02,1.81,4.23,0.0,4.91,6.03,0.04,4.36,1.98,3.93
2021-12-13,2.59,2.27,5.02,1.81,4.23,0.0,4.91,6.04,0.04,4.36,1.98,3.93
2021-12-14,2.59,2.27,5.02,1.81,4.23,0.0,4.91,6.05,0.04,4.36,1.98,3.93
2021-12-15,2.59,2.26,5.02,1.81,4.23,0.0,4.91,6.06,0.04,4.36,1.98,3.93
2021-12-16,3.14,2.73,6.07,1.81,4.23,0.0,5.93,6.07,0.06,4.55,2.36,3.93
2021-12-17,3.69,3.2,7.12,1.81,4.23,0.0,6.94,6.08,0.07,4.75,2.74,3.93
2021-12-18,4.24,3.66,8.17,1.81,4.24,0.0,7.97,6.09,0.09,4.95,3.12,3.93
2021-12-19,4.79,4.13,9.22,1.81,4.23,0.0,8.99,6.08,0.1,5.14,3.5,3.93
2021-12-20,5.35,4.6,10.28,1.81,5.07,0.0,10.01,6.08,0.11,5.34,3.88,3.93
2021-12-21,5.35,4.6,10.28,1.81,5.89,0.0,10.02,6.08,0.11,5.34,3.88,3.93
2021-12-22,5.35,4.6,10.26,1.81,5.88,0.0,10.02,6.07,0.11,5.34,3.88,3.93
2021-12-23,5.35,4.6,10.24,2.13,5.86,0.0,10.02,4.85,0.11,5.34,3.88,3.93
2021-12-24,5.35,4.6,10.23,2.46,5.84,0.0,10.02,3.63,0.11,5.35,3.88,3.93
2021-12-25,5.35,4.6,10.2,2.78,4.99,0.0,10.01,2.42,0.11,5.35,3.88,3.93
2021-12-26,5.35,4.6,10.19,3.11,4.15,0.0,10.01,1.21,0.11,5.35,3.88,3.92
2021-12-27,5.35,4.6,10.18,3.43,4.15,0.0,10.0,1.2,0.11,5.35,3.88,3.92
2021-12-28,5.35,4.6,10.18,3.43,4.15,0.0,9.99,2.4,0.11,5.35,3.88,3.92
2021-12-29,5.35,4.61,10.18,3.43,4.15,0.0,9.99,3.6,0.11,5.35,3.88,4.73
2021-12-30,5.35,4.61,10.19,3.43,4.15,0.0,9.97,4.81,0.11,5.35,3.88,5.53
2021-12-31,4.84,4.15,9.2,3.07,4.14,0.0,8.98,6.01,0.11,4.48,3.49,5.55
2022-01-01,4.32,3.7,8.21,2.71,4.14,0.0,8.0,6.02,0.1,3.6,3.09,5.57
2022-01-02,3.81,3.25,7.21,2.35,4.14,0.0,7.02,6.03,0.09,2.73,2.7,5.58
2022-01-03,3.29,2.8,6.22,1.99,4.14,0.0,6.04,6.03,0.08,1.86,2.3,4.8
2022-01-04,2.78,2.35,5.23,1.63,4.14,0.0,5.07,6.04,0.07,0.99,1.91,4.02
2022-01-05,2.79,2.36,5.24,1.63,4.14,0.0,5.09,6.06,0.07,0.99,1.91,4.02
2022-01-06,2.8,2.36,5.25,1.63,4.14,0.0,5.11,6.07,0.07,0.99,1.91,4.03
2022-01-07,2.81,2.37,5.27,1.63,4.14,0.0,5.14,6.07,0.07,0.99,1.91,4.03
2022-01-08,2.82,2.38,5.28,1.63,4.14,0.0,5.15,6.08,0.07,0.99,1.91,4.04
2022-01-09,2.83,2.38,5.29,1.63,4.14,0.0,5.16,6.08,0.07,0.99,1.92,4.04
2022-01-10,2.83,2.38,5.29,1.63,4.14,0.0,5.17,6.07,0.07,0.99,1.92,4.04
2022-01-11,2.83,2.38,5.29,1.63,4.13,0.0,5.17,6.06,0.07,0.99,1.92,4.05
2022-01-12,2.83,2.38,5.28,1.63,4.13,0.0,5.18,6.05,0.07,0.99,1.92,4.05
2022-01-13,2.83,2.38,5.28,1.63,4.13,0.0,5.18,6.04,0.07,0.99,1.92,4.05
2022-01-14,2.83,2.38,5.27,1.63,4.13,0.0,5.2,6.04,0.07,0.99,1.92,4.06
2022-01-15,2.26,1.91,4.22,1.63,4.12,0.0,4.16,6.03,0.06,0.79,1.54,4.06
2022-01-16,1.7,1.43,3.16,1.63,4.12,0.0,3.13,6.03,0.04,0.6,1.15,4.06
2022-01-17,1.13,0.95,2.11,1.63,4.12,0.0,2.09,6.04,0.03,0.4,0.77,4.06
2022-01-18,0.57,0.48,1.06,1.63,4.12,0.0,1.05,6.05,0.01,0.2,0.39,4.06
2022-01-19,0.0,0.0,0.0,1.63,3.3,0.0,0.0,6.05,0.0,0.0,0.0,4.07
2022-01-20,0.0,0.0,0.0,1.63,2.47,0.0,0.0,6.04,0.0,0.0,0.0,4.07
2022-01-21,0.0,0.0,0.0,1.63,1.65,0.0,0.0,6.04,0.0,0.0,0.0,4.08
2022-01-22,0.0,0.0,0.0,1.3,0.83,0.0,0.0,6.03,0.0,0.0,0.0,4.08
2022-01-23,0.0,0.0,0.0,0.98,0.0,0.0,0.0,6.02,0.0,0.0,0.0,4.08
2022-01-24,0.0,0.0,0.0,0.65,0.84,0.0,0.0,6.03,0.0,0.0,0.0,4.09
2022-01-25,0.0,0.0,0.0,0.33,1.69,0.0,0.0,7.25,0.0,0.0,0.0,4.09
2022-01-26,0.0,0.0,0.0,0.0,2.53,0.0,0.0,7.26,0.0,0.0,0.0,4.1
2022-01-27,0.0,0.0,0.0,0.0,3.38,0.0,0.0,7.28,0.0,0.0,0.0,4.11
2022-01-28,0.0,0.0,0.0,0.0,4.22,0.0,0.0,7.29,0.0,0.0,0.0,3.29
2022-01-29,0.0,0.0,0.0,0.0,4.23,0.0,0.0,7.29,0.0,0.0,0.0,2.47
2022-01-30,0.0,0.0,0.0,0.0,4.23,0.0,0.0,6.09,0.0,0.0,0.0,1.65
2022-01-31,0.0,0.0,0.0,0.0,4.23,0.0,0.0,6.07,0.0,0.0,0.0,0.83
2022-02-01,0.54,0.47,1.1,0.25,4.23,0.44,1.06,6.06,0.01,0.19,0.38,0.84
2022-02-02,1.09,0.93,2.2,0.51,4.22,0.88,2.11,6.04,0.01,0.37,0.76,1.67
2022-02-03,1.63,1.4,3.31,0.76,4.22,1.32,3.17,6.02,0.02,0.56,1.13,2.5
2022-02-04,2.19,1.88,4.43,1.02,4.22,1.76,4.24,6.0,0.02,0.75,1.51,3.34
2022-02-05,2.74,2.35,5.54,1.27,4.22,2.2,5.3,6.0,0.03,0.94,1.89,4.18
2022-02-06,2.75,2.36,5.55,1.27,4.21,2.21,5.31,6.0,0.03,0.94,1.89,4.17
2022-02-07,2.76,2.37,5.57,1.27,4.21,2.21,5.33,6.0,0.03,0.94,1.89,4.18
2022-02-08,2.76,2.37,5.57,1.27,4.21,2.21,5.34,6.0,0.03,0.94,1.89,4.18
2022-02-09,2.76,2.37,5.57,1.27,4.21,2.21,5.34,5.99,0.03,0.94,1.89,4.18
2022-02-10,2.77,2.37,5.58,1.27,4.22,2.22,5.35,5.98,0.03,0.94,1.89,4.19
2022-02-11,2.77,2.38,5.6,1.27,4.22,2.22,5.37,5.99,0.03,0.94,1.9,4.2
2022-02-12,2.78,2.38,5.61,1.27,4.22,2.23,5.39,5.99,0.03,0.95,1.9,4.22
2022-02-13,2.78,2.38,5.62,1.27,4.23,2.23,5.41,6.0,0.03,0.95,1.9,4.23
2022-02-14,2.79,2.39,5.64,1.27,4.23,2.23,5.43,6.01,0.03,0.95,1.91,4.24
2022-02-15,2.79,2.39,5.65,1.27,4.24,2.23,5.42,6.01,0.03,0.95,1.91,4.25
2022-02-16,2.8,2.39,5.64,1.27,4.24,2.23,5.41,6.0,0.03,0.95,1.91,4.25
2022-02-17,2.8,2.4,5.64,1.27,4.24,2.23,5.41,5.98,0.03,0.95,1.91,4.25
2022-02-18,2.81,2.4,5.64,1.27,4.25,2.24,5.4,5.96,0.03,0.95,1.91,4.25
2022-02-19,2.81,2.4,5.63,1.27,4.25,2.23,5.4,5.95,0.03,0.95,1.91,4.24
2022-02-20,2.81,2.4,5.63,1.27,4.25,2.23,5.4,5.95,0.03,0.95,1.91,4.24
2022-02-21,2.8,2.4,5.63,1.27,4.26,2.23,5.4,5.95,0.03,0.95,1.91,4.24
2022-02-22,2.8,2.4,5.63,1.27,5.12,2.23,5.42,7.1,0.03,0.95,1.91,4.24
2022-02-23,2.81,2.4,5.64,1.27,5.14,2.24,5.45,8.27,0.03,0.95,1.91,4.24
2022-02-24,2.81,2.4,5.64,1.27,5.16,2.24,5.49,8.27,0.03,0.95,1.91,4.24
2022-02-25,2.81,2.41,5.63,1.27,5.17,2.24,5.52,8.25,0.03,0.95,1.91,4.24
2022-02-26,2.81,2.41,5.62,1.27,5.18,2.24,5.55,8.22,0.03,0.95,1.91,4.24
2022-02-27,2.81,2.41,5.6,1.27,4.33,2.24,5.57,7.04,0.03,0.95,1.91,4.24
2022-02-28,2.8,2.4,5.59,1.27,4.33,2.23,5.58,5.9,0.03,0.95,1.91,4.24
2022-03-01,3.38,2.89,6.71,1.47,4.33,2.59,6.68,5.93,0.05,1.16,2.32,5.02
2022-03-02,3.97,3.4,7.83,1.67,4.33,2.96,7.8,5.99,0.07,1.37,2.74,5.8
2022-03-03,4.01,3.43,7.84,1.61,4.33,2.88,7.79,6.05,0.09,1.4,2.78,5.72
2022-03-04,4.04,3.45,7.86,1.55,4.33,2.8,7.79,6.13,0.11,1.43,2.82,5.65
2022-03-05,4.07,3.48,7.88,1.49,4.34,2.72,7.79,6.14,0.13,1.45,2.86,5.58
2022-03-06,3.53,3.01,6.77,1.23,4.34,2.28,6.68,6.16,0.12,1.26,2.48,4.73
2022-03-07,2.97,2.53,5.67,0.98,4.35,1.83,5.58,6.2,0.11,1.07,2.1,3.89
2022-03-08,2.98,2.54,5.7,0.98,4.35,1.83,5.6,6.24,0.11,1.07,2.1,3.9
2022-03-09,2.99,2.55,5.7,0.98,4.36,1.84,5.59,6.25,0.11,1.08,2.1,3.91
2022-03-10,3.0,2.56,5.71,0.98,4.37,1.84,5.58,6.28,0.11,1.08,2.11,3.92
2022-03-11,3.02,2.57,5.74,0.98,4.39,1.85,5.57,6.3,0.11,1.08,2.11,3.92
2022-03-12,3.03,2.58,5.75,0.98,4.4,1.85,5.56,6.3,0.11,1.08,2.11,3.93
2022-03-13,3.04,2.58,5.76,0.98,4.4,1.85,5.55,6.3,0.11,1.08,2.12,3.93
2022-03-14,3.05,2.59,5.79,0.98,4.42,1.85,5.56,6.32,0.11,1.08,2.12,3.94
2022-03-15,3.06,2.59,5.8,0.98,4.42,1.86,5.57,6.32,0.11,1.09,2.13,3.95
2022-03-16,3.06,2.59,5.79,0.98,4.41,1.86,5.54,6.31,0.11,1.09,2.13,3.96
2022-03-17,3.05,2.59,5.77,0.98,4.4,1.86,5.51,6.29,0.11,1.09,2.13,3.96
2022-03-18,3.04,2.59,5.75,0.98,4.38,1.87,5.48,6.26,0.11,1.09,2.13,3.97
2022-03-19,3.02,2.57,5.71,0.98,4.37,1.87,5.45,6.21,0.11,1.09,2.13,3.96
2022-03-20,3.01,2.57,5.69,0.98,4.35,1.86,5.42,6.17,0.11,1.09,2.13,3.95
2022-03-21,3.01,2.57,5.69,0.98,5.21,1.87,5.44,6.16,0.11,1.09,2.13,3.95
2022-03-22,3.02,2.57,5.69,0.98,6.08,1.87,5.47,6.15,0.11,1.09,2.14,3.96
2022-03-23,3.03,2.58,5.7,0.98,6.95,1.87,5.49,6.16,0.11,1.09,2.14,3.97
2022-03-24,3.04,2.59,5.71,0.98,6.95,1.88,5.5,4.93,0.11,1.09,2.14,3.98
2022-03-25,3.05,2.6,5.73,0.98,6.95,1.88,5.52,4.94,0.11,1.1,2.15,3.99
2022-03-26,3.06,2.6,5.73,0.98,6.08,1.89,5.52,4.94,0.11,1.1,2.15,4.01
2022-03-27,3.06,2.6,5.74,0.98,5.22,1.89,5.52,4.94,0.11,1.1,2.15,4.01
2022-03-28,3.06,2.6,5.74,0.98,4.35,1.9,5.5,4.95,0.11,1.1,2.16,4.02
2022-03-29,3.06,2.6,5.73,0.98,4.34,1.9,5.49,6.18,0.11,1.1,2.16,4.02
2022-03-30,3.05,2.59,5.71,0.98,4.33,1.89,5.46,6.17,0.11,1.1,2.16,4.02
2022-03-31,2.43,2.07,4.56,0.79,4.32,1.51,4.36,6.15,0.09,0.88,1.73,3.22
2022-04-01,2.42,2.03,4.65,0.85,4.32,1.51,4.42,6.14,0.12,0.9,1.7,3.26
2022-04-02,2.41,1.99,4.74,0.92,4.31,1.5,4.48,6.12,0.15,0.92,1.68,3.3
2022-04-03,2.41,1.95,4.85,0.98,4.31,1.5,4.56,6.12,0.18,0.94,1.66,3.35
2022-04-04,2.4,1.91,4.94,1.05,4.3,1.5,4.64,6.1,0.21,0.96,1.63,3.39
2022-04-05,3.01,2.39,6.19,1.31,4.3,1.88,5.81,6.1,0.26,1.2,2.04,4.24
2022-04-06,3.02,2.4,6.2,1.31,4.3,1.88,5.83,6.11,0.26,1.2,2.05,4.24
2022-04-07,3.04,2.41,6.22,1.3,4.3,1.89,5.85,6.13,0.26,1.2,2.05,4.25
2022-04-08,3.06,2.42,6.25,1.3,4.3,1.89,5.88,6.15,0.26,1.21,2.05,4.26
2022-04-09,3.08,2.43,6.28,1.3,4.3,1.9,5.92,6.18,0.26,1.21,2.05,4.27
2022-04-10,3.09,2.44,6.3,1.3,4.3,1.9,5.94,6.2,0.26,1.21,2.06,4.28
2022-04-11,3.1,2.45,6.32,1.3,4.31,1.91,5.96,6.2,0.26,1.21,2.06,4.29
2022-04-12,3.12,2.45,6.33,1.3,4.31,1.91,5.99,6.18,0.26,1.21,2.06,4.3
2022-04-13,3.12,2.45,6.32,1.3,4.31,1.91,5.99,6.18,0.26,1.21,2.06,4.31
2022-04-14,3.13,2.46,6.32,1.3,4.31,1.91,6.01,6.18,0.26,1.21,2.07,4.32
2022-04-15,3.14,2.47,6.32,1.3,4.32,1.91,6.03,6.18,0.26,1.21,2.07,4.33
2022-04-16,3.14,2.47,6.31,1.3,4.31,1.91,6.03,6.19,0.26,1.21,2.07,4.34
2022-04-17,3.15,2.47,6.31,1.3,4.31,1.92,6.04,6.21,0.26,1.21,2.07,4.34
2022-04-18,3.16,2.48,6.32,1.3,5.2,1.92,6.05,6.22,0.26,1.21,2.07,4.35
2022-04-19,3.17,2.48,6.33,1.3,6.07,1.92,6.06,6.22,0.26,1.21,2.08,4.36
2022-04-20,3.17,2.49,6.33,1.3,6.08,1.93,6.05,6.23,0.26,1.21,2.08,4.36
2022-04-21,3.18,2.49,6.33,1.3,6.1,1.93,6.06,6.24,0.26,1.21,2.08,4.37
2022-04-22,3.19,2.5,6.35,1.3,6.11,1.93,6.08,6.27,0.26,1.21,2.09,4.38
2022-04-23,3.2,2.51,6.36,1.3,5.25,1.94,6.1,6.29,0.26,1.22,2.09,4.39
2022-04-24,3.2,2.51,6.38,1.3,4.39,1.94,6.12,5.04,0.26,1.22,2.09,4.4
2022-04-25,3.2,2.51,6.38,1.3,4.4,1.94,6.13,5.07,0.26,1.22,2.09,4.4
2022-04-26,3.19,2.5,6.39,1.3,4.4,1.94,6.14,5.1,0.26,1.21,2.09,4.4
2022-04-27,3.19,2.5,6.39,1.3,4.41,1.93,6.14,5.12,0.26,1.21,2.09,4.4
2022-04-28,3.19,2.5,6.38,1.3,4.41,1.93,6.13,5.16,0.26,1.21,2.09,4.4
2022-04-29,3.19,2.5,6.4,1.3,4.41,1.93,6.15,6.45,0.26,1.21,2.09,4.41
2022-04-30,3.21,2.51,6.42,1.3,4.42,1.93,6.18,6.48,0.26,1.22,2.09,4.41
2022-05-01,2.57,2.01,5.14,1.04,4.42,1.54,4.95,6.49,0.21,0.97,1.68,3.53
2022-05-02,2.58,2.08,5.04,1.15,4.42,1.58,4.92,6.51,0.22,0.99,1.69,3.55
2022-05-03,2.58,2.15,4.94,1.26,4.43,1.62,4.88,6.51,0.24,1.01,1.71,3.58
2022-05-04,2.57,2.2,4.81,1.37,4.43,1.65,4.8,6.51,0.26,1.02,1.73,3.6
2022-05-05,2.57,2.27,4.7,1.48,4.43,1.69,4.73,6.52,0.28,1.04,1.75,3.62
2022-05-06,3.23,2.84,5.89,1.85,4.44,2.12,5.93,6.53,0.36,1.3,2.19,4.53
2022-05-07,3.23,2.85,5.9,1.85,4.45,2.12,5.94,6.54,0.36,1.3,2.19,4.54
2022-05-08,3.24,2.85,5.91,1.85,4.45,2.12,5.96,6.54,0.36,1.3,2.2,4.54
2022-05-09,3.25,2.86,5.95,1.85,4.47,2.12,6.0,6.57,0.36,1.3,2.2,4.55
2022-05-10,3.26,2.86,5.96,1.85,4.48,2.12,6.02,6.59,0.36,1.3,2.2,4.57
2022-05-11,3.25,2.86,5.98,1.85,4.5,2.12,6.02,6.6,0.36,1.29,2.2,4.58
2022-05-12,3.24,2.85,5.99,1.85,4.52,2.11,6.02,6.61,0.36,1.29,2.2,4.59
2022-05-13,3.23,2.85,6.0,1.85,4.54,2.1,6.02,6.62,0.36,1.29,2.21,4.6
2022-05-14,3.23,2.85,6.0,1.85,4.55,2.1,6.01,6.62,0.36,1.29,2.21,4.61
2022-05-15,3.23,2.85,6.01,1.86,4.55,2.1,6.01,6.61,0.36,1.29,2.21,4.62
2022-05-16,3.23,2.85,6.01,1.86,4.55,2.1,6.02,6.6,0.36,1.29,2.21,4.62
2022-05-17,3.24,2.85,6.01,1.86,4.54,2.1,6.02,6.59,0.36,1.29,2.22,4.63
2022-05-18,3.24,2.85,6.02,1.87,3.63,2.1,6.03,6.58,0.36,1.29,2.22,4.65
2022-05-19,3.24,2.85,6.03,1.87,2.72,2.1,6.03,6.57,0.36,1.29,2.22,4.65
2022-05-20,3.23,2.85,6.03,1.87,1.82,2.09,6.03,6.54,0.36,1.29,2.21,4.65
2022-05-21,3.23,2.84,6.04,1.87,0.9,2.09,6.02,6.52,0.36,1.29,2.21,4.65
2022-05-22,3.22,2.84,6.04,1.87,0.0,2.09,6.01,6.5,0.36,1.29,2.21,4.65
2022-05-23,3.22,2.84,6.03,1.87,0.94,2.09,6.0,6.47,0.36,1.29,2.2,4.63
2022-05-24,3.21,2.83,6.02,1.87,1.89,2.09,5.98,7.72,0.36,1.29,2.2,4.61
2022-05-25,3.2,2.82,5.99,1.87,2.84,2.08,5.96,7.69,0.36,1.29,2.19,4.59
2022-05-26,3.19,2.81,5.94,1.87,3.77,2.08,5.93,7.66,0.36,1.28,2.18,4.55
2022-05-27,3.17,2.8,5.89,1.87,4.7,2.08,5.9,7.63,0.36,1.28,2.17,4.51
2022-05-28,3.15,2.78,5.83,1.87,4.69,2.07,5.88,7.61,0.36,1.28,2.16,4.47
2022-05-29,3.14,2.78,5.79,1.87,4.67,2.07,5.86,6.32,0.36,1.28,2.15,4.45
2022-05-30,3.14,2.78,5.76,1.87,4.66,2.07,5.85,6.31,0.36,1.28,2.15,4.43
2022-05-31,3.14,2.78,5.76,1.87,4.65,2.07,5.86,6.3,0.36,1.28,2.15,4.44
2022-06-01,3.2,2.81,5.79,1.96,4.65,2.12,5.77,6.32,0.4,1.28,2.13,4.34
2022-06-02,3.26,2.84,5.8,2.06,4.65,2.16,5.68,6.32,0.45,1.29,2.1,4.24
2022-06-03,3.32,2.87,5.83,2.15,4.64,2.2,5.59,6.32,0.49,1.29,2.08,4.14
2022-06-04,3.38,2.9,5.85,2.25,4.64,2.25,5.5,6.32,0.54,1.29,2.05,4.04
2022-06-05,3.43,2.92,5.87,2.34,4.63,2.29,5.4,6.32,0.58,1.29,2.03,3.94
2022-06-06,3.44,2.93,5.88,2.34,4.63,2.29,5.42,6.31,0.58,1.29,2.03,3.94
2022-06-07,3.44,2.93,5.9,2.34,4.63,2.29,5.43,6.32,0.58,1.29,2.03,3.95
2022-06-08,3.45,2.93,5.91,2.34,4.63,2.3,5.45,6.33,0.58,1.29,2.03,3.96
2022-06-09,3.46,2.94,5.94,2.34,4.63,2.3,5.48,6.36,0.58,1.29,2.04,3.97
2022-06-10,3.47,2.95,5.99,2.34,4.65,2.31,5.52,6.41,0.58,1.3,2.04,4.0
2022-06-11,3.49,2.96,6.02,2.34,4.66,2.31,5.56,6.44,0.58,1.3,2.04,4.02
2022-06-12,3.5,2.97,6.07,2.34,4.68,2.32,5.6,6.47,0.58,1.3,2.05,4.04
2022-06-13,3.53,2.99,6.14,2.34,4.72,2.33,5.65,6.54,0.58,1.31,2.06,4.09
2022-06-14,3.56,3.01,6.19,2.34,4.74,2.35,5.71,6.58,0.58,1.31,2.06,4.13
2022-06-15,3.57,3.02,6.2,2.35,4.75,2.36,5.7,6.59,0.58,1.31,2.07,4.14
2022-06-16,3.57,3.02,6.23,2.35,4.77,2.36,5.73,6.6,0.58,1.32,2.08,4.16
2022-06-17,3.58,3.03,6.26,2.35,4.78,2.37,5.74,6.62,0.58,1.32,2.08,4.18
2022-06-18,3.57,3.02,6.24,2.35,4.76,2.37,5.73,6.62,0.58,1.31,2.08,4.16
2022-06-19,3.56,3.01,6.24,2.35,4.76,2.36,5.71,6.6,0.58,1.31,2.08,4.15
2022-06-20,3.56,3.01,6.25,2.36,4.76,2.36,5.73,6.61,0.58,1.31,2.08,4.15
2022-06-21,3.56,3.01,6.25,2.36,5.78,2.36,5.73,6.62,0.58,1.31,2.08,4.15
2022-06-22,3.56,3.01,6.25,2.36,5.86,2.36,5.73,6.61,0.58,1.31,2.08,4.15
2022-06-23,3.56,3.01,6.24,2.36,5.95,2.35,5.73,5.29,0.58,1.31,2.07,4.15
2022-06-24,3.56,3.01,6.23,2.36,6.03,2.35,5.72,5.28,0.58,1.31,2.07,4.15
2022-06-25,3.55,3.0,6.21,2.36,6.1,2.34,5.71,5.28,0.58,1.3,2.07,4.14
2022-06-26,3.54,3.0,6.19,2.36,5.16,2.34,5.7,5.27,0.58,1.3,2.07,4.13
2022-06-27,3.54,3.0,6.18,2.36,5.16,2.34,5.71,5.27,0.58,1.3,2.07,4.13
2022-06-28,3.55,3.0,6.19,2.36,5.16,2.34,5.73,6.59,0.58,1.3,2.07,4.12
2022-06-29,3.55,3.0,6.22,2.36,5.17,2.34,5.75,6.59,0.58,1.3,2.07,4.12
2022-06-30,3.55,3.0,6.24,2.36,5.18,2.33,5.77,6.59,0.58,1.3,2.07,4.1
2022-07-01,3.6,3.21,6.34,2.43,5.19,2.29,5.86,6.6,0.66,1.34,2.12,4.25
2022-07-02,3.64,3.42,6.44,2.49,5.19,2.25,5.93,6.6,0.74,1.38,2.18,4.4
2022-07-03,3.69,3.63,6.52,2.56,5.19,2.2,5.99,6.6,0.82,1.43,2.24,4.55
2022-07-04,3.73,3.84,6.59,2.62,5.2,2.16,6.06,6.61,0.9,1.47,2.29,4.71
2022-07-05,3.78,4.05,6.67,2.69,5.19,2.13,6.14,6.63,0.98,1.51,2.35,4.87
2022-07-06,3.79,4.05,6.68,2.69,5.2,2.13,6.16,6.67,0.98,1.51,2.35,4.87
2022-07-07,3.79,4.05,6.66,2.69,5.2,2.13,6.18,6.69,0.98,1.51,2.35,4.88
2022-07-08,3.8,4.06,6.65,2.69,5.19,2.13,6.2,6.71,0.98,1.51,2.35,4.88
2022-07-09,3.8,4.06,6.63,2.69,5.18,2.14,6.22,6.73,0.98,1.52,2.35,4.89
2022-07-10,3.81,4.07,6.61,2.69,5.17,2.14,6.23,6.73,0.98,1.52,2.35,4.89
2022-07-11,3.81,4.07,6.6,2.69,5.17,2.14,6.25,6.73,0.98,1.52,2.35,4.89
2022-07-12,3.81,4.06,6.6,2.69,5.17,2.14,6.27,6.75,0.98,1.52,2.35,4.89
2022-07-13,3.8,4.06,6.6,2.69,5.17,2.14,6.28,6.77,0.98,1.52,2.35,4.89
2022-07-14,3.79,4.05,6.61,2.69,5.17,2.14,6.33,6.8,0.98,1.52,2.34,4.88
2022-07-15,3.78,4.04,6.6,2.69,5.17,2.13,6.36,6.81,0.98,1.52,2.34,4.88
2022-07-16,3.77,4.04,6.58,2.69,5.15,2.13,6.37,6.81,0.98,1.52,2.34,4.87
2022-07-17,3.77,4.03,6.57,2.69,5.14,2.13,6.39,6.79,0.98,1.52,2.34,4.87
2022-07-18,3.77,4.04,6.57,2.69,6.24,2.13,6.4,6.79,0.98,1.52,2.34,4.87
2022-07-19,3.77,4.03,6.55,2.69,7.3,2.13,6.37,6.76,0.98,1.52,2.34,4.87
2022-07-20,3.77,4.04,6.54,2.69,8.38,2.13,6.34,6.75,0.98,1.52,2.34,4.87
2022-07-21,3.77,4.03,6.51,2.69,8.44,2.13,6.3,6.74,0.98,1.52,2.34,4.87
2022-07-22,3.76,4.02,6.49,2.69,8.5,2.12,6.25,6.73,0.98,1.52,2.33,4.86
2022-07-23,3.74,4.01,6.45,2.69,7.46,2.12,6.2,6.72,0.98,1.52,2.33,4.85
2022-07-24,3.72,3.99,6.43,2.69,6.45,2.11,6.17,5.38,0.98,1.51,2.33,4.84
2022-07-25,3.71,3.99,6.42,2.69,5.43,2.11,6.15,5.36,0.98,1.51,2.33,4.83
2022-07-26,3.71,3.99,6.43,2.68,5.43,2.11,6.15,5.34,0.98,1.51,2.33,4.83
2022-07-27,3.72,3.98,6.42,2.68,5.44,2.1,6.14,5.32,0.98,1.51,2.33,4.83
2022-07-28,3.71,3.98,6.41,2.68,5.43,2.1,6.12,5.27,0.98,1.51,2.32,4.82
2022-07-29,3.7,3.97,6.39,2.68,5.43,2.09,6.09,6.57,0.98,1.51,2.32,4.81
2022-07-30,3.69,3.96,6.36,2.68,5.43,2.09,6.06,6.54,0.98,1.5,2.32,4.8
2022-07-31,2.95,3.16,5.07,2.14,5.42,1.67,4.83,6.51,0.78,1.2,1.85,3.83
2022-08-01,2.88,2.92,4.96,2.24,5.42,1.75,4.75,6.48,0.92,1.22,1.85,3.72
2022-08-02,2.84,2.68,4.86,2.34,5.42,1.85,4.71,6.48,1.05,1.23,1.85,3.61
2022-08-03,2.79,2.44,4.76,2.43,5.41,1.95,4.65,6.49,1.18,1.25,1.85,3.51
2022-08-04,2.73,2.2,4.66,2.53,5.4,2.05,4.58,6.48,1.32,1.26,1.85,3.41
2022-08-05,3.42,2.75,5.82,3.16,5.38,2.56,5.72,6.47,1.65,1.58,2.31,4.27
2022-08-06,3.43,2.76,5.82,3.16,5.37,2.57,5.72,6.48,1.65,1.58,2.31,4.27
2022-08-07,3.43,2.76,5.81,3.16,5.36,2.58,5.7,6.47,1.65,1.58,2.32,4.28
2022-08-08,3.44,2.76,5.81,3.16,5.35,2.58,5.68,6.47,1.65,1.59,2.32,4.28
2022-08-09,3.45,2.77,5.83,3.15,5.34,2.58,5.69,6.47,1.65,1.59,2.32,4.29
2022-08-10,3.44,2.77,5.82,3.15,5.34,2.58,5.67,6.44,1.65,1.59,2.32,4.29
2022-08-11,3.44,2.77,5.82,3.15,5.33,2.58,5.65,6.39,1.65,1.59,2.32,4.29
2022-08-12,3.43,2.76,5.8,3.15,5.32,2.58,5.63,6.35,1.65,1.59,2.32,4.28
2022-08-13,3.43,2.76,5.79,3.15,5.31,2.58,5.63,6.31,1.65,1.59,2.32,4.28
2022-08-14,3.42,2.76,5.77,3.14,5.3,2.58,5.6,6.27,1.65,1.59,2.32,4.28
2022-08-15,3.42,2.76,5.77,3.14,5.3,2.57,5.6,6.26,1.65,1.59,2.32,4.28
2022-08-16,3.42,2.75,5.76,3.14,5.3,2.57,5.61,6.27,1.65,1.59,2.32,4.27
2022-08-17,3.43,2.76,5.78,3.14,4.24,2.57,5.63,6.29,1.65,1.59,2.32,4.28
2022-08-18,3.43,2.77,5.8,3.14,3.18,2.58,5.66,6.32,1.65,1.59,2.33,4.28
2022-08-19,3.45,2.78,5.83,3.14,2.12,2.58,5.7,6.35,1.65,1.59,2.33,4.3
2022-08-20,3.47,2.79,5.86,3.14,1.06,2.59,5.74,6.38,1.65,1.59,2.34,4.31
2022-08-21,3.48,2.79,5.88,3.14,0.0,2.59,5.77,6.41,1.65,1.59,2.34,4.32
2022-08-22,3.49,2.8,5.91,3.14,1.2,2.6,5.8,6.43,1.65,1.59,2.34,4.33
2022-08-23,3.5,2.81,5.93,3.14,2.4,2.6,5.81,6.43,1.65,1.59,2.35,4.34
2022-08-24,3.51,2.81,5.94,3.13,3.6,2.61,5.81,5.15,1.65,1.6,2.35,4.34
2022-08-25,3.51,2.81,5.93,3.13,4.79,2.61,5.8,5.14,1.65,1.6,2.35,4.34
2022-08-26,3.51,2.81,5.95,3.13,5.99,2.62,5.8,5.14,1.65,1.6,2.35,4.35
2022-08-27,3.51,2.81,5.96,3.13,5.99,2.62,5.8,5.14,1.65,1.6,2.36,4.35
2022-08-28,3.51,2.81,5.96,3.14,5.99,2.62,5.8,5.14,1.65,1.6,2.36,4.36
2022-08-29,3.51,2.81,5.98,3.14,5.99,2.62,5.82,6.43,1.65,1.6,2.36,4.36
2022-08-30,3.52,2.82,6.01,3.14,6.0,2.62,5.84,6.43,1.65,1.6,2.36,4.37
2022-08-31,2.82,2.26,4.81,2.51,6.0,2.1,4.68,6.43,1.32,1.28,1.89,3.5
2022-09-01,2.91,2.21,5.08,2.8,6.01,2.14,4.58,6.44,1.46,1.33,1.93,3.47
2022-09-02,2.99,2.17,5.34,3.09,6.02,2.19,4.48,6.45,1.61,1.37,1.96,3.44
2022-09-03,3.08,2.13,5.61,3.37,6.03,2.23,4.37,6.46,1.76,1.42,2.0,3.41
2022-09-04,3.16,2.08,5.86,3.66,6.03,2.27,4.26,6.48,1.91,1.47,2.03,3.38
2022-09-05,3.95,2.6,7.32,4.57,6.04,2.83,5.33,6.49,2.38,1.83,2.54,4.22
2022-09-06,3.96,2.6,7.33,4.57,6.04,2.83,5.33,6.5,2.38,1.83,2.54,4.22
2022-09-07,3.96,2.6,7.31,4.57,6.04,2.84,5.33,6.51,2.38,1.83,2.54,4.23
2022-09-08,3.96,2.61,7.29,4.58,6.04,2.84,5.32,6.51,2.38,1.83,2.54,4.24
2022-09-09,3.96,2.61,7.26,4.58,6.03,2.85,5.31,6.51,2.38,1.83,2.54,4.25
2022-09-10,3.96,2.61,7.23,4.58,6.02,2.85,5.3,6.5,2.38,1.83,2.54,4.26
2022-09-11,3.95,2.6,7.2,4.58,6.0,2.85,5.27,6.49,2.38,1.83,2.54,4.26
2022-09-12,3.95,2.6,7.18,4.57,5.99,2.86,5.27,6.47,2.38,1.83,2.54,4.26
2022-09-13,3.96,2.61,7.2,4.57,5.99,2.86,5.28,6.48,2.38,1.84,2.54,4.26
2022-09-14,3.96,2.61,7.23,4.57,6.0,2.87,5.29,6.5,2.38,1.84,2.54,4.27
2022-09-15,3.97,2.61,7.27,4.57,6.01,2.87,5.31,6.52,2.38,1.84,2.54,4.28
2022-09-16,3.98,2.62,7.3,4.57,6.02,2.88,5.34,6.54,2.38,1.84,2.55,4.28
2022-09-17,3.99,2.62,7.33,4.57,6.04,2.88,5.36,6.57,2.38,1.84,2.55,4.29
2022-09-18,3.99,2.62,7.34,4.57,6.04,2.89,5.37,6.58,2.38,1.85,2.55,4.3
2022-09-19,4.0,2.63,7.33,4.57,7.37,2.89,5.37,6.58,2.38,1.85,2.56,4.3
2022-09-20,4.0,2.63,7.34,4.57,8.71,2.89,5.38,6.58,2.38,1.85,2.56,4.31
2022-09-21,4.01,2.63,7.35,4.57,8.83,2.9,5.39,6.59,2.38,1.85,2.56,4.32
2022-09-22,4.02,2.64,7.38,4.57,8.97,2.91,5.41,6.59,2.38,1.85,2.57,4.33
2022-09-23,4.04,2.65,7.42,4.57,9.11,2.92,5.44,6.62,2.38,1.86,2.57,4.35
2022-09-24,4.06,2.66,7.47,4.58,7.93,2.93,5.47,5.3,2.38,1.86,2.58,4.36
2022-09-25,4.07,2.67,7.5,4.58,6.74,2.94,5.5,3.98,2.38,1.86,2.58,4.37
2022-09-26,4.1,2.68,7.54,4.58,6.76,2.96,5.54,3.97,2.38,1.87,2.59,4.38
2022-09-27,4.13,2.7,7.58,4.58,6.78,2.97,5.6,3.95,2.38,1.87,2.6,4.4
2022-09-28,4.14,2.7,7.58,4.58,6.78,2.97,5.62,3.91,2.38,1.87,2.6,4.4
2022-09-29,4.15,2.71,7.59,4.58,6.79,2.97,5.65,5.21,2.38,1.87,2.6,4.41
2022-09-30,4.17,2.72,7.6,4.59,6.8,2.98,5.69,6.52,2.38,1.87,2.61,4.43
2022-10-01,3.34,2.18,6.08,3.67,6.81,2.37,4.55,6.52,1.9,1.5,2.08,3.54
2022-10-02,2.5,1.63,4.55,2.75,6.82,1.78,3.4,6.53,1.43,1.12,1.56,2.66
2022-10-03,2.59,1.83,4.49,2.74,6.83,1.78,3.62,6.53,1.4,1.16,1.57,2.68
2022-10-04,2.66,2.02,4.38,2.72,6.8,1.78,3.79,6.51,1.36,1.2,1.57,2.69
2022-10-05,2.74,2.21,4.27,2.71,6.77,1.78,3.98,6.48,1.33,1.23,1.57,2.7
2022-10-06,3.66,2.95,5.7,3.61,6.73,2.38,5.31,6.47,1.78,1.65,2.1,3.59
2022-10-07,4.59,3.7,7.14,4.5,6.71,2.98,6.67,6.46,2.22,2.06,2.62,4.49
2022-10-08,4.61,3.71,7.13,4.5,6.69,2.98,6.69,6.47,2.22,2.06,2.62,4.49
2022-10-09,4.63,3.72,7.16,4.5,6.69,2.99,6.73,6.5,2.22,2.07,2.62,4.5
2022-10-10,4.65,3.73,7.2,4.5,6.7,3.0,6.76,6.51,2.22,2.07,2.62,4.5
2022-10-11,4.67,3.75,7.23,4.5,6.71,3.0,6.78,6.53,2.22,2.07,2.62,4.51
2022-10-12,4.68,3.76,7.24,4.51,6.72,3.0,6.79,6.54,2.22,2.07,2.62,4.51
2022-10-13,4.69,3.76,7.25,4.51,6.73,3.01,6.8,6.54,2.22,2.07,2.62,4.53
2022-10-14,4.71,3.77,7.26,4.52,6.74,3.02,6.83,6.55,2.22,2.07,2.62,4.54
2022-10-15,4.72,3.78,7.26,4.52,6.74,3.03,6.85,6.57,2.22,2.07,2.62,4.55
2022-10-16,4.73,3.79,7.26,4.52,6.74,3.03,6.87,6.58,2.22,2.08,2.62,4.55
2022-10-17,4.73,3.79,7.24,4.52,6.73,3.04,6.87,6.58,2.22,2.08,2.62,4.56
2022-10-18,4.73,3.79,7.22,4.52,6.7,3.04,6.86,6.59,2.22,2.08,2.62,4.56
2022-10-19,4.73,3.79,7.2,4.52,5.36,3.04,6.86,6.59,2.22,2.08,2.62,4.56
2022-10-20,4.74,3.8,7.2,4.52,4.01,3.05,6.87,6.6,2.22,2.08,2.63,4.57
2022-10-21,4.75,3.81,7.18,4.51,2.66,3.06,6.87,6.6,2.22,2.08,2.63,4.58
2022-10-22,4.76,3.81,7.18,4.51,1.33,3.07,6.88,6.6,2.22,2.08,2.64,4.6
2022-10-23,4.78,3.83,7.18,4.51,0.0,3.07,6.9,6.61,2.22,2.08,2.65,4.62
2022-10-24,4.79,3.83,7.18,4.51,1.48,3.08,6.9,6.62,2.22,2.09,2.65,4.64
2022-10-25,4.77,3.82,7.15,4.51,2.95,3.07,6.86,7.92,2.22,2.08,2.66,4.65
2022-10-26,4.76,3.81,7.13,4.51,4.43,3.06,6.83,7.91,2.22,2.08,2.66,4.66
2022-10-27,4.74,3.8,7.1,4.51,5.9,3.05,6.79,7.88,2.22,2.08,2.66,4.66
2022-10-28,4.71,3.79,7.06,4.51,7.36,3.03,6.75,7.87,2.22,2.07,2.66,4.65
2022-10-29,4.69,3.77,7.02,4.51,7.35,3.02,6.72,7.84,2.22,2.07,2.66,4.64
2022-10-30,4.68,3.77,7.0,4.51,7.33,3.01,6.7,6.52,2.22,2.07,2.66,4.63
2022-10-31,4.68,3.77,7.0,4.51,7.32,3.01,6.71,6.53,2.22,2.07,2.66,4.63
2022-11-01,5.52,4.52,8.12,5.55,7.32,3.61,8.08,6.55,2.9,2.6,3.18,5.63
2022-11-02,5.43,4.53,7.86,5.68,7.32,3.61,8.12,6.55,3.13,2.72,3.17,5.71
2022-11-03,5.35,4.54,7.61,5.81,7.33,3.61,8.18,6.57,3.37,2.84,3.16,5.8
2022-11-04,5.27,4.55,7.35,5.94,7.33,3.61,8.2,6.57,3.61,2.97,3.15,5.89
2022-11-05,5.18,4.56,7.06,6.07,7.33,3.6,8.21,6.55,3.84,3.08,3.13,5.98
2022-11-06,4.25,3.81,5.67,5.17,7.32,3.0,6.87,6.53,3.4,2.67,2.6,5.06
2022-11-07,4.25,3.82,5.67,5.17,7.32,3.0,6.85,6.53,3.4,2.67,2.6,5.07
2022-11-08,4.25,3.81,5.66,5.16,7.31,3.0,6.82,6.49,3.4,2.67,2.6,5.06
2022-11-09,4.25,3.82,5.68,5.16,7.31,3.0,6.83,6.47,3.4,2.67,2.6,5.06
2022-11-10,4.23,3.8,5.66,5.16,7.29,2.99,6.78,6.43,3.4,2.67,2.59,5.03
2022-11-11,4.2,3.78,5.63,5.15,7.27,2.97,6.73,6.38,3.4,2.66,2.58,4.99
2022-11-12,4.17,3.75,5.61,5.15,7.25,2.95,6.68,6.33,3.4,2.65,2.57,4.95
2022-11-13,4.14,3.73,5.59,5.15,7.23,2.94,6.64,6.3,3.4,2.65,2.56,4.92
2022-11-14,4.12,3.71,5.56,5.15,7.23,2.93,6.59,6.28,3.4,2.64,2.56,4.9
2022-11-15,4.11,3.71,5.55,5.14,7.23,2.93,6.58,6.27,3.4,2.64,2.55,4.9
2022-11-16,4.09,3.7,5.55,5.14,7.24,2.92,6.56,6.27,3.4,2.64,2.55,4.88
2022-11-17,4.08,3.69,5.56,5.14,7.25,2.92,6.56,6.28,3.4,2.64,2.54,4.88
2022-11-18,4.07,3.68,5.56,5.13,7.26,2.91,6.56,6.28,3.4,2.64,2.54,4.87
2022-11-19,4.06,3.67,5.56,5.12,7.25,2.91,6.55,6.29,3.4,2.64,2.53,4.85
2022-11-20,4.06,3.67,5.56,5.12,7.25,2.91,6.56,6.29,3.4,2.64,2.53,4.85
2022-11-21,4.06,3.67,5.56,5.12,9.01,2.91,6.57,6.29,3.4,2.64,2.53,4.85
2022-11-22,4.06,3.67,5.55,5.11,10.75,2.91,6.56,6.27,3.4,2.64,2.52,4.85
2022-11-23,4.04,3.66,5.54,5.11,11.04,2.9,6.54,7.5,3.4,2.64,2.52,4.84
2022-11-24,4.03,3.65,5.53,5.12,11.33,2.9,6.51,7.49,3.4,2.64,2.52,4.83
2022-11-25,4.01,3.64,5.51,5.12,11.62,2.89,6.49,7.48,3.39,2.64,2.52,4.82
2022-11-26,4.0,3.63,5.5,5.12,10.16,2.89,6.46,7.47,3.39,2.64,2.51,4.82
2022-11-27,3.99,3.62,5.5,5.12,8.71,2.88,6.44,7.48,3.39,2.63,2.51,4.82
2022-11-28,3.99,3.62,5.51,5.12,8.71,2.88,6.44,6.23,3.39,2.63,2.51,4.82
2022-11-29,4.0,3.63,5.52,5.11,8.72,2.89,6.44,6.22,3.39,2.63,2.51,4.81
2022-11-30,4.0,3.63,5.51,5.11,8.72,2.89,6.42,6.21,3.39,2.63,2.51,4.8
2022-12-01,4.09,3.59,5.65,5.36,8.7,2.97,6.24,6.2,3.51,2.6,2.53,4.63
2022-12-02,4.17,3.55,5.79,5.61,8.69,3.05,6.07,6.18,3.63,2.58,2.56,4.45
2022-12-03,4.24,3.5,5.92,5.87,8.67,3.13,5.88,6.15,3.75,2.55,2.59,4.28
2022-12-04,4.31,3.46,6.05,6.12,8.65,3.21,5.71,6.14,3.86,2.52,2.62,4.11
2022-12-05,4.4,3.42,6.21,6.38,8.65,3.3,5.57,6.14,3.98,2.49,2.65,3.95
2022-12-06,4.4,3.42,6.23,6.38,8.67,3.3,5.6,6.14,3.98,2.49,2.65,3.95
2022-12-07,4.39,3.42,6.23,6.38,8.68,3.3,5.6,6.14,3.98,2.49,2.65,3.95
2022-12-08,4.39,3.42,6.24,6.37,8.69,3.3,5.61,6.14,3.98,2.49,2.65,3.95
2022-12-09,4.4,3.42,6.25,6.37,8.7,3.31,5.63,6.15,3.98,2.49,2.65,3.95
2022-12-10,4.39,3.42,6.25,6.37,8.71,3.31,5.63,6.13,3.98,2.49,2.65,3.95
2022-12-11,4.39,3.42,6.24,6.37,8.7,3.3,5.62,6.13,3.98,2.5,2.65,3.95
2022-12-12,4.4,3.42,6.23,6.36,8.69,3.31,5.63,6.15,3.98,2.5,2.65,3.95
2022-12-13,4.4,3.42,6.22,6.36,8.67,3.31,5.62,6.15,3.98,2.5,2.65,3.94
2022-12-14,4.4,3.42,6.21,6.36,8.66,3.3,5.61,6.15,3.98,2.5,2.65,3.93
2022-12-15,5.23,4.16,7.74,6.36,8.66,3.98,6.72,6.15,4.9,3.07,3.18,3.93
2022-12-16,6.07,4.9,9.29,6.35,8.65,4.67,7.85,6.16,5.81,3.65,3.71,3.92
2022-12-17,6.92,5.64,10.85,6.35,8.64,5.36,8.99,6.16,6.73,4.23,4.24,3.92
2022-12-18,7.77,6.38,12.42,6.35,8.65,6.05,10.13,6.17,7.65,4.81,4.77,3.93
2022-12-19,8.63,7.14,13.99,6.35,11.77,6.76,11.28,6.17,8.57,5.39,5.31,3.95
2022-12-20,8.68,7.17,14.03,6.34,14.88,6.78,11.32,6.16,8.57,5.4,5.32,3.96
2022-12-21,8.7,7.19,14.03,6.34,16.24,6.79,11.31,6.14,8.57,5.4,5.32,3.97
2022-12-22,8.73,7.21,14.04,6.33,17.61,6.81,11.32,6.13,8.57,5.4,5.33,3.97
2022-12-23,8.76,7.23,14.05,7.63,18.96,6.83,11.34,6.1,8.57,5.4,5.33,3.99
2022-12-24,8.78,7.24,14.04,8.93,17.19,6.84,11.34,6.09,8.56,5.4,5.33,3.99
2022-12-25,8.77,7.24,14.03,10.23,15.43,6.84,11.34,6.08,8.56,5.4,5.33,3.99
2022-12-26,8.78,7.24,14.04,11.53,15.42,6.85,11.36,6.07,8.56,5.4,5.33,3.99
2022-12-27,8.81,7.26,14.06,12.84,15.42,6.86,11.39,6.07,8.56,5.41,5.34,4.0
2022-12-28,8.83,7.28,14.13,12.84,15.47,6.87,11.41,6.08,8.56,5.41,5.34,4.96
2022-12-29,8.85,7.29,14.16,12.84,15.5,6.88,11.41,6.09,8.56,5.41,5.34,5.91
2022-12-30,8.88,7.31,14.19,12.84,15.54,6.89,11.43,6.1,8.56,5.42,5.34,6.87
2022-12-31,8.0,6.62,12.96,11.57,15.58,6.23,10.3,6.1,7.76,4.92,4.81,7.02
2023-01-01,7.09,5.93,11.69,10.3,15.6,5.57,9.16,6.1,6.97,4.42,4.28,7.17
2023-01-02,6.18,5.22,10.39,9.03,15.6,4.9,8.01,6.09,6.17,3.93,3.74,6.36
2023-01-03,5.28,4.53,9.12,7.77,15.6,4.23,6.87,6.1,5.38,3.43,3.21,5.55
2023-01-04,4.36,3.82,7.83,6.51,15.57,3.55,5.71,6.1,4.59,2.92,2.67,4.73
2023-01-05,4.35,3.81,7.81,6.5,15.54,3.55,5.7,6.1,4.59,2.92,2.67,4.72
2023-01-06,4.32,3.79,7.77,6.5,15.47,3.53,5.67,6.09,4.59,2.92,2.66,4.7
2023-01-07,4.3,3.77,7.73,6.5,15.41,3.51,5.65,6.07,4.58,2.91,2.66,4.68
2023-01-08,4.28,3.76,7.7,6.5,15.36,3.5,5.62,6.05,4.58,2.9,2.65,4.66
2023-01-09,4.26,3.75,7.67,6.5,15.32,3.49,5.62,6.03,4.58,2.9,2.65,4.64
2023-01-10,4.25,3.74,7.65,6.5,15.29,3.48,5.61,6.0,4.58,2.9,2.65,4.64
2023-01-11,4.24,3.73,7.63,6.49,15.27,3.48,5.6,5.98,4.58,2.9,2.64,4.63
2023-01-12,4.22,3.72,7.61,6.49,15.24,3.47,5.59,5.94,4.58,2.89,2.64,4.61
2023-01-13,4.21,3.71,7.59,6.49,15.21,3.47,5.57,5.91,4.58,2.89,2.63,4.6
2023-01-14,3.36,2.97,6.06,6.48,15.2,2.77,4.45,5.88,3.67,2.31,2.11,4.59
2023-01-15,2.51,2.22,4.54,6.49,15.18,2.07,3.32,5.86,2.75,1.73,1.58,4.58
2023-01-16,1.67,1.48,3.02,6.48,15.17,1.38,2.21,5.84,1.83,1.15,1.05,4.58
2023-01-17,0.84,0.74,1.51,6.48,15.17,0.69,1.1,5.84,0.92,0.58,0.53,4.59
2023-01-18,0.0,0.0,0.0,6.48,12.13,0.0,0.0,5.85,0.0,0.0,0.0,4.58
2023-01-19,0.0,0.0,0.0,6.47,9.1,0.0,0.0,5.85,0.0,0.0,0.0,4.57
2023-01-20,0.0,0.0,0.0,6.47,6.07,0.0,0.0,5.85,0.0,0.0,0.0,4.57
2023-01-21,0.0,0.0,0.0,6.46,3.03,0.0,0.0,5.84,0.0,0.0,0.0,4.56
2023-01-22,0.0,0.0,0.0,5.17,0.0,0.0,0.0,4.67,0.0,0.0,0.0,4.55
2023-01-23,0.0,0.0,0.0,3.87,1.79,0.0,0.0,3.5,0.0,0.0,0.0,4.55
2023-01-24,0.0,0.0,0.0,2.58,3.58,0.0,0.0,2.32,0.0,0.0,0.0,4.56
2023-01-25,0.0,0.0,0.0,1.29,5.38,0.0,0.0,2.32,0.0,0.0,0.0,4.56
2023-01-26,0.0,0.0,0.0,0.0,7.17,0.0,0.0,2.31,0.0,0.0,0.0,4.57
2023-01-27,0.0,0.0,0.0,0.0,8.96,0.0,0.0,3.46,0.0,0.0,0.0,3.66
2023-01-28,0.0,0.0,0.0,0.0,8.96,0.0,0.0,4.62,0.0,0.0,0.0,2.74
2023-01-29,0.0,0.0,0.0,0.0,8.96,0.0,0.0,5.78,0.0,0.0,0.0,1.83
2023-01-30,0.0,0.0,0.0,0.0,8.97,0.0,0.0,5.79,0.0,0.0,0.0,0.91
2023-01-31,0.0,0.0,0.0,0.0,8.96,0.0,0.0,5.79,0.0,0.0,0.0,0.0
2023-02-01,0.85,0.59,1.39,1.29,8.96,0.69,0.99,5.78,1.1,0.63,0.55,0.94
2023-02-02,1.7,1.18,2.78,2.57,8.95,1.38,1.98,5.76,2.2,1.26,1.1,1.88
2023-02-03,2.56,1.77,4.18,3.85,8.94,2.07,2.99,5.76,3.3,1.89,1.65,2.83
2023-02-04,3.41,2.36,5.58,5.14,8.92,2.77,3.99,5.75,4.4,2.52,2.2,3.77
2023-02-05,4.27,2.96,6.98,6.43,8.92,3.46,5.0,5.75,5.51,3.15,2.76,4.71
2023-02-06,4.29,2.97,6.99,6.42,8.92,3.47,5.02,5.78,5.5,3.15,2.76,4.71
2023-02-07,4.31,2.98,7.01,6.42,8.92,3.49,5.05,5.8,5.5,3.16,2.77,4.72
2023-02-08,4.32,2.98,7.02,6.42,8.92,3.49,5.06,5.82,5.5,3.16,2.77,4.73
2023-02-09,4.33,2.99,7.04,6.41,8.92,3.5,5.09,5.83,5.5,3.16,2.77,4.73
2023-02-10,4.35,3.0,7.07,6.41,8.92,3.51,5.11,5.85,5.5,3.17,2.78,4.74
2023-02-11,4.37,3.01,7.09,6.41,8.92,3.51,5.13,5.85,5.5,3.17,2.78,4.74
2023-02-12,4.38,3.02,7.12,6.4,8.92,3.52,5.14,5.86,5.5,3.17,2.78,4.74
2023-02-13,4.39,3.02,7.14,6.4,8.93,3.52,5.16,5.86,5.5,3.17,2.78,4.75
2023-02-14,4.4,3.02,7.14,6.4,8.92,3.53,5.16,5.86,5.5,3.18,2.78,4.75
2023-02-15,4.4,3.02,7.14,6.4,8.92,3.53,5.16,5.88,5.5,3.18,2.78,4.76
2023-02-16,4.41,3.03,7.15,6.4,8.93,3.53,5.17,5.9,5.5,3.18,2.79,4.77
2023-02-17,4.41,3.03,7.16,6.39,8.93,3.53,5.17,5.92,5.5,3.18,2.79,4.79
2023-02-18,4.42,3.04,7.16,6.4,8.94,3.54,5.18,5.93,5.5,3.18,2.8,4.8
2023-02-19,4.43,3.04,7.17,6.39,8.95,3.54,5.19,5.94,5.5,3.18,2.81,4.81
2023-02-20,4.43,3.04,7.18,6.39,8.95,3.54,5.2,5.94,5.5,3.18,2.81,4.82
2023-02-21,4.44,3.05,7.19,6.39,10.89,3.55,5.21,5.95,5.49,3.19,2.82,4.83
2023-02-22,4.45,3.05,7.21,6.4,11.03,3.56,5.22,7.14,5.49,3.19,2.82,4.84
2023-02-23,4.46,3.06,7.21,6.4,11.17,3.56,5.22,8.32,5.49,3.19,2.82,4.84
2023-02-24,4.47,3.06,7.21,6.4,11.31,3.57,5.22,8.33,5.49,3.19,2.83,4.85
2023-02-25,4.48,3.07,7.22,6.4,11.44,3.57,5.22,8.33,5.49,3.19,2.83,4.86
2023-02-26,4.47,3.07,7.21,6.4,9.65,3.57,5.21,8.33,5.49,3.19,2.83,4.86
2023-02-27,4.47,3.07,7.19,6.4,9.64,3.58,5.2,7.14,5.49,3.19,2.83,4.85
2023-02-28,4.48,3.07,7.19,6.41,9.63,3.58,5.2,5.97,5.49,3.19,2.83,4.86
2023-03-01,5.47,3.82,8.95,7.65,9.63,4.32,6.48,5.96,6.26,3.85,3.44,5.73
2023-03-02,6.45,4.57,10.7,8.89,9.62,5.07,7.77,5.96,7.04,4.51,4.06,6.59
2023-03-03,6.52,4.7,11.0,8.85,9.6,5.09,7.99,5.96,6.71,4.52,4.1,6.48
2023-03-04,6.59,4.83,11.31,8.82,9.59,5.12,8.21,5.95,6.39,4.53,4.15,6.38
2023-03-05,6.67,4.95,11.61,8.78,9.58,5.14,8.42,5.94,6.07,4.55,4.2,6.27
2023-03-06,5.76,4.33,10.15,7.5,9.56,4.42,7.37,5.93,4.97,3.91,3.63,5.29
2023-03-07,4.85,3.71,8.71,6.22,9.56,3.69,6.31,5.92,3.87,3.26,3.06,4.32
2023-03-08,4.86,3.72,8.73,6.22,9.57,3.7,6.32,5.92,3.87,3.27,3.06,4.32
2023-03-09,4.86,3.72,8.76,6.22,9.58,3.7,6.34,5.92,3.87,3.27,3.06,4.32
2023-03-10,4.86,3.72,8.79,6.22,9.6,3.69,6.34,5.91,3.87,3.26,3.06,4.31
2023-03-11,4.85,3.71,8.82,6.23,9.61,3.68,6.34,5.91,3.87,3.25,3.05,4.31
2023-03-12,4.84,3.7,8.84,6.23,9.62,3.67,6.34,5.9,3.87,3.25,3.05,4.31
2023-03-13,4.83,3.69,8.86,6.23,9.66,3.66,6.33,5.9,3.87,3.23,3.04,4.3
2023-03-14,4.81,3.68,8.86,6.24,9.68,3.65,6.32,5.9,3.87,3.22,3.04,4.29
2023-03-15,4.81,3.67,8.86,6.24,9.71,3.64,6.32,5.91,3.87,3.22,3.03,4.3
2023-03-16,4.8,3.67,8.85,6.25,9.74,3.63,6.33,5.93,3.86,3.21,3.03,4.3
2023-03-17,4.79,3.66,8.85,6.26,9.77,3.62,6.34,5.94,3.86,3.21,3.02,4.3
2023-03-18,4.78,3.66,8.84,6.26,9.78,3.61,6.35,5.94,3.86,3.21,3.02,4.3
2023-03-19,4.77,3.65,8.85,6.26,9.8,3.6,6.35,5.95,3.86,3.2,3.01,4.3
2023-03-20,4.77,3.65,8.85,6.26,11.85,3.6,6.37,5.94,3.86,3.2,3.01,4.29
2023-03-21,4.76,3.65,8.85,6.27,13.87,3.6,6.36,5.93,3.86,3.2,3.02,4.3
2023-03-22,4.75,3.64,8.83,6.27,15.89,3.6,6.34,5.91,3.86,3.21,3.02,4.3
2023-03-23,4.74,3.64,8.82,6.26,15.96,3.6,6.32,5.9,3.86,3.2,3.02,4.29
2023-03-24,4.73,3.63,8.82,6.26,16.04,3.59,6.3,4.71,3.86,3.2,3.01,4.29
2023-03-25,4.72,3.62,8.81,6.26,14.09,3.58,6.28,3.53,3.86,3.2,3.01,4.29
2023-03-26,4.7,3.61,8.82,6.26,12.16,3.57,6.27,2.34,3.86,3.19,3.01,4.29
2023-03-27,4.71,3.62,8.83,6.26,10.22,3.58,6.28,2.34,3.86,3.19,3.01,4.29
2023-03-28,4.72,3.62,8.84,6.26,10.21,3.59,6.3,2.33,3.86,3.19,3.01,4.29
2023-03-29,4.73,3.63,8.82,6.25,10.18,3.6,6.3,3.5,3.86,3.2,3.01,4.29
2023-03-30,4.74,3.64,8.8,6.25,10.15,3.6,6.3,4.65,3.86,3.2,3.01,4.28
2023-03-31,3.8,2.92,7.03,5.0,10.11,2.89,5.04,5.8,3.09,2.56,2.41,3.42
2023-04-01,2.85,2.19,5.26,3.75,10.09,2.17,3.78,5.78,2.31,1.92,1.8,2.57
2023-04-02,1.89,1.45,3.49,2.5,10.07,1.44,2.51,5.76,1.54,1.28,1.2,1.71
2023-04-03,1.8,1.48,3.05,2.6,10.06,1.44,2.43,5.74,1.78,1.34,1.16,1.88
2023-04-04,1.7,1.51,2.62,2.71,10.05,1.44,2.37,5.73,2.01,1.4,1.12,2.06
2023-04-05,2.55,2.27,3.94,4.07,10.05,2.15,3.55,5.74,3.01,2.1,1.68,3.09
2023-04-06,3.4,3.02,5.26,5.43,10.04,2.86,4.73,5.74,4.01,2.79,2.24,4.12
2023-04-07,4.25,3.78,6.57,6.78,10.04,3.58,5.92,5.74,5.02,3.49,2.79,5.14
2023-04-08,4.25,3.77,6.57,6.78,10.03,3.57,5.92,5.74,5.02,3.49,2.79,5.14
2023-04-09,4.24,3.77,6.58,6.78,10.03,3.57,5.93,5.74,5.02,3.48,2.79,5.13
2023-04-10,4.25,3.78,6.57,6.78,10.03,3.58,5.93,5.75,5.02,3.49,2.79,5.14
2023-04-11,4.25,3.78,6.57,6.78,10.02,3.59,5.94,5.76,5.02,3.49,2.79,5.14
2023-04-12,4.26,3.78,6.57,6.77,10.01,3.59,5.94,5.75,5.02,3.49,2.79,5.14
2023-04-13,4.26,3.79,6.56,6.77,10.0,3.59,5.94,5.74,5.01,3.49,2.79,5.14
2023-04-14,4.27,3.79,6.55,6.77,9.99,3.6,5.94,5.74,5.01,3.5,2.79,5.14
2023-04-15,4.27,3.8,6.54,6.76,9.98,3.6,5.94,5.73,5.01,3.5,2.79,5.15
2023-04-16,4.28,3.8,6.54,6.76,9.98,3.61,5.94,5.72,5.01,3.5,2.79,5.15
2023-04-17,4.28,3.8,6.53,6.76,9.98,3.62,5.95,5.72,5.01,3.5,2.8,5.16
2023-04-18,4.29,3.81,6.54,6.76,9.98,3.62,5.96,5.73,5.01,3.51,2.8,5.18
2023-04-19,4.3,3.81,6.55,6.76,7.98,3.63,5.97,5.74,5.01,3.51,2.81,5.2
2023-04-20,4.3,3.81,6.55,6.76,5.98,3.63,5.99,5.74,5.01,3.51,2.81,5.21
2023-04-21,4.3,3.82,6.56,6.75,3.99,3.63,6.0,5.75,5.01,3.51,2.82,5.22
2023-04-22,4.3,3.81,6.56,6.75,1.99,3.63,6.01,5.75,5.01,3.51,2.82,5.23
2023-04-23,4.3,3.81,6.56,6.75,0.0,3.63,6.01,5.74,5.01,3.51,2.82,5.24
2023-04-24,4.29,3.81,6.56,6.75,2.09,3.62,6.01,6.89,5.01,3.51,2.82,5.23
2023-04-25,4.29,3.8,6.55,6.75,4.19,3.61,6.0,8.04,5.01,3.51,2.82,5.22
2023-04-26,4.28,3.8,6.56,6.75,6.29,3.61,5.99,8.04,5.01,3.5,2.82,5.21
2023-04-27,4.28,3.8,6.55,6.74,8.38,3.61,5.99,8.04,5.01,3.5,2.82,5.2
2023-04-28,4.27,3.79,6.55,6.74,10.48,3.6,5.97,8.03,5.01,3.5,2.82,5.19
2023-04-29,4.27,3.79,6.55,6.74,10.47,3.6,5.95,6.88,5.0,3.49,2.82,5.18
2023-04-30,4.27,3.79,6.54,6.73,10.47,3.6,5.95,5.73,5.0,3.49,2.82,5.18
2023-05-01,5.23,4.52,7.79,8.17,10.46,4.36,7.1,5.73,6.09,4.18,3.4,6.06
2023-05-02,6.16,5.24,9.04,9.62,10.46,5.1,8.25,5.75,7.17,4.85,3.97,6.93
2023-05-03,6.25,5.2,8.99,9.72,10.46,5.12,8.21,5.74,7.25,4.83,3.99,6.77
2023-05-04,6.33,5.16,8.94,9.81,10.47,5.15,8.18,5.74,7.34,4.81,4.0,6.61
2023-05-05,6.42,5.13,8.88,9.91,10.48,5.17,8.15,5.73,7.42,4.79,4.01,6.44
2023-05-06,5.55,4.36,7.57,8.56,10.48,4.44,6.95,5.72,6.42,4.08,3.44,5.4
2023-05-07,4.7,3.61,6.25,7.21,10.49,3.71,5.75,5.71,5.41,3.38,2.88,4.36
2023-05-08,4.71,3.61,6.25,7.21,10.49,3.72,5.76,5.71,5.41,3.38,2.88,4.36
2023-05-09,4.72,3.62,6.25,7.21,10.49,3.73,5.76,5.7,5.41,3.39,2.88,4.37
2023-05-10,4.72,3.62,6.25,7.21,10.49,3.73,5.76,5.7,5.41,3.39,2.88,4.37
2023-05-11,4.72,3.62,6.25,7.21,10.49,3.73,5.76,5.7,5.41,3.39,2.88,4.37
2023-05-12,4.72,3.62,6.26,7.21,10.5,3.73,5.76,5.7,5.41,3.39,2.88,4.38
2023-05-13,4.71,3.61,6.26,7.22,10.5,3.73,5.76,5.71,5.41,3.39,2.89,4.37
2023-05-14,4.71,3.61,6.26,7.22,10.51,3.73,5.76,5.72,5.41,3.38,2.89,4.37
2023-05-15,4.71,3.61,6.27,7.22,10.5,3.73,5.76,5.72,5.41,3.38,2.89,4.37
2023-05-16,4.73,3.62,6.28,7.22,10.51,3.74,5.78,5.72,5.41,3.39,2.89,4.37
2023-05-17,4.74,3.63,6.29,7.21,10.51,3.74,5.79,5.71,5.41,3.39,2.89,4.38
2023-05-18,4.75,3.64,6.29,7.21,10.51,3.75,5.8,5.7,5.41,3.39,2.9,4.39
2023-05-19,4.77,3.65,6.3,7.21,10.5,3.76,5.82,5.71,5.41,3.4,2.9,4.41
2023-05-20,4.78,3.66,6.3,7.21,10.51,3.77,5.83,5.72,5.4,3.4,2.91,4.42
2023-05-21,4.78,3.66,6.29,7.21,10.5,3.77,5.83,5.73,5.4,3.4,2.92,4.44
2023-05-22,4.79,3.66,6.29,7.21,12.71,3.78,5.84,5.74,5.4,3.41,2.92,4.45
2023-05-23,4.79,3.66,6.29,7.21,14.93,3.78,5.84,5.75,5.4,3.41,2.93,4.46
2023-05-24,4.79,3.67,6.29,7.21,15.05,3.79,5.84,5.75,5.4,3.41,2.93,4.46
2023-05-25,4.8,3.67,6.31,7.21,15.18,3.79,5.84,5.75,5.4,3.42,2.93,4.46
2023-05-26,4.8,3.67,6.31,7.21,15.3,3.8,5.84,5.75,5.4,3.42,2.93,4.46
2023-05-27,4.8,3.67,6.32,7.2,13.21,3.8,5.84,5.76,5.4,3.42,2.93,4.46
2023-05-28,4.8,3.68,6.32,7.2,11.11,3.81,5.84,5.76,5.4,3.43,2.93,4.46
2023-05-29,4.8,3.68,6.31,7.2,11.11,3.81,5.84,5.77,5.4,3.43,2.93,4.45
2023-05-30,4.79,3.67,6.3,7.2,11.1,3.8,5.82,5.77,5.4,3.43,2.92,4.44
2023-05-31,3.83,2.94,5.04,5.76,11.1,3.04,4.66,5.77,4.32,2.74,2.34,3.55
2023-06-01,3.76,2.98,5.13,5.74,11.09,3.05,4.65,5.76,4.43,2.79,2.33,3.59
2023-06-02,3.69,3.03,5.22,5.72,11.08,3.07,4.65,5.75,4.54,2.84,2.32,3.64
2023-06-03,3.62,3.08,5.31,5.7,11.06,3.09,4.65,5.73,4.64,2.89,2.31,3.68
2023-06-04,3.56,3.14,5.4,5.68,11.05,3.11,4.65,5.72,4.75,2.94,2.3,3.74
2023-06-05,4.45,3.93,6.75,7.1,11.03,3.89,5.81,5.71,5.94,3.68,2.87,4.67
2023-06-06,4.45,3.93,6.74,7.1,11.02,3.9,5.81,5.7,5.94,3.68,2.87,4.67
2023-06-07,4.46,3.94,6.75,7.1,11.02,3.9,5.81,5.69,5.94,3.68,2.87,4.67
2023-06-08,4.46,3.94,6.75,7.1,11.01,3.9,5.8,5.67,5.94,3.68,2.87,4.67
2023-06-09,4.47,3.94,6.75,7.09,11.01,3.9,5.8,5.66,5.94,3.68,2.87,4.67
2023-06-10,4.47,3.94,6.74,7.09,10.99,3.89,5.8,5.64,5.94,3.68,2.87,4.66
2023-06-11,4.47,3.94,6.74,7.09,10.99,3.9,5.8,5.63,5.94,3.68,2.87,4.66
2023-06-12,4.47,3.94,6.73,7.09,10.98,3.89,5.79,5.62,5.94,3.68,2.86,4.66
2023-06-13,4.47,3.94,6.73,7.09,10.97,3.9,5.78,5.61,5.94,3.68,2.87,4.66
2023-06-14,4.47,3.94,6.73,7.08,10.96,3.9,5.78,5.6,5.93,3.68,2.86,4.65
2023-06-15,4.46,3.94,6.72,7.08,10.94,3.9,5.76,5.58,5.93,3.68,2.86,4.65
2023-06-16,4.45,3.93,6.72,7.08,10.93,3.89,5.76,5.57,5.93,3.68,2.86,4.64
2023-06-17,4.45,3.93,6.72,7.08,10.92,3.89,5.75,5.56,5.93,3.68,2.86,4.63
2023-06-18,4.44,3.92,6.71,7.08,10.91,3.89,5.75,5.55,5.93,3.68,2.85,4.62
2023-06-19,4.43,3.92,6.71,7.07,10.91,3.89,5.75,5.55,5.93,3.68,2.85,4.61
2023-06-20,4.43,3.92,6.72,7.07,13.22,3.89,5.75,5.55,5.93,3.68,2.85,4.61
2023-06-21,4.43,3.92,6.72,7.07,13.35,3.89,5.75,5.55,5.93,3.68,2.85,4.61
2023-06-22,4.43,3.92,6.73,7.07,13.48,3.89,5.74,5.55,5.93,3.68,2.85,4.61
2023-06-23,4.43,3.92,6.75,7.06,13.61,3.89,5.74,4.44,5.93,3.68,2.85,4.61
2023-06-24,4.43,3.92,6.76,7.06,13.75,3.89,5.74,3.33,5.93,3.68,2.85,4.61
2023-06-25,4.43,3.92,6.77,7.06,11.57,3.89,5.73,2.22,5.93,3.68,2.85,4.6
2023-06-26,4.44,3.92,6.78,7.06,11.56,3.89,5.73,2.22,5.92,3.68,2.85,4.6
2023-06-27,4.43,3.92,6.77,7.06,11.56,3.88,5.73,2.22,5.92,3.68,2.85,4.6
2023-06-28,4.43,3.92,6.76,7.06,11.55,3.88,5.72,3.34,5.92,3.68,2.85,4.6
2023-06-29,4.43,3.92,6.75,7.06,11.53,3.89,5.73,4.45,5.92,3.68,2.85,4.61
2023-06-30,4.43,3.92,6.73,7.05,11.5,3.89,5.72,5.56,5.92,3.68,2.85,4.61
2023-07-01,3.54,3.13,5.38,5.64,11.47,3.12,4.58,5.56,4.74,2.95,2.28,3.69
2023-07-02,2.66,2.35,4.03,4.23,11.45,2.34,3.43,5.57,3.55,2.21,1.71,2.77
2023-07-03,2.66,2.32,4.22,4.26,11.43,2.33,3.41,5.56,3.51,2.19,1.74,2.78
2023-07-04,2.65,2.28,4.4,4.29,11.42,2.32,3.37,5.54,3.47,2.17,1.76,2.79
2023-07-05,2.66,2.25,4.6,4.31,11.42,2.31,3.35,5.55,3.43,2.15,1.78,2.79
2023-07-06,3.55,3.01,6.15,5.75,11.43,3.09,4.49,5.56,4.57,2.87,2.38,3.73
2023-07-07,4.45,3.77,7.7,7.19,11.43,3.86,5.63,5.56,5.71,3.59,2.97,4.66
2023-07-08,4.47,3.78,7.71,7.19,11.44,3.87,5.65,5.57,5.71,3.59,2.97,4.66
2023-07-09,4.49,3.79,7.72,7.18,11.45,3.88,5.68,5.59,5.71,3.59,2.98,4.66
2023-07-10,4.49,3.8,7.73,7.18,11.45,3.89,5.69,5.58,5.71,3.59,2.98,4.66
2023-07-11,4.48,3.79,7.71,7.18,11.44,3.88,5.68,5.57,5.71,3.59,2.98,4.66
2023-07-12,4.47,3.78,7.68,7.18,11.42,3.87,5.65,5.55,5.71,3.59,2.97,4.66
2023-07-13,4.44,3.76,7.64,7.18,11.41,3.85,5.62,5.52,5.71,3.58,2.97,4.65
2023-07-14,4.43,3.75,7.62,7.17,11.39,3.84,5.59,5.49,5.7,3.57,2.96,4.64
2023-07-15,4.42,3.75,7.6,7.17,11.38,3.83,5.56,5.47,5.7,3.57,2.96,4.64
2023-07-16,4.41,3.74,7.59,7.17,11.37,3.82,5.54,5.45,5.7,3.56,2.96,4.63
2023-07-17,4.41,3.74,7.59,7.16,11.38,3.81,5.53,5.44,5.7,3.56,2.96,4.63
2023-07-18,4.41,3.74,7.59,7.16,11.39,3.81,5.53,5.44,5.7,3.56,2.96,4.62
2023-07-19,4.4,3.74,7.59,7.16,11.4,3.81,5.53,5.43,5.7,3.56,2.95,4.62
2023-07-20,4.4,3.73,7.58,7.15,9.12,3.81,5.53,5.43,5.7,3.56,2.95,4.61
2023-07-21,4.4,3.73,7.58,7.15,6.84,3.81,5.53,5.43,5.7,3.56,2.95,4.61
2023-07-22,4.39,3.73,7.58,7.14,4.56,3.82,5.53,5.44,5.7,3.56,2.94,4.61
2023-07-23,4.39,3.73,7.58,7.13,2.28,3.82,5.54,5.44,5.7,3.56,2.94,4.61
2023-07-24,4.4,3.73,7.58,7.13,2.41,3.82,5.54,5.45,5.7,3.56,2.94,4.62
2023-07-25,4.4,3.73,7.58,7.13,4.81,3.83,5.53,6.52,5.7,3.57,2.94,4.62
2023-07-26,4.4,3.73,7.58,7.13,7.21,3.82,5.53,6.51,5.7,3.57,2.95,4.62
2023-07-27,4.41,3.74,7.59,7.12,9.61,3.83,5.54,6.5,5.69,3.57,2.95,4.63
2023-07-28,4.41,3.74,7.59,7.12,12.01,3.83,5.53,6.49,5.69,3.57,2.95,4.63
2023-07-29,4.41,3.74,7.59,7.11,12.01,3.83,5.52,6.48,5.69,3.57,2.95,4.64
2023-07-30,4.41,3.74,7.59,7.11,12.01,3.83,5.52,5.39,5.69,3.57,2.96,4.64
2023-07-31,4.42,3.74,7.59,7.1,12.01,3.84,5.51,5.38,5.69,3.57,2.96,4.65
2023-08-01,5.36,4.57,8.93,8.57,12.01,4.65,6.63,5.39,6.9,4.31,3.55,5.6
2023-08-02,5.43,4.66,8.77,8.62,12.02,4.69,6.65,5.41,6.96,4.32,3.54,5.63
2023-08-03,5.5,4.75,8.62,8.66,12.02,4.74,6.68,5.45,7.03,4.34,3.54,5.67
2023-08-04,5.57,4.83,8.45,8.71,12.02,4.78,6.7,5.47,7.1,4.36,3.53,5.7
2023-08-05,5.63,4.91,8.29,8.76,12.02,4.82,6.72,5.5,7.17,4.38,3.52,5.73
2023-08-06,4.75,4.16,6.78,7.34,12.02,4.06,5.62,5.51,6.03,3.66,2.93,4.81
2023-08-07,4.75,4.16,6.77,7.34,12.02,4.05,5.62,5.51,6.03,3.66,2.93,4.81
2023-08-08,4.74,4.15,6.76,7.34,12.01,4.04,5.6,5.51,6.03,3.66,2.93,4.8
2023-08-09,4.74,4.15,6.75,7.34,12.01,4.04,5.6,5.52,6.02,3.65,2.93,4.79
2023-08-10,4.74,4.16,6.74,7.34,11.99,4.04,5.6,5.52,6.02,3.66,2.93,4.79
2023-08-11,4.75,4.16,6.74,7.34,11.98,4.05,5.61,5.52,6.02,3.66,2.93,4.78
2023-08-12,4.75,4.17,6.74,7.34,11.97,4.05,5.61,5.52,6.02,3.66,2.93,4.77
2023-08-13,4.76,4.17,6.74,7.34,11.97,4.06,5.61,5.52,6.02,3.66,2.93,4.77
2023-08-14,4.77,4.18,6.75,7.34,11.96,4.07,5.63,5.52,6.02,3.67,2.93,4.78
2023-08-15,4.78,4.18,6.75,7.33,11.96,4.08,5.65,5.54,6.02,3.67,2.93,4.78
2023-08-16,4.79,4.19,6.76,7.33,11.96,4.08,5.67,5.56,6.02,3.67,2.93,4.78
2023-08-17,4.8,4.2,6.78,7.33,11.97,4.09,5.69,5.58,6.02,3.67,2.93,4.79
2023-08-18,4.81,4.21,6.79,7.33,11.97,4.09,5.72,5.6,6.02,3.67,2.94,4.79
2023-08-19,4.82,4.21,6.8,7.33,11.97,4.1,5.73,5.61,6.01,3.67,2.94,4.79
2023-08-20,4.82,4.21,6.81,7.33,11.97,4.1,5.73,5.61,6.01,3.67,2.94,4.8
2023-08-21,4.83,4.22,6.82,7.33,14.41,4.1,5.74,5.61,6.01,3.67,2.95,4.81
2023-08-22,4.83,4.22,6.81,7.32,16.84,4.1,5.74,5.61,6.01,3.67,2.95,4.82
2023-08-23,4.82,4.21,6.8,7.32,16.89,4.1,5.73,5.6,6.01,3.67,2.95,4.82
2023-08-24,4.81,4.2,6.8,7.32,16.94,4.1,5.72,4.48,6.01,3.67,2.95,4.82
2023-08-25,4.8,4.2,6.79,7.32,16.99,4.1,5.71,4.47,6.01,3.67,2.95,4.82
2023-08-26,4.79,4.19,6.78,7.31,14.59,4.09,5.69,4.45,6.01,3.67,2.95,4.81
2023-08-27,4.78,4.18,6.77,7.31,12.2,4.08,5.68,4.45,6.01,3.66,2.95,4.81
2023-08-28,4.78,4.18,6.77,7.31,12.2,4.08,5.68,4.45,6.01,3.66,2.95,4.81
2023-08-29,4.77,4.18,6.75,7.31,12.18,4.07,5.67,5.54,6.01,3.66,2.95,4.8
2023-08-30,4.76,4.17,6.74,7.31,12.17,4.07,5.66,5.53,6.01,3.66,2.95,4.8
2023-08-31,3.8,3.33,5.38,5.84,12.15,3.25,4.52,5.53,4.8,2.92,2.36,3.83
2023-09-01,3.82,3.34,5.34,5.91,12.14,3.21,4.55,5.53,4.77,2.83,2.35,3.83
2023-09-02,3.84,3.34,5.31,5.97,12.13,3.17,4.58,5.54,4.74,2.74,2.34,3.83
2023-09-03,3.86,3.35,5.28,6.04,12.12,3.14,4.62,5.55,4.71,2.65,2.34,3.83
2023-09-04,3.89,3.36,5.25,6.1,12.11,3.11,4.66,5.56,4.68,2.56,2.33,3.83
2023-09-05,4.87,4.2,6.57,7.63,12.11,3.89,5.83,5.58,5.85,3.2,2.92,4.79
2023-09-06,4.88,4.21,6.58,7.63,12.11,3.9,5.85,5.59,5.85,3.21,2.92,4.8
2023-09-07,4.88,4.21,6.59,7.63,12.11,3.9,5.85,5.61,5.85,3.21,2.92,4.8
2023-09-08,4.88,4.21,6.6,7.63,12.1,3.9,5.86,5.63,5.85,3.21,2.92,4.8
2023-09-09,4.89,4.22,6.61,7.63,12.09,3.91,5.87,5.65,5.85,3.21,2.92,4.81
2023-09-10,4.88,4.21,6.61,7.63,12.09,3.91,5.86,5.66,5.85,3.21,2.92,4.81
2023-09-11,4.88,4.21,6.6,7.63,12.08,3.9,5.86,5.65,5.85,3.21,2.92,4.81
2023-09-12,4.88,4.21,6.6,7.62,12.07,3.9,5.86,5.65,5.85,3.21,2.92,4.81
2023-09-13,4.88,4.21,6.6,7.62,12.07,3.9,5.86,5.64,5.84,3.21,2.92,4.81
2023-09-14,4.88,4.21,6.59,7.62,12.06,3.9,5.86,5.63,5.84,3.21,2.92,4.81
2023-09-15,4.89,4.22,6.59,7.62,12.05,3.9,5.86,5.61,5.84,3.21,2.92,4.81
2023-09-16,4.89,4.22,6.59,7.61,12.04,3.9,5.86,5.61,5.84,3.21,2.92,4.81
2023-09-17,4.89,4.22,6.59,7.61,12.03,3.9,5.86,5.6,5.84,3.21,2.93,4.81
2023-09-18,4.89,4.22,6.6,7.61,14.37,3.9,5.87,5.61,5.84,3.21,2.93,4.82
2023-09-19,4.89,4.22,6.6,7.61,16.72,3.91,5.87,5.61,5.84,3.21,2.93,4.82
2023-09-20,4.89,4.22,6.61,7.61,16.66,3.91,5.87,5.61,5.84,3.21,2.93,4.82
2023-09-21,4.9,4.23,6.62,7.6,16.61,3.92,5.89,5.62,5.84,3.21,2.93,4.83
2023-09-22,4.91,4.23,6.63,7.6,16.57,3.92,5.9,5.63,5.84,3.22,2.94,4.84
2023-09-23,4.92,4.24,6.65,7.6,14.17,3.93,5.91,5.65,5.84,3.22,2.94,4.85
2023-09-24,4.92,4.24,6.65,7.6,11.78,3.93,5.91,4.52,5.83,3.22,2.95,4.86
2023-09-25,4.93,4.25,6.66,7.6,11.79,3.94,5.93,3.4,5.83,3.22,2.95,4.87
2023-09-26,4.94,4.26,6.67,7.6,11.8,3.95,5.94,2.27,5.83,3.22,2.96,4.88
2023-09-27,4.96,4.27,6.68,7.6,11.81,3.96,5.96,1.13,5.83,3.22,2.96,4.9
2023-09-28,4.97,4.28,6.68,7.59,11.82,3.97,5.97,0.0,5.83,3.22,2.97,4.92
2023-09-29,4.99,4.29,6.69,7.59,11.82,3.98,5.99,0.0,5.83,3.22,2.98,4.94
2023-09-30,5.0,4.29,6.69,7.59,11.82,3.99,6.0,0.0,5.83,3.22,2.98,4.94
2023-10-01,4.0,3.44,5.35,6.08,11.82,3.19,4.81,0.0,4.66,2.58,2.39,3.96
2023-10-02,4.07,3.43,5.48,6.09,11.82,3.28,4.8,0.0,4.61,2.67,2.41,4.08
2023-10-03,4.15,3.42,5.64,6.1,11.83,3.38,4.81,0.0,4.56,2.76,2.44,4.21
2023-10-04,4.22,3.41,5.79,6.11,11.84,3.46,4.81,0.0,4.51,2.85,2.46,4.34
2023-10-05,4.3,3.4,5.93,6.12,11.85,3.55,4.81,0.0,4.45,2.94,2.48,4.48
2023-10-06,5.37,4.26,7.41,7.65,11.86,4.44,6.01,0.0,5.57,3.67,3.11,5.6
2023-10-07,5.38,4.26,7.41,7.65,11.86,4.44,6.02,0.0,5.57,3.67,3.11,5.6
2023-10-08,5.38,4.26,7.4,7.65,11.86,4.44,6.01,0.0,5.57,3.67,3.11,5.6
2023-10-09,5.37,4.25,7.39,7.65,11.85,4.43,6.01,0.0,5.56,3.67,3.11,5.59
2023-10-10,5.36,4.24,7.37,7.65,11.84,4.42,6.0,0.0,5.56,3.67,3.1,5.59
2023-10-11,5.34,4.23,7.36,7.65,11.83,4.41,5.98,0.0,5.56,3.67,3.1,5.57
2023-10-12,5.33,4.23,7.36,7.65,11.83,4.41,5.98,0.0,5.56,3.66,3.09,5.55
2023-10-13,5.31,4.22,7.36,7.65,11.82,4.4,5.97,0.0,5.56,3.66,3.08,5.53
2023-10-14,5.31,4.21,7.37,7.65,11.81,4.4,5.97,0.0,5.56,3.66,3.08,5.52
2023-10-15,5.31,4.21,7.38,7.65,11.8,4.41,5.97,0.0,5.56,3.66,3.08,5.51
2023-10-16,5.32,4.22,7.39,7.65,11.79,4.42,5.98,0.0,5.56,3.66,3.08,5.52
2023-10-17,5.33,4.23,7.4,7.65,11.79,4.43,5.98,0.0,5.56,3.66,3.09,5.54
2023-10-18,5.36,4.24,7.41,7.64,9.43,4.44,5.99,0.0,5.56,3.67,3.1,5.57
2023-10-19,5.39,4.27,7.43,7.64,7.07,4.47,6.02,0.0,5.56,3.67,3.1,5.61
2023-10-20,5.42,4.28,7.45,7.64,4.71,4.49,6.04,0.0,5.56,3.68,3.11,5.63
2023-10-21,5.44,4.3,7.47,7.64,2.36,4.5,6.05,0.0,5.56,3.68,3.12,5.65
2023-10-22,5.46,4.3,7.48,7.64,0.0,4.51,6.06,0.0,5.55,3.68,3.12,5.65
2023-10-23,5.45,4.3,7.47,7.64,2.09,4.51,6.06,0.0,5.55,3.67,3.12,5.65
2023-10-24,5.43,4.29,7.45,7.64,4.17,4.5,6.03,0.0,5.55,3.67,3.12,5.64
2023-10-25,5.43,4.29,7.45,7.63,6.26,4.5,6.03,1.29,5.55,3.67,3.12,5.64
2023-10-26,5.42,4.28,7.44,7.63,8.34,4.49,6.01,2.56,5.55,3.67,3.12,5.64
2023-10-27,5.41,4.27,7.43,7.63,10.44,4.48,6.0,3.84,5.55,3.67,3.12,5.64
2023-10-28,5.4,4.27,7.43,7.63,10.44,4.48,6.0,5.12,5.55,3.67,3.12,5.64
2023-10-29,5.41,4.27,7.43,7.63,10.45,4.48,6.0,6.4,5.55,3.66,3.13,5.64
2023-10-30,5.41,4.27,7.43,7.63,10.45,4.47,5.99,6.38,5.55,3.66,3.13,5.64
2023-10-31,5.41,4.28,7.43,7.62,10.45,4.47,5.99,6.38,5.55,3.66,3.13,5.65
2023-11-01,5.31,4.31,7.42,7.55,10.44,4.41,6.0,6.37,5.59,3.7,3.15,5.56
2023-11-02,5.19,4.34,7.4,7.48,10.42,4.35,6.0,6.34,5.63,3.73,3.17,5.47
2023-11-03,5.07,4.36,7.36,7.4,10.4,4.28,5.99,6.29,5.67,3.76,3.18,5.36
2023-11-04,4.95,4.39,7.32,7.33,10.39,4.2,5.98,6.25,5.71,3.78,3.2,5.26
2023-11-05,4.82,4.41,7.29,7.25,10.37,4.13,5.97,6.21,5.75,3.81,3.21,5.15
2023-11-06,4.81,4.4,7.26,7.25,10.36,4.12,5.96,6.18,5.74,3.81,3.2,5.14
2023-11-07,4.8,4.39,7.25,7.25,10.35,4.11,5.95,6.16,5.74,3.81,3.2,5.12
2023-11-08,4.8,4.39,7.26,7.25,10.35,4.11,5.95,6.17,5.74,3.81,3.19,5.11
2023-11-09,4.8,4.39,7.27,7.24,10.35,4.11,5.97,6.19,5.74,3.81,3.19,5.11
2023-11-10,4.8,4.39,7.28,7.24,10.34,4.12,5.98,6.2,5.74,3.81,3.18,5.11
2023-11-11,4.79,4.38,7.28,7.24,10.34,4.12,5.98,6.21,5.74,3.81,3.18,5.1
2023-11-12,4.79,4.38,7.28,7.24,10.33,4.12,5.99,6.22,5.74,3.81,3.17,5.1
2023-11-13,4.79,4.39,7.29,7.24,10.33,4.12,6.0,6.23,5.74,3.82,3.17,5.1
2023-11-14,4.77,4.37,7.27,7.23,10.32,4.11,5.98,6.2,5.74,3.81,3.16,5.09
2023-11-15,4.76,4.37,7.26,7.23,10.32,4.11,5.97,6.19,5.74,3.81,3.16,5.08
2023-11-16,4.75,4.35,7.25,7.23,10.32,4.09,5.96,6.16,5.74,3.81,3.15,5.07
2023-11-17,4.73,4.34,7.23,7.23,10.32,4.08,5.94,6.14,5.74,3.8,3.15,5.05
2023-11-18,4.71,4.32,7.22,7.22,10.32,4.07,5.91,6.12,5.73,3.8,3.14,5.04
2023-11-19,4.7,4.32,7.22,7.22,10.31,4.07,5.9,6.12,5.73,3.8,3.14,5.03
2023-11-20,4.69,4.31,7.21,7.22,12.54,4.06,5.88,6.1,5.73,3.79,3.13,5.02
2023-11-21,4.68,4.31,7.2,7.22,14.77,4.05,5.87,6.09,5.73,3.79,3.13,5.01
2023-11-22,4.67,4.3,7.2,7.22,14.93,4.05,5.86,6.08,5.73,3.79,3.12,5.01
2023-11-23,4.66,4.3,7.19,7.22,15.1,4.05,5.84,6.07,5.73,3.79,3.12,5.0
2023-11-24,4.66,4.29,7.19,7.21,15.26,4.05,5.83,6.07,5.73,3.79,3.12,5.0
2023-11-25,4.66,4.29,7.18,7.21,13.2,4.06,5.83,6.08,5.73,3.79,3.11,5.0
2023-11-26,4.66,4.29,7.18,7.21,11.14,4.06,5.83,6.09,5.73,3.79,3.11,5.0
2023-11-27,4.66,4.29,7.18,7.21,11.14,4.06,5.82,6.09,5.73,3.79,3.11,5.0
2023-11-28,4.65,4.29,7.18,7.21,11.14,4.06,5.82,6.09,5.73,3.79,3.11,4.99
2023-11-29,4.64,4.27,7.16,7.21,11.14,4.05,5.8,6.07,5.73,3.78,3.1,4.98
2023-11-30,4.62,4.26,7.15,7.2,11.14,4.03,5.78,6.06,5.72,3.78,3.1,4.97
2023-12-01,4.67,4.24,6.96,7.38,11.14,4.03,5.66,6.04,5.77,3.76,3.09,4.82
2023-12-02,4.73,4.23,6.78,7.56,11.14,4.04,5.54,6.03,5.81,3.74,3.07,4.68
2023-12-03,4.8,4.22,6.6,7.74,11.14,4.05,5.43,6.03,5.85,3.72,3.07,4.54
2023-12-04,4.87,4.22,6.43,7.91,11.13,4.06,5.33,6.04,5.89,3.71,3.06,4.41
2023-12-05,4.94,4.21,6.26,8.09,11.13,4.07,5.22,6.05,5.93,3.69,3.05,4.27
2023-12-06,4.93,4.2,6.27,8.09,11.12,4.07,5.22,6.05,5.93,3.69,3.05,4.27
2023-12-07,4.92,4.2,6.27,8.09,11.12,4.06,5.21,6.05,5.93,3.69,3.05,4.27
2023-12-08,4.92,4.2,6.27,8.09,11.11,4.06,5.21,6.06,5.93,3.69,3.05,4.27
2023-12-09,4.92,4.19,6.27,8.09,11.1,4.06,5.21,6.06,5.93,3.69,3.05,4.27
2023-12-10,4.92,4.19,6.27,8.08,11.09,4.06,5.21,6.06,5.93,3.69,3.05,4.27
2023-12-11,4.92,4.2,6.27,8.08,11.09,4.06,5.21,6.06,5.93,3.7,3.05,4.27
2023-12-12,4.92,4.2,6.27,8.08,11.08,4.06,5.22,6.07,5.93,3.7,3.05,4.27
2023-12-13,4.9,4.18,6.25,8.08,11.08,4.05,5.2,6.06,5.93,3.69,3.04,4.26
2023-12-14,5.82,5.02,7.57,8.08,11.06,4.81,6.28,6.03,7.14,4.45,3.65,4.25
2023-12-15,6.74,5.85,8.91,8.07,11.05,5.57,7.37,6.01,8.36,5.21,4.25,4.23
2023-12-16,7.66,6.69,10.24,8.07,11.03,6.34,8.46,5.98,9.58,5.96,4.85,4.22
2023-12-17,8.58,7.53,11.57,8.06,11.02,7.11,9.54,5.95,10.79,6.72,5.46,4.2
2023-12-18,9.53,8.39,12.92,8.06,12.99,7.89,10.65,5.94,12.01,7.48,6.07,4.2
2023-12-19,9.54,8.39,12.92,8.05,14.97,7.9,10.64,5.94,12.01,7.48,6.07,4.2
2023-12-20,9.54,8.39,12.91,8.05,14.76,7.89,10.64,5.94,12.0,7.48,6.06,4.2
2023-12-21,9.54,8.39,12.89,8.05,14.54,7.89,10.63,5.93,12.0,7.48,6.06,4.2
2023-12-22,9.55,8.39,12.87,8.06,14.32,7.88,10.62,7.11,12.0,7.48,6.06,4.2
2023-12-23,9.55,8.39,12.86,8.06,12.12,7.87,10.62,8.28,12.0,7.47,6.06,4.19
2023-12-24,9.54,8.39,12.85,8.07,9.92,7.86,10.61,8.28,11.99,7.47,6.05,4.19
2023-12-25,9.55,8.4,12.84,8.07,9.91,7.86,10.61,8.27,11.99,7.47,6.05,4.19
2023-12-26,9.55,8.4,12.84,8.08,9.91,7.86,10.61,8.27,11.99,7.47,6.05,4.19
2023-12-27,9.53,8.38,12.82,8.08,9.9,7.85,10.59,7.07,11.99,7.46,6.04,5.12
2023-12-28,9.51,8.37,12.81,8.08,9.9,7.84,10.58,5.89,11.99,7.46,6.04,6.05
2023-12-29,9.5,8.36,12.82,8.08,9.9,7.83,10.58,5.87,11.99,7.46,6.04,6.98
2023-12-30,9.49,8.36,12.82,8.08,9.9,7.82,10.58,5.86,11.99,7.45,6.04,7.91
2023-12-31,8.53,7.53,11.6,6.46,9.9,7.03,9.58,5.85,10.8,6.72,5.44,8.0
2024-01-01,7.59,6.72,10.4,4.84,9.9,6.25,8.58,5.85,9.62,6.0,4.84,7.17
2024-01-02,6.65,5.92,9.19,3.23,9.9,5.47,7.59,5.85,8.43,5.27,4.24,6.34
2024-01-03,5.71,5.11,7.97,1.61,9.9,4.68,6.59,5.87,7.25,4.54,3.64,5.51
2024-01-04,4.77,4.3,6.76,0.0,9.91,3.9,5.6,5.89,6.07,3.82,3.04,4.69
2024-01-05,4.79,4.31,6.78,0.0,9.91,3.91,5.62,5.91,6.07,3.82,3.04,4.7
2024-01-06,4.8,4.32,6.79,0.0,9.92,3.92,5.65,5.93,6.07,3.82,3.05,4.71
2024-01-07,4.81,4.33,6.8,0.0,9.92,3.93,5.66,5.93,6.07,3.83,3.05,4.71
2024-01-08,4.82,4.33,6.79,0.0,9.92,3.93,5.67,5.92,6.07,3.83,3.05,4.71
2024-01-09,4.81,4.33,6.78,0.0,9.91,3.93,5.67,5.92,6.06,3.83,3.05,4.71
2024-01-10,4.8,4.33,6.77,0.0,9.91,3.92,5.67,5.91,6.06,3.83,3.04,4.7
2024-01-11,4.79,4.32,6.75,0.0,9.9,3.92,5.65,5.9,6.06,3.82,3.04,4.69
2024-01-12,4.77,4.31,6.74,0.0,9.9,3.91,5.64,5.89,6.06,3.82,3.04,4.68
2024-01-13,3.82,3.44,5.38,0.0,9.9,3.13,4.5,5.89,4.85,3.05,2.43,4.68
2024-01-14,2.86,2.58,4.03,0.0,9.9,2.34,3.37,5.88,3.64,2.29,1.82,4.67
2024-01-15,1.9,1.72,2.69,0.0,9.9,1.56,2.24,5.88,2.42,1.52,1.21,4.67
2024-01-16,0.95,0.86,1.34,0.0,9.9,0.78,1.12,5.89,1.21,0.76,0.61,4.67
2024-01-17,0.0,0.0,0.0,0.0,7.92,0.0,0.0,5.92,0.0,0.0,0.0,4.68
2024-01-18,0.0,0.0,0.0,0.0,5.94,0.0,0.0,5.94,0.0,0.0,0.0,4.69
2024-01-19,0.0,0.0,0.0,0.0,3.96,0.0,0.0,5.95,0.0,0.0,0.0,4.71
2024-01-20,0.0,0.0,0.0,0.0,1.98,0.0,0.0,5.96,0.0,0.0,0.0,4.72
2024-01-21,0.0,0.0,0.0,0.0,0.0,0.0,0.0,4.77,0.0,0.0,0.0,4.73
2024-01-22,0.0,0.0,0.0,0.0,1.84,0.0,0.0,3.57,0.0,0.0,0.0,4.74
2024-01-23,0.0,0.0,0.0,0.0,3.69,0.0,0.0,2.37,0.0,0.0,0.0,4.74
2024-01-24,0.0,0.0,0.0,0.0,5.54,0.0,0.0,1.19,0.0,0.0,0.0,4.74
2024-01-25,0.0,0.0,0.0,0.0,7.38,0.0,0.0,1.19,0.0,0.0,0.0,4.74
2024-01-26,0.0,0.0,0.0,0.0,9.23,0.0,0.0,2.37,0.0,0.0,0.0,3.79
2024-01-27,0.0,0.0,0.0,0.0,9.23,0.0,0.0,3.54,0.0,0.0,0.0,2.84
2024-01-28,0.0,0.0,0.0,0.0,9.23,0.0,0.0,4.72,0.0,0.0,0.0,1.89
2024-01-29,0.0,0.0,0.0,0.0,9.23,0.0,0.0,5.9,0.0,0.0,0.0,0.94
2024-01-30,0.0,0.0,0.0,0.0,9.23,0.0,0.0,5.89,0.0,0.0,0.0,0.0
2024-01-31,0.0,0.0,0.0,0.0,9.23,0.0,0.0,5.89,0.0,0.0,0.0,0.0
2024-02-01,0.94,0.85,1.36,1.46,9.23,0.83,1.12,5.89,1.22,0.74,0.61,0.98
2024-02-02,1.88,1.7,2.72,2.92,9.23,1.68,2.26,5.88,2.43,1.48,1.23,1.98
2024-02-03,2.82,2.56,4.08,4.38,9.23,2.52,3.39,5.87,3.65,2.21,1.85,2.97
2024-02-04,3.77,3.41,5.44,5.85,9.24,3.36,4.52,5.87,4.86,2.95,2.47,3.96
2024-02-05,4.72,4.27,6.81,7.31,9.24,4.21,5.66,5.87,6.08,3.7,3.09,4.96
2024-02-06,4.73,4.28,6.82,7.3,9.23,4.23,5.67,5.89,6.08,3.7,3.1,4.98
2024-02-07,4.74,4.29,6.82,7.3,9.23,4.23,5.67,5.9,6.08,3.7,3.1,4.98
2024-02-08,4.75,4.29,6.82,7.3,9.23,4.24,5.68,5.92,6.08,3.71,3.1,4.99
2024-02-09,4.76,4.3,6.81,7.3,9.22,4.25,5.68,5.93,6.08,3.71,3.1,4.99
2024-02-10,4.77,4.31,6.81,7.29,9.21,4.25,5.67,5.93,6.08,3.71,3.1,4.99
2024-02-11,4.78,4.31,6.8,7.29,9.21,4.25,5.67,5.93,6.07,3.71,3.1,4.99
2024-02-12,4.78,4.32,6.8,7.29,9.21,4.25,5.67,5.93,6.07,3.71,3.1,4.99
2024-02-13,4.79,4.32,6.81,7.29,9.21,4.26,5.69,5.93,6.07,3.71,3.1,4.99
2024-02-14,4.8,4.33,6.82,7.29,9.21,4.27,5.69,5.93,6.07,3.72,3.1,4.99
2024-02-15,4.8,4.33,6.83,7.29,9.21,4.27,5.69,5.92,6.07,3.72,3.1,4.99
2024-02-16,4.81,4.33,6.83,7.29,9.2,4.27,5.69,5.91,6.07,3.72,3.1,4.98
2024-02-17,4.81,4.34,6.84,7.29,9.2,4.28,5.7,5.9,6.07,3.72,3.1,4.98
2024-02-18,4.81,4.34,6.83,7.28,9.19,4.27,5.69,5.89,6.07,3.72,3.1,4.97
2024-02-19,4.81,4.34,6.83,7.28,9.19,4.27,5.69,5.88,6.07,3.72,3.09,4.96
2024-02-20,4.81,4.34,6.83,7.28,11.03,4.28,5.69,5.89,6.07,3.72,3.1,4.96
2024-02-21,4.81,4.34,6.83,7.28,11.04,4.28,5.69,5.89,6.07,3.72,3.1,4.95
2024-02-22,4.81,4.33,6.83,7.28,11.05,4.28,5.69,5.9,6.07,3.72,3.1,4.95
2024-02-23,4.8,4.33,6.82,7.28,11.05,4.28,5.68,7.1,6.06,3.72,3.1,4.95
2024-02-24,4.8,4.33,6.81,7.28,11.06,4.28,5.66,7.11,6.06,3.72,3.1,4.94
2024-02-25,4.79,4.33,6.81,7.28,9.22,4.28,5.65,7.12,6.06,3.72,3.1,4.94
2024-02-26,4.79,4.33,6.8,7.27,9.21,4.28,5.64,7.13,6.06,3.72,3.1,4.93
2024-02-27,4.79,4.33,6.8,7.27,9.21,4.28,5.64,7.14,6.06,3.72,3.1,4.93
2024-02-28,4.8,4.33,6.81,7.27,9.21,4.28,5.64,5.95,6.06,3.72,3.1,4.93
2024-02-29,4.8,4.33,6.81,7.27,9.2,4.28,5.64,5.95,6.06,3.72,3.1,4.93
2024-03-01,5.77,5.19,8.35,8.68,9.2,5.11,6.81,5.94,7.14,4.44,3.74,5.8
2024-03-02,5.77,5.19,8.53,8.63,9.2,5.08,6.85,5.93,7.01,4.41,3.76,5.68
2024-03-03,5.77,5.18,8.71,8.59,9.2,5.06,6.9,5.92,6.89,4.39,3.78,5.57
2024-03-04,5.78,5.18,8.9,8.54,9.19,5.05,6.95,5.92,6.76,4.37,3.8,5.45
2024-03-05,5.78,5.17,9.08,8.5,9.19,5.02,7.0,5.91,6.63,4.34,3.83,5.34
2024-03-06,4.82,4.3,7.73,7.05,9.19,4.17,5.87,5.91,5.42,3.6,3.21,4.36
2024-03-07,4.81,4.3,7.72,7.04,9.18,4.16,5.86,5.9,5.42,3.6,3.21,4.35
2024-03-08,4.8,4.29,7.72,7.04,9.18,4.15,5.85,5.89,5.42,3.6,3.2,4.35
2024-03-09,4.79,4.28,7.71,7.04,9.18,4.14,5.84,5.88,5.42,3.6,3.2,4.35
2024-03-10,4.78,4.28,7.71,7.04,9.17,4.14,5.83,5.87,5.42,3.59,3.2,4.34
2024-03-11,4.78,4.27,7.7,7.04,9.17,4.14,5.83,5.87,5.42,3.59,3.2,4.34
2024-03-12,4.78,4.28,7.7,7.04,9.17,4.14,5.83,5.86,5.41,3.59,3.2,4.34
2024-03-13,4.78,4.28,7.7,7.04,9.16,4.14,5.83,5.87,5.41,3.6,3.2,4.34
2024-03-14,4.79,4.29,7.71,7.04,9.16,4.15,5.84,5.87,5.41,3.6,3.2,4.34
2024-03-15,4.8,4.3,7.71,7.03,9.16,4.17,5.85,5.87,5.41,3.61,3.21,4.35
2024-03-16,4.82,4.31,7.72,7.03,9.16,4.18,5.86,5.88,5.41,3.61,3.21,4.35
2024-03-17,4.82,4.31,7.73,7.03,9.16,4.18,5.87,5.88,5.41,3.61,3.21,4.36
2024-03-18,4.83,4.32,7.73,7.03,11.09,4.19,5.88,5.89,5.41,3.62,3.21,4.36
2024-03-19,4.83,4.32,7.72,7.03,13.03,4.19,5.88,5.89,5.41,3.61,3.21,4.36
2024-03-20,4.83,4.31,7.71,7.03,14.95,4.19,5.87,5.89,5.41,3.61,3.21,4.35
2024-03-21,4.82,4.31,7.69,7.03,15.06,4.18,5.85,5.89,5.41,3.61,3.21,4.35
2024-03-22,4.82,4.31,7.68,7.02,15.16,4.18,5.83,7.08,5.41,3.61,3.21,4.34
2024-03-23,4.81,4.3,7.67,7.02,13.34,4.17,5.81,8.26,5.41,3.6,3.21,4.33
2024-03-24,4.8,4.29,7.67,7.02,11.51,4.16,5.8,8.26,5.41,3.6,3.21,4.33
2024-03-25,4.8,4.29,7.67,7.02,9.69,4.16,5.79,8.27,5.4,3.6,3.21,4.33
2024-03-26,4.8,4.29,7.68,7.02,9.7,4.16,5.79,8.28,5.4,3.6,3.21,4.33
2024-03-27,4.8,4.29,7.68,7.02,9.69,4.16,5.79,7.09,5.4,3.6,3.21,4.33
2024-03-28,4.79,4.29,7.68,7.02,9.68,4.16,5.79,5.91,5.4,3.6,3.21,4.33
2024-03-29,4.79,4.29,7.68,7.01,9.67,4.16,5.79,5.91,5.4,3.6,3.22,4.33
2024-03-30,4.79,4.28,7.67,7.01,9.66,4.16,5.79,5.91,5.4,3.6,3.22,4.33
2024-03-31,3.82,3.42,6.13,5.61,9.66,3.32,4.63,5.91,4.32,2.88,2.57,3.46
2024-04-01,3.88,3.45,5.99,5.65,9.65,3.31,4.58,5.91,4.42,2.91,2.56,3.58
2024-04-02,3.93,3.47,5.85,5.69,9.66,3.29,4.53,5.92,4.53,2.94,2.54,3.7
2024-04-03,3.99,3.5,5.71,5.73,9.66,3.27,4.47,5.92,4.63,2.97,2.52,3.83
2024-04-04,4.04,3.52,5.56,5.77,9.67,3.24,4.41,5.92,4.74,3.0,2.51,3.96
2024-04-05,5.05,4.4,6.96,7.22,9.67,4.06,5.51,5.92,5.92,3.75,3.14,4.95
2024-04-06,5.06,4.4,6.96,7.22,9.68,4.06,5.51,5.91,5.92,3.75,3.14,4.96
2024-04-07,5.06,4.4,6.96,7.21,9.68,4.06,5.5,5.9,5.92,3.75,3.14,4.97
2024-04-08,5.06,4.41,6.96,7.21,9.68,4.07,5.5,5.89,5.92,3.75,3.14,4.97
2024-04-09,5.06,4.41,6.95,7.21,9.67,4.07,5.49,5.88,5.92,3.75,3.14,4.96
2024-04-10,5.07,4.41,6.96,7.21,9.67,4.08,5.5,5.89,5.92,3.75,3.14,4.97
2024-04-11,5.08,4.42,6.97,7.21,9.67,4.09,5.51,5.9,5.92,3.76,3.15,4.97
2024-04-12,5.09,4.43,6.98,7.21,9.67,4.1,5.53,5.91,5.92,3.76,3.14,4.97
2024-04-13,5.1,4.44,6.99,7.21,9.67,4.1,5.55,5.93,5.91,3.76,3.14,4.97
2024-04-14,5.12,4.45,7.0,7.2,9.68,4.11,5.57,5.95,5.91,3.76,3.15,4.97
2024-04-15,5.13,4.45,7.01,7.2,9.68,4.11,5.59,5.97,5.91,3.77,3.15,4.97
2024-04-16,5.14,4.46,7.03,7.2,9.69,4.12,5.61,6.0,5.91,3.77,3.15,4.97
2024-04-17,5.15,4.47,7.04,7.2,7.75,4.12,5.62,6.02,5.91,3.77,3.15,4.97
2024-04-18,5.16,4.48,7.05,7.2,5.81,4.13,5.63,6.04,5.91,3.77,3.15,4.97
2024-04-19,5.17,4.48,7.05,7.19,3.87,4.14,5.63,6.05,5.91,3.77,3.15,4.97
2024-04-20,5.17,4.48,7.05,7.19,1.94,4.14,5.62,6.04,5.91,3.77,3.15,4.97
2024-04-21,5.17,4.48,7.05,7.19,0.0,4.14,5.61,4.82,5.91,3.77,3.15,4.96
2024-04-22,5.16,4.48,7.04,7.19,1.94,4.14,5.61,3.61,5.91,3.77,3.15,4.97
2024-04-23,5.16,4.47,7.02,7.19,3.88,4.13,5.59,2.4,5.91,3.76,3.14,4.97
2024-04-24,5.16,4.47,7.01,7.19,5.82,4.13,5.6,2.4,5.91,3.76,3.14,4.97
2024-04-25,5.16,4.48,7.0,7.19,7.76,4.14,5.6,2.41,5.91,3.77,3.15,4.97
2024-04-26,5.16,4.48,6.99,7.18,9.7,4.14,5.6,3.62,5.9,3.77,3.15,4.98
2024-04-27,5.16,4.48,6.99,7.18,9.69,4.14,5.6,4.83,5.9,3.77,3.15,4.99
2024-04-28,5.17,4.48,6.99,7.18,9.69,4.14,5.61,6.03,5.9,3.77,3.15,4.99
2024-04-29,5.16,4.48,6.98,7.18,9.69,4.14,5.6,6.05,5.9,3.77,3.15,4.99
2024-04-30,5.16,4.47,6.98,7.18,9.69,4.14,5.6,6.05,5.9,3.77,3.15,4.99
2024-05-01,5.16,4.49,7.0,7.2,9.69,4.13,5.59,6.06,5.84,3.76,3.15,5.09
2024-05-02,5.17,4.51,7.01,7.22,9.68,4.12,5.57,6.05,5.78,3.74,3.15,5.18
2024-05-03,5.16,4.52,7.01,7.24,9.68,4.11,5.53,6.05,5.73,3.72,3.15,5.27
2024-05-04,5.16,4.53,7.02,7.26,9.67,4.1,5.51,6.04,5.67,3.71,3.15,5.35
2024-05-05,5.15,4.54,7.01,7.28,9.66,4.08,5.47,6.02,5.61,3.69,3.15,5.44
2024-05-06,5.13,4.53,7.0,7.27,9.64,4.07,5.45,6.0,5.61,3.68,3.14,5.43
2024-05-07,5.12,4.53,6.99,7.27,9.64,4.07,5.44,5.99,5.61,3.68,3.14,5.41
2024-05-08,5.12,4.52,6.99,7.27,9.64,4.06,5.44,5.99,5.61,3.68,3.14,5.41
2024-05-09,5.12,4.52,6.99,7.27,9.63,4.06,5.43,5.99,5.61,3.68,3.14,5.4
2024-05-10,5.12,4.52,6.99,7.27,9.63,4.06,5.43,5.99,5.6,3.68,3.14,5.4
2024-05-11,5.12,4.53,7.0,7.26,9.63,4.06,5.43,5.99,5.6,3.68,3.14,5.39
2024-05-12,5.13,4.53,7.0,7.26,9.63,4.06,5.44,5.99,5.6,3.68,3.14,5.39
2024-05-13,5.13,4.53,7.01,7.26,9.63,4.06,5.43,5.99,5.6,3.68,3.14,5.39
2024-05-14,5.13,4.53,7.01,7.26,9.63,4.06,5.43,5.98,5.6,3.68,3.14,5.39
2024-05-15,5.12,4.52,7.0,7.26,9.63,4.05,5.42,5.97,5.6,3.68,3.14,5.39
2024-05-16,5.11,4.51,6.99,7.26,9.63,4.04,5.41,5.95,5.6,3.68,3.14,5.39
2024-05-17,5.1,4.51,6.98,7.25,9.63,4.03,5.4,5.93,5.6,3.68,3.14,5.39
2024-05-18,5.09,4.5,6.98,7.25,9.62,4.03,5.39,5.9,5.6,3.67,3.14,5.38
2024-05-19,5.08,4.5,6.97,7.25,9.62,4.03,5.38,5.89,5.6,3.67,3.14,5.39
2024-05-20,5.09,4.5,6.97,7.25,11.68,4.04,5.39,5.88,5.6,3.67,3.14,5.39
2024-05-21,5.09,4.5,6.97,7.25,13.72,4.04,5.39,5.88,5.6,3.67,3.15,5.4
2024-05-22,5.09,4.5,6.98,7.25,13.85,4.04,5.39,5.89,5.6,3.67,3.15,5.4
2024-05-23,5.09,4.5,6.99,7.24,13.98,4.04,5.4,5.9,5.59,3.67,3.15,5.41
2024-05-24,5.1,4.51,6.99,7.24,14.11,4.05,5.41,5.93,5.59,3.67,3.16,5.42
2024-05-25,5.1,4.51,6.99,7.24,12.19,4.05,5.42,5.95,5.59,3.67,3.16,5.43
2024-05-26,5.1,4.51,7.0,7.24,10.26,4.05,5.42,5.97,5.59,3.67,3.17,5.43
2024-05-27,5.1,4.51,7.0,7.23,10.26,4.05,5.43,5.98,5.59,3.67,3.17,5.44
2024-05-28,5.11,4.51,7.0,7.23,10.26,4.05,5.43,5.98,5.59,3.68,3.17,5.44
2024-05-29,5.12,4.52,7.01,7.23,10.26,4.06,5.44,5.98,5.59,3.68,3.17,5.44
2024-05-30,5.12,4.53,7.01,7.23,10.26,4.07,5.44,5.97,5.59,3.68,3.17,5.44
2024-05-31,4.1,3.63,5.61,5.79,10.26,3.26,4.36,5.97,4.47,2.94,2.54,4.36
2024-06-01,3.08,2.72,4.21,4.34,10.26,2.45,3.27,5.97,3.35,2.21,1.91,3.27
2024-06-02,2.06,1.82,2.81,2.89,10.25,1.63,2.18,5.98,2.24,1.47,1.27,2.18
2024-06-03,2.01,1.8,2.65,2.8,10.25,1.67,2.17,5.98,2.27,1.49,1.31,2.04
2024-06-04,1.98,1.78,2.49,2.7,10.24,1.71,2.17,5.99,2.3,1.5,1.35,1.89
2024-06-05,2.96,2.67,3.74,4.05,10.24,2.56,3.25,6.0,3.44,2.24,2.02,2.83
2024-06-06,3.94,3.55,4.98,5.4,10.24,3.41,4.33,6.0,4.59,2.99,2.68,3.77
2024-06-07,4.93,4.45,6.23,6.75,10.23,4.27,5.42,6.01,5.74,3.74,3.35,4.71
2024-06-08,4.93,4.45,6.23,6.75,10.23,4.27,5.43,6.03,5.74,3.74,3.35,4.7
2024-06-09,4.94,4.45,6.24,6.75,10.23,4.27,5.44,6.03,5.74,3.74,3.35,4.7
2024-06-10,4.95,4.46,6.24,6.74,10.23,4.28,5.45,6.02,5.74,3.74,3.35,4.7
2024-06-11,4.96,4.47,6.24,6.74,10.22,4.29,5.45,6.03,5.74,3.75,3.36,4.7
2024-06-12,4.95,4.46,6.23,6.74,10.22,4.28,5.44,6.03,5.73,3.74,3.35,4.7
2024-06-13,4.94,4.45,6.22,6.74,10.22,4.27,5.43,6.02,5.73,3.74,3.35,4.69
2024-06-14,4.92,4.44,6.22,6.74,10.23,4.25,5.42,6.02,5.73,3.74,3.34,4.67
2024-06-15,4.91,4.43,6.22,6.74,10.24,4.24,5.41,6.05,5.73,3.73,3.34,4.66
2024-06-16,4.9,4.42,6.22,6.74,10.25,4.23,5.41,6.05,5.73,3.72,3.33,4.65
2024-06-17,4.9,4.42,6.22,6.74,10.25,4.23,5.41,6.06,5.73,3.72,3.33,4.65
2024-06-18,4.9,4.42,6.22,6.74,10.25,4.23,5.41,6.05,5.73,3.72,3.33,4.65
2024-06-19,4.9,4.42,6.22,6.74,8.2,4.23,5.4,6.04,5.73,3.72,3.33,4.65
2024-06-20,4.9,4.42,6.22,6.74,6.15,4.23,5.4,6.04,5.73,3.72,3.33,4.66
2024-06-21,4.9,4.42,6.21,6.73,4.1,4.23,5.4,6.03,5.73,3.72,3.33,4.66
2024-06-22,4.9,4.42,6.21,6.73,2.05,4.22,5.4,6.02,5.73,3.72,3.33,4.66
2024-06-23,4.9,4.42,6.21,6.73,0.0,4.23,5.4,4.82,5.73,3.72,3.33,4.66
2024-06-24,4.91,4.42,6.21,6.73,1.88,4.23,5.4,3.62,5.72,3.72,3.34,4.67
2024-06-25,4.9,4.42,6.2,6.73,3.75,4.23,5.4,3.61,5.72,3.72,3.33,4.67
2024-06-26,4.91,4.43,6.21,6.73,5.63,4.23,5.4,3.63,5.72,3.72,3.34,4.67
2024-06-27,4.91,4.43,6.21,6.73,7.5,4.23,5.41,3.64,5.72,3.72,3.34,4.67
2024-06-28,4.92,4.44,6.21,6.73,9.38,4.24,5.42,4.85,5.72,3.73,3.34,4.68
2024-06-29,4.93,4.44,6.21,6.73,9.37,4.25,5.43,6.06,5.72,3.73,3.34,4.69
2024-06-30,4.94,4.45,6.22,6.72,9.37,4.25,5.44,6.06,5.72,3.73,3.34,4.7
2024-07-01,5.88,5.35,7.63,8.18,9.37,5.13,6.6,6.07,6.86,4.46,3.97,5.65
2024-07-02,6.8,6.25,9.03,9.63,9.37,6.01,7.75,6.08,8.0,5.18,4.59,6.6
2024-07-03,6.72,6.25,9.19,9.74,9.37,6.02,7.8,6.08,8.0,5.15,4.55,6.61
2024-07-04,6.65,6.24,9.34,9.85,9.37,6.04,7.84,6.09,7.99,5.12,4.5,6.61
2024-07-05,6.56,6.23,9.49,9.96,9.36,6.05,7.88,6.08,7.99,5.09,4.46,6.61
2024-07-06,5.55,5.32,8.24,8.61,9.36,5.17,6.76,6.06,6.84,4.34,3.78,5.66
2024-07-07,4.55,4.42,6.99,7.27,9.36,4.31,5.66,6.04,5.7,3.59,3.11,4.71
2024-07-08,4.54,4.42,6.98,7.27,9.36,4.3,5.65,6.02,5.7,3.59,3.11,4.71
2024-07-09,4.54,4.41,6.98,7.26,9.35,4.3,5.64,6.01,5.7,3.58,3.11,4.71
2024-07-10,4.54,4.41,6.98,7.26,9.35,4.3,5.64,6.0,5.7,3.58,3.11,4.71
2024-07-11,4.53,4.41,6.97,7.26,9.34,4.29,5.64,5.99,5.7,3.58,3.11,4.7
2024-07-12,4.53,4.4,6.96,7.26,9.34,4.28,5.63,5.96,5.7,3.58,3.1,4.7
2024-07-13,4.52,4.39,6.95,7.26,9.33,4.27,5.61,5.93,5.7,3.57,3.1,4.69
2024-07-14,4.51,4.38,6.94,7.25,9.33,4.27,5.6,5.91,5.69,3.57,3.1,4.68
2024-07-15,4.5,4.38,6.93,7.25,9.32,4.26,5.6,5.9,5.69,3.57,3.1,4.68
2024-07-16,4.5,4.38,6.92,7.25,9.32,4.26,5.59,5.9,5.69,3.57,3.1,4.68
2024-07-17,4.5,4.38,6.92,7.25,9.32,4.26,5.6,5.9,5.69,3.57,3.1,4.68
2024-07-18,4.5,4.38,6.92,7.25,9.32,4.26,5.61,5.92,5.69,3.57,3.1,4.68
2024-07-19,4.51,4.38,6.92,7.25,9.32,4.26,5.62,5.94,5.69,3.57,3.1,4.68
2024-07-20,4.51,4.39,6.92,7.25,9.31,4.26,5.63,5.95,5.69,3.57,3.1,4.68
2024-07-21,4.52,4.39,6.92,7.25,9.31,4.26,5.64,5.96,5.69,3.57,3.1,4.68
2024-07-22,4.53,4.4,6.92,7.25,11.29,4.27,5.64,5.97,5.69,3.57,3.1,4.69
2024-07-23,4.53,4.4,6.92,7.24,13.26,4.27,5.64,5.98,5.69,3.57,3.1,4.69
2024-07-24,4.54,4.4,6.92,7.24,13.38,4.27,5.64,5.98,5.69,3.57,3.1,4.7
2024-07-25,4.54,4.41,6.92,7.24,13.5,4.27,5.64,4.79,5.69,3.57,3.1,4.7
2024-07-26,4.54,4.4,6.91,7.24,13.62,4.27,5.64,4.78,5.69,3.57,3.1,4.7
2024-07-27,4.54,4.4,6.91,7.24,11.77,4.27,5.64,4.78,5.68,3.57,3.1,4.69
2024-07-28,4.53,4.4,6.91,7.24,9.91,4.26,5.64,4.78,5.68,3.57,3.1,4.69
2024-07-29,4.52,4.39,6.91,7.24,9.91,4.26,5.63,4.78,5.68,3.56,3.1,4.68
2024-07-30,4.51,4.39,6.9,7.23,9.91,4.25,5.62,5.98,5.68,3.56,3.1,4.68
2024-07-31,3.61,3.51,5.52,5.79,9.91,3.4,4.49,5.99,4.55,2.85,2.48,3.74
2024-08-01,3.64,3.36,5.53,5.72,9.91,3.4,4.51,5.99,4.58,2.86,2.48,3.76
2024-08-02,3.66,3.21,5.55,5.65,9.92,3.39,4.53,5.98,4.62,2.87,2.49,3.77
2024-08-03,3.68,3.06,5.57,5.58,9.93,3.38,4.54,5.95,4.65,2.88,2.49,3.78
2024-08-04,3.7,2.91,5.58,5.52,9.94,3.37,4.56,5.93,4.69,2.88,2.49,3.79
2024-08-05,4.62,3.64,6.99,6.9,9.96,4.21,5.71,5.92,5.86,3.61,3.11,4.73
2024-08-06,4.62,3.64,7.0,6.9,9.98,4.21,5.72,5.91,5.86,3.6,3.11,4.72
2024-08-07,4.63,3.65,7.0,6.9,9.98,4.22,5.73,5.94,5.86,3.61,3.12,4.73
2024-08-08,4.65,3.65,6.99,6.9,9.97,4.23,5.74,5.94,5.86,3.61,3.12,4.74
2024-08-09,4.65,3.66,6.99,6.89,9.96,4.24,5.74,5.93,5.85,3.62,3.12,4.74
2024-08-10,4.66,3.66,6.97,6.89,9.94,4.24,5.73,5.92,5.85,3.62,3.13,4.75
2024-08-11,4.66,3.66,6.97,6.89,9.93,4.24,5.72,5.91,5.85,3.62,3.13,4.76
2024-08-12,4.65,3.66,6.96,6.89,9.92,4.24,5.71,5.87,5.85,3.62,3.13,4.75
2024-08-13,4.64,3.65,6.95,6.89,9.92,4.23,5.69,5.85,5.85,3.62,3.12,4.75
2024-08-14,4.62,3.64,6.94,6.89,9.92,4.23,5.68,5.84,5.85,3.61,3.12,4.74
2024-08-15,4.61,3.64,6.93,6.89,9.91,4.23,5.68,5.83,5.85,3.61,3.12,4.74
2024-08-16,4.6,3.63,6.92,6.89,9.9,4.22,5.66,5.82,5.85,3.61,3.12,4.74
2024-08-17,4.59,3.62,6.9,6.89,9.89,4.22,5.65,5.81,5.85,3.61,3.12,4.74
2024-08-18,4.59,3.62,6.89,6.89,9.89,4.22,5.64,5.8,5.85,3.61,3.12,4.74
2024-08-19,4.59,3.62,6.89,6.89,11.98,4.22,5.63,5.79,5.85,3.61,3.12,4.74
2024-08-20,4.58,3.61,6.88,6.88,14.09,4.22,5.62,5.78,5.85,3.61,3.12,4.74
2024-08-21,4.57,3.61,6.88,6.88,14.21,4.21,5.61,5.78,5.84,3.61,3.12,4.73
2024-08-22,4.57,3.61,6.87,6.87,14.34,4.21,5.61,5.79,5.84,3.61,3.12,4.73
2024-08-23,4.56,3.6,6.86,6.87,14.47,4.2,5.6,5.79,5.84,3.61,3.12,4.73
2024-08-24,4.56,3.6,6.86,6.87,12.49,4.2,5.59,5.79,5.84,3.6,3.12,4.72
2024-08-25,4.55,3.6,6.85,6.87,10.51,4.19,5.59,4.64,5.84,3.6,3.12,4.72
2024-08-26,4.55,3.6,6.85,6.86,10.51,4.19,5.59,3.48,5.84,3.6,3.12,4.72
2024-08-27,4.55,3.59,6.84,6.86,10.5,4.19,5.58,3.47,5.84,3.6,3.12,4.71
2024-08-28,4.55,3.59,6.84,6.86,10.49,4.19,5.58,3.47,5.84,3.6,3.12,4.72
2024-08-29,4.56,3.6,6.84,6.86,10.48,4.19,5.59,3.47,5.84,3.6,3.12,4.72
2024-08-30,4.56,3.6,6.85,6.86,10.47,4.19,5.6,4.63,5.84,3.6,3.12,4.73
2024-08-31,3.65,2.88,5.48,5.49,10.45,3.36,4.48,5.8,4.67,2.88,2.5,3.78
2024-09-01,2.74,2.16,4.11,4.12,10.44,2.52,3.36,5.81,3.5,2.16,1.87,2.84
2024-09-02,1.83,1.44,2.74,2.74,10.44,1.68,2.24,5.82,2.33,1.44,1.25,1.89
2024-09-03,1.86,1.63,2.64,2.82,10.44,1.7,2.18,5.83,2.31,1.48,1.26,1.83
2024-09-04,1.88,1.81,2.55,2.9,10.44,1.72,2.11,5.83,2.29,1.53,1.27,1.77
2024-09-05,2.82,2.71,3.81,4.34,10.45,2.58,3.16,5.82,3.43,2.29,1.9,2.66
2024-09-06,3.75,3.61,5.08,5.79,10.45,3.43,4.21,5.82,4.57,3.05,2.53,3.55
2024-09-07,4.69,4.51,6.35,7.24,10.46,4.29,5.26,5.82,5.71,3.81,3.16,4.43
2024-09-08,4.68,4.5,6.34,7.24,10.46,4.28,5.26,5.81,5.71,3.8,3.15,4.43
2024-09-09,4.67,4.49,6.34,7.24,10.46,4.28,5.25,5.81,5.71,3.8,3.15,4.43
2024-09-10,4.67,4.49,6.34,7.23,10.45,4.27,5.25,5.81,5.71,3.8,3.15,4.42
2024-09-11,4.66,4.49,6.34,7.23,10.45,4.27,5.25,5.81,5.71,3.8,3.15,4.42
2024-09-12,4.66,4.48,6.33,7.23,10.44,4.26,5.24,5.81,5.71,3.8,3.15,4.42
2024-09-13,4.65,4.48,6.32,7.23,10.43,4.26,5.22,5.8,5.71,3.8,3.15,4.41
2024-09-14,4.64,4.47,6.32,7.23,10.43,4.26,5.21,5.78,5.71,3.79,3.14,4.41
2024-09-15,4.64,4.47,6.31,7.23,10.42,4.26,5.21,5.77,5.71,3.79,3.14,4.41
2024-09-16,4.63,4.47,6.3,7.23,10.42,4.25,5.19,5.75,5.71,3.79,3.14,4.41
2024-09-17,4.63,4.46,6.3,7.23,10.42,4.25,5.18,5.73,5.71,3.79,3.14,4.41
2024-09-18,4.63,4.46,6.29,7.23,8.33,4.25,5.18,5.72,5.7,3.79,3.14,4.41
2024-09-19,4.63,4.46,6.28,7.22,6.25,4.26,5.17,5.71,5.7,3.79,3.14,4.41
2024-09-20,4.62,4.46,6.27,7.22,4.16,4.26,5.17,5.7,5.7,3.79,3.14,4.41
2024-09-21,4.63,4.46,6.27,7.22,2.08,4.26,5.17,5.69,5.7,3.79,3.14,4.41
2024-09-22,4.63,4.46,6.26,7.22,0.0,4.27,5.17,5.68,5.7,3.79,3.14,4.41
2024-09-23,4.63,4.46,6.26,7.22,2.17,4.27,5.17,5.68,5.7,3.79,3.15,4.41
2024-09-24,4.63,4.46,6.26,7.22,4.34,4.27,5.17,5.67,5.7,3.79,3.15,4.41
2024-09-25,4.63,4.46,6.26,7.22,6.51,4.27,5.18,6.85,5.7,3.79,3.15,4.4
2024-09-26,4.64,4.47,6.26,7.21,8.68,4.27,5.18,6.89,5.7,3.79,3.14,4.4
2024-09-27,4.64,4.47,6.26,7.21,10.85,4.27,5.18,6.92,5.7,3.79,3.14,4.4
2024-09-28,4.64,4.47,6.26,7.21,10.85,4.27,5.18,6.95,5.7,3.79,3.14,4.4
2024-09-29,4.64,4.47,6.25,7.21,10.85,4.27,5.18,6.98,5.7,3.79,3.14,4.39
2024-09-30,4.64,4.47,6.25,7.21,10.84,4.27,5.17,5.85,5.69,3.79,3.14,4.39
2024-10-01,5.57,5.36,7.53,8.62,10.84,5.11,6.24,5.88,6.8,4.52,3.78,5.21
2024-10-02,6.51,6.25,8.82,10.03,10.84,5.94,7.32,5.9,7.9,5.25,4.42,6.03
2024-10-03,6.53,6.25,8.85,9.99,10.84,5.93,7.37,5.92,7.86,5.22,4.44,5.98
2024-10-04,6.56,6.26,8.89,9.96,10.83,5.93,7.43,5.95,7.83,5.19,4.46,5.94
2024-10-05,6.58,6.27,8.93,9.93,10.82,5.92,7.48,5.97,7.79,5.17,4.48,5.89
2024-10-06,5.67,5.39,7.68,8.49,10.81,5.07,6.46,5.96,6.65,4.41,3.86,5.02
2024-10-07,4.76,4.51,6.44,7.04,10.81,4.23,5.44,5.97,5.51,3.66,3.24,4.15
2024-10-08,4.77,4.52,6.45,7.04,10.8,4.24,5.45,5.98,5.51,3.67,3.24,4.16
2024-10-09,4.77,4.52,6.45,7.04,10.8,4.24,5.46,5.99,5.51,3.67,3.25,4.16
2024-10-10,4.78,4.53,6.45,7.04,10.79,4.24,5.46,6.0,5.51,3.67,3.25,4.16
2024-10-11,4.78,4.53,6.45,7.04,10.78,4.24,5.47,6.0,5.51,3.67,3.25,4.17
2024-10-12,4.78,4.53,6.45,7.04,10.78,4.24,5.47,6.0,5.51,3.67,3.25,4.16
2024-10-13,4.79,4.53,6.45,7.04,10.77,4.25,5.47,6.01,5.51,3.67,3.25,4.16
2024-10-14,4.79,4.53,6.44,7.04,10.76,4.25,5.47,6.01,5.5,3.67,3.25,4.16
2024-10-15,4.78,4.53,6.44,7.03,10.76,4.24,5.46,6.02,5.5,3.67,3.25,4.16
2024-10-16,4.78,4.53,6.44,7.03,10.76,4.24,5.45,6.03,5.5,3.67,3.25,4.16
2024-10-17,4.78,4.53,6.44,7.03,10.75,4.24,5.45,6.04,5.5,3.67,3.25,4.16
2024-10-18,4.78,4.53,6.43,7.03,10.75,4.24,5.45,6.05,5.5,3.67,3.25,4.16
2024-10-19,4.78,4.53,6.43,7.03,10.75,4.24,5.45,6.06,5.5,3.67,3.24,4.15
2024-10-20,4.78,4.53,6.43,7.03,10.75,4.25,5.45,6.06,5.5,3.67,3.24,4.15
2024-10-21,4.8,4.54,6.43,7.03,12.83,4.26,5.47,6.07,5.5,3.67,3.25,4.16
2024-10-22,4.81,4.55,6.44,7.03,14.91,4.26,5.48,6.07,5.5,3.67,3.25,4.16
2024-10-23,4.82,4.56,6.45,7.03,14.85,4.27,5.49,6.09,5.5,3.67,3.26,4.18
2024-10-24,4.83,4.57,6.45,7.03,14.78,4.28,5.51,6.1,5.5,3.68,3.27,4.19
2024-10-25,4.85,4.58,6.46,7.02,14.72,4.29,5.52,4.89,5.5,3.68,3.27,4.2
2024-10-26,4.85,4.58,6.47,7.02,12.57,4.29,5.52,3.67,5.5,3.68,3.27,4.2
2024-10-27,4.85,4.59,6.47,7.02,10.42,4.29,5.52,2.45,5.5,3.68,3.28,4.2
2024-10-28,4.85,4.59,6.46,7.02,10.42,4.3,5.52,2.45,5.5,3.68,3.27,4.2
2024-10-29,4.85,4.59,6.46,7.02,10.42,4.3,5.51,2.46,5.49,3.68,3.27,4.2
2024-10-30,4.86,4.59,6.46,7.02,10.42,4.3,5.51,3.69,5.49,3.68,3.27,4.2
2024-10-31,3.88,3.67,5.16,5.62,10.42,3.44,4.41,4.93,4.4,2.95,2.62,3.36
2024-11-01,3.83,3.6,5.18,5.51,10.42,3.45,4.52,6.17,4.36,2.98,2.6,3.43
2024-11-02,3.78,3.53,5.21,5.41,10.42,3.45,4.64,6.18,4.32,3.02,2.58,3.5
2024-11-03,3.72,3.46,5.23,5.3,10.42,3.45,4.76,6.19,4.28,3.06,2.56,3.58
2024-11-04,3.66,3.39,5.24,5.2,10.43,3.45,4.87,6.21,4.24,3.09,2.54,3.65
2024-11-05,4.57,4.23,6.55,6.5,10.42,4.3,6.08,6.22,5.3,3.87,3.17,4.56
2024-11-06,4.57,4.23,6.54,6.5,10.41,4.3,6.08,6.22,5.3,3.87,3.18,4.57
2024-11-07,4.55,4.22,6.52,6.49,10.4,4.3,6.06,6.21,5.3,3.87,3.18,4.57
2024-11-08,4.54,4.21,6.51,6.49,10.39,4.29,6.04,6.21,5.3,3.86,3.17,4.57
2024-11-09,4.53,4.2,6.49,6.49,10.37,4.28,6.02,6.19,5.29,3.86,3.17,4.57
2024-11-10,4.53,4.2,6.48,6.49,10.36,4.28,6.01,6.19,5.29,3.87,3.17,4.57
2024-11-11,4.51,4.19,6.48,6.48,10.35,4.27,5.99,6.19,5.29,3.86,3.16,4.56
2024-11-12,4.52,4.2,6.48,6.48,10.35,4.28,6.0,6.2,5.29,3.87,3.16,4.55
2024-11-13,4.53,4.21,6.49,6.48,10.35,4.29,6.02,6.22,5.29,3.87,3.16,4.55
2024-11-14,4.55,4.22,6.5,6.48,10.35,4.29,6.03,6.23,5.29,3.87,3.16,4.55
2024-11-15,4.56,4.22,6.51,6.48,10.34,4.3,6.05,6.24,5.29,3.87,3.16,4.55
2024-11-16,4.57,4.23,6.51,6.47,10.35,4.31,6.07,6.24,5.29,3.87,3.16,4.55
2024-11-17,4.58,4.24,6.52,6.47,10.35,4.31,6.07,6.24,5.29,3.87,3.16,4.55
2024-11-18,4.57,4.23,6.52,6.47,11.99,4.31,6.08,6.23,5.29,3.87,3.16,4.54
2024-11-19,4.57,4.23,6.51,6.47,13.64,4.31,6.07,6.22,5.29,3.87,3.16,4.54
2024-11-20,4.57,4.23,6.51,6.47,13.22,4.31,6.06,6.22,5.29,3.87,3.16,4.54
2024-11-21,4.57,4.23,6.5,6.47,12.8,4.31,6.06,6.22,5.29,3.87,3.15,4.54
2024-11-22,4.57,4.23,6.5,6.47,12.38,4.3,6.05,6.21,5.29,3.87,3.15,4.54
2024-11-23,4.57,4.23,6.5,6.47,10.32,4.3,6.04,6.21,5.29,3.87,3.15,4.54
2024-11-24,4.57,4.23,6.5,6.46,8.26,4.3,6.04,6.22,5.29,3.87,3.15,4.54
2024-11-25,4.56,4.23,6.49,6.46,8.25,4.29,6.03,7.45,5.28,3.87,3.15,4.53
2024-11-26,4.55,4.22,6.49,6.46,8.26,4.28,6.03,8.69,5.28,3.87,3.15,4.53
2024-11-27,4.54,4.21,6.48,6.46,8.26,4.27,6.01,8.69,5.28,3.86,3.14,4.52
2024-11-28,4.52,4.2,6.48,6.46,8.26,4.26,6.0,8.69,5.28,3.86,3.14,4.51
2024-11-29,4.51,4.19,6.47,6.46,8.25,4.25,5.98,8.69,5.28,3.85,3.13,4.51
2024-11-30,4.5,4.18,6.47,6.46,8.25,4.24,5.98,7.46,5.28,3.85,3.13,4.5
2024-12-01,3.6,3.34,5.17,5.17,8.25,3.39,4.78,6.22,4.22,3.08,2.5,3.6
2024-12-02,3.58,3.41,5.05,5.31,8.25,3.38,4.68,6.22,4.13,3.06,2.51,3.51
2024-12-03,3.58,3.49,4.94,5.45,8.24,3.37,4.58,6.22,4.04,3.04,2.51,3.43
2024-12-04,3.57,3.57,4.83,5.59,8.24,3.36,4.48,6.22,3.94,3.02,2.51,3.35
2024-12-05,3.56,3.65,4.72,5.73,8.24,3.36,4.38,6.22,3.85,3.0,2.52,3.26
2024-12-06,4.45,4.56,5.89,7.17,8.24,4.19,5.47,6.22,4.81,3.75,3.14,4.08
2024-12-07,4.45,4.55,5.89,7.16,8.24,4.19,5.46,6.22,4.81,3.74,3.14,4.08
2024-12-08,4.44,4.55,5.88,7.17,8.24,4.18,5.45,6.22,4.81,3.74,3.14,4.08
2024-12-09,4.44,4.55,5.89,7.16,8.24,4.18,5.45,6.2,4.8,3.74,3.14,4.08
2024-12-10,4.44,4.55,5.88,7.16,8.24,4.18,5.45,6.2,4.8,3.74,3.14,4.08
2024-12-11,4.45,4.56,5.88,7.16,8.24,4.19,5.45,6.19,4.8,3.74,3.15,4.08
2024-12-12,4.46,4.56,5.89,7.16,8.23,4.2,5.46,6.19,4.8,3.75,3.15,4.09
2024-12-13,4.47,4.58,5.9,7.16,8.23,4.21,5.48,6.18,4.8,3.75,3.16,4.1
2024-12-14,4.49,4.59,5.9,7.16,8.23,4.22,5.49,6.2,4.8,3.75,3.17,4.11
2024-12-15,4.5,4.6,5.91,7.16,8.23,4.23,5.5,6.2,4.8,3.76,3.17,4.12
2024-12-16,4.51,4.61,5.91,7.15,8.23,4.24,5.52,6.21,4.8,3.76,3.17,4.12
2024-12-17,4.51,4.61,5.92,7.15,8.23,4.24,5.52,6.21,4.8,3.76,3.18,4.12
2024-12-18,5.44,5.58,7.28,7.15,6.58,5.07,6.78,6.24,5.74,4.54,3.83,4.13
2024-12-19,6.38,6.55,8.65,7.15,4.94,5.9,8.04,6.26,6.69,5.32,4.48,4.15
2024-12-20,7.31,7.52,10.01,7.15,3.29,6.72,9.29,6.28,7.63,6.1,5.13,4.16
2024-12-21,8.24,8.49,11.37,7.15,1.65,7.54,10.54,6.29,8.57,6.87,5.78,4.17
2024-12-22,9.18,9.46,12.72,7.15,0.0,8.36,11.79,6.3,9.52,7.65,6.43,4.18
2024-12-23,9.18,9.46,12.71,8.49,1.5,8.37,11.79,6.31,9.52,7.65,6.43,4.19
2024-12-24,9.18,9.46,12.7,9.81,2.99,8.37,11.77,6.31,9.52,7.65,6.43,4.18
2024-12-25,9.18,9.46,12.7,11.15,4.49,8.37,11.77,5.06,9.51,7.66,6.43,4.18
2024-12-26,9.17,9.45,12.69,12.48,5.99,8.38,11.77,5.04,9.51,7.66,6.43,4.17
2024-12-27,9.18,9.46,12.69,13.8,7.48,8.38,11.77,5.04,9.51,7.66,6.43,5.09
2024-12-28,9.18,9.46,12.68,13.8,7.48,8.38,11.77,5.03,9.51,7.66,6.43,6.02
2024-12-29,9.19,9.47,12.68,13.79,7.48,8.38,11.78,5.03,9.51,7.66,6.43,6.94
2024-12-30,9.18,9.46,12.68,13.79,7.48,8.37,12.53,6.29,9.51,7.66,6.42,7.86
2024-12-31,9.19,9.47,12.69,13.79,7.48,8.36,13.27,6.32,9.51,7.65,6.42,8.78
2025-01-01,8.27,8.53,11.5,12.36,7.48,7.51,12.89,6.34,8.55,6.9,5.78,7.94
2025-01-02,7.35,7.6,10.3,10.93,7.47,6.65,12.5,6.34,7.59,6.14,5.13,7.11
2025-01-03,6.43,6.66,9.1,9.5,7.47,5.79,12.1,6.36,6.63,5.38,4.49,6.27
2025-01-04,5.52,5.73,7.91,8.08,7.47,4.94,10.98,6.36,5.67,4.63,3.85,5.45
2025-01-05,4.61,4.8,6.72,6.65,7.46,4.09,9.85,6.36,4.71,3.88,3.21,4.62
2025-01-06,4.61,4.81,6.71,6.65,7.46,4.09,9.84,6.34,4.71,3.88,3.21,4.62
2025-01-07,4.62,4.81,6.71,6.65,7.46,4.1,9.84,6.33,4.71,3.88,3.21,4.62
2025-01-08,4.63,4.82,6.71,6.65,7.45,4.1,9.84,6.33,4.71,3.88,3.22,4.62
2025-01-09,4.63,4.82,6.71,6.65,7.45,4.1,9.85,6.32,4.71,3.88,3.22,4.62
2025-01-10,4.64,4.83,6.72,6.64,7.45,4.11,9.87,6.33,4.71,3.88,3.23,4.63
2025-01-11,4.65,4.84,6.73,6.64,7.45,4.12,9.88,6.35,4.71,3.88,3.23,4.64
2025-01-12,4.66,4.84,6.73,6.64,7.46,4.13,9.89,6.37,4.71,3.88,3.24,4.64
2025-01-13,4.66,4.85,6.74,6.64,7.46,4.13,9.91,6.38,4.71,3.89,3.24,4.65
2025-01-14,4.67,4.85,6.74,6.64,7.46,4.14,9.92,6.38,4.71,3.89,3.25,4.66
2025-01-15,4.66,4.85,6.73,6.64,7.46,4.13,9.89,6.37,4.71,3.88,3.24,4.66
2025-01-16,4.65,4.84,6.72,6.63,7.45,4.12,9.87,6.37,4.71,3.88,3.24,4.66
2025-01-17,3.72,3.87,5.37,6.63,7.45,3.29,8.62,6.36,3.77,3.1,2.59,4.65
2025-01-18,2.78,2.89,4.02,6.63,7.45,2.47,7.37,6.35,2.82,2.32,1.94,4.65
2025-01-19,1.85,1.92,2.67,6.63,7.44,1.64,6.11,6.35,1.88,1.55,1.29,4.64
2025-01-20,0.92,0.96,1.33,6.63,7.44,0.82,4.88,6.35,0.94,0.77,0.65,4.64
2025-01-21,0.0,0.0,0.0,6.62,8.98,0.0,3.65,6.34,0.0,0.0,0.0,4.64
2025-01-22,0.0,0.0,0.0,5.3,9.02,0.0,3.64,6.33,0.0,0.0,0.0,4.63
2025-01-23,0.0,0.0,0.0,3.97,9.07,0.0,3.64,6.31,0.0,0.0,0.0,4.63
2025-01-24,0.0,0.0,0.0,2.65,9.12,0.0,3.64,6.26,0.0,0.0,0.0,4.63
2025-01-25,0.0,0.0,0.0,1.32,9.16,0.0,3.63,4.99,0.0,0.0,0.0,4.63
2025-01-26,0.0,0.0,0.0,0.0,7.68,0.0,3.63,3.74,0.0,0.0,0.0,3.71
2025-01-27,0.0,0.0,0.0,0.0,7.68,0.0,3.63,2.47,0.0,0.0,0.0,2.78
2025-01-28,0.0,0.0,0.0,0.0,7.68,0.0,3.63,2.47,0.0,0.0,0.0,1.85
2025-01-29,0.0,0.0,0.0,0.0,7.68,0.0,2.9,2.46,0.0,0.0,0.0,0.93
2025-01-30,0.0,0.0,0.0,0.0,7.68,0.0,2.18,3.7,0.0,0.0,0.0,0.0
2025-01-31,0.0,0.0,0.0,0.0,7.68,0.0,1.45,4.94,0.0,0.0,0.0,0.0
2025-02-01,0.0,0.0,0.0,0.0,7.68,0.0,0.72,6.19,0.0,0.0,0.0,0.0
2025-02-02,0.0,0.0,0.0,0.0,7.68,0.0,0.0,6.19,0.0,0.0,0.0,0.0
2025-02-03,0.92,0.89,1.17,1.04,7.68,0.94,1.25,6.22,0.92,0.8,0.64,1.01
2025-02-04,1.85,1.79,2.34,2.08,7.68,1.88,2.5,6.21,1.83,1.6,1.28,2.03
2025-02-05,2.76,2.67,3.5,3.12,7.68,2.82,3.74,6.21,2.75,2.4,1.91,3.03
2025-02-06,3.68,3.56,4.67,4.16,7.68,3.76,4.98,6.2,3.67,3.2,2.55,4.04
2025-02-07,4.6,4.45,5.84,5.19,7.69,4.7,6.22,6.19,4.58,4.0,3.19,5.05
2025-02-08,4.6,4.45,5.84,5.19,7.69,4.69,6.22,6.18,4.58,4.0,3.19,5.05
2025-02-09,4.6,4.45,5.84,5.19,7.69,4.69,6.22,6.18,4.58,4.0,3.19,5.05
2025-02-10,4.6,4.46,5.84,5.19,7.69,4.69,6.22,6.18,4.58,4.0,3.19,5.05
2025-02-11,4.61,4.46,5.85,5.19,7.69,4.7,6.23,6.18,4.58,4.0,3.19,5.06
2025-02-12,4.61,4.47,5.85,5.19,7.69,4.71,6.24,6.18,4.58,4.01,3.19,5.07
2025-02-13,4.61,4.47,5.84,5.19,7.69,4.71,6.24,6.17,4.58,4.01,3.2,5.07
2025-02-14,4.61,4.46,5.83,5.19,7.69,4.7,6.24,6.16,4.58,4.01,3.2,5.07
2025-02-15,4.61,4.46,5.83,5.19,7.68,4.7,6.23,6.15,4.58,4.01,3.2,5.07
2025-02-16,4.6,4.46,5.83,5.19,7.68,4.7,6.22,6.14,4.58,4.01,3.19,5.07
2025-02-17,4.59,4.45,5.82,5.19,7.67,4.69,6.21,6.13,4.58,4.0,3.19,5.07
2025-02-18,4.59,4.45,5.82,5.19,7.67,4.69,6.21,6.12,4.58,4.0,3.19,5.07
2025-02-19,4.59,4.45,5.82,5.19,7.67,4.69,6.22,6.12,4.58,4.0,3.19,5.07
2025-02-20,4.59,4.45,5.82,5.19,6.14,4.69,6.22,6.11,4.57,4.0,3.19,5.07
2025-02-21,4.59,4.45,5.82,5.19,4.6,4.69,6.22,6.11,4.57,4.0,3.19,5.06
2025-02-22,4.59,4.45,5.82,5.19,3.07,4.68,6.22,6.11,4.57,4.0,3.19,5.06
2025-02-23,4.58,4.44,5.82,5.19,1.53,4.67,6.22,6.11,4.57,3.99,3.18,5.05
2025-02-24,4.58,4.43,5.82,5.19,1.39,4.66,6.22,6.1,4.57,3.99,3.18,5.05
2025-02-25,4.56,4.42,5.82,5.19,2.78,4.65,6.21,7.31,4.57,3.99,3.18,5.04
2025-02-26,4.55,4.41,5.82,5.19,4.16,4.64,6.19,8.52,4.57,3.98,3.17,5.04
2025-02-27,4.54,4.41,5.81,5.19,5.55,4.64,6.18,8.53,4.57,3.98,3.17,5.03
2025-02-28,4.53,4.4,5.8,5.19,6.94,4.62,6.17,8.54,4.57,3.97,3.17,5.02
2025-03-01,4.52,4.39,5.8,5.19,6.94,4.61,6.15,8.55,4.57,3.96,3.16,5.01
2025-03-02,4.52,4.39,5.8,5.19,6.93,4.61,6.15,7.36,4.57,3.96,3.16,5.01
2025-03-03,5.48,5.37,7.0,6.29,6.94,5.47,7.22,6.15,5.36,4.72,3.82,5.78
2025-03-04,6.44,6.35,8.21,7.4,6.94,6.33,8.3,6.15,6.14,5.48,4.48,6.56
2025-03-05,6.5,6.46,8.26,7.46,6.94,6.28,8.15,6.13,6.02,5.45,4.51,6.33
2025-03-06,6.57,6.57,8.31,7.53,6.95,6.23,8.01,6.11,5.89,5.42,4.54,6.11
2025-03-07,6.64,6.68,8.36,7.6,6.95,6.17,7.86,6.09,5.76,5.39,4.58,5.88
2025-03-08,5.75,5.81,7.2,6.56,6.95,5.26,6.64,6.07,4.85,4.61,3.95,4.89
2025-03-09,4.85,4.94,6.04,5.52,6.95,4.35,5.41,6.06,3.94,3.82,3.32,3.88
2025-03-10,4.85,4.94,6.05,5.52,6.95,4.34,5.41,6.06,3.94,3.81,3.32,3.88
2025-03-11,4.86,4.94,6.05,5.52,6.96,4.34,5.41,6.06,3.94,3.81,3.32,3.89
2025-03-12,4.86,4.95,6.06,5.52,6.96,4.34,5.42,6.06,3.94,3.81,3.33,3.89
2025-03-13,4.87,4.95,6.08,5.53,6.97,4.34,5.42,6.06,3.94,3.81,3.33,3.89
2025-03-14,4.87,4.95,6.08,5.53,6.97,4.34,5.43,6.04,3.93,3.81,3.33,3.89
2025-03-15,4.88,4.96,6.09,5.53,6.98,4.35,5.43,6.02,3.93,3.81,3.34,3.89
2025-03-16,4.88,4.96,6.09,5.53,6.98,4.35,5.43,6.01,3.93,3.81,3.34,3.89
2025-03-17,4.87,4.96,6.09,5.53,6.98,4.35,5.42,5.99,3.93,3.81,3.34,3.89
2025-03-18,4.87,4.95,6.08,5.53,6.98,4.35,5.42,5.98,3.93,3.81,3.34,3.89
2025-03-19,4.86,4.95,6.07,5.53,6.98,4.34,5.41,5.98,3.93,3.81,3.34,3.89
2025-03-20,4.85,4.94,6.06,5.53,6.98,4.34,5.4,5.99,3.93,3.81,3.34,3.89
2025-03-21,4.84,4.93,6.06,5.53,6.98,4.33,5.4,5.99,3.93,3.81,3.34,3.89
2025-03-22,4.84,4.93,6.06,5.53,6.97,4.33,5.4,6.0,3.93,3.81,3.34,3.89
2025-03-23,4.83,4.93,6.05,5.53,6.97,4.33,5.4,6.01,3.93,3.81,3.34,3.89
2025-03-24,4.84,4.93,6.05,5.53,8.31,4.33,5.41,6.02,3.93,3.81,3.34,3.89
2025-03-25,4.85,4.93,6.05,5.53,9.64,4.33,5.41,6.02,3.93,3.81,3.34,3.9
2025-03-26,4.85,4.94,6.05,5.53,9.59,4.34,5.42,7.25,3.93,3.81,3.35,3.91
2025-03-27,4.86,4.95,6.06,5.53,9.54,4.34,5.42,7.25,3.93,3.81,3.36,3.92
2025-03-28,4.86,4.95,6.06,5.53,9.49,4.34,5.43,7.26,3.93,3.81,3.36,3.93
2025-03-29,4.86,4.95,6.07,5.52,8.11,4.34,5.44,7.28,3.93,3.81,3.36,3.94
2025-03-30,4.86,4.95,6.08,5.52,6.72,4.33,5.44,7.29,3.93,3.81,3.36,3.95
2025-03-31,4.86,4.94,6.09,5.52,6.72,4.33,5.44,6.05,3.93,3.8,3.36,3.95
2025-04-01,5.81,5.81,7.32,6.71,6.73,5.21,6.56,6.05,4.79,4.63,4.01,4.87
2025-04-02,5.81,5.71,7.34,6.81,6.73,5.23,6.59,6.05,4.88,4.71,4.0,5.01
2025-04-03,5.81,5.6,7.38,6.91,6.74,5.26,6.63,6.05,4.96,4.78,3.98,5.15
2025-04-04,5.81,5.49,7.43,7.01,6.76,5.28,6.69,6.06,5.04,4.85,3.96,5.29
2025-04-05,5.81,5.38,7.49,7.12,6.79,5.3,6.75,6.08,5.12,4.92,3.95,5.43
2025-04-06,4.84,4.4,6.3,6.03,6.81,4.44,5.69,6.09,4.34,4.16,3.28,4.65
2025-04-07,4.86,4.41,6.35,6.04,6.86,4.44,5.73,6.12,4.34,4.16,3.28,4.68
2025-04-08,4.89,4.44,6.38,6.04,6.88,4.46,5.78,6.16,4.34,4.16,3.31,4.72
2025-04-09,4.91,4.45,6.37,6.04,6.86,4.47,5.77,6.16,4.34,4.17,3.32,4.76
2025-04-10,4.94,4.47,6.37,6.04,6.85,4.49,5.8,6.17,4.34,4.18,3.34,4.78
2025-04-11,4.97,4.49,6.37,6.05,6.84,4.51,5.81,6.16,4.34,4.19,3.36,4.82
2025-04-12,4.99,4.5,6.36,6.05,6.82,4.53,5.81,6.13,4.33,4.2,3.37,4.83
2025-04-13,4.99,4.5,6.34,6.06,6.8,4.53,5.8,6.09,4.33,4.2,3.37,4.82
2025-04-14,5.0,4.51,6.35,6.06,6.8,4.53,5.8,6.07,4.33,4.2,3.37,4.82
2025-04-15,4.99,4.5,6.34,6.05,6.79,4.53,5.78,6.06,4.33,4.2,3.37,4.83
2025-04-16,4.97,4.49,6.33,6.04,6.79,4.52,5.77,6.05,4.33,4.2,3.36,4.82
2025-04-17,4.96,4.48,6.31,6.03,6.78,4.51,5.75,6.03,4.33,4.19,3.35,4.8
2025-04-18,4.94,4.47,6.3,6.02,6.78,4.51,5.73,6.02,4.33,4.18,3.34,4.79
2025-04-19,4.94,4.46,6.29,6.01,6.77,4.51,5.72,6.0,4.33,4.18,3.34,4.78
2025-04-20,4.93,4.46,6.28,6.01,6.78,4.51,5.72,5.99,4.33,4.18,3.34,4.78
2025-04-21,4.95,4.47,6.28,6.01,8.34,4.52,5.73,5.98,4.33,4.18,3.34,4.79
2025-04-22,4.95,4.48,6.28,6.01,9.9,4.52,5.73,5.97,4.33,4.18,3.35,4.8
2025-04-23,4.96,4.48,6.28,6.01,10.1,4.52,5.73,5.97,4.33,4.18,3.35,4.8
2025-04-24,4.95,4.47,6.26,6.01,10.29,4.52,5.71,5.95,4.33,4.18,3.35,4.8
2025-04-25,4.94,4.47,6.25,6.0,10.49,4.51,5.69,5.94,4.33,4.17,3.34,4.79
2025-04-26,4.92,4.45,6.22,6.0,9.12,4.5,5.66,5.93,4.33,4.17,3.34,4.78
2025-04-27,4.9,4.44,6.21,5.99,7.75,4.49,5.64,5.93,4.33,4.16,3.33,4.76
2025-04-28,4.88,4.42,6.19,5.99,7.74,4.47,5.62,5.91,4.33,4.16,3.33,4.76
2025-04-29,4.87,4.42,6.19,5.99,7.74,4.47,5.61,5.94,4.33,4.15,3.32,4.75
2025-04-30,4.87,4.42,6.19,5.99,7.74,4.46,5.62,5.93,4.33,4.15,3.32,4.75
2025-05-01,4.91,4.47,6.25,6.02,7.74,4.44,5.63,5.93,4.3,4.11,3.33,4.66
2025-05-02,4.95,4.52,6.31,6.06,7.73,4.43,5.64,5.92,4.27,4.06,3.35,4.57
2025-05-03,4.99,4.57,6.37,6.1,7.73,4.42,5.66,5.91,4.24,4.02,3.37,4.48
2025-05-04,5.04,4.63,6.43,6.13,7.72,4.41,5.67,5.87,4.21,3.98,3.39,4.39
2025-05-05,5.08,4.68,6.49,6.17,7.72,4.41,5.68,5.86,4.19,3.94,3.41,4.31
2025-05-06,5.08,4.68,6.49,6.17,7.71,4.41,5.68,5.85,4.19,3.94,3.41,4.32
2025-05-07,5.08,4.68,6.49,6.17,7.71,4.4,5.68,5.85,4.19,3.94,3.41,4.31
2025-05-08,5.08,4.68,6.49,6.16,7.7,4.41,5.68,5.86,4.18,3.94,3.41,4.32
2025-05-09,5.09,4.69,6.49,6.16,7.7,4.4,5.67,5.86,4.18,3.95,3.41,4.32
2025-05-10,5.09,4.69,6.49,6.16,7.69,4.4,5.67,5.87,4.18,3.95,3.4,4.32
2025-05-11,5.09,4.69,6.49,6.16,7.69,4.4,5.66,5.88,4.18,3.95,3.4,4.32
2025-05-12,5.1,4.7,6.47,6.16,7.67,4.41,5.66,5.88,4.18,3.95,3.41,4.32
2025-05-13,5.1,4.7,6.46,6.16,7.67,4.42,5.65,5.88,4.18,3.96,3.41,4.32
2025-05-14,5.1,4.7,6.45,6.16,7.66,4.43,5.65,5.87,4.18,3.96,3.41,4.33
2025-05-15,5.1,4.7,6.44,6.16,7.65,4.43,5.64,5.87,4.18,3.96,3.41,4.33
2025-05-16,5.09,4.7,6.42,6.15,7.64,4.43,5.63,5.86,4.18,3.96,3.4,4.33
2025-05-17,5.09,4.69,6.42,6.15,7.64,4.43,5.63,5.86,4.18,3.96,3.4,4.33
2025-05-18,5.09,4.69,6.42,6.15,7.63,4.43,5.62,5.85,4.18,3.96,3.4,4.33
2025-05-19,5.08,4.68,6.42,6.15,9.65,4.42,5.62,5.85,4.18,3.96,3.4,4.33
2025-05-20,5.08,4.68,6.42,6.15,11.67,4.42,5.62,5.84,4.18,3.96,3.4,4.33
2025-05-21,5.09,4.7,6.43,6.15,12.16,4.43,5.63,5.82,4.18,3.96,3.41,4.34
2025-05-22,5.1,4.7,6.43,6.15,12.66,4.44,5.64,5.81,4.18,3.96,3.41,4.35
2025-05-23,5.11,4.71,6.44,6.15,13.15,4.45,5.64,5.79,4.18,3.96,3.42,4.35
2025-05-24,5.12,4.71,6.45,6.15,11.63,4.45,5.65,5.78,4.18,3.96,3.42,4.36
2025-05-25,5.12,4.71,6.46,6.14,10.1,4.45,5.65,4.62,4.18,3.96,3.42,4.36
2025-05-26,5.11,4.71,6.45,6.14,10.1,4.45,5.65,3.46,4.18,3.96,3.42,4.36
2025-05-27,5.1,4.7,6.45,6.14,10.1,4.44,5.64,3.46,4.18,3.95,3.42,4.35
2025-05-28,5.1,4.7,6.44,6.14,10.1,4.44,5.64,3.47,4.17,3.95,3.42,4.35
2025-05-29,5.09,4.69,6.43,6.14,10.09,4.44,5.63,3.48,4.17,3.95,3.42,4.34
2025-05-30,5.07,4.68,6.42,6.14,10.08,4.43,5.62,4.64,4.17,3.95,3.42,4.34
2025-05-31,4.05,3.74,5.13,4.91,10.08,3.54,4.49,5.8,3.34,3.16,2.73,3.46
2025-06-01,3.04,2.8,3.85,3.68,10.07,2.65,3.37,5.81,2.5,2.37,2.05,2.6
2025-06-02,2.95,2.8,3.76,3.55,10.07,2.65,3.37,5.79,2.56,2.4,2.03,2.66
2025-06-03,2.86,2.8,3.68,3.42,10.06,2.65,3.38,5.78,2.62,2.43,2.01,2.73
2025-06-04,2.77,2.8,3.6,3.29,10.06,2.65,3.38,5.76,2.67,2.45,1.98,2.79
2025-06-05,3.7,3.73,4.8,4.38,10.06,3.53,4.5,5.74,3.57,3.27,2.64,3.72
2025-06-06,4.63,4.66,5.99,5.48,10.05,4.42,5.63,5.73,4.46,4.09,3.31,4.65
2025-06-07,4.63,4.67,5.99,5.48,10.05,4.42,5.63,5.74,4.46,4.09,3.31,4.66
2025-06-08,4.63,4.67,5.99,5.48,10.04,4.42,5.63,5.74,4.46,4.09,3.31,4.66
2025-06-09,4.63,4.67,6.0,5.48,10.04,4.43,5.63,5.74,4.46,4.09,3.31,4.66
2025-06-10,4.63,4.67,5.99,5.47,10.04,4.43,5.62,5.74,4.45,4.09,3.31,4.66
2025-06-11,4.63,4.67,5.99,5.47,10.04,4.42,5.61,5.74,4.45,4.09,3.31,4.66
2025-06-12,4.61,4.66,5.98,5.47,10.04,4.41,5.6,5.73,4.45,4.08,3.3,4.65
2025-06-13,4.61,4.65,5.98,5.47,10.04,4.4,5.59,5.73,4.45,4.08,3.3,4.65
2025-06-14,4.6,4.65,5.98,5.47,10.04,4.39,5.59,5.73,4.45,4.08,3.29,4.64
2025-06-15,4.6,4.64,5.99,5.47,10.05,4.39,5.59,5.73,4.45,4.08,3.29,4.64
2025-06-16,4.6,4.65,5.99,5.47,10.05,4.39,5.6,5.72,4.45,4.08,3.29,4.64
2025-06-17,4.61,4.65,5.99,5.47,10.05,4.4,5.6,5.72,4.45,4.08,3.29,4.63
2025-06-18,4.6,4.65,5.98,5.47,8.04,4.39,5.6,5.71,4.45,4.08,3.29,4.63
2025-06-19,4.6,4.64,5.98,5.47,6.03,4.39,5.6,5.69,4.45,4.08,3.29,4.63
2025-06-20,4.6,4.64,5.98,5.47,4.02,4.39,5.6,5.69,4.45,4.07,3.29,4.62
2025-06-21,4.59,4.64,5.97,5.47,2.01,4.39,5.59,5.7,4.45,4.07,3.29,4.62
2025-06-22,4.59,4.63,5.97,5.47,0.0,4.38,5.59,5.7,4.45,4.07,3.29,4.62
2025-06-23,4.59,4.63,5.96,5.47,1.41,4.38,5.59,5.71,4.45,4.07,3.29,4.62
2025-06-24,4.58,4.62,5.95,5.47,2.82,4.37,5.58,5.71,4.45,4.07,3.29,4.61
2025-06-25,4.58,4.62,5.95,5.47,4.23,4.37,5.57,6.83,4.45,4.06,3.28,4.61
2025-06-26,4.57,4.61,5.94,5.46,5.63,4.36,5.56,6.81,4.45,4.06,3.28,4.61
2025-06-27,4.56,4.61,5.93,5.46,7.04,4.35,5.54,6.8,4.45,4.06,3.28,4.61
2025-06-28,4.55,4.6,5.92,5.46,7.03,4.35,5.54,6.78,4.45,4.05,3.28,4.61
2025-06-29,4.55,4.6,5.92,5.46,7.03,4.35,5.53,6.77,4.44,4.05,3.28,4.61
2025-06-30,4.55,4.6,5.91,5.46,7.02,4.34,5.52,5.62,4.44,4.05,3.28,4.61
2025-07-01,5.46,5.51,7.1,6.56,7.02,5.23,6.55,5.62,5.31,4.81,3.94,5.54
2025-07-02,5.47,5.5,7.1,6.58,7.02,5.25,6.47,5.62,5.28,4.76,3.95,5.55
2025-07-03,5.48,5.5,7.11,6.59,7.01,5.27,6.4,5.6,5.25,4.71,3.97,5.57
2025-07-04,5.49,5.5,7.11,6.61,7.0,5.29,6.32,5.59,5.22,4.66,3.98,5.58
2025-07-05,5.5,5.5,7.12,6.62,7.0,5.31,6.25,5.58,5.19,4.62,3.99,5.6
2025-07-06,4.6,4.59,5.94,5.53,7.0,4.44,5.15,5.57,4.3,3.81,3.34,4.68
2025-07-07,4.61,4.59,5.94,5.53,7.0,4.45,5.15,5.57,4.3,3.81,3.34,4.68
2025-07-08,4.62,4.6,5.94,5.53,7.0,4.45,5.16,5.58,4.3,3.81,3.34,4.69
2025-07-09,4.62,4.6,5.95,5.53,7.0,4.45,5.16,5.58,4.3,3.81,3.34,4.69
2025-07-10,4.62,4.6,5.95,5.53,7.0,4.45,5.17,5.59,4.3,3.81,3.34,4.69
2025-07-11,4.63,4.61,5.96,5.52,7.0,4.45,5.17,5.6,4.3,3.81,3.34,4.7
2025-07-12,4.63,4.61,5.96,5.52,6.99,4.45,5.18,5.61,4.3,3.81,3.35,4.71
2025-07-13,4.63,4.61,5.96,5.52,6.99,4.45,5.18,5.62,4.3,3.81,3.35,4.71
2025-07-14,4.64,4.62,5.96,5.52,6.99,4.46,5.18,5.62,4.3,3.81,3.35,4.72
2025-07-15,4.65,4.62,5.96,5.52,6.98,4.46,5.19,5.63,4.3,3.81,3.35,4.73
2025-07-16,4.65,4.63,5.96,5.52,6.98,4.47,5.19,5.63,4.3,3.81,3.36,4.74
2025-07-17,4.65,4.63,5.96,5.52,6.98,4.47,5.19,5.63,4.3,3.81,3.36,4.75
2025-07-18,4.65,4.62,5.96,5.52,6.98,4.47,5.19,5.63,4.3,3.81,3.37,4.77
2025-07-19,4.65,4.62,5.95,5.52,6.98,4.47,5.19,5.62,4.3,3.81,3.37,4.78
2025-07-20,4.64,4.62,5.95,5.52,6.98,4.47,5.19,5.62,4.3,3.81,3.37,4.79
2025-07-21,4.63,4.61,5.94,5.52,8.41,4.46,5.18,5.62,4.3,3.81,3.37,4.8
2025-07-22,4.63,4.6,5.94,5.52,9.84,4.46,5.17,5.61,4.3,3.81,3.37,4.8
2025-07-23,4.62,4.6,5.93,5.52,9.87,4.45,5.17,5.6,4.3,3.8,3.37,4.79
2025-07-24,4.62,4.6,5.93,5.51,9.91,4.45,5.16,5.59,4.3,3.8,3.37,4.79
2025-07-25,4.61,4.59,5.93,5.51,9.94,4.45,5.15,4.47,4.3,3.8,3.36,4.79
2025-07-26,4.61,4.59,5.93,5.51,8.55,4.45,5.14,3.35,4.29,3.8,3.36,4.79
2025-07-27,4.61,4.59,5.93,5.51,7.15,4.45,5.14,2.23,4.29,3.8,3.36,4.79
2025-07-28,4.61,4.59,5.93,5.51,7.16,4.45,5.14,2.24,4.29,3.8,3.36,4.79
2025-07-29,4.6,4.58,5.93,5.51,7.15,4.45,5.13,2.26,4.29,3.8,3.36,4.78
2025-07-30,4.6,4.58,5.93,5.51,7.16,4.45,5.13,3.39,4.29,3.8,3.36,4.78
2025-07-31,3.68,3.67,4.74,4.41,7.15,3.56,4.1,4.53,3.43,3.04,2.69,3.83
2025-08-01,3.77,3.65,4.82,4.36,7.16,3.55,4.18,5.66,3.47,3.09,2.68,3.83
2025-08-02,3.85,3.64,4.9,4.32,7.16,3.54,4.26,5.66,3.51,3.13,2.66,3.84
2025-08-03,3.94,3.63,4.98,4.29,7.16,3.53,4.34,5.66,3.54,3.18,2.65,3.86
2025-08-04,4.03,3.61,5.06,4.24,7.16,3.52,4.42,5.65,3.58,3.22,2.64,3.87
2025-08-05,5.03,4.52,6.32,5.31,7.16,4.4,5.52,5.63,4.47,4.03,3.3,4.83
2025-08-06,5.03,4.52,6.31,5.3,7.16,4.4,5.51,5.62,4.47,4.03,3.3,4.84
2025-08-07,5.03,4.52,6.31,5.3,7.15,4.4,5.5,5.61,4.47,4.03,3.3,4.84
2025-08-08,5.03,4.52,6.31,5.3,7.15,4.4,5.5,5.59,4.47,4.03,3.3,4.84
2025-08-09,5.04,4.52,6.31,5.3,7.15,4.4,5.49,5.57,4.47,4.03,3.3,4.85
2025-08-10,5.04,4.52,6.31,5.3,7.15,4.41,5.49,5.55,4.47,4.03,3.3,4.85
2025-08-11,5.04,4.53,6.31,5.3,7.15,4.41,5.49,5.55,4.47,4.03,3.3,4.85
2025-08-12,5.04,4.53,6.3,5.3,7.15,4.41,5.48,5.54,4.47,4.03,3.3,4.85
2025-08-13,5.04,4.52,6.3,5.3,7.14,4.41,5.48,5.54,4.47,4.03,3.3,4.84
2025-08-14,5.03,4.52,6.29,5.3,7.14,4.41,5.47,5.54,4.47,4.03,3.3,4.84
2025-08-15,5.03,4.52,6.29,5.3,7.14,4.41,5.46,5.53,4.47,4.03,3.3,4.84
2025-08-16,5.03,4.51,6.29,5.29,7.14,4.41,5.46,5.52,4.47,4.03,3.3,4.84
2025-08-17,5.03,4.51,6.29,5.29,7.14,4.41,5.46,5.52,4.47,4.03,3.3,4.85
2025-08-18,5.03,4.52,6.29,5.29,8.62,4.41,5.46,5.52,4.47,4.03,3.3,4.85
2025-08-19,5.03,4.52,6.29,5.29,10.1,4.41,5.46,5.52,4.47,4.03,3.3,4.85
2025-08-20,5.03,4.52,6.29,5.29,10.14,4.41,5.46,5.52,4.47,4.03,3.3,4.85
2025-08-21,5.04,4.52,6.3,5.29,10.19,4.41,5.46,5.53,4.47,4.03,3.3,4.85
2025-08-22,5.03,4.52,6.29,5.29,10.23,4.41,5.46,5.53,4.47,4.03,3.3,4.85
2025-08-23,5.03,4.51,6.28,5.29,8.8,4.4,5.46,5.52,4.47,4.02,3.3,4.85
2025-08-24,5.02,4.51,6.28,5.29,7.37,4.4,5.45,5.51,4.46,4.02,3.3,4.84
2025-08-25,5.02,4.51,6.27,5.29,7.37,4.39,5.45,5.5,4.46,4.02,3.3,4.84
2025-08-26,5.02,4.51,6.26,5.29,7.37,4.39,5.45,6.6,4.46,4.02,3.3,4.84
2025-08-27,5.02,4.51,6.26,5.29,7.36,4.39,5.46,6.6,4.46,4.02,3.29,4.84
2025-08-28,5.02,4.51,6.26,5.28,7.36,4.38,5.46,6.6,4.46,4.02,3.29,4.83
2025-08-29,5.02,4.51,6.26,5.28,7.36,4.38,5.46,6.61,4.46,4.01,3.29,4.83
2025-08-30,5.02,4.51,6.25,5.28,7.36,4.38,5.45,6.62,4.46,4.01,3.29,4.83
2025-08-31,4.02,3.61,5.0,4.23,7.36,3.5,4.36,5.51,3.57,3.21,2.63,3.86
2025-09-01,3.01,2.7,3.75,3.17,7.35,2.62,3.27,5.51,2.68,2.41,1.97,2.89
2025-09-02,2.88,2.71,3.69,3.21,7.35,2.64,3.25,5.52,2.67,2.38,1.98,2.86
2025-09-03,2.75,2.72,3.62,3.25,7.35,2.66,3.22,5.51,2.67,2.35,1.98,2.82
2025-09-04,2.6,2.72,3.55,3.28,7.35,2.67,3.2,5.51,2.66,2.32,1.99,2.78
2025-09-05,3.46,3.61,4.73,4.38,7.35,3.55,4.25,5.5,3.55,3.1,2.64,3.69
2025-09-06,4.32,4.51,5.91,5.47,7.35,4.44,5.3,5.49,4.43,3.87,3.3,4.61
2025-09-07,4.3,4.5,5.91,5.47,7.35,4.42,5.29,5.49,4.43,3.86,3.29,4.59
2025-09-08,4.28,4.48,5.9,5.47,7.35,4.41,5.28,5.48,4.43,3.86,3.28,4.57
2025-09-09,4.28,4.48,5.9,5.47,7.34,4.41,5.27,5.47,4.43,3.86,3.27,4.56
2025-09-10,4.27,4.47,5.9,5.47,7.34,4.4,5.27,5.47,4.43,3.86,3.27,4.55
2025-09-11,4.27,4.47,5.9,5.47,7.34,4.4,5.26,5.46,4.43,3.86,3.26,4.54
2025-09-12,4.26,4.46,5.9,5.47,7.34,4.39,5.25,5.45,4.43,3.86,3.25,4.53
2025-09-13,4.26,4.46,5.9,5.47,7.34,4.39,5.25,5.44,4.43,3.85,3.25,4.52
2025-09-14,4.25,4.46,5.9,5.47,7.33,4.39,5.24,5.43,4.43,3.85,3.25,4.52
2025-09-15,4.25,4.45,5.89,5.47,7.33,4.38,5.23,5.41,4.43,3.85,3.24,4.51
2025-09-16,4.24,4.45,5.89,5.47,7.33,4.38,5.23,5.4,4.43,3.85,3.24,4.51
2025-09-17,4.24,4.45,5.89,5.47,5.86,4.38,5.23,5.39,4.43,3.85,3.24,4.51
2025-09-18,4.25,4.45,5.89,5.47,4.4,4.39,5.23,5.38,4.43,3.85,3.24,4.5
2025-09-19,4.25,4.45,5.88,5.47,2.93,4.39,5.24,5.38,4.43,3.85,3.24,4.5
2025-09-20,4.25,4.46,5.88,5.47,1.46,4.39,5.24,5.37,4.43,3.85,3.24,4.5
2025-09-21,4.26,4.46,5.88,5.46,0.0,4.4,5.25,5.37,4.43,3.85,3.24,4.5
2025-09-22,4.26,4.47,5.87,5.46,1.49,4.4,5.25,5.38,4.42,3.86,3.24,4.5
2025-09-23,4.26,4.47,5.87,5.46,2.97,4.4,5.25,5.37,4.42,3.86,3.24,4.5
2025-09-24,4.27,4.47,5.88,5.46,4.46,4.4,5.24,5.38,4.42,3.86,3.24,4.51
2025-09-25,4.27,4.47,5.88,5.46,5.95,4.4,5.24,5.48,4.42,3.86,3.24,4.51
2025-09-26,4.27,4.48,5.88,5.46,7.43,4.4,5.24,5.57,4.42,3.86,3.25,4.51
2025-09-27,4.28,4.48,5.89,5.46,7.43,4.4,5.24,5.67,4.42,3.86,3.25,4.52
2025-09-28,4.28,4.48,5.89,5.46,7.44,4.41,5.24,5.76,4.42,3.86,3.25,4.52
2025-09-29,4.28,4.48,5.89,5.46,7.44,4.41,5.24,5.85,4.42,3.86,3.25,4.52
2025-09-30,4.28,4.48,5.88,5.46,7.43,4.4,5.24,5.84,4.42,3.86,3.25,4.51
2025-10-01,5.17,5.34,7.05,6.57,7.43,5.27,6.26,5.84,5.27,4.65,3.91,5.35
2025-10-02,5.21,5.31,7.04,6.59,7.43,5.26,6.23,5.83,5.24,4.67,3.92,5.3
2025-10-03,5.25,5.28,7.03,6.6,7.43,5.25,6.21,5.83,5.21,4.69,3.93,5.24
2025-10-04,5.3,5.25,7.02,6.62,7.43,5.24,6.18,5.82,5.18,4.71,3.95,5.18
2025-10-05,5.34,5.22,7.02,6.64,7.42,5.24,6.15,5.82,5.14,4.74,3.96,5.13
2025-10-06,4.5,4.33,5.84,5.55,7.42,4.36,5.11,5.82,4.26,3.97,3.32,4.23
2025-10-07,4.5,4.33,5.85,5.55,7.42,4.36,5.11,5.83,4.26,3.97,3.32,4.23
2025-10-08,4.5,4.33,5.85,5.55,7.43,4.36,5.11,5.83,4.26,3.97,3.31,4.23
2025-10-09,4.51,4.34,5.86,5.55,7.43,4.36,5.11,5.83,4.26,3.97,3.31,4.24
2025-10-10,4.51,4.34,5.87,5.55,7.44,4.36,5.12,5.84,4.26,3.97,3.31,4.24
2025-10-11,4.51,4.33,5.88,5.55,7.45,4.36,5.12,5.85,4.26,3.97,3.31,4.23
2025-10-12,4.51,4.33,5.89,5.55,7.46,4.36,5.13,5.85,4.26,3.96,3.31,4.23
2025-10-13,4.5,4.33,5.9,5.55,7.47,4.35,5.13,5.85,4.26,3.96,3.3,4.23
2025-10-14,4.49,4.32,5.9,5.55,7.47,4.35,5.12,5.86,4.25,3.96,3.3,4.23
2025-10-15,4.49,4.32,5.88,5.55,7.46,4.35,5.11,5.85,4.25,3.96,3.3,4.23
2025-10-16,4.48,4.31,5.87,5.55,7.46,4.34,5.1,5.85,4.25,3.95,3.3,4.22
2025-10-17,4.47,4.31,5.86,5.55,7.46,4.33,5.09,5.84,4.25,3.95,3.29,4.22
2025-10-18,4.47,4.3,5.86,5.55,7.46,4.33,5.08,5.83,4.25,3.95,3.29,4.22
2025-10-19,4.47,4.3,5.86,5.55,7.45,4.33,5.08,5.81,4.25,3.95,3.29,4.21
2025-10-20,4.46,4.3,5.86,5.55,8.88,4.32,5.07,5.81,4.25,3.95,3.28,4.21
2025-10-21,4.46,4.3,5.85,5.55,10.3,4.32,5.07,5.81,4.25,3.95,3.28,4.2
2025-10-22,4.46,4.3,5.85,5.55,10.24,4.32,5.06,5.82,4.25,3.95,3.28,4.2
2025-10-23,4.46,4.29,5.85,5.55,10.17,4.32,5.06,5.82,4.25,3.95,3.28,4.2
2025-10-24,4.45,4.29,5.85,5.55,10.11,4.32,5.05,5.82,4.25,3.94,3.28,4.2
2025-10-25,4.45,4.29,5.84,5.54,8.61,4.32,5.05,4.66,4.25,3.94,3.28,4.2
2025-10-26,4.45,4.29,5.84,5.54,7.12,4.32,5.05,3.49,4.25,3.94,3.28,4.2
2025-10-27,4.45,4.29,5.83,5.54,7.11,4.32,5.04,2.33,4.25,3.94,3.28,4.2
2025-10-28,4.45,4.29,5.82,5.54,7.11,4.32,5.03,2.41,4.25,3.94,3.28,4.2
2025-10-29,4.45,4.29,5.83,5.54,7.1,4.32,5.03,2.49,4.25,3.94,3.28,4.2
2025-10-30,4.46,4.29,5.83,5.54,7.1,4.32,5.03,3.74,4.25,3.95,3.28,4.2
2025-10-31,3.57,3.44,4.66,4.43,7.1,3.46,4.02,5.0,3.4,3.16,2.63,3.36
2025-11-01,2.68,2.58,3.5,3.32,7.1,2.6,3.02,6.25,2.55,2.37,1.97,2.52
2025-11-02,1.79,1.72,2.34,2.22,7.1,1.74,2.01,6.26,1.7,1.58,1.31,1.68
2025-11-03,1.79,1.75,2.43,2.19,7.1,1.75,2.08,6.27,1.7,1.57,1.29,1.76
2025-11-04,1.79,1.77,2.53,2.16,7.1,1.77,2.15,6.28,1.7,1.56,1.26,1.84
2025-11-05,2.69,2.65,3.79,3.24,7.1,2.65,3.22,6.27,2.55,2.35,1.89,2.77
2025-11-06,3.58,3.53,5.05,4.33,7.09,3.54,4.3,6.27,3.41,3.13,2.52,3.69
2025-11-07,4.47,4.41,6.31,5.41,7.09,4.42,5.37,6.26,4.26,3.91,3.15,4.62
2025-11-08,4.47,4.41,6.3,5.41,7.09,4.41,5.37,6.26,4.26,3.91,3.15,4.62
2025-11-09,4.47,4.41,6.3,5.41,7.09,4.41,5.37,6.26,4.26,3.9,3.15,4.62
2025-11-10,4.47,4.41,6.3,5.41,7.08,4.41,5.36,6.25,4.25,3.9,3.15,4.62
2025-11-11,4.46,4.41,6.29,5.4,7.08,4.41,5.35,6.24,4.25,3.9,3.14,4.62
2025-11-12,4.46,4.4,6.29,5.4,7.08,4.41,5.35,6.23,4.25,3.9,3.14,4.62
2025-11-13,4.46,4.4,6.29,5.4,7.08,4.41,5.35,6.22,4.25,3.9,3.14,4.62
2025-11-14,4.47,4.41,6.29,5.4,7.08,4.41,5.35,6.21,4.25,3.9,3.14,4.62
2025-11-15,4.47,4.41,6.3,5.4,7.08,4.41,5.35,6.21,4.25,3.91,3.15,4.62
2025-11-16,4.48,4.42,6.3,5.4,7.08,4.42,5.36,6.21,4.25,3.91,3.15,4.62
2025-11-17,4.48,4.42,6.31,5.4,7.08,4.42,5.36,6.21,4.25,3.91,3.15,4.63
2025-11-18,4.49,4.42,6.31,5.4,7.08,4.42,5.36,6.22,4.25,3.9,3.15,4.63
2025-11-19,4.48,4.42,6.31,5.4,5.67,4.42,5.36,6.22,4.25,3.9,3.15,4.62
2025-11-20,4.48,4.42,6.31,5.4,4.25,4.42,5.36,6.22,4.25,3.9,3.15,4.62
2025-11-21,4.48,4.41,6.31,5.4,2.83,4.42,5.36,6.23,4.25,3.9,3.15,4.61
2025-11-22,4.47,4.41,6.31,5.4,1.42,4.41,5.36,6.24,4.25,3.9,3.15,4.61
2025-11-23,4.47,4.41,6.3,5.4,0.0,4.41,5.36,6.25,4.25,3.9,3.15,4.61
2025-11-24,4.46,4.4,6.3,5.4,1.42,4.41,5.35,7.51,4.25,3.9,3.15,4.6
2025-11-25,4.45,4.39,6.28,5.39,2.83,4.4,5.35,8.74,4.25,3.9,3.15,4.6
2025-11-26,4.44,4.39,6.28,5.39,4.24,4.39,5.34,9.96,4.25,3.9,3.15,4.59
2025-11-27,4.43,4.38,6.27,5.39,5.65,4.39,5.33,9.94,4.25,3.89,3.14,4.59
2025-11-28,4.42,4.37,6.26,5.39,7.06,4.39,5.33,9.93,4.25,3.89,3.14,5.41
2025-11-29,4.42,4.37,6.25,5.39,7.06,4.39,5.32,8.66,4.25,3.89,3.14,6.23
2025-11-30,4.42,4.37,6.25,5.39,7.05,4.39,5.32,7.42,4.25,3.89,3.14,7.05
2025-12-01,5.34,5.27,7.4,6.34,7.05,5.29,6.28,6.18,5.01,4.61,3.8,7.89
2025-12-02,6.26,6.17,8.54,7.28,7.05,6.18,7.22,6.19,5.77,5.33,4.46,8.72
2025-12-03,6.28,6.18,8.43,7.15,7.05,6.2,7.1,6.18,5.69,5.28,4.49,7.81
2025-12-04,6.31,6.2,8.32,7.02,7.05,6.21,6.98,6.17,5.6,5.22,4.52,6.9
2025-12-05,6.34,6.22,8.21,6.89,7.05,6.23,6.87,6.17,5.51,5.17,4.56,5.98
2025-12-06,5.45,5.34,6.96,5.81,7.04,5.34,5.8,6.17,4.66,4.39,3.93,5.06
2025-12-07,4.56,4.47,5.71,4.73,7.04,4.47,4.73,6.17,3.82,3.61,3.3,4.14
2025-12-08,4.57,4.47,5.71,4.73,7.04,4.47,4.74,6.17,3.81,3.61,3.3,4.14
2025-12-09,4.57,4.47,5.71,4.73,7.03,4.47,4.75,6.18,3.81,3.61,3.3,4.14
2025-12-10,4.57,4.47,5.71,4.73,7.03,4.47,4.75,6.18,3.81,3.61,3.3,4.14
2025-12-11,4.57,4.47,5.71,4.73,7.03,4.47,4.75,6.18,3.81,3.61,3.3,4.14
2025-12-12,4.58,4.48,5.72,4.73,7.02,4.47,4.75,6.17,3.81,3.61,3.3,4.14
2025-12-13,4.58,4.48,5.71,4.73,7.02,4.47,4.74,6.16,3.81,3.61,3.3,4.14
2025-12-14,4.58,4.48,5.71,4.73,7.02,4.47,4.74,6.15,3.81,3.61,3.3,4.13
2025-12-15,4.59,4.48,5.72,4.73,7.02,4.47,4.74,6.14,3.81,3.61,3.3,4.13
2025-12-16,4.59,4.48,5.72,4.73,7.02,4.47,4.74,6.15,3.81,3.61,3.3,4.13
2025-12-17,4.59,4.48,5.72,4.73,7.02,4.47,4.74,6.15,3.81,3.61,3.3,4.13
2025-12-18,4.58,4.48,5.71,4.73,7.02,4.46,4.73,6.15,3.81,3.6,3.29,4.13
2025-12-19,5.55,5.37,6.87,4.73,7.02,5.32,5.7,6.15,4.6,4.34,3.94,4.13
2025-12-20,6.51,6.26,8.03,4.72,7.02,6.17,6.67,6.15,5.38,5.08,4.6,4.12
2025-12-21,7.48,7.16,9.19,4.72,7.02,7.03,7.64,6.15,6.17,5.81,5.25,4.12
2025-12-22,8.45,8.05,10.34,5.91,8.22,7.88,8.61,6.14,6.95,6.55,5.9,4.12
2025-12-23,9.41,8.95,11.5,7.1,9.42,8.74,9.58,6.13,7.74,7.29,6.55,4.12
2025-12-24,9.4,8.94,11.49,8.29,9.22,8.74,9.58,4.9,7.74,7.29,6.55,4.12
2025-12-25,9.4,8.93,11.48,9.48,9.01,8.73,9.57,3.67,7.74,7.29,6.54,4.12
2025-12-26,9.39,8.93,11.47,10.67,8.81,8.73,9.57,3.67,7.74,7.29,6.54,4.11
2025-12-27,9.38,8.92,11.47,10.66,7.41,8.72,9.56,3.66,7.74,7.28,6.54,4.11
2025-12-28,9.37,8.91,11.47,10.66,6.0,8.72,9.56,3.66,7.74,7.28,6.54,3.29
2025-12-29,9.37,8.91,11.47,10.66,6.0,8.72,9.55,4.88,7.74,7.28,6.54,3.33
2025-12-30,9.37,8.91,11.46,10.65,6.0,8.72,9.56,6.1,7.73,7.28,6.53,3.37
2025-12-31,8.46,8.02,10.33,9.71,6.0,7.83,8.62,6.1,6.97,6.56,5.88,3.4
2026-01-01,7.55,7.13,9.19,8.77,6.0,6.94,7.68,6.09,6.21,5.84,5.22,3.44
2026-01-02,6.64,6.24,8.05,7.82,6.0,6.05,6.74,6.08,5.45,5.12,4.56,4.3
2026-01-03,5.74,5.36,6.91,6.88,6.0,5.17,5.8,6.07,4.69,4.41,3.9,4.3
2026-01-04,4.83,4.47,5.78,5.94,6.0,4.28,4.86,6.07,3.93,3.69,3.24,4.3
2026-01-05,4.83,4.47,5.77,5.94,5.99,4.28,4.86,6.07,3.93,3.69,3.24,4.3
2026-01-06,4.83,4.47,5.77,5.94,5.99,4.28,4.86,6.06,3.93,3.68,3.24,4.3
2026-01-07,4.82,4.47,5.77,5.94,5.99,4.28,4.86,6.06,3.93,3.68,3.24,4.3
2026-01-08,4.82,4.47,5.76,5.94,5.99,4.28,4.86,6.05,3.93,3.68,3.24,4.29
2026-01-09,4.82,4.46,5.76,5.93,5.99,4.27,4.86,6.05,3.92,3.69,3.23,4.29
2026-01-10,4.82,4.46,5.76,5.93,5.98,4.27,4.86,6.05,3.92,3.69,3.23,4.29
2026-01-11,4.82,4.46,5.75,5.93,5.98,4.27,4.86,6.05,3.92,3.69,3.23,4.29
2026-01-12,4.82,4.46,5.75,5.93,5.98,4.26,4.86,6.05,3.92,3.69,3.23,4.29
2026-01-13,4.81,4.46,5.75,5.93,5.98,4.26,4.86,6.05,3.92,3.69,3.23,4.28
2026-01-14,4.81,4.46,5.75,5.93,5.98,4.26,4.86,6.04,3.92,3.69,3.23,4.28
2026-01-15,4.81,4.45,5.75,5.93,5.98,4.26,4.86,6.04,3.92,3.69,3.23,4.28
2026-01-16,4.81,4.45,5.75,5.93,5.98,4.26,4.86,6.04,3.92,3.69,3.23,4.28
2026-01-17,4.81,4.45,5.75,5.92,5.98,4.26,4.86,6.04,3.92,3.69,3.23,4.28
2026-01-18,3.85,3.56,4.6,5.92,5.98,3.41,3.89,6.04,3.14,2.95,2.58,4.27
2026-01-19,2.89,2.67,3.45,5.92,5.98,2.56,2.92,6.04,2.35,2.21,1.94,4.28
2026-01-20,1.93,1.78,2.3,5.92,7.24,1.71,1.95,6.04,1.57,1.47,1.29,4.28
2026-01-21,0.96,0.89,1.15,4.73,7.3,0.85,0.97,6.03,0.78,0.74,0.65,4.29
2026-01-22,0.0,0.0,0.0,3.55,7.36,0.0,0.0,6.01,0.0,0.0,0.0,4.29
2026-01-23,0.0,0.0,0.0,2.37,7.43,0.0,0.0,6.0,0.0,0.0,0.0,4.3
2026-01-24,0.0,0.0,0.0,1.18,7.49,0.0,0.0,5.98,0.0,0.0,0.0,4.3
2026-01-25,0.0,0.0,0.0,0.0,6.29,0.0,0.0,4.77,0.0,0.0,0.0,4.3
2026-01-26,0.0,0.0,0.0,0.0,6.29,0.0,0.0,3.58,0.0,0.0,0.0,4.3
2026-01-27,0.0,0.0,0.0,0.0,6.3,0.0,0.0,3.56,0.0,0.0,0.0,4.29
2026-01-28,0.0,0.0,0.0,0.0,6.3,0.0,0.0,3.54,0.0,0.0,0.0,3.44
2026-01-29,0.0,0.0,0.0,0.0,6.31,0.0,0.0,3.53,0.0,0.0,0.0,2.58
2026-01-30,0.0,0.0,0.0,0.87,6.32,0.0,0.0,4.72,0.0,0.0,0.0,1.72
2026-01-31,0.0,0.0,0.0,1.75,6.33,0.0,0.0,5.91,0.0,0.0,0.0,0.86
2026-02-01,0.0,0.0,0.0,2.62,6.33,0.0,0.0,5.92,0.0,0.0,0.0,0.0
2026-02-02,0.9,0.89,1.2,3.5,6.33,0.86,1.05,5.93,0.75,0.76,0.63,0.89
2026-02-03,1.8,1.78,2.4,4.37,6.34,1.71,2.1,5.94,1.5,1.51,1.26,1.78
2026-02-04,2.71,2.66,3.61,4.37,6.34,2.57,3.15,5.93,2.25,2.27,1.89,2.66
2026-02-05,3.6,3.55,4.81,4.37,6.35,3.42,4.2,5.93,3.0,3.03,2.52,3.55
2026-02-06,4.5,4.43,6.02,4.37,6.35,4.28,5.24,5.93,3.74,3.78,3.15,4.44
2026-02-07,4.5,4.43,6.02,4.37,6.36,4.27,5.24,5.92,3.74,3.78,3.15,4.44
2026-02-08,4.5,4.43,6.01,4.37,6.36,4.27,5.23,5.92,3.74,3.78,3.15,4.44
2026-02-09,4.49,4.42,6.01,4.37,6.36,4.27,5.22,5.92,3.74,3.78,3.15,4.43
2026-02-10,4.49,4.42,6.01,4.37,6.35,4.26,5.22,5.9,3.74,3.78,3.15,4.44
2026-02-11,4.49,4.42,6.0,4.37,6.35,4.26,5.22,5.89,3.74,3.78,3.15,4.43
2026-02-12,4.48,4.41,6.01,4.37,6.36,4.26,5.21,5.89,3.74,3.78,3.15,4.43
2026-02-13,4.47,4.41,6.0,4.37,6.36,4.25,5.2,5.88,3.74,3.78,3.14,4.43
2026-02-14,4.46,4.4,6.01,4.37,6.36,4.24,5.19,5.88,3.74,3.77,3.14,4.42
2026-02-15,4.46,4.39,6.01,4.37,6.37,4.23,5.19,5.87,3.74,3.77,3.14,4.42
2026-02-16,4.45,4.39,6.01,4.37,6.37,4.23,5.18,5.87,3.74,3.77,3.14,4.42
2026-02-17,4.45,4.39,6.0,4.37,6.37,4.22,5.18,5.86,3.74,3.77,3.14,4.41
