date,vix,vxn,rvx,vxeem,skew,move,dxy,cnn_fear_greed,ig_oas,hy_oas,gvz,ovx,stlfsi
2007-01-01,,,,,,,,,,,,,
2007-01-02,,,,,,,83.2,,0.92,2.91,,,
2007-01-03,12.04,17.5,18.63,,118.77,70.9,83.92,,0.91,2.91,,,
2007-01-04,11.51,16.99,18.03,,118.78,72.0,84.32,,0.91,2.95,,,
2007-01-05,12.14,17.9,19.34,,117.27,67.4,84.63,,0.91,2.93,,,-0.88
2007-01-08,12.0,18.35,19.43,,119.44,64.3,84.6,,0.91,2.92,,,
2007-01-09,11.91,17.89,18.76,,116.28,61.8,84.74,,0.91,2.89,,,
2007-01-10,11.47,17.25,18.34,,117.79,62.2,85.08,,0.91,2.87,,,
2007-01-11,10.87,17.02,17.36,,119.13,63.0,85.31,,0.9,2.82,,,
2007-01-12,10.15,16.56,16.38,,119.7,61.2,85.03,,0.9,2.8,,,-0.99
2007-01-15,,,,,,,,,0.9,2.79,,,
2007-01-16,10.74,17.28,17.36,,120.78,60.9,85.05,,0.9,2.78,,,
2007-01-17,10.59,16.92,17.61,,120.95,60.1,84.98,,0.89,2.72,,,
2007-01-18,10.85,17.63,18.08,,127.7,58.0,84.91,,0.89,2.73,,,
2007-01-19,10.4,16.81,17.04,,127.24,57.2,84.86,,0.89,2.7,,,-1.09
2007-01-22,10.77,17.65,17.91,,121.13,57.2,85.02,,0.89,2.69,,,
2007-01-23,10.34,17.34,16.92,,122.77,57.2,84.67,,0.88,2.65,,,
2007-01-24,9.89,16.61,16.15,,124.34,57.5,84.94,,0.88,2.63,,,
2007-01-25,11.22,17.63,17.34,,119.49,60.75,85.11,,0.87,2.57,,,
2007-01-26,11.13,17.52,16.87,,120.26,60.3,85.28,,0.88,2.59,,,-1.13
2007-01-29,11.45,18.16,17.6,,117.83,60.0,85.1,,0.87,2.58,,,
2007-01-30,10.96,17.98,17.26,,119.53,61.9,85.03,,0.87,2.62,,,
2007-01-31,10.42,17.19,16.91,,118.58,61.6,84.61,,0.89,2.72,,,
2007-02-01,10.31,17.11,16.26,,119.57,61.3,84.63,,0.88,2.66,,,
2007-02-02,10.08,16.43,16.14,,121.7,56.1,84.96,,0.88,2.67,,,-1.09
2007-02-05,10.55,16.84,16.87,,122.48,54.9,85.08,,0.88,2.67,,,
2007-02-06,10.65,16.61,16.56,,122.78,56.3,84.78,,0.88,2.67,,,
2007-02-07,10.32,16.17,15.9,,122.94,60.5,84.75,,0.88,2.65,,,
2007-02-08,10.44,16.14,15.74,,122.69,58.9,84.7,,0.88,2.65,,,
2007-02-09,11.1,17.11,16.35,,121.02,60.1,84.87,,0.87,2.59,,,-1.1
2007-02-12,11.61,17.34,16.79,,119.81,60.0,85.15,,0.87,2.59,,,
2007-02-13,10.34,15.83,15.97,,125.32,59.8,84.73,,0.87,2.58,,,
2007-02-14,10.23,15.37,16.13,,123.09,59.8,84.2,,0.87,2.62,,,
2007-02-15,10.22,15.27,15.64,,120.55,61.1,84.01,,0.87,2.59,,,
2007-02-16,10.02,14.83,14.55,,121.01,60.7,84.09,,0.86,2.57,,,-1.11
2007-02-19,,,,,,,,,0.86,2.57,,,
2007-02-20,10.24,15.77,14.74,,120.99,60.9,84.19,,0.86,2.57,,,
2007-02-21,10.2,15.38,14.44,,119.1,57.8,84.21,,0.86,2.53,,,
2007-02-22,10.18,15.3,14.47,,119.58,57.5,84.32,,0.86,2.49,,,
2007-02-23,10.58,15.32,15.03,,117.71,57.8,84.07,,0.86,2.55,,,-1.13
2007-02-26,11.15,15.99,15.81,,117.81,61.6,83.93,,0.86,2.58,,,
2007-02-27,18.31,22.97,22.05,,112.5,70.3,83.48,,0.89,2.79,,,
2007-02-28,15.42,20.53,20.53,,121.36,69.8,83.57,,0.9,2.82,,,
2007-03-01,15.82,21.51,20.98,,120.99,72.9,83.68,,0.89,2.83,,,
2007-03-02,18.61,23.66,24.21,,118.76,76.7,83.74,,0.9,2.91,,,-0.7
2007-03-05,19.63,24.61,26.28,,118.07,74.5,84.15,,0.91,2.99,,,
2007-03-06,15.96,21.19,22.52,,121.14,67.1,84.07,,0.91,2.94,,,
2007-03-07,15.24,20.56,22.14,,119.49,71.3,83.78,,0.91,2.91,,,
2007-03-08,14.29,19.79,21.41,,121.08,69.8,84.1,,0.91,2.85,,,
2007-03-09,14.09,18.94,20.45,,121.96,63.6,84.24,,0.9,2.75,,,-0.79
2007-03-12,13.99,18.52,19.81,,126.35,65.3,83.86,,0.91,2.8,,,
2007-03-13,18.13,22.04,23.37,,130.04,72.2,83.73,,0.92,2.92,,,
2007-03-14,17.27,19.77,22.25,,134.25,69.7,83.61,,0.92,2.94,,,
2007-03-15,16.43,18.79,20.59,,136.15,67.9,83.68,,0.92,2.88,,,
2007-03-16,16.79,19.6,22.25,,128.3,67.0,83.23,,0.93,2.88,,,-0.85
2007-03-19,14.59,18.38,21.32,,122.84,66.0,83.39,,0.93,2.85,,,
2007-03-20,13.27,17.6,20.04,,127.35,66.0,83.11,,0.93,2.88,,,
2007-03-21,12.19,17.2,18.72,,130.07,66.2,82.77,,0.94,2.91,,,
2007-03-22,12.93,16.77,18.44,,124.99,67.2,83.09,,0.93,2.81,,,
2007-03-23,12.95,17.17,18.52,,125.64,68.7,83.28,,0.93,2.79,,,-1.01
2007-03-26,13.16,17.0,19.07,,126.45,68.2,83.08,,0.93,2.82,,,
2007-03-27,13.48,17.2,19.53,,122.89,69.7,83.01,,0.93,2.81,,,
2007-03-28,14.98,18.56,21.06,,121.28,69.9,83.03,,0.93,2.84,,,
2007-03-29,15.14,18.53,21.09,,121.4,65.9,83.09,,0.93,2.82,,,
2007-03-30,14.64,18.24,20.77,,120.89,67.9,82.93,,0.95,2.85,,,-0.95
2007-04-02,14.53,18.6,20.84,,122.62,65.9,82.87,,0.94,2.86,,,
2007-04-03,13.46,17.69,19.5,,124.18,63.8,83.15,44.2585659209591,0.94,2.83,,,
2007-04-04,13.24,17.1,19.24,,123.94,66.1,82.96,44.09682104740338,0.95,2.87,,,
2007-04-05,13.23,16.75,18.74,,125.4,64.0,82.68,47.56345374343534,0.95,2.84,,,
2007-04-06,,,,,,,,,,,,,-0.95
2007-04-09,13.14,17.77,19.9,,125.32,58.3,83.1,47.51692453518758,0.94,2.76,,,
2007-04-10,12.68,17.02,19.04,,125.94,60.2,82.7,48.91906207072579,0.94,2.78,,,
2007-04-11,13.49,17.74,19.32,,127.03,58.7,82.67,45.33607597295213,0.93,2.75,,,
2007-04-12,12.71,17.42,18.48,,126.92,57.9,82.37,49.630923219608405,0.93,2.75,,,
2007-04-13,12.2,16.84,17.49,,128.62,57.8,82.13,52.35730109168372,0.93,2.71,,,-1.02
2007-04-16,11.98,16.44,16.32,,125.49,58.7,82.07,56.20571833378748,0.93,2.7,,,
2007-04-17,12.14,16.08,16.39,,130.62,59.3,81.83,54.79995912921619,0.94,2.72,,,
2007-04-18,12.42,16.29,16.81,,130.35,59.2,81.74,53.6630042085071,0.94,2.73,,,
2007-04-19,12.54,16.3,17.61,,126.11,59.4,81.64,51.44780173290921,0.94,2.71,,,
2007-04-20,12.07,15.71,17.15,,128.37,59.1,81.64,56.14070957971106,0.93,2.68,,,-1.04
2007-04-23,13.04,16.38,17.57,,123.55,57.8,81.74,51.76294089329044,0.93,2.68,,,
2007-04-24,13.12,16.37,17.7,,124.17,58.8,81.55,50.320349228561135,0.93,2.7,,,
2007-04-25,13.21,16.36,17.71,,122.68,57.8,81.43,53.47230358087265,0.93,2.67,,,
2007-04-26,12.79,15.97,16.94,,123.25,58.7,81.75,56.9049381009512,0.93,2.63,,,
2007-04-27,12.45,15.46,16.86,,124.73,57.8,81.53,57.24583340667923,0.93,2.63,,,-1.01
2007-04-30,14.22,17.26,19.64,,123.37,59.8,81.45,44.902394867218284,0.94,2.74,,,
2007-05-01,13.51,16.94,19.11,,125.45,58.9,81.6,48.93884577801869,0.94,2.74,,,
2007-05-02,13.08,16.7,18.43,,123.14,61.1,81.74,56.292077036783546,0.94,2.72,,,
2007-05-03,13.09,16.6,18.49,,123.03,60.8,81.95,56.633787105373116,0.94,2.67,,,
2007-05-04,12.91,16.59,18.33,,123.11,57.1,81.74,57.315576828769515,0.94,2.7,,,-0.91
2007-05-07,13.15,16.98,18.69,,123.3,54.5,81.68,55.32937433334247,0.94,2.69,,,
2007-05-08,13.21,17.06,19.14,,120.74,54.3,81.94,55.35458167790349,0.94,2.69,,,
2007-05-09,12.88,16.29,18.86,,121.24,53.3,82.02,59.60905221036335,0.94,2.64,,,
2007-05-10,13.6,17.38,20.26,,119.5,52.8,82.29,52.25755520597052,0.94,2.65,,27.09,
2007-05-11,12.95,16.09,18.71,,121.66,52.4,82.12,57.72416849288143,0.93,2.63,,26.41,-0.97
2007-05-14,13.96,16.83,20.17,,119.78,52.5,82.07,54.21565065576276,0.93,2.61,,27.23,
2007-05-15,14.01,17.09,20.22,,121.17,51.2,81.75,51.318296456847975,0.93,2.57,,27.89,
2007-05-16,13.5,16.31,19.38,,123.4,51.6,82.16,53.674357171162725,0.93,2.58,,27.07,
2007-05-17,13.51,16.75,19.77,,123.34,52.7,82.32,53.61777700475114,0.93,2.55,,24.86,
2007-05-18,12.76,15.91,18.97,,126.75,56.7,82.2,58.245094312092895,0.92,2.51,,24.71,-0.93
2007-05-21,13.3,16.03,18.05,,126.22,55.4,82.36,59.217751974910385,0.93,2.5,,24.67,
2007-05-22,13.06,16.07,17.46,,124.74,54.6,82.39,59.06906969933956,0.92,2.46,,26.03,
2007-05-23,13.24,16.93,17.96,,123.17,56.0,82.31,56.933596079790995,0.92,2.44,,26.35,
2007-05-24,14.08,18.02,19.43,,121.71,56.5,82.41,50.36543959832945,0.92,2.45,,26.63,
2007-05-25,13.34,17.07,18.32,,124.0,56.9,82.33,53.94055529012259,0.92,2.45,,25.81,-0.97
2007-05-28,,,,,,,,,,,,,
2007-05-29,13.53,17.57,18.17,,124.05,56.5,82.31,53.42358488164286,0.92,2.42,,27.83,
2007-05-30,12.83,16.84,18.03,,124.69,57.6,82.43,57.94633204496596,0.93,2.44,,28.61,
2007-05-31,13.05,16.86,18.4,,123.84,58.9,82.3,56.82989491614557,0.94,2.46,,28.44,
2007-06-01,12.78,16.58,18.51,,124.23,58.0,82.32,58.76644178967186,0.94,2.41,,27.39,-0.92
2007-06-04,13.29,16.59,18.73,,122.26,54.7,82.06,56.479667687281584,0.94,2.44,,27.36,
2007-06-05,13.63,16.44,18.86,,122.93,55.3,81.89,55.77027263576651,0.94,2.41,,26.7,
2007-06-06,14.87,17.2,19.68,,119.29,58.9,81.9,48.69094768336132,0.94,2.48,,25.94,
2007-06-07,17.06,19.3,21.64,,117.52,70.8,82.29,37.34198325687798,0.95,2.48,,26.11,
2007-06-08,14.84,17.12,19.75,,122.08,79.1,82.69,50.665228601068115,0.96,2.51,,26.51,-0.8
2007-06-11,14.71,16.29,18.69,,119.71,69.5,82.71,50.19441225713164,0.96,2.5,,25.99,
2007-06-12,16.67,17.7,20.47,,119.51,85.2,82.89,43.738088926975955,0.96,2.49,,25.81,
2007-06-13,14.73,15.81,18.48,,121.59,84.6,83.04,53.28625158885738,0.96,2.53,,26.07,
2007-06-14,13.64,15.43,17.92,,122.42,78.3,83.13,57.44304159235131,0.95,2.49,,26.35,
2007-06-15,13.94,15.94,18.35,,121.63,70.6,82.85,57.151902817920984,0.95,2.51,,26.41,-0.72
2007-06-18,13.42,15.86,18.45,,120.46,68.1,82.71,56.95875445972495,0.95,2.52,,27.15,
2007-06-19,12.85,15.53,18.1,,123.38,68.4,82.54,60.380931342666024,0.95,2.6,,26.72,
2007-06-20,14.67,16.68,19.73,,117.56,71.4,82.52,52.734298077890685,0.95,2.59,,27.14,
2007-06-21,14.21,16.21,19.66,,117.97,76.3,82.73,54.80162518515289,0.96,2.66,,28.0,
2007-06-22,15.75,17.29,21.16,,116.52,76.3,82.34,48.513665594235725,0.97,2.69,,28.16,-0.69
2007-06-25,16.65,18.07,21.87,,116.87,79.0,82.32,43.69001199469139,0.97,2.8,,28.01,
2007-06-26,18.89,19.59,22.92,,116.03,77.2,82.29,33.93487377486371,0.98,2.79,,27.79,
2007-06-27,15.53,17.36,21.6,,118.01,79.4,82.32,45.888604514607394,0.98,2.88,,28.06,
2007-06-28,15.54,16.91,21.44,,117.47,75.5,82.33,46.64692566512002,0.99,2.83,,27.95,
2007-06-29,16.23,17.86,22.56,,115.72,77.5,81.92,43.13371172263564,1.0,2.98,,27.44,-0.56
2007-07-02,15.4,17.0,21.26,,119.68,76.0,81.39,47.895010999460936,1.01,3.03,,27.52,
2007-07-03,14.92,16.7,20.68,,119.87,73.5,81.43,51.29095588613528,1.0,2.99,,27.45,
2007-07-04,,,,,,,,,1.0,2.99,,,
2007-07-05,15.48,17.09,20.9,,120.59,76.5,81.54,52.31182696073753,1.0,2.92,,27.33,
2007-07-06,14.72,16.52,19.9,,120.85,74.4,81.46,58.683197898685705,1.0,2.9,,27.4,-0.78
2007-07-09,15.16,17.08,20.27,,120.63,74.4,81.43,54.89445600920548,1.0,2.93,,28.25,
2007-07-10,17.57,18.61,22.19,,117.48,78.1,80.86,39.78474577090947,1.01,3.12,,27.37,
2007-07-11,16.64,17.54,21.45,,121.69,77.0,80.73,45.50167049756067,1.02,3.16,,27.69,
2007-07-12,15.54,17.25,20.23,,119.99,75.5,80.64,52.34794680875051,1.02,3.08,,27.35,
2007-07-13,15.15,16.44,19.72,,119.59,73.1,80.58,53.61829632283778,1.02,3.06,,27.06,-0.69
2007-07-16,15.59,16.55,20.65,,117.88,71.1,80.52,51.1407353714591,1.03,3.07,,28.0,
2007-07-17,15.63,16.95,20.65,,117.99,69.8,80.54,52.179858860074916,1.03,3.05,,27.46,
2007-07-18,16.0,16.77,20.65,,120.35,71.4,80.42,47.99215487383043,1.04,3.2,,27.91,
2007-07-19,15.23,16.55,20.68,,119.24,68.9,80.42,52.25107344701528,1.05,3.2,,27.4,
2007-07-20,16.95,17.49,22.63,,117.4,72.2,80.29,42.327210239846536,1.08,3.37,,26.69,-0.69
2007-07-23,16.81,17.85,23.0,,118.84,75.3,80.35,43.897464054113726,1.09,3.44,,27.09,
2007-07-24,18.55,19.31,25.34,,116.13,76.7,80.08,32.495357085639554,1.1,3.61,,27.42,
2007-07-25,18.1,18.92,24.72,,116.39,78.4,80.65,32.74100190953714,1.12,3.71,,26.84,
2007-07-26,20.74,19.5,26.85,,116.27,93.5,80.45,18.533383092174706,1.25,4.13,,27.79,
2007-07-27,24.17,23.18,30.55,,113.23,92.6,80.95,9.767907486852025,1.28,4.28,,27.25,-0.15
2007-07-30,20.87,20.76,27.69,,115.42,97.9,80.85,18.446982372723728,1.28,4.24,,30.16,
2007-07-31,23.52,23.55,29.03,,115.53,96.4,80.77,11.274102811543182,1.29,4.19,,30.69,
2007-08-01,23.67,23.78,29.68,,119.94,94.3,80.87,10.658844833803345,1.29,4.28,,29.73,
2007-08-02,21.22,21.24,27.27,,119.05,92.0,80.71,19.19235557386565,1.29,4.18,,29.68,
2007-08-03,25.16,24.42,31.1,,117.3,95.4,80.18,7.007255812292463,1.3,4.24,,29.32,-0.01
2007-08-06,22.94,22.43,29.14,,118.81,97.5,80.25,13.293960044636798,1.32,4.28,,32.49,
2007-08-07,21.56,21.08,28.13,,116.92,86.9,80.48,21.011231670374446,1.32,4.2,,29.48,
2007-08-08,21.45,20.97,28.45,,120.92,92.9,80.34,26.43534394645783,1.3,3.93,,27.07,
2007-08-09,26.48,26.23,33.37,,115.3,118.5,80.74,13.139092919095534,1.3,4.04,,29.73,
2007-08-10,28.3,26.84,33.37,,116.04,116.4,80.68,12.66926926009599,1.32,4.12,,30.87,0.14
2007-08-13,26.57,24.57,33.66,,119.5,111.7,81.05,14.259049504202139,1.32,4.08,,30.82,
2007-08-14,27.68,24.97,35.07,,115.01,106.8,81.49,9.424926210124896,1.34,4.16,,30.23,
2007-08-15,30.67,27.97,37.14,,118.3,102.7,81.82,9.120454646364896,1.37,4.27,,31.14,
2007-08-16,30.83,29.03,35.34,,116.58,109.8,81.73,11.069371532403634,1.44,4.59,,37.02,
2007-08-17,29.99,27.04,34.35,,126.7,106.9,81.43,17.160734870929062,1.45,4.48,,35.46,1.22
2007-08-20,26.33,25.2,32.5,,117.87,109.5,81.4,16.77855593471146,1.46,4.5,,34.16,
2007-08-21,25.25,23.67,30.5,,117.76,114.4,81.49,20.0661217950258,1.47,4.53,,34.33,
2007-08-22,22.89,22.0,28.28,,120.53,112.6,81.25,27.12115393187232,1.47,4.42,,31.93,
2007-08-23,22.62,22.03,28.14,,121.35,111.4,81.14,29.230988902344976,1.45,4.34,,29.85,
2007-08-24,20.72,20.69,25.91,,122.79,104.4,80.67,36.4296083791276,1.44,4.29,,28.67,1.29
2007-08-27,22.72,22.63,28.31,,121.53,103.9,80.74,30.895386931388757,1.44,4.3,,28.98,
2007-08-28,26.3,25.9,31.42,,118.95,106.6,80.76,20.303056569211783,1.46,4.44,,28.81,
2007-08-29,23.81,23.61,29.51,,121.02,107.5,80.7,30.416483218455173,1.46,4.43,,28.88,
2007-08-30,25.06,25.38,30.84,,120.1,110.3,80.79,26.938571588461564,1.48,4.48,,28.99,
2007-08-31,23.38,24.53,29.83,,117.26,111.0,80.79,34.25943743338756,1.45,4.55,,28.86,1.0
2007-09-03,,,,,,,,,1.45,4.55,,,
2007-09-04,22.78,24.51,29.92,,119.62,110.24,80.88,36.05276800165463,1.47,4.53,,29.49,
2007-09-05,24.58,27.15,32.27,,118.07,113.5,80.62,29.286328372369525,1.48,4.6,,30.29,
2007-09-06,23.99,26.64,32.27,,117.34,110.5,80.47,30.419165433773227,1.5,4.56,,31.11,
2007-09-07,26.23,29.22,34.33,,116.72,116.9,79.96,23.536202694047443,1.54,4.73,,31.39,1.47
2007-09-10,27.38,29.94,35.48,,115.42,120.4,79.82,22.43801671646581,1.56,4.79,,30.82,
2007-09-11,25.27,27.52,33.12,,116.45,123.5,79.7,28.886563298510886,1.57,4.74,,31.3,
2007-09-12,24.96,28.02,33.48,,116.62,124.5,79.36,31.748206112602908,1.58,4.69,,30.25,
2007-09-13,24.76,27.44,33.23,,117.36,122.1,79.51,35.9695899645772,1.58,4.57,,30.37,
2007-09-14,24.92,26.96,32.24,,117.96,123.4,79.62,36.64176058511833,1.58,4.58,,29.37,1.57
2007-09-17,26.48,28.74,34.07,,117.87,121.6,79.72,32.404118952228046,1.58,4.52,,29.72,
2007-09-18,20.35,23.28,27.19,,116.4,114.4,79.21,47.557161165091806,1.58,4.46,,29.77,
2007-09-19,20.03,22.51,25.24,,120.85,106.25,79.3,53.11444870946038,1.56,4.3,,28.93,
2007-09-20,20.45,21.97,25.75,,119.87,118.8,78.58,47.24922661261075,1.53,4.21,,30.57,
2007-09-21,19.0,20.71,24.76,,121.15,103.2,78.6,48.65677372022748,1.51,4.16,,30.3,0.71
2007-09-24,19.37,20.83,25.09,,122.82,102.8,78.53,46.64256212362304,1.5,4.1,,29.19,
2007-09-25,18.6,20.8,24.77,,118.58,106.5,78.31,47.17269554152818,1.5,4.17,,28.79,
2007-09-26,17.63,20.59,23.75,,118.57,104.9,78.49,50.26406922632232,1.49,4.14,,28.4,
2007-09-27,17.0,20.59,23.16,,118.0,103.3,78.34,48.72394557207211,1.49,4.15,,27.77,
2007-09-28,18.0,21.01,24.64,,119.97,103.7,77.72,47.510300857465324,1.49,4.2,,29.32,0.7
2007-10-01,17.84,21.09,24.07,,120.83,104.9,77.9,51.28431323041793,1.49,4.19,,30.53,
2007-10-02,18.49,21.26,24.93,,121.78,103.6,78.3,49.91014232223106,1.49,4.2,,30.74,
2007-10-03,18.8,21.55,25.12,,121.79,101.8,78.57,49.083488269765155,1.48,4.16,,30.62,
2007-10-04,18.44,21.46,25.2,,120.21,102.0,78.48,48.33458583612041,1.47,4.15,,30.12,
2007-10-05,16.91,19.77,23.09,,119.73,98.1,78.31,56.215626917608645,1.45,4.02,,29.57,0.63
2007-10-08,17.46,20.25,24.42,,118.48,,78.67,54.448856815717726,1.45,4.02,,31.07,
2007-10-09,16.12,19.42,23.4,,119.13,91.4,78.53,57.293165633600175,1.44,3.95,,30.59,
2007-10-10,16.67,19.73,23.49,,118.64,86.6,78.38,55.01113493340627,1.42,3.91,,30.24,
2007-10-11,18.88,22.42,25.48,,117.44,82.4,78.08,49.99890272123689,1.4,3.86,,29.2,
2007-10-12,17.73,21.2,23.95,,119.54,79.6,78.22,53.91192379463537,1.4,3.83,,28.61,0.36
2007-10-15,19.25,23.46,25.55,,117.45,79.3,78.09,49.53599471110611,1.39,3.81,,28.4,
2007-10-16,20.02,23.56,26.73,,116.64,82.8,78.25,44.460950361889594,1.4,3.91,,29.8,
2007-10-17,18.54,22.02,25.45,,118.48,93.5,78.12,43.48074959159371,1.42,4.07,,31.66,
2007-10-18,18.5,22.14,25.22,,117.28,92.3,77.59,42.4574727388,1.43,4.2,,32.04,
2007-10-19,22.96,25.94,31.28,,114.99,95.8,77.41,28.883067472073822,1.45,4.36,,32.39,0.72
2007-10-22,21.64,25.26,28.8,,115.7,97.4,78.06,30.463242024813486,1.47,4.39,,32.27,
2007-10-23,20.41,24.13,27.56,,116.42,96.3,77.59,35.87971918385396,1.46,4.34,,32.15,
2007-10-24,20.8,24.8,27.97,,116.48,104.9,77.55,33.335895961756435,1.48,4.42,,31.34,
2007-10-25,21.17,25.77,28.11,,115.67,103.8,77.28,32.698020458213016,1.48,4.4,,31.11,
2007-10-26,19.56,25.01,26.33,,116.34,102.04,77.03,37.84252401208157,1.48,4.39,,32.74,0.79
2007-10-29,19.87,25.83,27.03,,115.19,99.1,76.84,37.173156977245576,1.48,4.38,,32.61,
2007-10-30,21.07,26.36,28.66,,114.46,96.34,76.77,34.73282441817634,1.48,4.38,,34.65,
2007-10-31,18.53,23.11,25.93,,116.88,90.18,76.48,42.55213461201811,1.5,4.36,,37.46,
2007-11-01,23.21,26.26,31.23,,114.67,100.25,76.59,29.978139188650108,1.54,4.53,,39.71,
2007-11-02,23.01,24.83,30.1,,116.52,103.64,76.34,30.577610554121765,1.57,4.65,,39.99,0.47
2007-11-05,24.31,26.1,31.48,,115.38,102.56,76.43,26.957850726621885,1.6,4.69,,40.14,
2007-11-06,21.39,23.91,28.08,,115.46,98.4,76.04,34.151526159847506,1.62,4.66,,41.2,
2007-11-07,26.49,27.14,31.54,,115.58,107.98,75.41,23.311503975382543,1.66,4.76,,41.37,
2007-11-08,26.16,29.61,30.98,,115.03,112.08,75.46,19.240657069964914,1.69,4.91,,40.84,
2007-11-09,28.5,32.52,32.29,,115.77,112.08,75.4,13.480675577080971,1.72,5.02,,37.06,1.14
2007-11-12,31.09,34.94,33.48,,117.92,,75.9,11.819232580170151,1.72,5.02,,39.65,
2007-11-13,24.1,29.71,30.09,,121.09,102.5,75.88,24.218141334705017,1.74,5.07,,38.69,
2007-11-14,25.94,31.32,31.9,,119.7,95.36,75.81,22.08433219587239,1.74,5.04,,35.8,
2007-11-15,28.06,32.91,34.12,,118.31,102.22,76.07,16.9160133136356,1.77,5.25,,34.56,
2007-11-16,25.49,28.79,31.47,,119.3,99.14,75.83,22.494687528797066,1.79,5.37,,32.72,1.17
2007-11-19,26.01,30.11,32.63,,115.61,101.04,75.78,17.23097509446029,1.83,5.61,,31.45,
2007-11-20,24.88,29.89,31.37,,114.1,109.2,75.21,18.427519262222383,1.85,5.71,,33.94,
2007-11-21,26.84,30.55,32.74,,111.49,112.2,75.07,9.963881426904708,1.89,5.87,,34.38,
2007-11-22,,,,,,,,,1.89,5.87,,,
2007-11-23,25.61,30.49,32.48,,111.32,112.1,75.05,14.599855856046037,1.88,5.8,,36.08,1.92
2007-11-26,28.91,33.43,35.36,,109.94,126.9,74.86,5.512992118568725,1.91,5.92,,35.95,
2007-11-27,26.28,30.76,32.29,,109.31,133.4,75.1,12.412236718129233,1.93,5.88,,34.34,
2007-11-28,24.11,28.83,30.52,,111.28,127.4,75.08,24.299269226076223,1.94,5.73,,34.94,
2007-11-29,23.97,28.27,30.4,,110.79,133.6,75.59,23.616139178835876,1.97,5.73,,36.47,
2007-11-30,22.87,28.65,29.61,,111.85,131.5,76.15,28.11915205583172,1.96,5.75,,37.26,2.07
2007-12-03,23.61,29.63,30.96,,111.57,136.11,75.93,27.054454432314195,1.98,5.82,,38.51,
2007-12-04,23.79,28.85,30.46,,110.37,141.7,75.69,25.768516599161583,2.0,5.89,,37.36,
2007-12-05,22.53,26.91,29.37,,112.08,140.4,76.41,29.109677499270607,2.02,5.86,,36.0,
2007-12-06,20.96,24.89,27.68,,112.79,138.5,76.38,38.47415762438923,2.04,5.78,,34.42,
2007-12-07,20.85,23.75,26.85,,112.79,139.96,76.29,41.07360440190136,2.03,5.63,,35.01,1.95
2007-12-10,20.74,24.39,27.0,,113.39,126.89,76.06,43.3642105476814,2.03,5.55,,35.94,
2007-12-11,23.59,26.46,30.13,,111.27,140.6,76.22,33.30780292348264,2.05,5.68,,35.22,
2007-12-12,22.47,25.97,29.55,,113.03,142.8,76.14,35.75648081780729,2.03,5.61,,34.58,
2007-12-13,22.56,25.52,29.43,,111.45,139.2,76.56,36.80156201477538,2.04,5.58,,35.41,
2007-12-14,23.27,25.91,30.09,,111.31,139.38,77.44,36.90117364625594,2.03,5.54,,34.44,1.93
2007-12-17,24.52,27.89,30.44,,109.75,138.73,77.4,30.03607346959937,2.03,5.58,,33.44,
2007-12-18,22.64,26.79,28.63,,110.38,141.5,77.41,33.460023748655736,2.03,5.66,,31.79,
2007-12-19,21.68,24.88,27.57,,111.22,147.83,77.59,33.148875152365996,2.03,5.71,,31.42,
2007-12-20,20.58,23.15,26.07,,111.81,154.7,77.79,38.059383394666625,2.04,5.79,,29.17,
2007-12-21,18.47,20.9,24.31,,115.12,145.5,77.72,42.564842327252926,2.03,5.68,,26.91,1.78
2007-12-24,18.6,21.42,24.06,,115.86,144.0,77.57,46.34863229295943,2.03,5.65,,27.48,
2007-12-25,,,,,,,,,,,,,
2007-12-26,18.66,21.32,24.2,,115.2,141.3,77.15,45.835053833084125,2.03,5.59,,27.46,
2007-12-27,20.26,22.46,26.68,,114.12,140.9,76.61,39.38196973532973,2.03,5.64,,32.07,
2007-12-28,20.74,23.63,27.59,,112.9,144.0,76.22,35.421241245173746,2.03,5.73,,33.48,1.32
2007-12-31,22.5,25.9,29.23,,111.65,145.4,76.7,31.387984965295757,2.03,5.92,,36.35,
2008-01-01,,,,,,,,,,,,,
2008-01-02,23.17,27.14,29.3,,110.61,148.7,75.97,25.4958830903821,2.05,6.1,,37.23,
2008-01-03,22.49,26.59,29.46,,111.38,145.6,75.89,26.96144748649022,2.06,6.17,,36.47,
2008-01-04,23.94,28.62,30.34,,109.53,138.1,75.79,17.991006018410115,2.09,6.36,,34.5,1.61
2008-01-07,23.79,29.39,29.83,,110.19,130.9,76.17,16.094880509206998,2.11,6.45,,35.18,
2008-01-08,25.43,30.77,31.29,,109.17,124.0,76.11,11.649944214146299,2.12,6.51,,34.61,
2008-01-09,24.12,28.18,29.68,,110.76,128.0,76.42,14.203220994274226,2.17,6.73,,33.93,
2008-01-10,23.45,27.78,28.97,,110.25,125.3,75.93,20.175683493340415,2.17,6.63,,33.48,
2008-01-11,23.68,28.82,29.91,,108.79,130.9,75.98,16.836942035882174,2.17,6.68,,32.12,1.29
2008-01-14,22.9,28.08,29.79,,111.38,130.56,75.61,19.78686505206537,2.16,6.66,,32.73,
2008-01-15,23.34,27.48,30.02,,108.15,131.9,75.57,16.42798729663918,2.18,6.74,,33.6,
2008-01-16,24.38,28.87,30.11,,108.49,133.0,76.26,15.793961241589999,2.19,6.83,,33.56,
2008-01-17,28.46,31.16,32.5,,110.0,135.1,76.17,8.199252463969266,2.22,6.99,,32.12,
2008-01-18,27.18,30.23,31.78,,110.62,137.1,76.38,10.197655396352562,2.24,7.04,,31.46,0.97
2008-01-21,,,,,,,,,2.24,7.05,,,
2008-01-22,31.01,35.63,35.3,,114.61,147.3,76.35,5.073902979065713,2.31,7.39,,37.14,
2008-01-23,29.02,34.02,33.23,,113.07,165.1,76.4,8.821479752839473,2.33,7.48,,32.96,
2008-01-24,27.78,32.22,33.04,,113.37,171.7,75.69,14.896185814758999,2.3,7.12,,32.96,
2008-01-25,29.08,33.81,34.47,,112.64,178.8,75.97,10.270051441062039,2.3,6.99,,31.96,1.62
2008-01-28,27.78,32.56,33.26,,114.15,170.2,75.58,14.938891061187775,2.29,7.03,,33.18,
2008-01-29,27.32,32.85,32.44,,113.82,161.8,75.54,16.836228246736635,2.28,6.85,,32.05,
2008-01-30,27.62,31.8,33.28,,112.33,146.71,75.03,17.57883203649454,2.29,6.78,,30.64,
2008-01-31,26.2,31.08,31.81,,106.43,153.7,75.18,22.255961663495192,2.3,6.95,,30.24,
2008-02-01,24.02,28.25,29.77,,114.86,144.7,75.45,26.581310827124398,2.3,6.96,,29.77,0.97
2008-02-04,25.99,30.46,31.41,,112.88,142.0,75.37,24.94121800604701,2.31,6.92,,30.59,
2008-02-05,28.24,32.44,33.94,,112.01,145.9,76.12,17.809068397790806,2.31,7.06,,31.59,
2008-02-06,28.97,32.68,34.23,,111.93,146.2,76.14,17.876339776459837,2.31,7.09,,31.74,
2008-02-07,27.66,31.56,33.34,,112.71,150.4,76.94,21.235566654476184,2.33,7.1,,30.77,
2008-02-08,28.01,30.08,33.5,,111.71,153.0,76.67,19.539680196868392,2.34,7.25,,31.31,1.51
2008-02-11,27.6,29.09,32.59,,114.57,149.8,76.58,20.552067845410715,2.36,7.37,,31.94,
2008-02-12,26.33,28.22,31.61,,113.97,148.5,76.32,23.098239790198413,2.37,7.37,,32.66,
2008-02-13,24.88,25.35,29.04,,116.25,146.1,76.4,29.38154096283054,2.38,7.38,,31.45,
2008-02-14,25.54,26.52,29.7,,114.19,144.2,76.15,29.009848452278305,2.38,7.25,,30.8,
2008-02-15,25.02,26.69,29.43,,112.03,146.6,76.1,30.181734708635897,2.39,7.3,,30.17,1.3
2008-02-18,,,,,,,,,2.39,7.3,,,
2008-02-19,25.59,27.99,30.0,,113.57,147.5,76.0,30.745949121297787,2.39,7.25,,33.59,
2008-02-20,24.4,27.09,29.2,,112.24,154.3,76.12,33.52118474457094,2.4,7.25,,36.25,
2008-02-21,25.12,26.92,29.8,,112.44,160.6,75.6,29.64465283803945,2.41,7.35,,34.74,
2008-02-22,24.06,26.3,29.58,,113.58,161.5,75.52,31.866748456992454,2.42,7.35,,34.47,1.15
2008-02-25,23.03,26.67,28.27,,113.42,158.1,75.53,36.385306203262736,2.42,7.21,,33.87,
2008-02-26,21.9,25.95,28.12,,112.39,149.2,74.76,37.27873075323039,2.43,7.17,,33.89,
2008-02-27,22.69,25.06,28.37,,111.61,142.91,74.21,37.2678526954484,2.44,7.18,,33.57,
2008-02-28,23.53,26.6,29.55,,111.33,145.2,73.72,33.54036128951698,2.47,7.37,,35.35,
2008-02-29,26.54,28.44,31.22,,110.19,155.2,73.71,25.954720665126015,2.52,7.67,,34.82,1.43
2008-03-03,26.28,29.47,31.97,,110.4,152.2,73.7,24.464982362801013,2.55,7.75,,36.45,
2008-03-04,25.52,28.26,31.21,,110.07,155.7,73.66,26.427501661441205,2.6,7.76,,34.85,
2008-03-05,24.6,27.52,30.18,,110.24,164.9,73.48,30.937568306241403,2.64,7.68,,37.61,
2008-03-06,27.55,29.99,32.48,,110.46,171.4,73.0,25.80751123334018,2.72,7.79,,38.27,
2008-03-07,27.49,29.25,32.1,,110.28,172.6,73.03,24.536029030145624,2.75,7.92,,37.85,2.45
2008-03-10,29.38,31.38,33.22,,109.89,169.6,72.99,21.034248914778253,2.8,8.08,,39.71,
2008-03-11,26.36,28.56,30.31,,112.71,155.3,73.28,29.77620114365686,2.84,7.95,,40.92,
2008-03-12,27.22,30.05,31.47,,111.47,154.3,72.4,25.578110819762454,2.86,8.13,,41.7,
2008-03-13,27.29,29.86,31.22,,112.58,162.7,72.07,26.124127230998873,2.92,8.27,,41.07,
2008-03-14,31.16,32.01,35.11,,110.59,167.2,71.66,21.515338297530935,2.97,8.38,,41.12,2.03
2008-03-17,32.24,32.99,36.33,,113.51,168.8,71.46,18.282734992085988,3.03,8.62,,46.81,
2008-03-18,25.79,28.45,31.87,,112.4,159.2,71.57,30.314402115970772,3.02,8.39,,42.3,
2008-03-19,29.84,31.28,34.32,,113.11,159.9,72.14,23.112782346817742,3.03,8.37,,46.33,
2008-03-20,26.62,29.05,32.57,,113.71,158.6,72.75,28.82848483306305,3.05,8.4,,43.76,
2008-03-21,,,,,,,,,,,,,2.37
2008-03-24,25.73,28.69,30.82,,114.56,161.0,72.95,33.50389875987977,3.01,8.07,,40.56,
2008-03-25,25.72,29.07,30.7,,114.87,160.7,72.28,32.41529130641435,2.99,7.97,,39.85,
2008-03-26,26.08,29.75,31.12,,112.08,157.7,71.51,29.68349483236122,2.98,7.99,,39.29,
2008-03-27,25.88,29.55,31.42,,111.78,152.4,71.66,29.83029876777607,2.99,7.94,,39.88,
2008-03-28,25.71,28.87,31.44,,110.78,145.9,71.68,28.7550434663803,2.99,7.99,,38.52,1.68
2008-03-31,25.61,29.04,31.55,,110.36,145.5,71.8,30.912383565333947,3.0,8.21,,39.32,
2008-04-01,22.68,26.56,28.88,,111.31,141.9,72.56,39.69754845101679,2.98,8.02,,39.72,
2008-04-02,23.43,27.27,28.66,,112.08,146.2,72.26,39.3566226563224,2.94,7.86,,39.96,
2008-04-03,23.21,26.93,28.38,,111.88,139.7,72.22,39.578863032820735,2.92,7.78,,40.77,
2008-04-04,22.45,25.6,27.2,,111.48,140.2,72.02,40.63640206306882,2.89,7.76,,39.62,1.73
2008-04-07,22.42,26.19,27.72,,111.57,132.9,72.2,41.98757080032084,2.85,7.54,,42.14,
2008-04-08,22.36,26.03,27.18,,112.13,128.2,72.23,43.52946462862059,2.84,7.58,,41.28,
2008-04-09,22.81,26.61,28.28,,110.96,128.7,71.83,39.08895973884626,2.86,7.71,,41.58,
2008-04-10,21.98,25.77,27.11,,110.82,127.8,72.12,41.246827309023054,2.86,7.7,,41.61,
2008-04-11,23.46,27.54,28.35,,109.9,129.4,71.81,36.08411804240512,2.87,7.76,,38.1,1.88
2008-04-14,23.82,28.28,28.95,,109.62,127.4,71.88,37.090845051723335,2.87,7.74,,39.7,
2008-04-15,22.78,27.46,27.92,,109.9,129.9,72.02,39.38029304870112,2.85,7.65,,40.36,
2008-04-16,20.53,25.55,25.86,,112.47,144.0,71.41,43.93924179478353,2.84,7.46,,40.51,
2008-04-17,20.37,24.2,26.29,,113.52,149.7,71.68,46.4844373683011,2.82,7.36,,40.59,
2008-04-18,20.13,23.58,25.0,,115.35,144.1,72.01,48.008068365888334,2.77,7.15,,39.94,1.91
2008-04-21,20.5,24.09,25.66,,115.31,135.2,71.65,46.55337139663326,2.74,7.13,,36.32,
2008-04-22,20.87,24.54,26.09,,114.42,129.1,71.33,45.68797284181395,2.72,7.07,,39.79,
2008-04-23,20.26,25.06,25.84,,113.33,125.6,71.82,46.43904159758549,2.7,7.05,,38.11,
2008-04-24,20.06,23.72,24.79,,114.27,129.2,72.54,48.663224511605236,2.68,6.92,,37.66,
2008-04-25,19.59,23.34,23.97,,114.49,131.0,72.79,51.88360697856958,2.67,6.84,,37.91,1.7
2008-04-28,19.64,23.65,23.85,,114.61,130.1,72.79,51.510454055430316,2.65,6.85,,39.52,
2008-04-29,20.24,23.87,24.91,,114.58,126.5,72.89,48.101809527925155,2.63,6.86,,39.34,
2008-04-30,20.79,24.41,25.25,,112.48,119.1,72.51,45.935388066696355,2.6,6.86,,38.52,
2008-05-01,18.88,22.72,23.52,,116.0,115.2,73.28,52.586314934151986,2.57,6.81,,38.8,
2008-05-02,18.18,21.39,22.85,,117.49,111.8,73.5,54.067605122579266,2.53,6.64,,38.81,1.37
2008-05-05,18.9,22.43,23.74,,115.32,108.9,73.19,52.18941843977177,2.52,6.65,,40.15,
2008-05-06,18.21,21.88,23.55,,117.63,110.4,73.0,54.260305642144196,2.52,6.7,,38.79,
2008-05-07,19.73,23.51,24.7,,116.24,116.1,73.51,50.270238514825316,2.52,6.72,,38.62,
2008-05-08,19.4,23.18,24.2,,114.99,119.7,73.48,49.48007911659726,2.53,6.83,,38.07,
2008-05-09,19.41,23.48,24.01,,117.77,121.1,73.05,50.483486494625794,2.53,6.9,,37.43,1.25
2008-05-12,17.79,22.46,22.54,,117.42,118.3,72.95,53.86943308054236,2.53,6.9,,37.55,
2008-05-13,17.98,21.5,22.17,,117.93,120.9,73.27,55.075085790211084,2.51,6.76,,38.11,
2008-05-14,17.66,21.47,22.58,,118.92,127.2,73.4,53.97435087553479,2.5,6.65,,36.8,
2008-05-15,16.3,20.13,21.84,,121.05,125.3,73.35,56.51720286793903,2.5,6.69,,38.77,
2008-05-16,16.47,20.0,22.36,,119.49,122.5,72.84,56.26943309006406,2.49,6.63,,38.17,1.02
2008-05-19,17.01,21.09,22.31,,117.96,117.5,73.04,56.050114176529874,2.49,6.6,,38.51,
2008-05-20,17.58,21.37,22.26,,117.44,116.6,72.4,54.47804375960002,2.5,6.68,,37.46,
2008-05-21,18.59,22.96,22.85,,114.51,115.9,71.94,50.90720952621693,2.5,6.64,,38.69,
2008-05-22,18.05,22.49,22.33,,114.41,120.9,72.28,52.09653816042337,2.51,6.59,,40.11,
2008-05-23,19.55,23.36,23.72,,113.11,120.4,71.89,47.32508082952359,2.52,6.7,,38.61,0.94
2008-05-26,,,,,,,,,2.52,6.7,,,
2008-05-27,19.64,22.99,23.86,,113.38,121.1,72.34,48.907735322802466,2.53,6.72,,40.74,
2008-05-28,19.07,22.24,22.74,,113.93,126.6,72.55,51.818071549146296,2.52,6.61,,40.52,
2008-05-29,18.14,21.28,21.89,,114.83,131.6,73.02,54.91007959094702,2.5,6.55,,41.38,
2008-05-30,17.83,20.85,21.24,,113.53,130.2,72.88,53.75483392095302,2.48,6.53,,42.3,0.97
2008-06-02,19.83,22.88,23.22,,114.39,130.5,72.93,48.93246886679439,2.49,6.67,,43.1,
2008-06-03,20.24,23.89,23.76,,114.6,132.7,73.24,47.205795994235814,2.5,6.78,22.89,41.75,
2008-06-04,20.8,24.01,23.71,,114.37,131.9,73.42,46.92572433788737,2.51,6.79,22.69,40.77,
2008-06-05,18.63,22.85,21.77,,114.76,133.8,73.04,53.93845721893602,2.5,6.63,22.78,41.37,
2008-06-06,23.56,26.04,25.88,,113.55,139.6,72.39,43.4873027768971,2.5,6.68,23.6,52.03,1.31
2008-06-09,23.12,26.7,26.51,,114.98,151.0,72.85,44.24589385170233,2.48,6.58,24.47,45.57,
2008-06-10,23.18,26.58,26.29,,114.3,149.6,73.7,43.86791608329584,2.49,6.49,25.39,48.13,
2008-06-11,24.12,27.32,27.11,,113.2,144.6,73.21,40.70995280189709,2.5,6.56,25.36,48.4,
2008-06-12,23.33,27.4,26.55,,113.97,148.9,73.86,42.639383942804834,2.49,6.43,25.04,50.17,
2008-06-13,21.22,25.3,24.5,,113.77,153.7,74.15,47.83567721291828,2.49,6.39,24.94,49.19,1.24
2008-06-16,20.95,25.02,24.15,,114.71,143.5,73.61,46.81185046628422,2.49,6.37,24.98,50.45,
2008-06-17,21.13,24.7,23.94,,115.71,142.2,73.51,45.86301659194182,2.48,6.4,24.45,48.51,
2008-06-18,22.24,25.8,25.11,,112.74,140.4,73.44,43.003769210358584,2.5,6.53,23.93,46.15,
2008-06-19,21.58,24.8,24.2,,113.44,136.8,73.48,45.53455354229055,2.5,6.53,24.33,46.62,
2008-06-20,22.87,26.75,26.35,,113.13,137.8,73.03,40.434085421192925,2.54,6.7,26.22,47.16,1.28
2008-06-23,22.64,27.53,27.41,,113.59,136.7,73.43,40.21004794154031,2.55,6.76,27.18,44.29,
2008-06-24,22.42,28.14,28.24,,112.2,134.8,73.24,38.947920386611436,2.58,7.01,26.79,44.49,
2008-06-25,21.14,26.39,26.11,,110.7,129.8,72.93,41.3073263054246,2.59,7.02,26.78,43.97,
2008-06-26,23.93,29.06,28.35,,109.67,133.7,72.49,33.16847654443493,2.66,7.27,27.33,44.68,
2008-06-27,23.44,28.67,27.76,,110.52,132.5,72.36,32.48451726585341,2.68,7.41,26.47,43.83,1.74
2008-06-30,23.95,29.76,28.56,,112.0,126.0,72.46,32.57673123569507,2.74,7.35,26.92,45.11,
2008-07-01,23.65,28.73,28.11,,112.69,128.5,72.37,34.08013121771354,2.77,7.48,27.64,46.45,
2008-07-02,25.92,30.92,30.65,,110.96,133.1,72.03,28.733145250448235,2.77,7.53,27.54,46.05,
2008-07-03,24.78,29.86,29.81,,111.72,125.1,72.74,29.848274921018334,2.79,7.63,26.85,44.39,
2008-07-04,,,,,,,,,2.79,7.63,,,1.84
2008-07-07,25.78,30.38,30.46,,111.75,123.0,72.67,28.39456699813024,2.79,7.76,26.59,46.38,
2008-07-08,23.15,28.43,27.26,,112.21,118.9,73.01,33.196824632077494,2.82,7.87,26.12,48.41,
2008-07-09,25.23,30.27,30.27,,110.25,116.1,72.58,27.681790180829097,2.84,7.82,26.09,47.01,
2008-07-10,25.59,30.45,30.04,,110.91,118.7,72.49,28.94602401849166,2.85,7.9,26.79,46.91,
2008-07-11,27.49,31.67,30.93,,110.87,129.2,72.1,26.03499244370075,2.88,7.88,33.32,47.67,1.79
2008-07-14,28.48,33.2,33.22,,111.11,126.0,71.92,22.179971420353564,2.88,7.89,31.09,47.24,
2008-07-15,28.54,33.01,33.02,,110.81,126.0,71.87,19.31384747722099,2.94,8.06,30.4,50.89,
2008-07-16,25.1,30.13,30.15,,111.93,123.4,72.06,29.21461528399907,2.98,8.01,28.41,52.02,
2008-07-17,25.01,29.87,29.75,,113.93,129.4,72.24,32.19743830693564,2.97,7.79,27.28,53.88,
2008-07-18,24.05,30.49,28.97,,113.85,131.0,72.19,36.23343345876982,2.97,7.67,27.05,53.73,1.76
2008-07-21,23.05,29.69,28.03,,114.1,131.1,71.99,38.37915519400721,2.96,7.58,26.61,51.46,
2008-07-22,21.18,27.09,25.24,,113.2,124.9,72.45,43.100119425221706,2.97,7.6,25.81,50.94,
2008-07-23,21.31,27.44,25.57,,115.06,123.7,72.81,44.13698109021204,2.94,7.46,25.64,51.54,
2008-07-24,23.44,27.83,27.41,,113.19,123.8,72.93,38.11605003498721,2.96,7.64,26.15,50.7,
2008-07-25,22.91,26.63,26.8,,113.9,123.4,72.86,41.52018440018637,2.96,7.6,26.06,48.84,1.2
2008-07-28,24.23,27.74,28.29,,111.49,122.7,72.65,36.706055289400524,2.98,7.79,26.45,49.28,
2008-07-29,22.03,26.15,26.49,,112.18,121.3,73.31,42.7081213249702,2.98,7.82,25.46,48.38,
2008-07-30,21.21,25.54,25.63,,112.11,133.8,73.32,45.230134263375675,2.98,7.81,24.92,47.17,
2008-07-31,22.94,26.24,26.4,,110.66,131.7,73.23,42.22211976602805,3.0,8.0,22.94,47.02,
2008-08-01,22.57,25.97,25.83,,111.38,118.3,73.42,41.60379715916221,3.0,8.13,24.73,46.83,1.66
2008-08-04,23.49,27.56,27.69,,111.2,117.2,73.46,38.54655632698971,3.0,8.14,25.42,48.0,
2008-08-05,21.14,25.65,25.79,,109.69,110.3,73.88,46.263226253901244,3.0,8.11,26.54,48.47,
2008-08-06,20.23,24.35,24.75,,113.22,112.3,74.24,48.44975408186177,3.0,8.05,25.67,48.41,
2008-08-07,21.15,24.75,25.46,,111.97,118.8,74.55,43.908741292451914,3.01,8.16,24.84,46.99,
2008-08-08,20.66,24.24,24.41,,113.33,109.1,75.85,48.569999390250416,3.01,8.14,26.56,45.7,1.55
2008-08-11,20.12,24.19,24.57,,111.55,107.4,76.13,51.9739173517924,3.01,8.07,31.79,45.57,
2008-08-12,21.17,24.51,24.99,,111.26,110.9,76.15,49.35650459549391,3.03,8.11,32.18,45.93,
2008-08-13,21.55,24.57,25.42,,111.76,112.3,76.21,47.43919359511306,3.03,8.09,28.78,46.86,
2008-08-14,20.34,22.6,24.11,,113.07,111.8,76.67,49.999245134911256,3.04,8.11,29.01,46.68,
2008-08-15,19.58,22.52,23.97,,113.21,112.1,77.18,50.78357188423851,3.05,8.12,32.58,48.35,1.53
2008-08-18,20.98,23.59,25.57,,112.29,112.8,77.12,46.43584645242742,3.06,8.17,32.06,46.62,
2008-08-19,21.28,24.21,26.01,,111.4,110.1,76.84,44.01919843937656,3.08,8.23,30.89,44.77,
2008-08-20,20.42,23.53,25.39,,111.95,110.7,76.96,45.07091819699192,3.11,8.3,29.61,44.03,
2008-08-21,19.82,23.15,25.07,,111.9,109.4,76.2,48.17105119303576,3.12,8.29,29.47,45.14,
2008-08-22,18.81,22.38,23.76,,111.8,109.8,76.81,51.03605927849504,3.12,8.25,28.12,43.63,1.78
2008-08-25,20.97,24.28,26.29,,110.34,109.6,76.79,45.53127038512824,3.14,8.32,28.71,44.48,
2008-08-26,20.49,24.03,25.77,,110.8,108.2,77.25,44.99251537963951,3.15,8.32,28.55,46.96,
2008-08-27,19.76,23.34,24.98,,110.51,104.1,77.05,46.57895386157647,3.15,8.34,27.91,48.21,
2008-08-28,19.43,23.15,24.15,,111.21,103.0,77.15,50.00399876874611,3.16,8.29,27.5,49.1,
2008-08-29,20.65,24.02,24.98,,110.58,103.0,77.38,47.77702476691732,3.17,8.36,27.37,50.22,1.55
2008-09-01,,,,,,,,,3.17,8.36,,,
2008-09-02,21.99,26.15,26.53,,110.38,102.4,78.06,44.754743934299896,3.19,8.42,29.52,46.69,
2008-09-03,21.43,25.74,25.91,,110.5,105.9,78.09,44.310411693883665,3.2,8.48,29.59,45.08,
2008-09-04,24.03,27.56,28.02,,110.48,115.2,78.61,36.34336503752803,3.21,8.55,29.79,44.79,
2008-09-05,23.06,26.66,27.48,,109.46,111.8,78.93,38.80762034054349,3.22,8.55,29.87,44.85,1.82
2008-09-08,22.64,27.42,27.49,,109.1,116.3,79.59,40.801448986982926,3.21,8.46,30.9,45.2,
2008-09-09,25.47,28.63,29.79,,108.57,123.8,79.25,32.7330607738104,3.24,8.53,33.08,45.65,
2008-09-10,24.52,27.76,28.55,,109.49,123.7,79.85,34.42136352428246,3.28,8.55,33.96,45.35,
2008-09-11,24.39,27.31,29.17,,110.5,126.1,80.15,38.2928451434322,3.39,8.62,35.95,46.98,
2008-09-12,25.66,28.21,29.61,,110.15,125.4,78.97,38.049898887362794,3.44,8.54,35.08,45.75,1.98
2008-09-15,31.7,32.13,34.55,,110.74,160.3,78.91,20.2629444543708,3.8,9.05,38.46,45.75,
2008-09-16,30.3,31.0,32.89,,112.29,168.4,79.07,29.46572446162543,4.11,9.29,40.18,51.56,
2008-09-17,36.22,35.88,37.78,,112.97,162.0,78.1,17.41366816051467,4.28,9.64,50.36,52.44,
2008-09-18,33.1,32.82,36.35,,117.42,163.5,78.02,30.798340851952087,4.4,9.83,54.65,54.57,
2008-09-19,32.07,34.26,37.18,,114.48,162.3,77.68,35.11390229163592,4.15,9.21,47.26,52.73,4.13
2008-09-22,33.85,35.46,36.39,,114.32,158.1,76.15,27.77422417515099,4.09,9.21,52.36,57.47,
2008-09-23,35.72,36.52,38.26,,111.63,159.5,76.47,25.434437059209102,4.17,9.39,49.03,54.76,
2008-09-24,35.19,36.4,38.86,,111.58,163.8,76.79,27.091702167324005,4.26,9.67,43.31,53.99,
2008-09-25,32.82,34.86,36.38,,112.53,176.3,76.99,27.67387355341433,4.36,9.87,43.94,52.39,
2008-09-26,34.74,36.85,38.37,,110.56,183.6,76.95,27.68879063197423,4.59,10.25,45.28,52.7,4.58
2008-09-29,46.72,49.56,48.31,,111.33,201.0,77.47,17.261772685127728,4.65,10.75,50.57,64.21,
2008-09-30,39.39,42.58,41.72,,111.43,208.5,79.45,16.761279800272224,4.55,10.96,48.92,59.56,
2008-10-01,39.81,42.92,42.24,,112.14,200.5,79.46,20.098568245809346,4.61,11.24,47.2,57.99,
2008-10-02,45.26,49.53,49.4,,112.24,206.7,80.44,15.18011197661715,4.87,12.0,52.54,57.85,
2008-10-03,45.14,49.76,49.93,,114.17,204.8,80.31,12.440902215739996,4.91,12.24,50.05,56.41,7.26
2008-10-06,52.05,55.36,55.1,,112.09,217.3,81.68,6.474332819209746,5.08,13.07,54.58,65.02,
2008-10-07,53.68,58.51,57.51,,110.2,221.1,80.97,1.9411629044854455,5.14,13.18,51.51,64.12,
2008-10-08,57.53,63.27,61.94,,111.04,239.8,80.91,0.8132339934070247,5.26,13.51,50.93,62.6,
2008-10-09,63.92,69.66,65.52,,109.58,250.1,81.16,0.7545879558450346,5.35,13.91,52.46,61.58,
2008-10-10,69.95,71.58,70.69,,107.23,264.6,83.0,1.1497916996098478,5.81,15.36,64.53,70.52,9.64
2008-10-13,54.99,60.27,65.54,,109.73,,81.88,6.474817868556247,5.82,15.38,61.23,70.52,
2008-10-14,55.13,62.77,65.59,,113.55,230.4,81.36,7.705061716487715,5.49,14.5,55.11,70.52,
2008-10-15,69.25,72.93,75.74,,118.94,220.5,82.05,1.4795079155759236,5.54,15.14,55.8,70.52,
2008-10-16,67.61,72.39,75.68,,113.18,218.9,82.46,0.3655098504317392,5.73,15.72,54.91,75.09,
2008-10-17,70.33,71.26,71.42,,118.81,207.3,82.41,0.7743954725990556,5.87,15.95,55.32,70.04,9.59
2008-10-20,52.97,59.65,57.48,,124.83,191.6,83.1,2.2224530568860703,5.91,15.76,49.36,69.38,
2008-10-21,53.11,60.07,57.71,,120.38,192.9,83.99,1.7776679859991278,5.94,15.87,47.95,71.76,
2008-10-22,69.65,63.21,72.84,,119.34,203.8,85.37,0.0,5.96,16.05,57.82,83.79,
2008-10-23,67.8,69.84,73.93,,120.69,229.7,85.36,0.0,5.98,16.34,54.21,81.88,
2008-10-24,79.13,78.82,83.79,,116.67,239.4,86.44,0.0,6.09,16.69,57.9,84.59,8.08
2008-10-27,80.06,79.16,85.7,,116.94,237.0,86.93,0.0,6.14,16.81,59.43,82.51,
2008-10-28,66.96,66.2,73.94,,125.95,229.9,87.03,2.9311633583788694,6.15,16.67,60.2,92.9,
2008-10-29,69.96,69.13,73.53,,120.15,217.2,85.07,3.97388581761701,6.18,16.21,59.65,79.85,
2008-10-30,62.9,63.19,67.96,,124.02,209.4,84.56,8.23467391924221,6.17,15.91,58.25,80.35,
2008-10-31,59.89,60.3,63.05,,122.19,207.2,85.63,12.59532445766403,6.06,16.17,55.61,80.56,7.76
2008-11-03,53.68,56.22,60.21,,117.13,204.6,86.35,15.798892852697877,6.06,16.29,52.8,84.07,
2008-11-04,47.73,51.25,55.87,,117.78,203.0,84.78,23.100478678596552,6.03,16.18,50.56,83.2,
2008-11-05,54.56,55.43,59.4,,129.35,217.5,84.61,16.747884801776717,5.95,16.08,47.62,83.63,
2008-11-06,63.68,62.7,66.5,,122.15,189.0,85.89,11.464498714561131,5.94,16.19,46.71,90.25,
2008-11-07,56.1,55.14,59.73,,122.85,178.1,85.91,19.03750833550244,5.91,16.31,44.37,85.63,6.22
2008-11-10,59.98,58.44,62.51,,126.27,173.2,85.91,12.003587436651246,5.86,16.35,44.79,87.35,
2008-11-11,61.44,60.83,65.15,,120.67,173.2,87.07,9.747111749078007,5.86,16.36,44.5,87.41,
2008-11-12,66.46,64.64,70.63,,121.11,173.2,87.47,8.48291125476218,5.87,16.84,45.65,79.79,
2008-11-13,59.83,58.03,63.29,,124.98,181.4,86.94,14.729508810915455,5.9,17.06,48.36,82.27,
2008-11-14,66.31,66.05,72.01,,118.59,189.5,86.36,8.798589720341964,5.88,17.16,50.31,79.78,6.0
2008-11-17,69.15,68.6,75.44,,113.4,188.4,86.81,5.73150362808378,5.93,17.43,48.52,80.66,
2008-11-18,67.64,68.31,76.31,,116.05,191.6,87.37,8.596511372195279,5.98,17.96,46.22,75.77,
2008-11-19,74.26,74.66,82.62,,115.86,192.0,87.31,4.865732192400101,6.06,18.61,44.95,71.6,
2008-11-20,80.86,80.64,87.62,,114.93,211.6,87.97,2.2517566420469444,6.22,19.48,46.02,79.09,
2008-11-21,72.67,71.2,80.31,,118.88,212.9,88.19,6.490359442403474,6.36,19.92,53.09,79.7,7.7
2008-11-24,64.7,62.92,72.34,,116.16,189.0,86.08,15.63755969578165,6.36,19.87,54.34,78.32,
2008-11-25,60.9,59.71,68.5,,114.1,206.2,85.0,13.944031634702645,6.38,19.86,52.14,81.68,
2008-11-26,54.92,55.26,65.06,,113.3,213.9,85.67,19.43774854273511,6.39,19.76,49.74,66.47,
2008-11-27,,,,,,,,,6.39,19.77,,,
2008-11-28,55.28,56.05,65.09,,113.12,214.0,86.52,19.21187087515285,6.41,19.88,48.81,80.26,6.86
2008-12-01,68.51,66.35,77.81,,112.75,213.3,86.72,9.374271833314975,6.44,20.2,49.86,85.31,
2008-12-02,62.98,62.48,73.97,,112.2,216.6,86.7,13.972411364190437,6.5,20.19,48.06,86.36,
2008-12-03,60.72,61.74,71.85,,112.55,214.7,87.03,15.67383347134447,6.53,20.39,47.22,88.45,
2008-12-04,63.64,62.59,73.34,,111.77,216.9,86.44,15.732044142998461,6.55,20.54,46.49,89.34,
2008-12-05,59.93,58.96,70.2,,116.45,216.4,87.12,20.964719841946934,6.56,20.74,46.24,93.08,6.94
2008-12-08,58.49,57.17,68.31,,120.77,213.4,85.56,23.44452088904698,6.55,20.62,45.46,92.64,
2008-12-09,58.91,56.59,68.67,,118.58,214.7,85.84,22.972793179163272,6.55,20.59,44.4,98.93,
2008-12-10,55.73,53.82,64.73,,119.51,218.9,85.48,26.123036132850153,6.54,20.66,45.46,95.9,
2008-12-11,55.78,52.06,66.31,,121.83,223.4,83.83,25.984480094426413,6.52,20.92,46.49,100.42,
2008-12-12,54.28,51.91,63.35,,116.24,222.7,83.64,25.09076971203621,6.52,21.3,46.02,93.05,6.56
2008-12-15,56.76,54.71,65.99,,115.86,214.5,82.27,25.261063038170068,6.51,21.82,48.54,93.05,
2008-12-16,52.37,50.22,60.23,,119.25,194.9,80.68,30.64090550603706,6.51,21.44,46.77,93.05,
2008-12-17,49.84,48.04,58.22,,115.07,182.1,78.91,30.531746898425386,6.42,21.06,46.92,95.12,
2008-12-18,47.34,46.03,55.13,,116.55,194.6,79.47,32.71164570874331,6.35,20.72,44.61,90.93,
2008-12-19,44.93,43.5,52.7,,118.73,195.8,81.3,36.578932108019345,6.3,20.43,42.33,86.67,5.96
2008-12-22,44.56,41.91,52.22,,115.16,194.6,81.09,34.493904419623895,6.28,20.18,41.71,87.63,
2008-12-23,45.02,43.29,53.55,,112.01,193.8,81.24,31.770623944935494,6.25,19.82,39.71,91.81,
2008-12-24,44.21,43.31,52.75,,112.31,193.8,81.21,31.786186248488644,6.21,19.79,39.62,90.36,
2008-12-25,,,,,,,,,,,,,
2008-12-26,43.38,43.15,52.59,,112.56,193.5,80.89,31.927465979709343,6.2,19.55,41.93,89.33,4.79
2008-12-29,43.9,43.69,53.52,,113.77,192.1,80.68,31.240183874332033,6.19,19.25,44.33,95.91,
2008-12-30,41.63,41.67,51.51,,116.08,192.6,80.9,36.90269738874849,6.12,18.48,43.61,95.88,
2008-12-31,40.0,40.79,49.03,,116.5,190.0,81.31,37.468309351577695,6.04,18.12,42.89,88.93,
2009-01-01,,,,,,,,,,,,,
2009-01-02,39.19,39.11,47.35,,124.21,183.1,81.84,40.151732704544926,6.03,17.84,41.86,87.67,4.93
2009-01-05,39.08,39.07,48.26,,116.12,171.0,82.64,42.14314332037129,5.96,17.44,40.31,82.11,
2009-01-06,38.56,39.71,47.12,,115.49,160.4,82.85,42.49756286797561,5.82,16.68,39.87,79.58,
2009-01-07,43.39,43.52,51.19,,118.21,151.7,82.28,37.38407407137617,5.74,16.42,39.72,85.46,
2009-01-08,42.56,43.23,50.46,,118.24,149.9,81.54,38.30934194109479,5.67,16.67,39.68,85.46,
2009-01-09,42.82,43.84,50.84,,118.82,138.0,82.66,36.55271176550621,5.62,16.65,37.82,80.66,3.74
2009-01-12,45.84,44.46,54.02,,118.36,134.8,83.02,34.53466421203243,5.59,16.67,36.93,80.66,
2009-01-13,43.27,43.11,50.51,,118.22,119.5,84.27,34.641188978717736,5.57,16.82,35.24,81.54,
2009-01-14,49.14,47.8,54.24,,119.99,119.4,84.42,31.204254114037177,5.6,16.86,35.03,76.68,
2009-01-15,51.0,48.33,54.04,,124.7,129.5,84.44,29.930014387440444,5.62,16.97,35.25,76.22,
2009-01-16,46.11,44.19,51.57,,126.05,126.9,84.21,32.5698312470038,5.54,16.79,34.45,74.4,3.81
2009-01-19,,,,,,,,,5.54,16.81,,,
2009-01-20,56.65,54.45,62.84,,119.17,136.5,86.22,26.31759018585279,5.57,16.79,37.81,81.83,
2009-01-21,46.42,47.35,54.32,,120.58,151.0,85.82,32.389417461480804,5.57,16.71,35.95,79.85,
2009-01-22,47.29,45.83,55.23,,117.76,153.1,85.52,32.14440156266035,5.57,16.69,35.18,81.81,
2009-01-23,47.27,46.6,54.77,,121.31,155.3,85.61,32.75648628047095,5.56,16.73,39.56,81.31,4.33
2009-01-26,45.69,45.0,53.35,,120.65,145.3,84.73,33.98800683237972,5.53,16.74,40.27,80.91,
2009-01-27,42.25,43.1,50.63,,119.68,141.2,84.43,34.8556416831092,5.47,16.76,37.28,83.76,
2009-01-28,39.66,39.17,47.67,,122.39,136.7,84.67,39.49271516586979,5.4,16.4,37.77,81.57,
2009-01-29,42.63,42.58,50.74,,119.92,147.8,85.28,35.2504417913997,5.38,16.22,38.7,79.41,
2009-01-30,44.84,44.93,52.46,,115.88,162.9,86.0,33.19842614633109,5.31,16.26,39.9,77.1,4.05
2009-02-02,45.52,46.47,53.15,,123.95,163.4,86.07,31.52568996491642,5.32,16.4,40.17,77.89,
2009-02-03,43.06,42.88,51.12,,125.25,161.2,85.05,33.85522092401456,5.31,16.3,39.2,72.98,
2009-02-04,43.85,42.82,50.59,,127.68,172.5,85.7,33.57906891627771,5.29,16.15,38.81,70.92,
2009-02-05,43.73,43.3,50.77,,122.63,173.7,86.06,35.55094218719523,5.28,16.13,38.56,69.23,
2009-02-06,43.37,41.95,49.64,,122.27,182.1,85.35,38.09033029141059,5.25,16.05,37.9,70.09,3.59
2009-02-09,43.64,43.51,50.22,,122.62,170.2,84.79,38.98161333871078,5.2,15.98,37.24,68.81,
2009-02-10,46.67,45.86,53.84,,118.94,172.3,85.81,35.62586896263515,5.19,16.07,37.04,69.82,
2009-02-11,44.53,44.58,51.62,,122.57,157.0,85.78,36.43118905778525,5.16,16.17,39.18,69.46,
2009-02-12,41.25,41.99,48.76,,114.51,151.0,86.55,38.36516671757279,5.19,16.27,39.5,68.49,
2009-02-13,42.93,43.11,50.13,,120.58,158.7,86.04,37.91241426652005,5.19,16.21,37.51,66.06,3.59
2009-02-16,,,,,,,,,5.19,16.06,,,
2009-02-17,48.66,47.5,54.96,,118.1,163.2,87.58,32.536453986145304,5.23,16.45,42.83,76.12,
2009-02-18,48.46,46.68,53.71,,127.01,159.2,88.01,34.280449591723894,5.29,16.59,43.09,76.8,
2009-02-19,47.08,45.2,51.92,,119.41,161.9,87.44,33.00492114530612,5.31,16.48,39.21,76.71,
2009-02-20,49.3,47.18,52.8,,119.93,165.5,86.49,32.392931464553314,5.41,16.76,40.73,74.89,4.18
2009-02-23,52.62,50.06,56.81,,116.63,157.4,87.24,29.113716867954665,5.44,16.85,42.23,76.36,
2009-02-24,45.49,44.05,49.71,,114.2,154.4,86.89,33.9322621143937,5.54,17.22,40.87,72.48,
2009-02-25,44.67,43.95,51.01,,114.97,164.3,87.91,33.80058862963582,5.54,17.17,41.15,69.11,
2009-02-26,44.66,43.87,50.48,,113.96,163.0,87.73,31.974286733850587,5.56,17.18,39.95,67.7,
2009-02-27,46.35,45.28,51.2,,114.25,166.6,88.01,31.331290821237612,5.48,17.38,39.06,68.54,4.17
2009-03-02,52.65,50.92,57.51,,115.42,164.0,88.94,27.161627185240494,5.56,17.84,41.41,76.61,
2009-03-03,50.93,49.36,56.91,,113.77,164.9,88.91,27.918002411028425,5.64,18.09,38.27,73.1,
2009-03-04,47.56,45.66,53.29,,118.16,166.3,88.58,30.141197599356936,5.75,18.28,37.05,72.08,
2009-03-05,50.17,48.08,56.66,,113.73,162.2,89.11,26.239866779333763,5.81,18.59,37.8,72.6,
2009-03-06,49.33,47.99,55.91,,115.45,159.2,88.51,26.268623440431018,5.87,18.66,38.9,72.36,4.78
2009-03-09,49.68,48.76,56.74,,113.11,160.5,89.01,25.677050256534876,5.97,18.86,37.71,71.35,
2009-03-10,44.37,43.83,51.68,,115.59,153.4,88.93,31.737774198571195,5.99,18.71,35.95,78.02,
2009-03-11,43.61,42.81,50.25,,112.71,147.0,87.87,34.34028923591595,6.0,18.38,35.58,69.24,
2009-03-12,41.18,40.77,48.01,,112.96,146.3,87.66,37.60806325990668,6.0,18.29,33.85,69.64,
2009-03-13,42.36,41.25,48.34,,113.94,143.8,87.43,37.797216406536435,6.0,18.04,33.65,65.0,3.94
2009-03-16,43.74,43.54,50.35,,114.28,140.9,86.95,37.06706979535385,5.96,17.63,35.27,69.68,
2009-03-17,40.8,40.36,47.19,,118.32,142.7,86.93,41.58554221452086,5.95,17.58,22.58,67.71,
2009-03-18,40.06,39.8,47.25,,117.3,142.9,84.6,43.76862149488718,5.97,17.97,25.69,65.36,
2009-03-19,43.68,42.46,49.76,,116.53,125.6,83.13,42.41208195442034,5.97,17.74,41.52,79.59,
2009-03-20,45.89,44.66,53.05,,117.06,124.0,83.84,40.99117151454042,5.99,17.74,38.9,62.99,3.34
2009-03-23,43.23,42.01,50.77,,117.95,119.0,83.43,48.14955447122392,5.99,17.56,29.76,66.42,
2009-03-24,42.93,42.17,51.56,,112.12,119.3,83.86,45.8828829976654,5.98,17.45,36.28,60.82,
2009-03-25,42.25,41.35,50.81,,114.22,118.3,83.81,47.370376557309534,6.0,17.26,36.28,60.96,
2009-03-26,40.36,40.58,50.84,,113.75,120.5,84.17,50.442384402338526,5.98,17.09,35.19,59.08,
2009-03-27,41.04,41.45,50.9,,111.09,117.9,85.11,49.2610019056706,5.96,16.75,33.25,59.28,3.21
2009-03-30,45.54,44.87,55.57,,113.71,116.9,85.87,46.38695099657978,5.99,16.89,33.62,64.31,
2009-03-31,44.14,44.2,54.49,,112.87,117.3,85.43,47.91198389902495,5.86,17.03,31.39,78.01,
2009-04-01,42.28,42.48,52.68,,114.49,112.6,85.5,49.00373416682171,5.86,17.12,32.33,65.06,
2009-04-02,42.04,42.29,52.67,,111.9,111.7,84.45,53.53477279192562,5.82,16.78,34.39,62.97,
2009-04-03,39.7,40.6,50.37,,112.04,119.7,84.17,55.451134180663104,5.81,16.53,36.42,61.86,3.02
2009-04-06,40.93,41.56,52.11,,114.39,122.9,84.57,54.619885984167574,5.78,16.43,32.95,58.62,
2009-04-07,40.39,41.07,51.4,,111.16,118.5,85.29,51.32741814581241,5.75,16.44,32.07,58.58,
2009-04-08,38.85,40.5,49.46,,111.49,119.7,85.36,52.51982337500256,5.71,16.36,30.42,56.84,
2009-04-09,36.53,38.23,46.9,,108.18,119.7,85.79,55.79104201295149,5.63,16.19,28.0,54.97,
2009-04-10,,,,,,,,,,,,,2.81
2009-04-13,37.81,39.34,50.03,,110.39,116.4,84.64,55.02155289338668,5.6,16.16,29.09,57.85,
2009-04-14,37.67,39.43,50.05,,109.23,107.7,84.64,53.735675704498775,5.54,15.85,28.88,67.77,
2009-04-15,36.17,38.31,49.01,,108.62,105.6,85.08,53.674674279388825,5.47,15.74,27.47,55.57,
2009-04-16,35.79,36.8,47.29,,114.45,109.0,85.23,54.98449805443886,5.4,15.44,27.42,69.95,
2009-04-17,33.94,35.29,46.29,,111.75,115.8,85.98,57.02910285363621,5.32,15.05,27.41,50.12,2.58
2009-04-20,39.18,39.71,50.91,,113.99,115.1,86.64,52.474338851112456,5.28,15.17,28.45,60.84,
2009-04-21,37.14,38.44,49.23,,114.63,115.8,86.58,52.63042276889836,5.26,15.35,29.0,54.75,
2009-04-22,38.1,39.24,50.25,,112.72,120.2,86.19,53.327195549728074,5.23,15.27,28.67,53.6,
2009-04-23,37.15,37.95,49.48,,113.4,120.2,85.52,54.025288340688164,5.2,15.17,29.92,53.88,
2009-04-24,36.82,36.8,48.65,,114.6,125.8,84.71,55.64900908569027,5.16,14.87,30.08,52.81,2.84
2009-04-27,38.32,38.79,50.53,,114.12,125.8,85.7,54.49574290537428,5.14,14.91,30.24,56.75,
2009-04-28,37.95,38.53,49.96,,114.13,122.6,85.16,55.5778851924576,5.1,14.79,28.53,55.41,
2009-04-29,36.08,36.96,46.85,,114.6,120.7,84.47,57.5804577807108,5.02,14.46,27.98,53.71,
2009-04-30,36.5,36.64,47.44,,114.86,124.2,84.61,57.78321087503866,4.87,13.45,26.7,52.75,
2009-05-01,35.3,35.05,46.23,,115.21,129.2,84.55,57.57717419045979,4.81,13.34,26.44,50.2,2.33
2009-05-04,34.53,35.05,44.48,,115.4,127.8,83.97,59.754125448892175,4.78,13.23,28.26,49.01,
2009-05-05,33.36,33.42,43.4,,113.65,125.4,84.16,60.58854942103526,4.71,13.08,27.49,47.4,
2009-05-06,32.45,33.28,42.82,,113.34,125.2,83.8,62.69896347598554,4.64,12.94,26.77,46.88,
2009-05-07,33.44,34.47,44.17,,112.7,129.1,83.94,60.585837124286904,4.53,12.54,26.75,47.4,
2009-05-08,32.05,33.67,41.16,,114.96,130.5,82.53,61.54802615858012,4.44,12.41,25.93,44.89,1.57
2009-05-11,32.87,34.29,41.9,,113.99,124.7,82.68,59.58873977800864,4.44,12.58,23.6,45.23,
2009-05-12,31.8,33.09,40.58,,115.66,126.3,82.31,59.530880247085264,4.42,12.64,23.8,44.98,
2009-05-13,33.65,34.98,43.51,,116.32,126.2,82.5,56.397866600234906,4.42,12.85,25.41,46.85,
2009-05-14,31.37,32.64,43.02,,116.5,123.5,82.28,56.94378493086769,4.43,12.91,23.08,45.66,
2009-05-15,33.12,33.14,43.41,,119.06,122.3,83.02,55.730263895650495,4.42,12.91,22.6,46.01,2.04
2009-05-18,30.24,30.22,39.93,,119.21,122.1,82.67,60.815383864365174,4.4,12.82,22.46,42.21,
2009-05-19,28.8,29.56,39.43,,117.92,122.7,81.98,60.44412550539203,4.34,12.67,22.41,41.25,
2009-05-20,29.03,29.9,39.28,,113.96,122.6,80.99,59.969727540317685,4.28,12.45,24.74,40.74,
2009-05-21,31.35,31.2,40.42,,117.1,129.8,80.56,58.04747486520654,4.25,12.32,27.94,41.56,
2009-05-22,32.63,31.87,40.93,,118.81,147.2,79.96,57.75903318095776,4.22,12.13,28.34,40.95,1.58
2009-05-25,,,,,,,,,4.22,12.15,,,
2009-05-26,30.62,31.23,39.95,,120.89,146.1,80.13,60.52138079236379,4.16,12.09,26.33,41.97,
2009-05-27,32.36,32.16,40.94,,120.04,163.8,80.33,59.56155854235804,4.09,11.87,25.82,41.94,
2009-05-28,31.67,31.52,40.72,,122.33,167.5,80.43,59.58312071673022,4.02,11.74,26.7,40.81,
2009-05-29,28.92,29.44,37.8,,122.99,165.4,80.43,61.20795805034466,3.87,11.7,28.44,41.32,1.37
2009-06-01,30.04,30.72,38.62,,122.09,190.3,79.17,63.65100244769477,3.82,11.36,29.5,42.46,
2009-06-02,29.63,30.61,37.73,,120.94,183.9,78.4,62.509515215638736,3.71,11.19,28.69,42.15,
2009-06-03,31.02,31.45,38.16,,121.19,162.9,79.5,60.901518487490286,3.65,11.17,27.64,45.29,
2009-06-04,30.18,31.06,37.56,,119.37,169.0,79.41,61.58680043607008,3.63,11.01,28.16,46.14,
2009-06-05,29.62,30.71,36.69,,118.83,183.4,80.67,62.37858387376364,3.56,10.7,26.82,45.75,1.21
2009-06-08,29.77,31.18,37.7,,119.44,183.0,80.91,61.67904096083282,3.52,10.6,27.09,46.6,
2009-06-09,28.27,29.69,35.91,,119.24,175.3,79.79,63.22981738194173,3.5,10.59,25.03,45.89,
2009-06-10,28.46,29.77,36.17,,121.61,178.4,80.33,63.26073213203104,3.44,10.42,24.78,46.97,
2009-06-11,28.11,29.73,36.18,,117.88,171.7,79.41,63.86698808265174,3.4,10.43,24.44,47.25,
2009-06-12,28.15,29.21,35.44,,120.98,171.8,80.14,63.48040423767213,3.38,10.41,24.79,46.39,1.01
2009-06-15,30.81,32.54,38.77,,118.2,166.5,81.14,60.95091224148971,3.36,10.4,25.31,46.84,
2009-06-16,32.68,32.32,38.61,,125.05,167.2,80.71,58.45955268339339,3.35,10.48,23.12,47.4,
2009-06-17,31.54,31.47,38.01,,123.17,170.1,80.17,58.78796422269137,3.36,10.73,22.8,47.32,
2009-06-18,30.03,30.03,36.26,,123.72,187.3,80.61,60.04989682853549,3.34,10.74,22.43,46.64,
2009-06-19,27.99,28.3,34.64,,123.78,182.3,80.26,61.49462539212338,3.31,10.75,21.64,45.16,1.59
2009-06-22,31.17,31.41,37.92,,116.79,173.2,80.78,57.5096748023371,3.32,10.93,22.1,46.95,
2009-06-23,30.58,30.69,37.43,,116.01,173.1,79.84,56.78746504241715,3.31,11.03,21.93,45.55,
2009-06-24,29.05,29.03,35.44,,116.97,164.9,80.56,58.626581640256845,3.31,11.01,22.74,44.46,
2009-06-25,26.36,27.25,32.31,,115.51,161.0,80.4,60.592572891238376,3.32,11.09,22.72,41.0,
2009-06-26,25.93,26.53,31.7,,115.72,159.0,79.88,60.05867687807547,3.33,11.09,21.97,40.33,1.65
2009-06-29,25.35,26.47,31.35,,117.16,158.4,79.84,60.59642248822291,3.33,11.05,21.72,41.26,
2009-06-30,26.35,26.69,31.88,,117.03,162.5,80.13,60.06952154343466,3.31,10.55,20.9,42.78,
2009-07-01,26.22,26.86,31.71,,116.68,161.6,79.63,60.44045498794906,3.31,10.5,20.29,43.01,
2009-07-02,27.95,28.07,33.64,,115.08,149.1,80.15,57.15397411969304,3.3,10.52,19.93,45.67,
2009-07-03,,,,,,,,,3.3,10.52,,,1.2
2009-07-06,29.0,29.25,35.03,,118.41,148.1,80.45,55.96096845807833,3.31,10.61,20.6,49.37,
2009-07-07,30.85,31.2,36.49,,116.35,138.6,80.62,53.67082758976276,3.3,10.63,20.71,50.25,
2009-07-08,31.3,31.07,37.29,,114.25,136.5,80.77,53.356092348477404,3.31,10.84,23.58,52.66,
2009-07-09,29.78,30.0,35.5,,115.2,136.5,79.86,54.87106012281087,3.3,10.79,21.02,51.51,
2009-07-10,29.02,29.33,34.96,,113.2,135.9,80.23,54.6137740779897,3.3,10.89,20.79,50.88,1.46
2009-07-13,26.31,26.61,30.52,,113.3,137.8,80.13,56.88287655809408,3.29,10.92,19.27,49.58,
2009-07-14,25.02,26.03,30.68,,115.44,145.0,80.18,58.748685777611584,3.27,10.76,18.8,48.0,
2009-07-15,25.89,25.28,30.28,,115.75,151.8,79.32,62.09468822325512,3.22,10.52,19.36,46.79,
2009-07-16,25.42,24.8,30.08,,116.89,148.9,79.22,62.11172014057956,3.19,10.57,18.26,45.63,
2009-07-17,24.34,24.28,29.77,,116.43,156.3,79.35,63.11563856450287,3.13,10.41,18.1,44.79,1.01
2009-07-20,24.4,24.79,29.62,,116.31,149.7,78.91,64.23776307308029,3.11,10.37,18.55,44.65,
2009-07-21,23.87,24.68,28.76,,116.79,143.9,78.93,64.97383863661467,3.07,10.29,18.05,44.24,
2009-07-22,23.47,24.99,29.08,,112.41,144.4,78.71,65.33763852359948,3.05,10.18,17.46,44.36,
2009-07-23,23.43,25.87,30.02,,112.07,147.3,78.8,67.06057912304495,3.02,9.88,18.44,42.34,
2009-07-24,23.09,24.67,29.06,,114.04,143.6,78.75,66.70633670230171,2.98,9.8,18.04,40.72,0.78
2009-07-27,24.28,25.65,29.72,,114.05,143.1,78.63,67.03572339649116,2.95,9.66,18.72,42.46,
2009-07-28,25.01,25.35,29.81,,116.18,140.2,78.85,66.10175143997806,2.91,9.56,19.26,42.97,
2009-07-29,25.61,26.22,30.67,,116.74,139.6,79.63,65.44574878768597,2.86,9.44,19.39,46.14,
2009-07-30,25.4,26.63,30.65,,115.41,139.1,79.29,66.3027783211971,2.78,9.33,18.85,45.57,
2009-07-31,25.92,26.16,30.38,,108.94,138.5,78.35,67.02339920041386,2.73,9.22,20.51,45.72,0.52
2009-08-03,25.56,26.28,30.39,,114.03,141.1,77.64,69.11525349653533,2.7,8.99,21.11,47.92,
2009-08-04,24.89,25.17,29.71,,114.94,141.0,77.77,70.34961580504047,2.65,8.88,23.58,47.18,
2009-08-05,24.9,25.5,29.79,,117.11,145.4,77.52,70.11838349046268,2.61,8.77,22.12,46.7,
2009-08-06,25.67,26.36,31.44,,115.22,147.7,78.07,69.51829228142812,2.57,8.73,21.13,46.02,
2009-08-07,24.76,25.02,30.3,,113.77,153.4,78.97,71.93002460918069,2.54,8.57,20.95,45.38,0.16
2009-08-10,24.99,25.66,30.47,,117.02,149.1,79.26,70.52176596196948,2.52,8.58,20.33,45.7,
2009-08-11,25.99,26.11,30.84,,117.61,149.9,79.18,68.6458321757645,2.53,8.64,19.61,46.23,
2009-08-12,25.45,25.68,30.47,,119.64,147.5,78.79,69.22026049810151,2.54,8.78,19.83,45.44,
2009-08-13,24.71,25.09,29.94,,121.85,145.8,78.49,68.9091686108133,2.53,8.91,19.97,44.79,
2009-08-14,24.27,25.24,30.12,,118.75,144.7,78.89,67.61272745525574,2.54,8.94,19.56,45.88,0.79
2009-08-17,27.89,27.59,33.7,,116.58,144.2,79.29,63.18492288949783,2.58,9.17,19.83,46.92,
2009-08-18,26.18,26.18,31.56,,118.11,136.7,78.94,65.03694498413762,2.6,9.19,18.93,44.5,
2009-08-19,26.26,26.21,31.13,,121.73,136.0,78.47,65.53870499801369,2.6,9.25,19.38,45.14,
2009-08-20,25.09,24.97,29.68,,121.53,131.9,78.38,65.70780415993933,2.6,9.27,18.12,45.72,
2009-08-21,25.01,24.69,29.66,,122.9,132.3,78.04,67.93332201402686,2.58,9.13,19.11,45.68,0.96
2009-08-24,25.14,25.27,30.59,,121.16,131.1,78.27,66.88190627149531,2.57,9.14,19.65,45.39,
2009-08-25,24.92,25.13,30.1,,119.05,130.1,78.24,67.27227671856119,2.55,9.12,19.56,45.51,
2009-08-26,24.95,25.6,30.03,,118.71,125.5,78.66,67.13616673458554,2.54,9.11,19.6,45.97,
2009-08-27,24.68,25.01,29.4,,117.71,125.4,78.01,67.20442596053746,2.53,9.07,19.52,43.98,
2009-08-28,24.76,24.93,29.64,,117.67,129.1,78.37,67.19041648428802,2.52,9.04,19.32,43.21,0.54
2009-08-31,26.01,27.17,31.6,,120.14,130.7,78.17,64.85073070185773,2.53,9.12,20.43,47.09,
2009-09-01,29.15,29.31,34.17,,118.26,135.0,78.76,62.18837971217706,2.54,9.18,21.4,46.53,
2009-09-02,28.9,29.38,34.49,,118.41,137.6,78.38,61.40782235225893,2.54,9.23,25.58,45.81,
2009-09-03,27.1,28.1,33.47,,119.38,134.1,78.46,63.029530488301155,2.54,9.19,28.86,44.6,
2009-09-04,25.26,25.85,31.35,,119.73,127.6,78.14,65.04033801861875,2.53,9.09,27.23,44.24,0.7
2009-09-07,,,,,,,,,2.53,9.1,,,
2009-09-08,25.62,26.43,31.44,,120.55,123.2,77.32,66.09475708577898,2.51,9.03,26.97,45.91,
2009-09-09,24.32,25.77,30.25,,120.83,114.6,77.09,67.21028456556253,2.5,8.98,24.71,46.37,
2009-09-10,23.55,24.83,29.54,,121.26,117.4,76.82,67.96005564670702,2.47,8.93,24.22,44.83,
2009-09-11,24.15,25.29,30.21,,120.23,114.7,76.61,67.20217458734608,2.44,8.78,25.67,45.07,0.36
2009-09-14,23.86,24.93,29.21,,121.0,116.5,76.7,68.33209861070564,2.42,8.57,24.78,45.38,
2009-09-15,23.42,24.61,29.04,,118.46,119.6,76.54,69.9293977810806,2.39,8.35,24.43,43.93,
2009-09-16,23.69,24.02,28.86,,113.62,123.7,76.24,71.28619850226224,2.36,8.09,25.09,42.4,
2009-09-17,23.65,24.26,29.6,,118.95,121.8,76.19,70.55536444872826,2.35,8.09,23.53,42.36,
2009-09-18,23.92,24.69,30.24,,117.02,121.4,76.43,70.15756806554354,2.33,7.98,22.62,41.67,0.03
2009-09-21,24.06,24.92,29.92,,119.14,118.4,76.78,69.31487191187934,2.32,8.0,23.22,41.4,
2009-09-22,23.08,24.08,29.09,,118.16,118.0,76.12,69.85529613282553,2.3,7.93,24.53,40.38,
2009-09-23,23.49,24.47,29.38,,117.44,111.9,76.05,68.73127924337813,2.31,7.88,23.98,41.23,
2009-09-24,24.95,25.9,31.37,,116.65,109.8,76.9,67.36917948157466,2.31,7.87,22.0,44.28,
2009-09-25,25.61,25.77,31.01,,118.01,110.7,76.81,66.19306284634091,2.31,7.89,21.79,44.27,0.17
2009-09-28,24.88,26.21,30.89,,119.1,109.9,77.05,67.91339089462627,2.32,7.95,20.4,43.91,
2009-09-29,25.19,26.11,31.44,,119.84,115.2,77.12,68.02958170657381,2.33,7.91,20.45,43.74,
2009-09-30,25.61,26.5,32.79,,120.86,113.8,76.65,67.98883837876112,2.35,7.93,21.54,45.23,
2009-10-01,28.27,28.95,35.18,,117.81,112.6,77.19,64.29117947319284,2.38,8.11,21.46,45.59,
2009-10-02,28.68,29.02,34.81,,118.55,107.8,77.0,63.63167793157299,2.39,8.2,21.38,45.22,0.42
2009-10-05,26.84,28.23,33.3,,118.5,105.7,76.64,65.3523009206755,2.38,8.15,22.78,45.14,
2009-10-06,25.7,26.87,31.79,,117.82,107.2,76.34,66.7049829128402,2.35,8.05,25.36,45.47,
2009-10-07,24.68,25.88,31.17,,117.65,105.1,76.49,66.68350082237227,2.35,8.11,24.01,45.25,
2009-10-08,24.18,25.68,30.52,,119.92,101.8,75.97,67.9754466275057,2.34,8.0,24.88,43.36,
2009-10-09,23.12,24.18,29.34,,120.87,114.7,76.43,69.6330105320925,2.33,7.87,23.19,43.6,0.28
2009-10-12,23.01,23.78,29.67,,119.55,,76.13,69.51904541639226,2.33,7.88,22.47,43.2,
2009-10-13,22.99,23.84,28.62,,120.77,111.1,75.98,69.11948247601389,2.33,7.93,22.34,41.54,
2009-10-14,22.86,23.51,28.42,,121.31,115.4,75.55,70.75490216098578,2.31,7.76,20.57,42.09,
2009-10-15,21.72,22.51,27.29,,120.03,117.8,75.48,71.15477359395939,2.3,7.69,20.35,40.09,
2009-10-16,21.43,22.22,26.9,,119.05,117.4,75.6,70.13194524218092,2.29,7.69,20.76,36.91,0.14
2009-10-19,21.49,22.11,27.38,,117.25,114.7,75.51,70.33136262921577,2.28,7.67,20.9,38.41,
2009-10-20,20.9,21.62,26.98,,116.9,108.9,75.57,69.28282681390328,2.26,7.66,20.09,39.06,
2009-10-21,22.22,23.14,29.32,,118.6,111.9,74.97,68.4000217645654,2.25,7.58,21.53,39.96,
2009-10-22,20.69,21.58,27.58,,118.09,111.2,75.09,70.30579911954223,2.23,7.52,19.75,40.47,
2009-10-23,22.27,22.62,29.06,,117.51,113.4,75.47,69.49315026080552,2.21,7.45,19.98,39.5,0.19
2009-10-26,24.31,24.52,31.06,,118.33,118.5,76.06,67.79193772615326,2.19,7.35,20.87,40.57,
2009-10-27,24.83,25.4,31.68,,118.9,114.1,76.14,65.57913808460552,2.18,7.47,20.52,39.82,
2009-10-28,27.91,28.27,35.55,,118.37,113.3,76.43,61.8184552550832,2.18,7.59,21.19,41.24,
2009-10-29,24.76,25.4,32.56,,120.82,116.6,75.92,66.15449759389791,2.18,7.56,20.72,39.41,
2009-10-30,30.69,29.81,36.74,,122.75,113.5,76.3,60.70762596106677,2.18,7.6,21.2,41.13,0.42
2009-11-02,29.78,29.88,37.35,,121.9,113.7,76.29,61.28856378775384,2.19,7.6,22.3,41.78,
2009-11-03,28.81,28.88,35.61,,118.53,114.0,76.39,62.09231371113431,2.19,7.61,25.25,41.58,
2009-11-04,27.72,27.89,35.67,,119.75,116.2,75.64,62.539375166264165,2.19,7.55,25.13,40.6,
2009-11-05,25.43,25.84,33.45,,119.83,112.7,75.74,65.07460970603132,2.18,7.56,22.76,38.98,
2009-11-06,24.19,24.6,32.18,,120.14,105.0,75.82,65.59681072551918,2.18,7.6,21.45,38.7,0.39
2009-11-09,23.15,23.55,31.16,,114.4,99.9,75.03,67.6418262279426,2.17,7.57,21.92,39.06,
2009-11-10,22.84,23.39,30.95,,119.65,95.7,75.02,67.8266437279595,2.16,7.52,22.04,38.12,
2009-11-11,23.04,23.06,30.61,,119.21,,75.16,67.23224800527014,2.16,7.52,22.45,37.89,
2009-11-12,24.24,24.05,32.24,,118.38,102.2,75.6,65.71840308194999,2.16,7.54,23.06,38.78,
2009-11-13,23.36,22.92,30.64,,120.72,97.2,75.33,66.72786557526855,2.16,7.52,21.9,38.67,0.03
2009-11-16,22.89,23.13,30.54,,114.53,92.5,74.91,67.4783601686471,2.15,7.55,24.34,37.56,
2009-11-17,22.41,22.14,29.73,,119.32,91.2,75.37,67.39789222637373,2.15,7.55,23.03,37.01,
2009-11-18,21.63,22.03,29.42,,114.75,89.1,75.18,67.80643855123058,2.15,7.51,24.1,35.69,
2009-11-19,22.63,23.3,30.84,,119.35,86.9,75.29,65.64969983738864,2.15,7.55,23.96,36.99,
2009-11-20,22.19,22.49,30.11,,120.59,87.3,75.66,65.95330670909223,2.15,7.54,24.65,36.8,0.15
2009-11-23,21.16,22.03,29.25,,122.85,87.7,75.09,67.44315678343527,2.15,7.52,25.64,35.67,
2009-11-24,20.47,21.5,28.45,,122.47,83.7,75.07,67.53528352022033,2.16,7.56,23.56,37.06,
2009-11-25,20.48,21.32,28.6,,121.98,82.8,74.27,68.49859880861594,2.16,7.57,25.39,36.57,
2009-11-26,,,,,,,,,2.16,7.57,,,
2009-11-27,24.74,25.41,33.4,,120.82,88.9,75.0,63.54508058607487,2.19,7.64,27.14,40.73,0.15
2009-11-30,24.51,24.73,32.8,,122.91,86.1,74.88,64.9120510094888,2.21,7.65,26.27,41.17,
2009-12-01,21.92,23.28,30.7,,122.96,87.5,74.36,67.1633907246591,2.21,7.58,26.69,40.23,
2009-12-02,21.12,22.58,29.53,,119.0,88.1,74.67,67.41834995504311,2.19,7.49,26.74,40.29,
2009-12-03,22.46,24.0,31.3,,117.04,93.1,74.63,66.11667291051106,2.17,7.4,26.81,40.56,
2009-12-04,21.25,23.1,29.82,,118.01,95.3,75.91,66.88049693008345,2.15,7.24,29.82,41.18,0.06
2009-12-07,22.1,23.69,30.26,,117.17,89.8,75.77,66.30785914895286,2.13,7.26,29.12,42.49,
2009-12-08,23.69,24.8,31.2,,117.89,86.1,76.31,63.81498585989561,2.13,7.31,29.2,42.19,
2009-12-09,22.66,23.28,30.21,,118.75,90.0,76.04,64.89796727180534,2.12,7.26,28.99,43.08,
2009-12-10,22.32,23.13,30.0,,121.35,90.9,76.04,65.90253273163123,2.1,7.18,27.86,42.9,
2009-12-11,21.59,22.38,28.78,,121.59,94.0,76.57,67.18847825207179,2.08,7.09,27.82,43.05,-0.0
2009-12-14,21.15,22.03,27.91,,125.3,93.3,76.35,67.76290254860227,2.04,6.97,25.48,42.16,
2009-12-15,21.49,22.46,27.64,,123.84,96.8,76.96,67.0121008598549,2.02,6.86,26.05,41.54,
2009-12-16,20.54,21.95,27.02,,117.13,94.4,77.0,67.4664953510877,2.01,6.82,24.9,39.89,
2009-12-17,22.51,22.84,27.52,,121.83,92.6,77.69,65.15365458284323,2.01,6.91,27.16,39.08,
2009-12-18,21.68,21.78,27.1,,122.29,93.8,77.82,66.73249588705336,1.99,6.84,26.59,40.58,-0.15
2009-12-21,20.49,20.82,26.25,,124.33,102.6,78.04,68.96126515339164,1.98,6.72,25.88,39.25,
2009-12-22,19.54,19.7,25.23,,127.89,107.7,78.25,69.2954300986946,1.96,6.65,25.22,37.81,
2009-12-23,19.71,19.67,25.13,,127.15,102.4,77.9,69.29348723102053,1.96,6.6,23.36,36.0,
2009-12-24,19.47,19.47,24.6,,128.16,105.0,77.84,69.91815873785882,1.94,6.54,23.1,35.18,
2009-12-25,,,,,,,,,,,,,-0.24
2009-12-28,19.93,20.45,26.19,,125.79,108.2,77.63,69.99882277323928,1.93,6.5,26.02,36.48,
2009-12-29,20.01,20.43,26.17,,125.71,108.9,77.83,69.09739603421619,1.91,6.49,24.85,35.78,
2009-12-30,19.96,20.52,26.59,,125.65,104.4,77.91,68.27069567200869,1.9,6.5,24.53,34.95,
2009-12-31,21.68,21.65,28.15,,,107.5,77.86,66.84133678437983,1.9,6.39,23.71,36.26,
2010-01-01,,,,,,,,,,,,,-0.22
2010-01-04,20.04,21.2,26.55,,123.84,106.4,77.53,68.94298015738123,1.88,6.34,24.59,35.44,
2010-01-05,19.35,20.5,26.66,,122.99,102.5,77.62,69.11499755365061,1.85,6.3,23.34,34.27,
2010-01-06,19.16,20.21,25.64,,121.63,106.9,77.49,69.72402931385743,1.83,6.17,23.9,34.4,
2010-01-07,19.06,19.99,24.82,,120.17,104.4,77.91,70.68531663323093,1.81,6.03,23.32,33.61,
2010-01-08,18.13,18.92,23.55,,120.15,96.3,77.47,71.21490692255087,1.78,6.02,22.04,31.34,-0.4
2010-01-11,17.55,18.47,22.6,,119.1,93.0,77.0,71.0171333870735,1.76,5.99,20.97,30.0,
2010-01-12,18.25,19.29,23.06,,120.66,92.7,76.95,68.23962299242295,1.76,6.07,21.97,31.61,
2010-01-13,17.85,18.4,22.24,,125.89,95.5,76.85,69.44738755568719,1.76,6.03,20.63,32.75,
2010-01-14,17.63,18.2,21.45,,125.06,91.1,76.73,69.47337173216623,1.76,6.04,21.34,30.86,
2010-01-15,17.91,18.73,22.21,,124.32,89.8,77.32,67.67417286956187,1.77,6.1,21.48,29.8,-0.36
2010-01-18,,,,,,,,,1.77,6.1,,,
2010-01-19,17.58,18.74,22.25,,124.28,87.9,77.5,69.24221234285437,1.78,6.11,21.31,28.52,
2010-01-20,18.68,20.01,23.47,,124.1,88.3,78.34,66.93843288575879,1.78,6.16,22.85,31.15,
2010-01-21,22.27,23.19,25.95,,121.99,87.5,78.32,62.14517437330018,1.79,6.24,24.82,32.51,
2010-01-22,27.31,28.37,30.89,,122.88,88.3,78.28,56.33309620075882,1.8,6.36,26.01,34.85,-0.09
2010-01-25,25.41,27.04,28.96,,122.54,88.1,78.19,57.706232751069656,1.82,6.42,24.73,33.33,
2010-01-26,24.55,25.47,27.97,,118.41,88.8,78.43,58.05352797616509,1.82,6.44,24.35,33.78,
2010-01-27,23.14,24.21,26.39,,118.98,86.3,78.68,59.151456462784004,1.82,6.41,24.08,34.23,
2010-01-28,23.73,24.91,27.34,,117.98,87.9,78.9,57.607201267269964,1.83,6.41,23.35,33.28,
2010-01-29,24.62,25.8,28.03,,117.5,86.3,79.46,55.451600701261405,1.81,6.54,23.87,34.05,0.05
2010-02-01,22.59,24.33,26.76,,119.22,85.3,79.24,58.569287278870156,1.84,6.54,23.84,32.45,
2010-02-02,21.48,23.01,25.52,,120.46,83.7,79.01,59.42464948036866,1.82,6.54,22.75,32.44,
2010-02-03,21.6,22.34,25.38,,119.95,90.0,79.37,59.72907240979812,1.82,6.46,22.09,34.65,
2010-02-04,26.08,25.99,29.04,,116.02,90.9,79.92,53.454425029174956,1.85,6.59,27.19,38.51,
2010-02-05,26.11,25.96,29.51,,118.75,89.1,80.44,53.187362115337244,1.88,6.81,27.59,39.99,-0.06
2010-02-08,26.51,26.92,30.44,,117.68,88.0,80.3,51.56539301989679,1.89,6.85,26.88,39.53,
2010-02-09,26.0,25.58,29.62,,120.43,88.1,79.86,53.43856459904531,1.9,6.88,25.45,38.74,
2010-02-10,25.4,25.23,28.89,,118.51,90.2,80.03,53.622439903755804,1.9,6.93,26.02,37.91,
2010-02-11,23.96,23.43,26.59,,120.13,89.2,79.99,55.41439708758485,1.91,6.98,25.48,36.04,
2010-02-12,22.73,22.97,25.66,,113.71,87.0,80.32,55.58424475669941,1.91,7.03,24.29,36.04,0.11
2010-02-15,,,,,,,,,1.9,7.01,,,
2010-02-16,22.25,21.92,25.37,,120.89,85.5,79.7,58.041733736530624,1.91,7.02,25.38,36.15,
2010-02-17,21.72,21.4,23.96,,119.63,85.9,80.38,58.968473323272875,1.9,6.8,24.88,35.38,
2010-02-18,20.63,20.65,23.55,,122.56,87.2,80.4,60.894114380374134,1.88,6.65,24.0,33.36,
2010-02-19,20.02,20.81,23.6,,118.53,84.9,80.64,61.86371689852504,1.86,6.56,24.05,34.63,-0.22
2010-02-22,19.94,20.43,23.54,,121.33,81.4,80.51,62.85268966170579,1.85,6.5,23.53,33.68,
2010-02-23,21.37,21.55,24.85,,120.82,83.9,80.85,59.83131913639291,1.84,6.6,23.89,34.88,
2010-02-24,20.27,20.63,24.29,,120.61,83.2,80.85,61.562445157070364,1.84,6.58,22.68,33.46,
2010-02-25,20.1,20.52,23.58,,121.28,82.2,80.79,61.2208375129232,1.85,6.65,21.85,33.56,
2010-02-26,19.5,19.78,22.61,,120.13,81.2,80.36,62.254916198729376,1.85,6.71,21.31,32.82,-0.24
2010-03-01,19.26,19.59,22.09,,120.8,79.4,80.66,63.939265860014274,1.86,6.66,21.13,34.29,
2010-03-02,19.06,19.51,22.43,,120.28,78.4,80.52,63.416219452435925,1.83,6.58,21.76,34.88,
2010-03-03,18.83,19.35,22.36,,119.03,78.9,79.98,63.15449142696654,1.83,6.54,21.37,34.53,
2010-03-04,18.72,19.1,21.65,,120.75,76.1,80.56,63.79429967782268,1.83,6.49,20.06,33.54,
2010-03-05,17.42,17.92,20.43,,118.03,78.9,80.43,68.55737678680421,1.8,6.37,19.29,32.67,-0.28
2010-03-08,17.79,18.67,21.23,,117.56,77.6,80.43,68.28633226937463,1.78,6.27,19.89,33.22,
2010-03-09,17.92,18.76,21.8,,116.64,76.3,80.59,68.90338222601865,1.77,6.23,19.88,33.19,
2010-03-10,18.57,19.08,22.31,,117.98,75.9,80.45,68.47673636741648,1.76,6.16,20.93,33.28,
2010-03-11,18.06,19.09,22.18,,117.48,75.6,80.32,69.31222255420882,1.75,6.15,20.19,32.7,
2010-03-12,17.58,19.14,21.65,,118.96,76.4,79.83,68.75586531801247,1.74,6.11,20.16,32.11,-0.57
2010-03-15,18.0,19.05,22.33,,120.63,77.3,80.25,68.11844753661659,1.73,6.12,20.9,33.38,
2010-03-16,17.69,18.31,21.61,,123.51,76.9,79.75,68.52728190771863,1.72,6.16,20.32,33.22,
2010-03-17,16.91,17.56,21.48,,119.66,74.1,79.64,69.29488168160032,1.71,6.11,19.8,32.47,
2010-03-18,16.62,17.24,21.71,,120.27,75.9,80.22,69.29815724714152,1.69,6.02,19.23,31.73,
2010-03-19,16.97,17.87,22.5,,121.97,79.4,80.72,67.76972317351067,1.68,5.98,19.71,31.85,-0.44
2010-03-22,16.87,18.03,22.0,,123.63,78.5,80.65,68.68502733243473,1.68,6.02,19.06,29.57,
2010-03-23,16.35,17.43,21.34,,121.18,78.6,80.9,70.49311201482921,1.68,6.0,18.52,29.23,
2010-03-24,17.55,18.01,22.28,,122.67,90.1,81.84,69.39939042322833,1.66,5.85,20.81,29.34,
2010-03-25,18.4,18.82,23.81,,122.14,89.5,82.12,69.2194871456727,1.64,5.78,20.27,30.13,
2010-03-26,17.77,18.67,23.43,,123.14,87.4,81.68,69.22936992375232,1.63,5.8,19.73,30.1,-0.4
2010-03-29,17.59,18.6,22.74,,123.2,87.1,81.36,69.52941528361112,1.63,5.79,19.07,30.17,
2010-03-30,17.13,18.23,22.17,,124.03,86.2,81.47,69.43856507449644,1.63,5.77,18.16,29.56,
2010-03-31,17.59,18.32,22.76,,123.7,85.3,81.07,68.07673831100888,1.61,5.84,18.14,29.61,
2010-04-01,17.47,18.76,22.95,,123.93,89.8,80.78,68.38239999660748,1.61,5.82,17.49,29.24,
2010-04-02,,,,,,,,,,,,,-0.36
2010-04-05,17.02,18.52,21.5,,123.78,90.1,81.09,70.6109516196692,1.59,5.65,18.06,29.65,
2010-04-06,16.23,17.83,21.28,,123.29,88.6,81.39,71.99110380288725,1.57,5.65,17.93,28.8,
2010-04-07,16.62,17.7,21.58,,123.27,92.2,81.44,70.43496805883525,1.58,5.72,19.13,29.04,
2010-04-08,16.48,17.29,21.69,,122.67,90.3,81.53,71.45029733741747,1.58,5.7,18.86,29.25,
2010-04-09,16.14,16.54,21.18,,124.36,89.8,81.09,72.66321486206122,1.57,5.68,19.4,29.15,-0.48
2010-04-12,15.58,16.37,20.89,,123.16,88.2,80.56,72.5934834242379,1.56,5.68,18.27,27.02,
2010-04-13,16.2,15.97,20.7,,125.54,86.7,80.51,72.69636663583618,1.55,5.66,17.51,27.26,
2010-04-14,15.59,16.02,20.14,,125.77,85.3,80.19,75.09358498922566,1.53,5.57,17.31,27.14,
2010-04-15,15.89,16.54,20.55,,126.29,83.9,80.48,74.50982190314458,1.52,5.52,17.44,26.9,
2010-04-16,18.36,17.78,21.97,,131.33,82.9,80.82,68.55656955306765,1.53,5.57,18.85,27.16,-0.46
2010-04-19,17.34,17.89,22.56,,131.14,82.3,81.0,69.67293585535697,1.53,5.59,18.94,29.02,
2010-04-20,15.73,16.43,20.5,,134.19,78.3,81.05,73.06263340368922,1.52,5.54,17.69,27.8,
2010-04-21,16.32,16.3,20.66,,129.84,79.9,81.16,71.62009798889096,1.51,5.55,17.8,27.67,
2010-04-22,16.47,16.83,21.63,,127.48,80.1,81.57,72.46239317219572,1.52,5.5,17.77,27.65,
2010-04-23,16.62,16.6,21.06,,126.13,85.2,81.35,73.97824603740183,1.51,5.44,17.9,26.68,-0.43
2010-04-26,17.47,17.81,22.73,,124.25,83.0,81.48,72.07698863466935,1.52,5.42,17.73,28.02,
2010-04-27,22.81,21.3,26.43,,124.98,88.9,82.15,61.4761464427912,1.54,5.55,20.9,30.34,
2010-04-28,21.08,20.51,25.94,,128.4,87.2,82.38,63.365969957713105,1.55,5.51,20.13,30.68,
2010-04-29,18.44,18.96,23.93,,129.28,83.3,82.0,68.61452454837116,1.55,5.54,19.35,29.53,
2010-04-30,22.05,22.06,28.34,,125.41,85.5,81.87,60.41850021605124,1.55,5.61,20.42,30.25,-0.2
2010-05-03,20.19,21.16,27.12,,125.35,83.6,82.27,63.845750545969494,1.57,5.57,20.93,30.18,
2010-05-04,23.84,26.09,31.6,,124.86,88.7,83.3,52.819708137406344,1.6,5.68,21.71,32.67,
2010-05-05,24.91,26.32,32.52,,122.82,95.8,84.08,49.79041131589611,1.64,5.91,21.79,35.61,
2010-05-06,32.8,31.25,36.37,,122.16,116.7,84.89,35.4703660945723,1.76,6.26,26.31,39.73,
2010-05-07,40.95,41.52,45.83,,123.86,112.6,84.45,28.27673250536541,1.84,6.47,26.24,42.61,0.41
2010-05-10,28.84,30.36,35.64,,128.64,104.4,84.16,43.949240301695234,1.77,6.25,24.35,40.05,
2010-05-11,28.32,29.59,35.2,,127.09,96.8,84.47,44.063486097876854,1.79,6.34,25.96,38.87,
2010-05-12,25.52,27.0,32.17,,124.26,93.2,84.83,49.75079358701636,1.77,6.18,25.34,36.96,
2010-05-13,26.68,28.05,33.64,,126.2,89.5,85.21,45.12452530106672,1.76,6.14,24.41,36.46,
2010-05-14,31.24,31.55,36.74,,128.47,99.8,86.1,37.740538376704585,1.79,6.33,26.21,40.46,0.34
2010-05-17,30.84,31.78,37.62,,128.87,96.6,86.21,37.49496193787103,1.79,6.36,26.46,41.13,
2010-05-18,33.55,35.48,41.77,,123.88,97.2,87.16,30.335497075085406,1.81,6.46,26.25,42.96,
2010-05-19,35.32,37.79,43.7,,126.33,98.1,86.39,27.626650464042783,1.86,6.59,27.05,44.03,
2010-05-20,45.79,46.63,53.88,,123.36,110.9,85.57,20.345994090995287,1.96,6.92,30.73,46.46,
2010-05-21,40.1,42.81,49.06,,125.56,108.7,85.37,23.24205209384584,1.97,7.02,27.78,44.57,0.97
2010-05-24,38.32,39.84,46.46,,125.0,107.1,86.21,22.370240845113905,1.98,6.97,25.72,44.9,
2010-05-25,34.61,36.28,43.42,,123.28,112.7,86.78,27.19629379277454,2.06,7.24,25.72,45.8,
2010-05-26,35.02,36.32,43.22,,121.48,109.9,87.12,25.568086451293617,2.04,7.07,24.74,43.45,
2010-05-27,29.68,30.3,36.7,,125.73,111.5,86.18,37.300152014611406,2.02,6.88,23.0,40.7,
2010-05-28,32.07,31.61,38.49,,123.13,112.1,86.48,34.48919036946251,2.02,6.9,22.28,40.49,1.02
2010-05-31,,,,,,,,,2.02,6.98,,,
2010-06-01,35.54,36.23,44.55,,119.63,110.3,86.64,27.032743579964304,2.05,7.04,23.15,46.06,
2010-06-02,30.17,31.0,39.62,,123.69,105.2,86.79,37.26673085231156,2.07,7.04,21.55,42.92,
2010-06-03,29.46,29.38,38.12,,123.83,104.3,87.14,39.70702558995761,2.05,6.93,21.7,41.72,
2010-06-04,35.48,34.16,43.67,,121.11,106.4,88.23,29.85487461292336,2.08,7.14,23.15,47.15,0.81
2010-06-07,36.57,37.29,47.42,,119.21,106.1,88.4,25.929337180940937,2.08,7.18,24.95,46.78,
2010-06-08,33.7,35.22,44.15,,120.74,108.7,88.39,27.69444448737535,2.11,7.27,24.98,43.85,
2010-06-09,33.73,34.82,43.31,,119.97,106.6,87.9,27.950933356416023,2.12,7.26,24.58,42.55,
2010-06-10,30.57,31.3,39.49,,122.34,103.3,87.17,36.084403626912724,2.13,7.19,23.29,38.91,
2010-06-11,28.79,28.8,37.15,,122.81,105.9,87.51,39.13936386442655,2.13,7.27,21.62,39.37,0.96
2010-06-14,28.58,28.94,36.7,,121.69,102.9,86.51,40.16307954410208,2.11,7.16,21.79,39.72,
2010-06-15,25.87,26.37,34.51,,124.8,99.6,85.98,46.74159043882098,2.11,7.03,21.26,37.72,
2010-06-16,25.92,25.92,33.94,,121.48,96.0,86.08,47.33911842331856,2.1,6.97,20.85,37.38,
2010-06-17,25.05,25.15,33.59,,122.13,95.2,85.69,47.79945759039044,2.09,6.91,22.78,36.29,
2010-06-18,23.95,24.15,32.24,,122.98,94.4,85.7,51.22712747460871,2.08,6.82,22.04,35.25,0.5
2010-06-21,24.88,25.57,33.2,,121.73,87.8,85.93,48.9031444952904,2.05,6.68,22.25,35.36,
2010-06-22,27.05,26.83,35.11,,120.42,85.9,86.11,44.19033357610769,2.05,6.75,22.37,35.47,
2010-06-23,26.91,26.57,34.59,,119.84,85.2,85.74,43.09776712913867,2.06,6.82,22.38,36.76,
2010-06-24,29.74,29.09,36.62,,119.56,85.4,85.73,38.34602427564162,2.07,6.89,22.27,37.41,
2010-06-25,28.53,28.58,34.8,,119.37,84.7,85.31,38.71113554181999,2.07,6.9,22.06,35.82,0.58
2010-06-28,29.0,29.37,36.09,,120.3,84.2,85.65,37.272728732697026,2.08,6.93,22.8,36.71,
2010-06-29,34.13,35.02,41.28,,118.13,89.8,86.03,27.7714264389004,2.09,7.06,24.07,39.16,
2010-06-30,34.54,35.14,40.47,,116.87,89.7,86.02,24.70099841894414,2.09,7.13,23.46,39.5,
2010-07-01,32.86,34.56,39.61,,116.76,93.8,84.72,25.845635553797116,2.09,7.17,25.13,41.22,
2010-07-02,30.12,32.19,37.54,,114.65,88.2,84.43,29.5850790360467,2.08,7.13,22.95,39.19,0.93
2010-07-05,,,,,,,,,2.09,7.13,,,
2010-07-06,29.65,31.65,39.26,,116.01,82.6,84.08,31.32024241333488,2.07,7.14,23.7,40.24,
2010-07-07,26.84,28.06,36.78,,117.77,86.3,83.82,38.736938184909405,2.08,7.1,22.0,37.75,
2010-07-08,25.71,27.05,35.03,,117.22,85.5,83.82,41.57015090571566,2.06,6.98,20.26,35.78,
2010-07-09,24.98,25.99,33.9,,117.97,85.1,83.95,42.22212205521846,2.04,6.88,19.68,34.57,0.55
2010-07-12,24.43,25.5,35.42,,118.72,82.2,84.2,42.23027456444611,2.03,6.85,18.51,33.2,
2010-07-13,24.56,25.37,34.44,,119.33,80.3,83.64,45.52584780237624,2.0,6.7,18.99,32.87,
2010-07-14,24.89,25.96,35.36,,120.07,79.0,83.43,42.87367813831228,1.98,6.68,18.99,33.16,
2010-07-15,25.14,26.57,36.0,,118.58,78.1,82.56,42.22871362467183,1.98,6.73,17.18,33.24,
2010-07-16,26.25,26.87,36.91,,118.67,81.2,82.49,36.578474544258306,1.98,6.77,20.13,34.13,0.35
2010-07-19,25.97,27.25,36.0,,118.78,79.4,82.51,38.01435745985608,1.98,6.77,20.31,34.03,
2010-07-20,23.93,25.21,33.35,,119.07,78.7,82.75,41.97581200300384,1.98,6.79,20.41,32.43,
2010-07-21,25.64,26.7,34.59,,117.29,78.4,83.39,38.58239655569861,1.97,6.75,20.5,33.88,
2010-07-22,24.63,25.22,33.71,,118.22,78.8,82.6,44.492193794723,1.96,6.67,19.81,33.59,
2010-07-23,23.47,24.16,31.81,,119.69,78.9,82.46,48.22484307360963,1.93,6.59,20.28,32.44,0.49
2010-07-26,22.73,24.11,32.1,,119.29,77.3,82.09,50.0365195947783,1.91,6.54,20.98,33.07,
2010-07-27,23.19,24.33,32.13,,121.32,77.1,82.18,49.57516154782217,1.87,6.43,22.12,32.91,
2010-07-28,24.25,25.03,33.24,,121.91,76.3,82.18,48.93642861827885,1.87,6.47,21.29,33.79,
2010-07-29,24.13,25.18,33.14,,119.36,75.9,81.64,49.411693674929715,1.86,6.48,19.74,31.57,
2010-07-30,23.5,24.52,32.28,,119.53,78.2,81.54,49.25661796472414,1.89,6.59,18.86,31.52,0.16
2010-08-02,22.01,23.48,31.2,,122.5,77.6,80.94,54.98015504273845,1.88,6.54,18.79,31.62,
2010-08-03,22.63,23.61,31.66,,121.39,81.1,80.6,52.94745529900908,1.88,6.55,18.42,32.09,
2010-08-04,22.21,23.22,30.94,,120.99,85.9,80.89,53.544979185001004,1.87,6.49,18.11,31.76,
2010-08-05,22.1,23.27,31.73,,120.43,84.0,80.82,52.91779374824783,1.87,6.51,18.0,31.32,
2010-08-06,21.74,22.84,30.67,,119.67,80.4,80.41,51.034084587836,1.87,6.57,17.82,30.9,0.19
2010-08-09,22.14,22.97,30.57,,123.75,79.8,80.71,51.29368588134912,1.86,6.54,17.61,31.31,
2010-08-10,22.37,23.56,31.78,,122.79,76.6,80.8,48.89560583957068,1.88,6.6,18.11,32.08,
2010-08-11,25.39,26.9,34.42,,118.45,76.2,82.29,40.49511544158696,1.9,6.78,19.0,34.18,
2010-08-12,25.73,27.63,35.39,,115.18,81.4,82.64,39.22568428420183,1.91,6.83,18.74,34.84,
2010-08-13,26.24,28.07,35.6,,115.28,84.3,82.95,39.167195108897616,1.9,6.87,18.37,34.62,0.41
2010-08-16,26.1,27.08,34.77,,121.1,92.8,82.53,37.76631088456907,1.9,6.91,18.5,35.41,
2010-08-17,24.33,25.92,32.96,,121.96,90.9,82.23,40.91729155341806,1.89,6.82,17.37,33.56,
2010-08-18,24.59,25.98,33.59,,121.26,87.5,82.22,42.14601168631597,1.88,6.78,17.79,33.9,
2010-08-19,26.44,26.9,35.44,,120.26,91.0,82.45,36.43081734422686,1.88,6.82,18.14,34.18,
2010-08-20,25.49,25.76,34.63,,119.62,93.2,83.06,36.61697866364482,1.88,6.8,18.87,33.73,0.43
2010-08-23,25.66,26.49,35.23,,118.38,95.5,83.12,34.50140988184591,1.88,6.82,18.42,33.56,
2010-08-24,27.46,28.47,36.56,,117.39,97.6,83.15,29.400467201593504,1.9,6.93,19.11,34.84,
2010-08-25,26.7,27.77,35.35,,117.01,100.7,83.26,31.112574712022063,1.9,6.92,19.6,33.24,
2010-08-26,27.37,28.88,35.88,,115.99,104.4,82.93,29.46249861868307,1.91,6.93,18.81,33.08,
2010-08-27,24.45,26.31,32.88,,116.03,109.2,82.92,35.90749475797947,1.91,6.81,18.39,32.13,0.45
2010-08-30,27.21,27.89,35.79,,115.06,109.7,83.16,29.75781157206399,1.92,6.89,18.52,32.99,
2010-08-31,26.05,27.45,35.47,,115.02,103.7,83.2,30.234638242162656,1.95,6.92,19.39,34.51,
2010-09-01,23.89,24.93,32.9,,116.36,110.1,82.52,38.58005225524815,1.94,6.8,17.98,33.25,
2010-09-02,23.19,23.93,31.58,,116.74,103.2,82.46,41.6440331344307,1.93,6.72,17.83,32.66,
2010-09-03,21.31,21.95,29.0,,119.11,95.3,83.1,47.0042729399847,1.91,6.62,17.51,32.11,0.27
2010-09-06,,,,,,,,,1.9,6.62,,,
2010-09-07,23.8,23.99,31.97,,118.73,98.2,82.82,41.164515540154845,1.9,6.68,17.77,33.28,
2010-09-08,23.25,23.53,31.5,,120.3,100.9,82.59,43.33778313049126,1.89,6.59,17.88,32.82,
2010-09-09,22.81,23.29,31.46,,119.31,104.9,82.67,47.13958299999825,1.88,6.47,17.41,31.81,
2010-09-10,21.99,22.98,30.78,,121.09,107.3,82.7,49.12852076169083,1.87,6.37,17.3,31.37,0.05
2010-09-13,21.21,22.32,29.19,,121.89,105.5,81.91,52.167942434216464,1.85,6.36,16.69,31.72,
2010-09-14,21.56,21.63,29.01,,120.98,102.4,81.08,51.37147265678168,1.84,6.36,18.24,32.07,
2010-09-15,22.1,22.15,29.31,,119.74,102.7,81.49,50.87694669470157,1.85,6.31,17.56,31.97,
2010-09-16,21.72,21.81,29.6,,124.32,103.8,81.24,51.85732138727942,1.84,6.25,18.26,31.69,
2010-09-17,22.01,22.26,30.59,,124.9,103.6,81.4,52.56745575546794,1.84,6.24,18.08,31.08,-0.0
2010-09-20,21.5,22.43,29.88,,124.88,103.6,81.34,55.153292142881014,1.83,6.25,17.92,31.85,
2010-09-21,22.35,23.26,31.36,,122.81,96.6,80.44,52.7185964820753,1.83,6.32,17.94,32.81,
2010-09-22,22.51,23.63,31.75,,121.75,89.8,79.83,51.618625733009694,1.84,6.35,17.36,31.67,
2010-09-23,23.87,24.26,32.77,,121.57,88.7,80.01,49.02211136494808,1.84,6.37,17.56,31.4,
2010-09-24,21.71,22.72,30.0,,123.0,83.7,79.39,55.44530840647789,1.84,6.32,17.81,29.88,0.08
2010-09-27,22.54,23.64,31.69,,120.21,85.7,79.34,52.13599741731615,1.84,6.36,18.22,30.87,
2010-09-28,22.6,23.86,31.27,,121.69,84.6,79.01,53.12093589672226,1.84,6.36,18.2,30.82,
2010-09-29,23.25,24.48,31.47,,119.27,85.6,78.69,52.55386729223278,1.84,6.29,18.65,30.8,
2010-09-30,23.7,24.96,31.74,,120.48,85.1,78.72,50.38503269765102,1.84,6.26,18.65,30.04,
2010-10-01,22.5,23.98,30.45,,119.61,86.5,78.09,52.22570933624555,1.84,6.22,18.41,30.46,0.1
2010-10-04,23.53,25.16,31.73,,118.29,96.7,78.45,48.86673882069849,1.84,6.23,18.88,31.37,
2010-10-05,21.76,23.43,30.78,,117.77,89.2,77.75,54.61058675723704,1.83,6.18,19.58,31.88,
2010-10-06,21.49,23.53,30.57,,116.57,90.4,77.39,52.41453040000667,1.82,6.15,19.84,30.93,
2010-10-07,21.56,23.06,30.84,,116.69,87.8,77.39,53.11842813662687,1.81,6.13,21.43,32.29,
2010-10-08,20.71,21.98,29.25,,117.96,80.1,77.32,55.52673175315798,1.81,6.12,20.65,32.22,-0.0
2010-10-11,18.96,20.4,28.05,,115.87,,77.44,56.65629491172906,1.81,6.11,20.13,33.26,
2010-10-12,18.93,20.54,29.04,,117.02,78.3,77.36,57.36304924580873,1.8,6.08,20.01,33.26,
2010-10-13,19.07,20.47,27.7,,118.43,81.3,77.07,58.22084116258762,1.8,6.02,20.85,33.19,
2010-10-14,19.88,20.63,27.98,,120.24,84.6,76.65,58.02630346052547,1.81,5.97,22.61,32.46,
2010-10-15,19.03,20.44,28.57,,121.48,88.1,77.04,60.47393776554638,1.82,5.95,21.05,33.42,-0.2
2010-10-18,19.09,21.25,27.38,,120.57,89.5,76.93,58.47357179471494,1.82,6.02,20.89,32.2,
2010-10-19,20.63,21.91,29.2,,119.57,88.6,78.18,55.288628700532406,1.82,6.04,21.16,33.99,
2010-10-20,19.79,21.65,28.53,,120.04,87.1,77.17,57.6607252261952,1.83,6.06,20.51,32.39,
2010-10-21,19.27,21.18,27.89,,118.17,89.6,77.42,59.447840208826264,1.82,6.0,21.11,33.65,
2010-10-22,18.78,20.42,26.7,,117.38,92.4,77.47,59.46641799290875,1.81,5.96,20.45,32.45,-0.08
2010-10-25,19.85,21.48,28.12,,116.45,90.3,77.1,59.28507867646174,1.79,5.9,20.06,33.05,
2010-10-26,20.22,21.81,28.59,,116.44,97.4,77.71,60.645488354785556,1.78,5.79,20.16,31.89,
2010-10-27,20.71,21.57,28.67,,116.97,99.9,78.15,60.574351357219456,1.76,5.73,20.42,32.0,
2010-10-28,20.88,21.65,29.36,,116.29,98.7,77.31,60.13351740167749,1.77,5.77,20.81,31.56,
2010-10-29,21.2,22.24,29.21,,116.04,99.8,77.27,58.86706553541922,1.77,5.93,21.24,32.12,-0.23
2010-11-01,21.83,22.92,30.39,,116.83,98.7,77.3,58.72789267895495,1.79,5.96,22.45,32.83,
2010-11-02,21.57,22.88,29.97,,116.14,98.3,76.72,58.735869289569855,1.78,5.94,21.87,33.33,
2010-11-03,19.56,20.41,27.42,,118.21,83.1,76.48,62.819195033898566,1.78,5.92,20.68,31.89,
2010-11-04,18.52,19.54,25.73,,116.59,82.1,75.88,66.674001979782,1.77,5.89,21.48,30.78,
2010-11-05,18.26,18.67,24.51,,116.98,81.7,76.55,68.68830775186599,1.76,5.79,21.06,29.86,-0.14
2010-11-08,18.29,18.7,25.04,,118.27,82.5,77.03,67.65452335422063,1.75,5.76,22.38,30.82,
2010-11-09,19.08,18.99,25.96,,119.61,90.4,77.44,66.94959516824791,1.74,5.64,24.65,30.93,
2010-11-10,18.47,19.46,25.63,,122.16,91.6,77.63,66.9355761497542,1.75,5.75,24.02,30.25,
2010-11-11,18.64,19.37,25.85,,123.59,,78.22,66.3958993859364,1.75,5.75,23.22,30.27,
2010-11-12,20.61,22.55,28.1,,121.72,97.7,78.08,62.47765310328508,1.76,5.75,23.67,30.92,-0.25
2010-11-15,20.2,21.69,28.24,,122.04,103.9,78.52,64.18970223805104,1.76,5.67,23.32,31.13,
2010-11-16,22.58,23.73,28.86,,120.86,100.8,79.21,57.686431436850945,1.76,5.89,23.56,33.43,
2010-11-17,21.76,23.25,28.27,,120.34,95.1,79.08,59.0980506278335,1.77,5.89,22.09,33.69,
2010-11-18,18.75,20.26,26.17,,121.73,98.6,78.62,64.68088006640572,1.75,5.8,21.31,31.49,
2010-11-19,18.04,19.78,25.21,,121.26,94.5,78.5,64.94037811246042,1.75,5.81,20.13,30.64,0.01
2010-11-22,18.37,19.73,25.01,,122.34,90.6,78.68,62.99663549004612,1.75,5.9,20.23,30.84,
2010-11-23,20.63,21.77,26.8,,119.86,90.8,79.68,56.88320580199056,1.77,6.04,21.33,31.6,
2010-11-24,19.56,20.85,25.82,,122.16,101.0,79.87,62.951995315366986,1.77,5.93,20.59,30.03,
2010-11-25,,,,,,,,,1.77,5.93,,,
2010-11-26,22.22,20.84,27.99,,119.02,100.8,80.36,58.94692772401328,1.76,5.94,15.92,28.82,0.02
2010-11-29,21.53,23.28,28.27,,118.54,100.4,80.84,58.37505849448401,1.79,6.03,21.51,30.75,
2010-11-30,23.54,25.39,30.1,,116.71,101.9,81.2,56.15798683404162,1.82,6.22,22.61,31.89,
2010-12-01,21.36,23.09,27.58,,118.69,110.1,80.71,62.98211522134832,1.81,6.02,22.64,31.17,
2010-12-02,19.39,21.42,25.67,,120.88,109.3,80.3,67.24170121707098,1.8,5.93,21.69,30.9,
2010-12-03,18.01,19.77,23.79,,120.42,102.7,79.38,68.64715389142468,1.79,5.92,20.95,31.7,-0.02
2010-12-06,18.02,19.91,23.4,,121.15,98.2,79.57,66.8840461767048,1.79,5.95,20.74,31.5,
2010-12-07,17.99,20.16,24.14,,118.13,110.4,79.86,69.0309167296706,1.76,5.69,20.97,32.17,
2010-12-08,17.74,19.7,23.14,,119.53,112.1,80.0,70.34792890612873,1.74,5.62,21.13,30.96,
2010-12-09,17.25,19.06,22.58,,123.93,109.0,80.07,70.1541630615339,1.72,5.6,20.04,30.41,
2010-12-10,17.61,18.77,22.51,,123.01,110.8,80.07,71.87569588187576,1.71,5.54,19.63,30.36,-0.29
2010-12-13,17.55,18.26,21.49,,120.74,110.4,79.28,71.15503621953992,1.71,5.58,17.35,29.25,
2010-12-14,17.61,18.4,21.23,,121.99,118.4,79.37,72.60997648282897,1.7,5.42,16.77,29.0,
2010-12-15,17.94,18.86,21.72,,121.98,125.2,80.26,72.71630666880985,1.69,5.4,16.87,28.46,
2010-12-16,17.39,18.25,21.86,,124.81,122.7,80.18,73.33351655669975,1.7,5.45,17.31,27.93,
2010-12-17,16.11,17.31,20.31,,125.24,119.1,80.37,71.94633545563606,1.69,5.54,16.41,26.82,-0.2
2010-12-20,16.41,17.18,20.82,,125.84,112.7,80.63,72.59207959097607,1.69,5.52,16.3,26.61,
2010-12-21,16.49,16.83,19.95,,124.87,104.2,80.72,73.60367052598833,1.69,5.5,16.66,25.83,
2010-12-22,15.45,16.57,20.32,,123.65,106.4,80.73,75.66961422604156,1.68,5.45,16.32,25.5,
2010-12-23,16.47,17.43,21.48,,125.35,106.8,80.5,73.45478104377494,1.66,5.37,16.23,25.42,
2010-12-24,,,,,,,,,1.66,5.37,,,-0.25
2010-12-27,17.67,18.94,23.0,,123.86,106.1,80.37,72.46684862275589,1.67,5.4,17.31,27.48,
2010-12-28,17.52,18.89,23.8,,123.53,110.2,80.36,73.72975687554403,1.66,5.28,18.7,27.88,
2010-12-29,17.28,18.27,23.15,,122.4,111.3,79.8,73.45118897189894,1.67,5.4,19.54,27.78,
2010-12-30,17.52,18.66,23.42,,122.17,111.3,79.52,71.65893240776975,1.66,5.32,19.67,29.27,
2010-12-31,17.75,19.48,24.33,,120.74,110.4,79.03,69.77527658423033,1.66,5.41,19.53,29.48,-0.25
2011-01-03,17.61,19.07,24.2,,122.68,105.9,79.13,71.58715558283781,1.66,5.32,18.95,28.21,
2011-01-04,17.38,18.9,25.06,,121.96,102.8,79.44,71.70739011595627,1.64,5.27,18.84,30.26,
2011-01-05,17.02,18.35,24.23,,121.23,116.2,80.26,74.83150786376405,1.63,5.11,18.83,29.32,
2011-01-06,17.4,18.41,24.23,,121.01,112.9,80.79,73.59887745422357,1.62,5.13,19.24,30.21,
2011-01-07,17.14,18.72,24.29,,121.22,107.5,81.01,72.00559768055156,1.63,5.23,18.5,29.64,-0.33
2011-01-10,17.54,18.67,25.15,,121.47,102.5,80.88,70.65701306225886,1.64,5.28,18.32,29.09,
2011-01-11,16.89,18.07,23.76,,122.29,100.3,80.85,72.1122134737847,1.63,5.22,17.52,28.01,
2011-01-12,16.24,17.42,22.98,,121.94,98.3,80.03,73.81328101570223,1.63,5.17,16.92,27.53,
2011-01-13,16.39,17.45,22.74,,121.29,96.4,79.19,72.56427192619412,1.63,5.18,18.46,27.73,
2011-01-14,15.46,16.49,22.3,,123.52,96.4,79.16,75.0477476976229,1.63,5.12,18.72,26.5,-0.32
2011-01-17,,,,,,,,,1.62,5.12,,,
2011-01-18,15.87,16.42,22.16,,128.16,97.6,78.96,75.11568526950039,1.62,5.1,17.66,26.52,
2011-01-19,17.31,18.43,24.61,,123.41,93.4,78.64,70.97644651615728,1.61,5.11,17.95,27.28,
2011-01-20,17.99,19.63,25.43,,126.19,97.8,78.82,69.88640585178038,1.61,5.03,18.53,27.4,
2011-01-21,18.47,20.17,25.4,,133.99,95.3,78.21,69.39205353959595,1.6,5.05,19.06,26.53,-0.33
2011-01-24,17.65,18.83,24.94,,131.86,93.7,78.05,71.1130066131323,1.59,5.03,18.99,27.1,
2011-01-25,17.59,18.84,24.4,,134.61,93.5,78.0,70.11921480108369,1.6,5.06,18.73,29.98,
2011-01-26,16.64,17.93,23.29,,131.76,93.3,77.9,72.57422080484925,1.59,4.98,18.86,28.0,
2011-01-27,16.15,17.83,23.46,,130.56,93.2,77.73,73.7102374560811,1.59,4.99,18.87,29.79,
2011-01-28,20.04,21.66,26.75,,128.23,90.3,78.13,65.624677282454,1.6,5.03,18.65,33.26,-0.27
2011-01-31,19.53,21.79,27.04,,130.3,96.2,77.74,67.89472765751931,1.62,5.08,18.33,35.18,
2011-02-01,17.63,19.96,25.59,,129.0,97.2,77.07,71.52595723916394,1.61,4.99,17.7,33.38,
2011-02-02,17.3,19.84,25.12,,127.52,102.5,77.16,71.55827383183166,1.59,4.89,17.22,31.83,
2011-02-03,16.69,19.09,24.55,,127.13,102.3,77.75,72.71499483713535,1.58,4.83,17.74,32.19,
2011-02-04,15.93,17.91,23.79,,127.45,105.1,78.04,74.76488169508356,1.55,4.68,17.0,32.24,-0.39
2011-02-07,16.28,18.22,24.14,,127.63,101.4,78.03,75.20390468712618,1.53,4.64,16.14,31.56,
2011-02-08,15.81,17.68,23.27,,129.54,101.2,78.0,77.06058821717549,1.52,4.53,15.61,31.07,
2011-02-09,15.87,17.72,23.4,,129.33,99.3,77.64,75.086725509615,1.52,4.6,15.84,30.29,
2011-02-10,16.09,17.91,23.5,,129.24,100.5,78.25,75.28468634914613,1.51,4.55,15.49,29.86,
2011-02-11,15.69,17.18,21.97,,131.31,97.2,78.46,75.90013001313406,1.5,4.59,15.87,29.58,-0.46
2011-02-14,15.95,17.46,22.07,,127.41,95.6,78.61,75.23940805451932,1.5,4.58,15.56,30.12,
2011-02-15,16.37,17.98,22.65,,131.78,94.7,78.57,73.60337278289306,1.49,4.57,15.23,30.47,
2011-02-16,16.72,18.23,22.24,,130.69,95.5,78.22,74.96462759283358,1.49,4.54,15.13,31.42,
2011-02-17,16.59,18.22,22.08,,130.97,94.4,78.0,74.77497765608425,1.48,4.56,15.3,31.04,
2011-02-18,16.43,17.9,22.44,,136.43,94.3,77.66,75.18445456600652,1.48,4.53,16.17,30.82,-0.32
2011-02-21,,,,,,,,,1.48,4.52,,,
2011-02-22,20.8,23.39,26.9,,125.9,97.3,77.77,65.40982319624727,1.49,4.66,16.83,38.54,
2011-02-23,22.13,24.37,28.4,,124.53,96.7,77.41,62.77322000987227,1.5,4.66,18.02,41.92,
2011-02-24,21.32,23.67,27.42,,124.68,96.9,77.06,63.32674143147018,1.51,4.73,16.62,42.62,
2011-02-25,19.22,20.64,24.91,,128.76,93.1,77.28,66.5673151693798,1.51,4.72,15.69,42.49,-0.1
2011-02-28,18.35,20.55,25.13,,129.37,90.5,76.89,68.82824389429993,1.51,4.78,15.98,39.05,
2011-03-01,21.01,22.82,27.99,,122.43,97.5,77.05,63.08484695058751,1.52,4.76,17.46,41.85,
2011-03-02,20.7,22.74,28.11,,123.06,96.6,76.67,63.749316681620684,1.51,4.72,17.91,42.25,
2011-03-03,18.6,20.1,25.69,,125.71,100.4,76.48,69.18386182497909,1.49,4.6,17.56,40.42,
2011-03-04,19.06,20.47,25.62,,125.9,94.6,76.4,66.6937531273906,1.49,4.69,17.5,44.87,-0.24
2011-03-07,20.66,23.22,27.85,,122.95,94.6,76.5,63.44311219040314,1.49,4.69,17.79,45.16,
2011-03-08,19.82,22.74,27.55,,123.37,91.2,76.8,64.7405539174839,1.48,4.64,17.35,44.21,
2011-03-09,20.22,23.43,28.23,,122.6,90.9,76.72,62.652690214864776,1.49,4.71,16.65,43.0,
2011-03-10,21.88,24.27,29.78,,119.26,94.2,77.28,57.85265228915142,1.51,4.85,17.18,42.86,
2011-03-11,20.08,22.49,28.23,,118.54,91.7,76.78,60.64746912349683,1.51,4.88,17.65,41.36,-0.25
2011-03-14,21.13,23.1,28.56,,121.52,90.8,76.35,58.06864781141765,1.51,4.93,17.95,40.99,
2011-03-15,24.32,26.79,30.93,,121.52,94.6,76.33,52.76604322974112,1.55,5.09,19.04,42.34,
2011-03-16,29.4,30.7,33.08,32.86,122.46,103.6,76.68,45.45758469622603,1.57,5.16,18.74,42.82,
2011-03-17,26.37,28.41,30.68,30.3,125.85,103.7,76.04,50.00073022900305,1.57,5.1,18.16,43.1,
2011-03-18,24.44,26.6,28.35,29.59,126.81,100.3,75.72,51.60583110769006,1.55,5.02,18.1,41.9,0.07
2011-03-21,20.61,23.82,25.65,26.45,124.59,95.6,75.4,57.18536683211617,1.54,4.93,17.01,39.1,
2011-03-22,20.21,22.35,24.96,25.5,120.83,91.9,75.43,58.077257141789886,1.53,4.91,16.63,37.9,
2011-03-23,19.17,21.96,24.52,25.0,120.75,91.7,75.79,59.70779873970883,1.53,4.91,16.83,36.36,
2011-03-24,18.0,20.59,23.84,23.68,119.97,90.1,75.66,62.763628165882956,1.52,4.84,17.61,35.98,
2011-03-25,17.91,20.78,23.91,24.1,121.43,93.5,76.22,62.70939217927304,1.5,4.79,16.95,34.7,-0.34
2011-03-28,19.44,22.23,25.12,24.26,122.68,93.8,76.13,60.07334215510477,1.5,4.76,17.09,34.29,
2011-03-29,18.16,21.34,24.09,24.16,124.11,91.8,76.25,63.56273189167739,1.49,4.73,16.4,33.49,
2011-03-30,17.71,20.38,22.69,22.9,123.5,89.6,76.12,64.80824503374302,1.5,4.76,15.91,33.07,
2011-03-31,17.74,19.74,22.45,23.08,124.64,90.9,75.86,63.99208339081011,1.5,4.77,17.16,34.62,
2011-04-01,17.4,19.41,22.07,22.14,128.64,87.5,75.83,64.66958198462284,1.5,4.72,16.24,33.91,-0.35
2011-04-04,17.5,20.05,22.41,22.91,128.05,85.4,75.91,65.06801789851195,1.5,4.72,15.82,33.32,
2011-04-05,17.25,19.46,22.59,22.95,128.06,85.1,75.88,64.93321272577022,1.48,4.65,16.41,32.15,
2011-04-06,16.9,19.32,22.54,23.49,125.18,89.7,75.51,65.92051376483549,1.47,4.57,16.05,32.4,
2011-04-07,17.11,19.34,22.63,23.81,126.46,88.8,75.59,66.40172666744947,1.46,4.56,15.74,32.77,
2011-04-08,17.87,19.76,23.36,24.05,125.92,88.5,75.07,64.9401883323686,1.45,4.53,15.59,35.5,-0.43
2011-04-11,16.59,19.09,23.05,23.73,122.94,85.8,75.06,65.29976005652698,1.45,4.53,15.26,33.86,
2011-04-12,17.09,19.39,23.04,24.13,121.94,85.2,74.85,63.59547932535178,1.46,4.63,15.65,34.48,
2011-04-13,16.92,18.5,22.04,22.66,124.55,83.9,74.98,65.29301717450839,1.46,4.65,14.72,32.78,
2011-04-14,16.27,17.7,20.18,21.85,125.09,82.2,74.68,64.61754526872458,1.46,4.6,15.06,32.38,
2011-04-15,15.32,17.48,20.03,21.07,130.45,81.5,74.83,64.71354189467957,1.46,4.68,15.78,31.58,-0.39
2011-04-18,16.96,18.47,21.11,23.02,129.37,82.8,75.5,60.59150912637968,1.47,4.74,16.73,30.72,
2011-04-19,15.83,16.23,19.98,21.3,129.4,80.2,75.03,62.92085647628958,1.48,4.75,16.31,30.0,
2011-04-20,15.07,16.49,19.4,20.59,131.13,77.4,74.37,65.61850052477587,1.47,4.66,16.38,30.36,
2011-04-21,14.69,15.85,18.97,21.14,131.78,76.6,74.0,66.45390868322008,1.46,4.65,15.7,30.15,
2011-04-22,,,,,,,,,,,,,-0.41
2011-04-25,15.77,17.22,20.39,23.13,130.88,74.8,73.99,64.86937356039611,1.46,4.69,18.32,31.22,
2011-04-26,15.62,17.78,20.69,22.35,127.45,81.3,73.84,65.11343232874258,1.46,4.71,17.3,30.68,
2011-04-27,15.35,17.03,20.79,22.02,126.93,79.2,73.52,66.53768845821897,1.46,4.67,17.76,30.39,
2011-04-28,14.62,16.2,19.79,21.95,124.99,76.8,73.12,66.62053658638301,1.46,4.73,17.82,30.21,
2011-04-29,14.75,16.54,20.5,21.85,127.45,76.8,72.93,66.40112371484626,1.47,4.76,20.25,30.39,-0.53
2011-05-02,15.99,18.13,22.33,23.13,124.15,76.3,72.95,64.4429166861213,1.48,4.74,21.11,31.82,
2011-05-03,16.7,18.62,22.75,25.56,127.49,80.1,73.14,62.74235308602526,1.47,4.76,19.61,31.82,
2011-05-04,17.08,18.59,22.95,25.5,125.29,80.2,73.03,61.466479343237985,1.47,4.76,19.8,31.85,
2011-05-05,18.2,19.12,23.52,26.11,124.89,83.4,74.19,58.83232680182999,1.48,4.8,22.06,42.51,
2011-05-06,18.4,19.26,23.18,25.21,124.61,84.1,74.84,59.586191206721765,1.48,4.81,21.4,41.44,-0.35
2011-05-09,17.16,18.38,21.87,24.37,124.67,82.4,74.74,61.190217821791435,1.48,4.82,19.95,42.09,
2011-05-10,15.91,17.1,21.12,23.32,126.23,80.1,74.61,64.62398249013661,1.48,4.76,19.14,40.45,
2011-05-11,16.95,17.41,22.4,24.84,126.23,83.2,75.33,62.13958241473107,1.49,4.79,19.47,42.83,
2011-05-12,16.03,16.99,21.94,24.4,122.59,81.9,75.24,63.42572246332971,1.49,4.77,19.23,42.34,
2011-05-13,17.07,18.4,23.17,25.35,121.9,82.1,75.76,59.94299454484637,1.49,4.8,19.77,39.73,-0.36
2011-05-16,18.24,19.5,24.11,25.27,123.58,80.3,75.47,56.67807956717994,1.5,4.79,19.33,40.51,
2011-05-17,17.55,19.12,23.44,24.95,121.14,78.1,75.4,57.532274224379506,1.5,4.82,19.0,38.67,
2011-05-18,16.23,17.65,21.68,23.5,121.14,77.9,75.47,60.787020813601856,1.5,4.79,18.15,38.6,
2011-05-19,15.52,17.06,21.45,23.31,127.16,79.8,75.12,60.60744339674052,1.5,4.8,17.44,37.29,
2011-05-20,17.43,18.16,22.38,23.28,129.15,79.8,75.43,57.08869192259521,1.5,4.82,17.55,37.18,-0.33
2011-05-23,18.27,19.21,23.64,25.27,124.78,78.0,76.1,53.868444651427474,1.51,4.87,18.3,38.73,
2011-05-24,17.82,19.4,23.69,24.46,123.13,76.7,75.88,52.73345128580085,1.51,4.89,17.84,36.58,
2011-05-25,17.07,18.16,22.59,23.16,123.14,75.8,75.93,54.393311118391885,1.53,4.92,17.53,35.53,
2011-05-26,16.09,17.26,21.29,22.36,125.43,74.3,75.55,55.65727845908028,1.54,5.01,16.66,34.01,
2011-05-27,15.98,16.87,20.98,21.87,125.43,73.9,74.95,56.211492884905944,1.54,5.01,16.62,33.47,-0.29
2011-05-30,,,,,,,,,1.54,5.01,,,
2011-05-31,15.45,16.44,21.22,22.29,123.91,71.5,74.64,58.12180903969349,1.56,5.09,16.74,33.51,
2011-06-01,18.3,19.24,23.64,25.17,119.33,72.9,74.68,49.9629218987314,1.57,5.15,17.74,34.77,
2011-06-02,18.09,18.71,23.57,24.75,119.2,76.6,74.33,52.08711112325094,1.59,5.15,17.38,33.26,
2011-06-03,17.95,18.9,22.94,24.78,116.8,75.9,73.78,50.480931437749284,1.6,5.24,16.79,32.37,-0.22
2011-06-06,18.49,19.58,23.67,26.13,116.02,75.8,73.95,47.67850798600074,1.6,5.25,18.12,34.03,
2011-06-07,18.07,19.14,23.53,25.62,116.07,73.5,73.52,47.50594327312944,1.6,5.28,16.84,33.62,
2011-06-08,18.79,19.97,23.98,26.09,118.76,77.5,73.93,44.24883801862121,1.62,5.38,16.56,32.83,
2011-06-09,17.77,18.88,23.22,24.27,117.27,77.3,74.19,47.69070260913652,1.62,5.38,16.06,32.16,
2011-06-10,18.86,19.85,23.59,26.01,122.65,78.1,74.79,43.172662353673296,1.62,5.43,16.51,33.47,-0.15
2011-06-13,19.61,20.22,24.74,26.49,120.99,76.4,74.51,42.486482840962424,1.63,5.47,16.95,34.69,
2011-06-14,18.26,18.74,23.45,24.77,125.3,82.5,74.33,47.84366968835067,1.62,5.37,15.33,32.57,
2011-06-15,21.32,22.29,26.0,28.29,124.32,85.9,75.6,39.685545207845315,1.65,5.52,17.32,35.75,
2011-06-16,22.73,24.47,27.97,31.03,122.35,87.9,75.75,35.006993980791655,1.66,5.65,17.61,35.59,
2011-06-17,21.85,23.58,27.02,29.65,122.35,85.3,74.99,37.452603433679165,1.66,5.64,17.03,36.31,-0.14
2011-06-20,19.99,22.07,25.84,28.21,117.44,82.5,75.03,41.54503242089833,1.67,5.67,16.64,35.91,
2011-06-21,18.86,20.36,24.91,26.29,116.52,80.9,74.54,47.91797991888016,1.66,5.65,15.99,35.72,
2011-06-22,18.52,20.2,24.59,25.36,114.74,79.0,74.78,46.79084608817589,1.67,5.62,16.1,34.29,
2011-06-23,19.29,20.76,25.11,26.95,116.79,83.6,75.45,45.80117405165551,1.69,5.75,16.97,34.48,
2011-06-24,21.1,22.58,25.67,27.51,115.92,84.8,75.67,40.73904330110825,1.7,5.8,17.79,35.08,-0.13
2011-06-27,20.56,21.96,25.73,27.2,119.46,83.8,75.39,43.394538637636145,1.71,5.78,17.52,34.66,
2011-06-28,19.17,20.71,24.42,26.17,122.15,89.4,75.06,48.22300094642806,1.69,5.65,16.84,32.88,
2011-06-29,17.27,18.84,22.53,23.86,128.73,87.2,74.69,54.623151085853436,1.67,5.53,15.79,32.29,
2011-06-30,16.52,17.86,21.56,22.47,122.09,88.9,74.3,57.645115901122516,1.64,5.42,15.34,31.36,
2011-07-01,15.87,17.37,21.13,21.73,119.63,90.5,74.35,62.34646267210118,1.61,5.34,15.06,30.57,-0.4
2011-07-04,,,,,,,,,1.61,5.34,,,
2011-07-05,16.06,17.76,21.46,22.66,121.78,90.7,74.69,62.44998323432226,1.62,5.37,15.15,30.79,
2011-07-06,16.34,17.85,21.44,22.97,121.51,89.0,75.12,61.477060477996375,1.63,5.41,15.81,31.04,
2011-07-07,15.95,17.71,20.94,22.11,121.86,90.4,74.96,64.33791742121352,1.61,5.27,15.29,30.96,
2011-07-08,15.95,17.45,20.08,23.34,119.68,85.8,75.18,61.609887134445415,1.62,5.39,15.18,30.86,-0.37
2011-07-11,18.39,20.22,22.17,25.78,123.08,88.4,75.99,53.686564295810065,1.64,5.56,16.3,33.98,
2011-07-12,19.87,21.93,23.41,25.41,119.21,90.3,75.81,49.91993150251457,1.66,5.6,17.63,33.3,
2011-07-13,19.91,21.82,22.84,24.46,124.79,88.1,75.21,50.054791909256885,1.66,5.57,18.22,33.6,
2011-07-14,20.8,21.87,23.9,26.36,126.63,89.1,75.25,50.04881172369332,1.65,5.49,17.9,33.57,
2011-07-15,19.53,20.95,23.13,25.06,129.24,90.4,75.13,52.045964022118014,1.67,5.51,16.91,31.88,-0.03
2011-07-18,20.95,22.48,25.0,25.14,123.92,89.6,75.48,48.30111118311002,1.68,5.54,18.96,32.85,
2011-07-19,19.21,20.46,23.09,23.86,126.12,88.8,75.22,53.0861115256318,1.68,5.54,18.14,31.46,
2011-07-20,19.09,21.06,23.1,24.15,122.97,85.1,74.79,51.76165923743219,1.68,5.46,17.91,31.18,
2011-07-21,17.56,19.71,22.04,24.21,122.42,89.0,74.02,57.39013304900603,1.67,5.36,17.4,31.08,
2011-07-22,17.52,19.17,22.05,23.11,121.59,84.3,74.2,58.05215800898521,1.66,5.35,16.98,30.63,-0.3
2011-07-25,19.35,20.95,23.83,24.25,119.45,86.8,74.06,55.442081957117324,1.66,5.33,18.69,31.23,
2011-07-26,20.23,21.58,25.13,24.54,120.12,84.8,73.47,52.60045331404148,1.65,5.35,18.58,31.17,
2011-07-27,22.98,24.7,29.1,28.01,119.44,89.1,74.09,42.852496439381206,1.65,5.32,19.24,32.34,
2011-07-28,23.74,25.12,29.57,28.81,120.36,86.5,74.22,40.28060888196317,1.64,5.37,18.99,33.13,
2011-07-29,25.25,26.08,29.45,29.96,120.65,88.0,73.9,35.535099768993256,1.66,5.58,19.53,33.64,-0.28
2011-08-01,23.66,24.26,27.97,28.0,118.64,84.1,74.26,36.15803400310667,1.66,5.63,19.58,34.29,
2011-08-02,24.79,25.69,29.4,28.86,116.08,87.1,74.51,26.65109961339677,1.68,5.8,20.09,35.27,
2011-08-03,23.38,24.73,28.02,28.24,117.27,85.5,74.04,29.4927599608189,1.68,5.87,19.95,34.02,
2011-08-04,31.66,31.68,35.85,37.9,113.17,91.0,75.12,12.848742299992775,1.73,6.16,22.28,42.94,
2011-08-05,32.0,33.77,38.21,42.26,119.36,100.7,74.6,13.337526609914564,1.74,6.24,21.74,42.37,0.33
2011-08-08,48.0,44.74,54.84,57.28,121.06,117.8,74.79,7.027896416453879,1.9,6.84,28.21,56.17,
2011-08-09,35.06,34.63,42.78,49.54,124.51,107.7,74.61,10.588439460525203,1.96,7.19,31.13,61.82,
2011-08-10,42.99,41.76,50.51,56.93,118.65,98.9,74.64,7.2151057211575775,2.01,7.3,32.2,59.45,
2011-08-11,39.0,37.85,46.83,48.75,119.99,107.9,74.68,12.781761456710633,2.09,7.39,29.76,50.25,
2011-08-12,36.36,35.22,42.56,46.07,119.79,109.1,74.61,11.938340379153383,2.08,7.3,25.91,49.06,1.31
2011-08-15,31.87,30.44,37.05,39.3,121.76,99.8,73.84,17.687746189730717,2.09,7.1,24.81,44.66,
2011-08-16,32.85,31.55,38.59,38.55,122.41,92.0,74.01,13.667251346822988,2.09,7.11,26.68,43.95,
2011-08-17,31.58,31.17,36.7,35.57,126.16,87.8,73.67,14.645049478739276,2.09,7.08,25.12,42.67,
2011-08-18,42.67,41.61,47.53,45.19,124.44,95.0,74.24,6.457910597762828,2.14,7.23,26.81,57.42,
2011-08-19,43.05,43.47,49.37,48.23,124.05,100.3,73.99,4.957593470300875,2.17,7.3,28.91,55.29,0.52
2011-08-22,42.44,42.03,49.82,48.82,119.4,104.2,74.07,5.357746239737319,2.17,7.32,33.09,52.4,
2011-08-23,36.27,35.45,43.3,41.91,124.05,105.5,73.87,9.433576941684072,2.24,7.46,33.42,47.67,
2011-08-24,35.9,35.65,43.32,44.2,123.37,105.8,74.01,13.799091068031785,2.27,7.45,33.29,47.89,
2011-08-25,39.76,39.43,47.96,49.99,120.81,107.7,74.28,10.859425458050532,2.25,7.43,34.42,51.42,
2011-08-26,35.59,34.49,43.1,44.56,122.97,101.5,73.81,15.417560302395032,2.27,7.5,33.03,48.12,0.86
2011-08-29,32.28,32.11,39.38,41.06,122.97,98.0,73.72,22.714136829377885,2.27,7.39,32.55,45.63,
2011-08-30,32.89,32.02,40.84,40.98,119.9,99.2,73.94,23.64820786861354,2.25,7.39,32.12,44.74,
2011-08-31,31.62,31.37,39.39,38.94,120.01,97.9,74.13,26.000324061868696,2.21,7.3,30.42,44.33,
2011-09-01,31.82,31.36,39.61,39.38,120.23,98.8,74.48,26.19070853044925,2.2,7.26,28.06,42.77,
2011-09-02,33.92,33.0,42.14,41.41,119.33,99.4,74.75,19.704127846519672,2.21,7.33,30.16,45.33,0.51
2011-09-05,,,,,,,,,2.21,7.34,,,
2011-09-06,37.0,35.86,45.5,45.1,121.04,103.1,75.92,18.796040848394124,2.24,7.54,34.17,47.41,
2011-09-07,33.38,33.12,42.04,40.41,118.75,100.6,75.46,23.390660663534312,2.24,7.41,34.11,44.9,
2011-09-08,34.32,33.65,43.51,42.66,118.59,99.4,76.24,23.67034528912395,2.24,7.42,34.43,45.7,
2011-09-09,38.52,37.99,48.57,50.05,116.9,100.7,77.19,14.171855865973015,2.27,7.51,37.58,49.45,0.9
2011-09-12,38.59,37.97,49.16,50.7,117.23,99.2,77.57,15.469730549295802,2.32,7.64,37.2,48.14,
2011-09-13,36.91,36.0,47.04,47.65,118.05,97.5,76.91,18.513875793697846,2.33,7.62,32.49,45.14,
2011-09-14,34.6,33.36,44.83,45.13,115.73,96.6,76.83,23.244448483644536,2.33,7.55,29.83,43.72,
2011-09-15,31.97,30.67,41.54,41.64,120.0,97.3,76.24,28.621889598840653,2.33,7.49,29.46,42.05,
2011-09-16,30.98,29.36,39.72,37.72,123.27,97.6,76.58,32.76585562574596,2.32,7.46,28.86,41.7,0.77
2011-09-19,32.73,31.42,41.59,43.83,120.76,99.6,77.39,30.814585544273864,2.36,7.61,30.7,45.93,
2011-09-20,32.86,31.3,41.61,43.16,120.61,99.9,77.03,30.29966105693204,2.36,7.59,30.63,45.8,
2011-09-21,37.32,34.68,45.33,46.73,120.18,93.3,77.34,20.50159554980326,2.38,7.61,29.68,47.35,
2011-09-22,41.35,40.25,50.3,58.53,119.37,103.4,78.38,10.918470041976827,2.51,7.95,32.19,55.61,
2011-09-23,41.25,39.88,50.56,59.28,118.24,104.5,78.3,14.76955648573183,2.55,8.01,39.17,54.63,1.1
2011-09-26,39.02,39.24,49.48,57.18,120.34,107.4,78.36,18.771083626733883,2.55,8.0,39.86,54.31,
2011-09-27,37.71,37.65,47.91,53.18,119.55,107.3,77.51,20.442604562081836,2.53,7.92,36.55,50.13,
2011-09-28,41.08,40.76,51.49,57.51,118.21,103.1,77.85,15.961818019409565,2.54,8.03,39.95,53.51,
2011-09-29,38.84,41.16,49.29,55.11,118.97,100.4,77.92,16.166941195029835,2.54,8.16,37.08,50.62,
2011-09-30,42.96,44.98,53.05,61.4,114.83,100.6,78.55,9.631335907582805,2.57,8.41,37.03,55.68,1.14
2011-10-03,45.45,46.61,57.66,64.1,113.09,105.7,79.45,6.069243248411359,2.62,8.72,36.92,58.65,
2011-10-04,40.82,42.47,52.0,59.46,115.28,109.0,79.6,12.434149419948666,2.72,9.1,37.74,57.09,
2011-10-05,37.81,39.12,48.46,52.26,113.87,108.9,78.91,17.007695875444934,2.72,8.98,36.94,52.79,
2011-10-06,36.27,37.32,46.72,48.35,115.42,108.7,78.53,22.949127702298437,2.7,8.72,35.22,50.04,
2011-10-07,36.2,37.08,48.34,50.82,116.1,106.4,78.72,23.84889430694286,2.65,8.55,33.16,49.71,1.37
2011-10-10,33.02,34.48,45.62,46.53,116.81,,77.6,31.511044166168467,2.65,8.56,31.26,47.21,
2011-10-11,32.86,34.1,44.37,45.37,118.91,106.8,77.58,31.009942310012512,2.6,8.34,30.62,47.07,
2011-10-12,31.26,32.34,43.1,42.51,121.6,108.3,76.99,34.06976331177163,2.55,8.07,29.51,47.53,
2011-10-13,30.7,30.3,41.39,42.8,121.98,106.8,76.99,33.54888562917436,2.54,8.05,28.48,47.76,
2011-10-14,28.24,28.69,39.07,41.78,121.9,109.2,76.62,37.62705906355023,2.51,7.89,26.61,45.35,0.47
2011-10-17,33.39,32.92,44.16,46.72,124.46,108.4,77.14,31.8124146301078,2.49,7.88,28.93,50.14,
2011-10-18,31.56,30.48,41.43,45.27,127.99,107.5,77.13,36.38427905353538,2.49,7.87,29.17,47.8,
2011-10-19,34.44,33.84,44.65,47.2,122.57,105.0,77.11,33.74654312738023,2.43,7.7,31.13,50.01,
2011-10-20,34.78,34.78,45.22,48.74,122.57,105.9,76.97,36.28183481470443,2.42,7.64,32.08,49.52,
2011-10-21,31.32,31.42,41.05,44.87,127.19,107.5,76.3,41.63781883829599,2.38,7.46,28.89,48.03,0.66
2011-10-24,29.26,28.45,39.7,40.67,124.85,103.6,76.02,46.132245187940754,2.34,7.31,26.98,45.6,
2011-10-25,32.22,31.54,42.34,45.39,122.65,102.1,76.25,38.998369331394855,2.32,7.29,29.92,48.27,
2011-10-26,29.86,30.47,40.5,43.54,122.65,105.2,76.2,41.987592727569144,2.31,7.2,30.79,47.59,
2011-10-27,25.46,26.28,35.49,38.52,122.82,108.1,74.87,50.43495330214482,2.19,6.83,27.58,43.82,
2011-10-28,24.53,25.0,34.67,37.35,121.18,107.4,75.09,51.46593838181707,2.17,6.85,25.84,41.58,0.3
2011-10-31,29.96,28.82,39.26,41.67,120.69,107.2,76.17,46.10827127603421,2.22,7.07,27.45,43.26,
2011-11-01,34.77,33.49,45.2,47.36,126.65,116.0,77.26,36.77083874113323,2.29,7.42,29.7,46.63,
2011-11-02,32.74,32.03,43.04,44.63,123.95,111.9,77.01,39.22557650831274,2.28,7.35,30.16,45.56,
2011-11-03,30.5,29.3,41.01,43.64,124.19,109.2,76.67,42.61578701646068,2.27,7.25,30.12,43.85,
2011-11-04,30.16,29.35,39.85,43.83,123.56,106.6,76.91,42.4234961050261,2.28,7.26,28.37,42.45,0.85
2011-11-07,29.85,28.83,39.81,43.22,124.93,106.3,76.96,41.48408405791121,2.29,7.29,30.24,43.3,
2011-11-08,27.48,27.31,37.36,40.75,124.77,105.6,76.67,44.7321650250681,2.3,7.23,29.21,43.35,
2011-11-09,36.16,34.61,45.94,48.6,122.87,111.8,77.93,33.33909963362529,2.36,7.48,29.85,48.97,
2011-11-10,32.81,32.67,43.74,45.81,125.24,113.7,77.64,36.67891541540029,2.37,7.46,28.81,47.84,
2011-11-11,30.04,29.35,39.92,42.94,124.56,,76.94,41.623646884126245,2.37,7.46,27.85,46.6,0.78
2011-11-14,31.13,30.73,41.22,44.39,124.56,113.1,77.56,40.37994315717496,2.39,7.44,27.85,46.41,
2011-11-15,31.22,30.04,40.82,43.88,124.97,108.6,77.88,39.99151171412885,2.41,7.49,26.75,43.05,
2011-11-16,33.51,31.94,42.04,47.16,122.92,106.1,78.16,36.58075585677758,2.44,7.54,26.94,43.29,
2011-11-17,34.51,34.34,43.56,49.11,121.59,111.7,78.29,32.99714785524582,2.48,7.62,28.86,42.94,
2011-11-18,32.0,31.83,40.57,44.88,120.04,109.8,78.02,33.262285751418524,2.49,7.61,27.59,42.94,1.02
2011-11-21,32.91,32.93,42.07,46.66,115.15,107.5,78.3,29.899079943010197,2.55,7.79,30.07,44.82,
2011-11-22,31.97,31.07,40.79,44.63,114.92,103.6,78.23,30.90101562489715,2.61,7.9,27.56,42.94,
2011-11-23,33.98,33.07,43.16,46.78,116.78,104.7,79.0,25.847104553222962,2.64,8.03,27.81,45.19,
2011-11-24,,,,,,,,,2.64,8.03,,,
2011-11-25,34.47,33.04,43.16,60.99,114.77,102.3,79.61,24.154847451423993,2.65,8.0,20.46,69.12,1.23
2011-11-28,32.13,31.56,40.92,45.27,118.63,102.8,79.29,30.356159710066866,2.66,7.95,26.61,44.52,
2011-11-29,30.64,31.06,40.18,42.68,116.45,103.1,79.0,32.67507099043552,2.67,7.95,25.74,42.7,
2011-11-30,27.8,27.77,36.77,39.3,116.56,99.7,78.39,41.323563524021324,2.66,7.79,25.32,41.0,
2011-12-01,27.41,27.2,36.75,39.95,116.9,100.8,78.32,41.24985802744867,2.64,7.69,24.55,40.89,
2011-12-02,27.52,27.69,36.84,39.84,116.31,98.6,78.63,40.553754419705136,2.6,7.65,23.51,39.8,0.68
2011-12-05,27.84,27.89,36.66,39.23,116.14,94.0,78.61,41.95876747827842,2.56,7.56,24.97,39.34,
2011-12-06,28.13,27.94,36.67,40.83,115.16,93.0,78.51,42.13548514113605,2.56,7.5,24.52,38.23,
2011-12-07,28.67,28.45,37.2,40.9,115.87,94.3,78.48,41.262723060849744,2.56,7.54,24.15,38.34,
2011-12-08,30.59,30.0,39.36,43.36,115.37,95.0,78.81,38.943961524582754,2.58,7.56,25.18,40.27,
2011-12-09,26.38,25.99,34.65,38.66,116.83,99.9,78.63,44.15124305722539,2.59,7.53,23.13,38.87,0.62
2011-12-12,25.67,24.56,34.03,38.61,120.26,95.8,79.57,42.446853758436184,2.61,7.6,23.66,40.45,
2011-12-13,25.41,25.29,34.1,36.62,119.44,90.3,80.25,40.21389782119881,2.61,7.6,24.1,39.39,
2011-12-14,26.04,26.08,35.13,37.1,120.66,91.7,80.53,37.848554169952905,2.62,7.63,28.63,43.82,
2011-12-15,25.11,24.79,32.74,34.48,122.35,87.2,80.24,39.38512177505455,2.62,7.62,27.28,45.04,
2011-12-16,24.29,23.48,31.96,33.49,119.22,89.4,80.25,40.942126407161915,2.62,7.65,24.8,41.73,0.89
2011-12-19,24.92,24.15,33.3,34.24,116.58,87.6,80.25,38.80517103068863,2.62,7.65,23.42,41.27,
2011-12-20,23.22,22.5,31.09,32.39,120.66,92.3,79.88,45.36335768699592,2.62,7.54,21.33,38.96,
2011-12-21,21.43,22.29,29.81,31.32,115.16,91.8,80.02,46.63205842556352,2.62,7.49,21.22,36.37,
2011-12-22,21.16,21.89,30.21,29.72,115.56,90.2,79.92,49.02189399240473,2.6,7.45,20.23,35.81,
2011-12-23,20.73,21.37,29.8,29.83,117.14,94.2,80.01,51.28165148231733,2.6,7.37,19.67,35.74,0.64
2011-12-26,,,,,,,,,,,,,
2011-12-27,21.91,22.49,30.85,32.16,116.53,94.8,79.79,49.30631417000795,2.6,7.37,20.81,36.95,
2011-12-28,23.52,23.54,32.31,33.87,116.32,95.1,80.49,46.090053620248504,2.58,7.4,24.33,38.73,
2011-12-29,22.65,23.07,31.44,32.71,116.57,94.1,80.48,46.334231382622434,2.57,7.36,23.12,38.66,
2011-12-30,23.4,23.13,31.64,32.74,116.21,91.1,80.17,45.33791806066157,2.57,7.23,23.24,38.74,0.65
2012-01-02,,,,,,,,,,,,,
2012-01-03,22.97,23.02,31.62,32.73,117.1,90.7,79.61,48.2873553879032,2.54,7.06,22.9,40.07,
2012-01-04,22.22,21.98,31.02,31.79,117.63,88.9,80.09,49.16983951905201,2.53,7.0,22.08,39.04,
2012-01-05,21.48,21.4,30.14,31.13,117.76,87.9,80.94,50.48431748396625,2.52,7.0,22.34,38.7,
2012-01-06,20.63,20.52,29.19,31.51,118.29,81.7,81.24,50.592523974088145,2.51,7.0,21.3,37.12,0.53
2012-01-09,21.07,21.22,29.6,30.09,119.07,78.6,81.05,51.66780478215305,2.5,6.99,21.47,36.52,
2012-01-10,20.69,20.93,28.11,29.49,118.99,80.2,80.8,52.24850547788029,2.48,6.92,21.51,35.44,
2012-01-11,21.05,21.18,28.13,29.82,120.2,78.2,81.35,53.05757096471357,2.49,6.98,22.34,35.52,
2012-01-12,20.47,20.79,27.67,30.01,120.78,77.1,80.77,54.126027390069204,2.47,6.93,21.6,36.59,
2012-01-13,20.91,21.38,28.37,31.13,121.92,79.2,81.43,53.39543230279385,2.48,7.02,21.2,35.62,0.56
2012-01-16,,,,,,,,,2.47,6.98,,,
2012-01-17,22.2,22.21,29.4,30.19,125.63,75.6,81.18,52.85339384091817,2.46,6.99,21.6,33.97,
2012-01-18,20.89,21.29,27.19,27.98,130.78,75.0,80.6,56.03388704233646,2.44,6.93,21.14,32.59,
2012-01-19,19.87,20.27,26.29,27.79,129.6,80.0,80.21,58.55611165356692,2.4,6.77,20.34,33.51,
2012-01-20,18.28,18.97,24.42,26.07,129.24,84.6,80.22,58.106893615032895,2.38,6.69,19.58,33.35,0.42
2012-01-23,18.67,19.42,24.82,26.95,125.83,85.8,79.69,57.920279362344246,2.34,6.62,20.18,33.16,
2012-01-24,18.91,19.74,24.68,26.92,127.38,81.6,79.86,57.684169273502384,2.33,6.62,20.08,33.23,
2012-01-25,18.31,19.36,24.34,26.91,125.22,76.7,79.57,58.55835580088862,2.32,6.63,22.24,31.93,
2012-01-26,18.57,19.56,24.12,27.66,122.96,75.9,79.41,57.464165375624674,2.29,6.58,21.71,31.97,
2012-01-27,18.53,19.31,24.06,27.47,121.5,75.4,78.9,58.231523756497886,2.28,6.57,20.82,31.57,0.31
2012-01-30,19.4,19.75,25.12,28.94,121.99,72.4,79.16,56.93096562226352,2.28,6.65,21.23,31.74,
2012-01-31,19.44,19.89,25.52,27.97,121.96,72.1,79.28,56.853837863636244,2.29,6.61,20.93,32.31,
2012-02-01,18.55,19.04,23.92,26.22,121.39,72.7,78.92,57.33857075498217,2.27,6.54,21.54,32.18,
2012-02-02,17.98,18.89,24.11,26.24,122.26,70.2,78.97,57.245124587208124,2.25,6.55,21.93,31.81,
2012-02-03,17.1,18.21,23.84,26.29,122.14,76.7,78.94,60.79085348297416,2.2,6.42,21.05,30.71,0.28
2012-02-06,17.76,18.65,24.65,27.58,123.63,72.3,79.09,60.05264086635122,2.19,6.44,21.2,31.2,
2012-02-07,17.65,18.75,24.41,28.19,123.02,79.3,78.57,60.85870977625058,2.17,6.36,20.45,32.41,
2012-02-08,18.16,18.99,24.68,28.33,124.76,79.0,78.64,60.60113932821743,2.15,6.29,20.69,32.32,
2012-02-09,18.63,18.9,25.22,27.94,126.48,83.2,78.56,60.670476435298596,2.13,6.26,20.03,32.43,
2012-02-10,20.79,20.94,26.97,30.05,129.59,80.7,79.11,57.5204290751375,2.15,6.35,19.73,32.83,0.09
2012-02-13,19.04,19.6,25.43,28.9,127.89,78.8,78.94,59.73301879191298,2.14,6.27,19.07,33.3,
2012-02-14,19.54,20.18,26.03,29.69,129.96,79.0,79.58,58.69155866442623,2.13,6.27,19.24,33.64,
2012-02-15,21.14,22.35,28.02,31.01,128.88,76.6,79.67,56.105744618220214,2.14,6.27,19.28,34.85,
2012-02-16,19.22,20.89,26.36,28.81,130.29,80.1,79.34,58.45825278577198,2.15,6.26,19.21,33.99,
2012-02-17,17.78,19.76,25.51,29.41,129.54,81.5,79.33,59.9806879795091,2.12,6.2,18.61,33.05,0.19
2012-02-20,,,,,,,,,2.12,6.2,,,
2012-02-21,18.19,19.92,25.76,28.37,128.46,79.3,79.04,60.67419978179549,2.11,6.14,19.94,34.68,
2012-02-22,18.19,19.72,25.48,26.86,127.7,79.6,79.21,60.018488903134795,2.1,6.15,19.84,33.67,
2012-02-23,16.8,18.41,23.69,25.73,127.81,79.0,78.81,61.01409087146969,2.1,6.11,19.76,33.21,
2012-02-24,17.31,18.27,24.38,25.14,128.72,77.1,78.35,61.070077776381275,2.08,6.01,19.01,33.8,0.06
2012-02-27,18.19,19.42,25.75,27.21,126.98,74.8,78.56,60.63738512328514,2.08,6.05,19.1,34.12,
2012-02-28,17.96,19.55,25.88,26.48,125.65,73.9,78.27,61.23729123484607,2.06,6.01,20.12,33.52,
2012-02-29,18.43,19.83,26.34,27.1,124.59,75.9,78.73,60.26220813202507,2.03,5.98,22.9,32.52,
2012-03-01,17.26,18.68,24.77,25.79,127.63,77.4,78.78,62.22734695823536,2.01,5.94,19.53,33.2,
2012-03-02,17.29,18.23,25.34,25.73,125.2,76.0,79.4,61.354028578864074,2.0,5.97,18.96,32.91,0.04
2012-03-05,18.05,19.57,25.22,26.38,126.23,75.0,79.32,59.02135893642267,2.0,6.01,19.4,33.34,
2012-03-06,20.87,21.42,27.61,29.09,126.49,75.8,79.86,54.48240664911302,2.03,6.25,20.23,34.34,
2012-03-07,19.07,20.42,25.84,28.29,126.02,75.1,79.71,57.016461710555944,2.03,6.18,19.18,32.93,
2012-03-08,17.95,19.05,24.86,26.7,125.08,76.6,79.16,59.622001164966804,2.02,6.11,19.26,32.12,
2012-03-09,17.11,18.11,23.89,27.05,124.78,73.2,80.04,60.72591882049526,2.01,6.09,19.41,31.42,0.16
2012-03-12,15.64,16.71,22.4,26.01,139.25,69.9,79.87,61.576091532225526,2.0,6.06,19.21,30.0,
2012-03-13,14.8,16.44,21.95,24.71,122.89,73.8,80.19,65.03068857749153,1.98,5.97,20.47,29.45,
2012-03-14,15.31,17.59,22.43,26.93,118.82,89.7,80.56,65.62687778742972,1.94,5.83,20.6,29.31,
2012-03-15,15.42,17.25,21.79,24.84,136.51,83.4,80.15,66.45518756884495,1.93,5.87,18.24,29.44,
2012-03-16,14.47,16.47,20.91,23.98,138.43,84.9,79.78,65.88220676551448,1.91,5.86,18.99,28.68,-0.21
2012-03-19,15.04,16.55,21.86,23.92,128.85,92.3,79.45,66.82442342757516,1.9,5.79,17.83,26.85,
2012-03-20,15.58,16.35,22.14,25.14,128.02,93.3,79.59,66.37989374212557,1.89,5.8,18.42,27.87,
2012-03-21,15.13,16.23,21.83,24.5,124.6,89.5,79.63,65.63031696772272,1.89,5.85,18.04,26.93,
2012-03-22,15.57,16.83,22.47,25.96,121.17,87.1,79.74,64.2157905667946,1.91,5.91,18.51,27.51,
2012-03-23,14.82,16.57,21.54,25.1,122.98,86.2,79.34,64.20317905574933,1.91,5.93,18.3,28.17,-0.08
2012-03-26,14.26,15.92,20.91,24.85,118.02,85.6,78.93,66.97207933168585,1.91,5.91,19.22,27.89,
2012-03-27,15.59,17.02,22.35,25.63,121.13,80.7,79.04,65.01555142010932,1.91,5.93,18.62,27.53,
2012-03-28,15.47,17.28,22.72,26.91,121.61,77.4,79.16,63.99671683511597,1.92,5.93,18.18,28.03,
2012-03-29,15.48,17.27,22.28,26.57,121.69,75.2,79.18,63.23156808742017,1.93,6.02,17.43,28.94,
2012-03-30,15.5,17.19,22.54,26.09,124.97,78.6,78.93,64.0037638125382,1.92,5.99,17.01,29.0,0.01
2012-04-02,15.64,16.7,21.85,25.24,123.13,75.6,78.82,64.49383688786321,1.92,5.99,17.1,28.46,
2012-04-03,15.66,16.82,22.21,25.51,123.84,84.3,79.48,65.94301522707639,1.92,5.91,18.05,27.95,
2012-04-04,16.44,17.95,23.22,26.59,121.0,84.6,79.76,62.73464249770754,1.94,5.99,18.88,28.73,
2012-04-05,16.7,17.96,23.11,26.33,120.61,83.7,80.07,62.17117103077965,1.96,6.05,18.02,28.03,
2012-04-06,,,,,,,,,,,,,0.06
2012-04-09,18.81,20.18,25.07,27.96,119.05,76.2,79.73,58.15369808334028,1.99,6.24,19.21,29.84,
2012-04-10,20.39,21.59,26.88,30.31,119.27,75.1,79.89,53.7711959256554,2.02,6.32,19.94,31.62,
2012-04-11,20.02,21.3,26.38,29.28,118.43,76.3,79.78,55.41400340577002,2.03,6.3,20.02,30.69,
2012-04-12,17.2,19.34,24.23,27.23,119.87,73.5,79.28,59.88737950780611,2.01,6.24,18.64,29.41,
2012-04-13,19.55,21.44,26.11,28.69,118.19,72.6,79.88,55.87505010047876,2.02,6.26,18.44,29.61,0.27
2012-04-16,19.55,22.57,26.55,28.67,116.67,72.9,79.55,54.95275907636794,2.02,6.23,18.8,29.78,
2012-04-17,18.46,20.63,25.25,27.24,121.83,73.9,79.47,57.51561159287234,2.01,6.16,18.03,28.74,
2012-04-18,18.64,21.26,25.81,27.39,119.5,72.5,79.53,57.068603592741454,2.02,6.16,17.54,28.36,
2012-04-19,18.36,20.99,25.51,27.35,117.6,72.2,79.56,56.037906583381954,2.01,6.17,17.33,28.31,
2012-04-20,17.44,20.17,23.96,25.31,118.05,71.4,79.18,56.67174341612165,2.02,6.14,16.72,27.1,0.03
2012-04-23,18.97,21.31,25.52,27.19,117.19,70.9,79.42,54.88808041273276,2.03,6.2,17.11,26.91,
2012-04-24,18.1,21.03,24.58,26.24,118.36,71.9,79.22,55.22772456727905,2.03,6.14,17.64,26.11,
2012-04-25,16.82,18.47,23.27,25.59,122.53,70.6,79.01,59.31646800567408,2.02,6.05,17.45,25.68,
2012-04-26,16.24,17.83,22.62,24.18,121.03,65.2,78.91,60.69841158136842,2.02,6.06,16.94,24.62,
2012-04-27,16.32,17.52,22.35,23.52,120.08,64.1,78.7,61.858581844886224,2.02,6.02,16.61,24.34,-0.01
2012-04-30,17.15,18.77,23.78,24.82,119.83,62.9,78.79,60.61346748225957,2.03,6.04,16.93,25.15,
2012-05-01,16.6,18.66,23.73,24.46,120.18,67.0,78.86,61.74528559699695,2.02,5.96,16.47,25.12,
2012-05-02,16.88,18.41,23.49,24.43,119.94,65.1,79.13,61.83470548331351,2.01,5.96,16.55,25.03,
2012-05-03,17.56,19.19,24.31,25.23,116.18,63.3,79.22,60.21524562769952,2.0,5.92,17.45,27.46,
2012-05-04,19.16,21.1,25.48,26.6,115.83,57.8,79.47,56.15396931356626,2.0,5.94,16.32,29.79,-0.07
2012-05-07,18.94,21.06,24.61,26.68,116.68,56.7,79.6,56.683907846933664,2.01,5.95,16.38,29.07,
2012-05-08,19.05,21.28,24.69,28.02,117.23,57.7,79.73,55.91051122765133,2.02,6.0,17.93,29.06,
2012-05-09,20.08,21.98,25.78,29.51,115.05,58.7,80.08,54.33322027084498,2.03,6.04,19.32,29.27,
2012-05-10,18.83,21.33,24.51,28.53,115.11,57.6,80.11,54.44085789293824,2.03,6.0,18.25,28.61,
2012-05-11,19.89,21.79,25.91,29.11,114.7,61.5,80.28,54.05976233686547,2.04,6.02,18.46,28.79,0.1
2012-05-14,21.87,23.48,28.51,31.37,119.18,70.3,80.6,50.144202679447545,2.08,6.11,20.05,30.96,
2012-05-15,21.97,23.59,28.34,33.09,120.04,67.7,81.22,48.41229305463131,2.09,6.15,20.75,32.13,
2012-05-16,22.27,24.17,28.38,34.85,118.47,67.0,81.37,46.56722987719558,2.13,6.22,22.2,31.48,
2012-05-17,24.49,26.5,31.19,36.17,119.54,70.6,81.38,41.669635575522534,2.18,6.44,22.59,32.62,
2012-05-18,25.1,27.55,31.65,37.42,119.28,70.6,81.29,40.526356158120684,2.23,6.52,23.29,33.18,0.44
2012-05-21,22.01,24.3,28.9,33.27,119.56,69.1,81.08,46.4757337992372,2.24,6.63,20.69,30.01,
2012-05-22,22.48,24.52,29.03,33.56,119.31,70.8,81.67,46.95107913920456,2.23,6.55,20.04,29.75,
2012-05-23,22.33,24.07,28.61,33.75,119.52,73.7,82.09,46.70886035953877,2.25,6.66,21.79,30.9,
2012-05-24,21.54,24.2,28.17,33.66,120.64,73.1,82.29,46.54781675907486,2.25,6.62,21.93,30.12,
2012-05-25,21.76,23.99,28.26,33.84,120.38,71.2,82.4,45.49176364427975,2.24,6.63,21.11,30.19,0.35
2012-05-28,,,,,,,,,2.24,6.63,,,
2012-05-29,21.03,23.33,27.86,32.15,122.39,68.9,82.44,48.787182928320135,2.23,6.59,21.72,30.72,
2012-05-30,24.14,25.35,30.1,33.75,118.54,73.0,83.01,43.91013294803203,2.26,6.71,23.46,33.32,
2012-05-31,24.06,25.89,30.26,33.96,119.32,74.4,83.04,41.733007498071196,2.29,6.96,23.11,34.79,
2012-06-01,26.66,28.63,33.45,36.57,116.35,80.6,82.89,35.14819848217616,2.33,7.16,25.3,41.63,0.45
2012-06-04,26.12,28.17,32.89,36.33,116.66,86.5,82.55,37.16524725691139,2.33,7.17,25.36,38.58,
2012-06-05,24.68,26.39,31.19,34.09,117.07,84.6,82.8,40.49129830955335,2.33,7.23,23.99,36.67,
2012-06-06,22.16,23.75,28.32,32.42,119.66,87.7,82.32,46.80742132348162,2.3,7.06,23.14,35.58,
2012-06-07,21.72,23.81,28.63,32.12,120.01,82.1,82.05,47.129909820002744,2.27,6.95,22.92,36.9,
2012-06-08,21.23,22.55,26.8,32.21,122.09,86.0,82.51,48.43896372672226,2.26,6.95,22.03,37.57,0.42
2012-06-11,23.56,24.6,29.68,34.41,119.28,86.5,82.51,44.4395367969047,2.25,6.9,22.19,42.31,
2012-06-12,22.09,23.15,27.54,32.6,121.82,88.5,82.41,48.62453312761323,2.26,6.9,22.9,39.45,
2012-06-13,24.27,24.52,30.52,35.17,120.37,89.3,82.05,45.35103404698679,2.26,6.91,23.96,39.07,
2012-06-14,21.68,24.02,28.73,34.49,115.05,91.5,81.9,48.43096419469014,2.25,6.85,24.1,36.19,
2012-06-15,21.11,21.86,27.17,31.59,126.08,95.4,81.59,51.24468259136084,2.24,6.84,22.94,36.28,0.21
2012-06-18,18.32,19.64,24.82,28.52,121.2,85.7,81.94,53.696892478376704,2.24,6.81,20.64,35.04,
2012-06-19,18.38,19.2,23.95,26.93,123.09,84.7,81.37,55.80701069483728,2.21,6.65,20.51,32.92,
2012-06-20,17.24,17.81,22.86,25.65,122.06,77.7,81.49,56.8890031026788,2.2,6.54,19.88,34.66,
2012-06-21,20.08,20.78,24.98,28.75,118.4,76.2,82.32,50.783231951618056,2.18,6.52,21.07,37.52,
2012-06-22,18.11,19.12,23.44,27.47,116.37,75.1,82.22,53.812449833871014,2.17,6.52,20.29,35.08,0.04
2012-06-25,20.38,21.28,25.61,29.69,116.29,72.8,82.46,49.46544861322838,2.18,6.6,20.46,36.84,
2012-06-26,19.72,20.87,25.33,29.22,114.69,71.1,82.37,50.30388935999159,2.18,6.57,20.47,34.42,
2012-06-27,19.45,20.68,25.06,28.42,115.85,70.2,82.56,51.990759420941245,2.18,6.52,19.96,33.45,
2012-06-28,19.71,21.51,25.12,28.65,116.9,70.2,82.67,50.53666878237669,2.19,6.52,20.56,34.58,
2012-06-29,17.08,18.65,21.93,25.79,119.09,73.2,81.65,57.64033043678706,2.15,6.44,19.53,35.0,0.11
2012-07-02,16.8,18.55,21.59,26.39,118.89,71.6,81.87,57.2511824218993,2.13,6.45,19.34,36.38,
2012-07-03,16.66,18.56,21.59,26.39,118.33,72.4,81.78,57.770692266036185,2.12,6.39,25.23,36.38,
2012-07-04,,,,,,,,,2.12,6.38,,,
2012-07-05,17.5,18.43,21.82,26.27,117.91,71.3,82.81,56.08071310428894,2.11,6.4,18.94,38.22,
2012-07-06,17.1,18.65,21.78,26.9,118.45,66.8,83.29,54.18927889173689,2.11,6.44,19.46,37.51,0.02
2012-07-09,17.98,19.6,22.32,27.32,119.62,63.4,83.16,52.55632953722352,2.11,6.44,19.04,37.28,
2012-07-10,18.72,20.67,23.37,27.89,119.34,63.3,83.36,50.63122268351747,2.1,6.4,20.28,37.68,
2012-07-11,17.95,20.34,22.95,26.62,117.3,63.8,83.57,50.299454174465254,2.09,6.37,19.22,35.97,
2012-07-12,18.33,20.97,23.21,28.08,116.13,63.4,83.65,48.567003872231325,2.09,6.41,19.31,34.46,
2012-07-13,16.74,19.09,21.56,26.34,119.13,63.3,83.3,51.71521571012383,2.07,6.41,18.52,33.86,0.12
2012-07-16,17.11,19.54,22.46,26.64,115.09,62.8,83.09,49.767857683472194,2.05,6.39,18.03,34.01,
2012-07-17,16.48,18.91,22.22,24.7,117.22,64.2,83.03,51.96008047331047,2.03,6.36,17.7,35.36,
2012-07-18,16.16,18.3,21.64,24.11,116.59,61.9,82.95,52.79472237239563,2.01,6.33,17.35,34.93,
2012-07-19,15.45,17.49,21.45,23.92,114.19,61.2,82.9,54.34492935093599,1.98,6.25,16.83,36.74,
2012-07-20,16.27,18.2,21.18,24.65,116.52,61.3,83.47,52.52440168411917,1.99,6.28,16.88,35.33,-0.04
2012-07-23,18.62,20.61,24.22,28.29,120.26,61.6,83.71,49.09963903216067,2.01,6.38,18.34,37.23,
2012-07-24,20.47,22.83,25.72,29.24,119.13,62.9,84.01,46.18011306457796,2.01,6.4,19.6,36.27,
2012-07-25,19.34,21.44,24.61,28.27,118.58,63.1,83.52,46.055035247590325,2.01,6.4,19.64,34.86,
2012-07-26,17.53,20.11,23.4,25.99,116.92,62.6,82.81,49.77823696868079,2.0,6.35,19.37,34.1,
2012-07-27,16.7,18.58,21.43,25.27,114.4,69.7,82.71,55.28140259403615,1.95,6.22,19.11,32.99,0.1
2012-07-30,18.03,19.74,23.14,26.22,114.86,68.4,82.79,52.09748011149151,1.94,6.2,19.43,33.09,
2012-07-31,18.93,20.3,24.05,26.96,113.99,69.8,82.64,49.06062150296744,1.94,6.16,19.51,34.53,
2012-08-01,18.96,20.19,24.41,27.48,114.59,74.1,83.06,49.70178693408536,1.93,6.1,19.01,33.98,
2012-08-02,17.57,19.08,23.45,27.09,114.35,69.4,83.33,49.88670930756164,1.94,6.13,18.05,33.6,
2012-08-03,15.64,17.46,21.49,23.9,120.25,71.9,82.38,55.370410331260814,1.92,6.01,16.65,33.23,-0.14
2012-08-06,15.95,17.57,21.28,24.59,114.79,69.7,82.27,55.47634188685875,1.9,6.0,16.35,32.07,
2012-08-07,15.99,17.41,21.68,24.29,113.55,73.9,82.21,58.362392066721824,1.89,5.91,16.48,32.15,
2012-08-08,15.32,16.97,20.97,23.72,115.36,75.2,82.39,58.58048907208554,1.88,5.89,16.25,31.42,
2012-08-09,15.28,16.41,20.19,23.55,119.84,73.7,82.64,59.42063533825309,1.88,5.91,16.19,30.78,
2012-08-10,14.74,15.89,19.99,22.91,117.89,70.1,82.55,58.319256022868515,1.87,5.98,16.16,30.59,-0.18
2012-08-13,13.7,14.48,18.97,22.23,121.65,67.2,82.44,59.56756279547679,1.88,5.96,15.13,29.45,
2012-08-14,14.85,15.4,19.92,22.54,122.05,67.9,82.48,59.58941619776405,1.86,5.92,14.96,29.84,
2012-08-15,14.63,14.77,18.77,21.62,119.89,73.0,82.65,60.209791742160895,1.86,5.88,14.87,31.18,
2012-08-16,14.29,14.81,19.26,21.62,121.94,77.1,82.36,62.61347474200109,1.86,5.89,15.17,31.73,
2012-08-17,13.45,13.79,17.98,20.79,123.79,74.0,82.6,63.65353346159384,1.85,5.89,14.7,31.19,-0.11
2012-08-20,14.02,14.62,18.24,21.17,125.84,70.2,82.46,63.04157665110087,1.84,5.86,14.78,30.5,
2012-08-21,15.02,15.36,18.7,22.18,129.99,70.0,81.91,62.69003066897407,1.84,5.83,16.29,30.64,
2012-08-22,15.11,15.58,18.98,21.64,125.32,66.8,81.49,61.46811060139846,1.84,5.88,17.15,31.07,
2012-08-23,15.96,16.68,19.84,22.64,122.41,65.5,81.36,58.35534964290203,1.84,5.89,17.94,31.76,
2012-08-24,15.18,16.6,20.14,22.48,123.74,66.4,81.59,58.718469229524416,1.84,5.87,16.88,32.01,-0.17
2012-08-27,16.35,17.19,20.52,24.04,121.53,66.3,81.66,57.31512463223886,1.84,5.87,16.9,33.42,
2012-08-28,16.49,17.64,20.6,24.19,120.28,64.3,81.37,57.02000939271517,1.84,5.88,16.54,33.06,
2012-08-29,17.06,18.11,20.99,25.0,120.55,64.9,81.55,57.90534298397655,1.84,5.84,16.5,32.59,
2012-08-30,17.83,19.03,22.52,25.95,119.0,68.0,81.68,56.214725409165425,1.85,5.86,17.14,31.95,
2012-08-31,17.47,18.35,21.56,25.27,120.78,68.7,81.25,55.17611365926162,1.86,5.98,17.89,31.4,-0.08
2012-09-03,,,,,,,,,1.86,5.98,,,
2012-09-04,17.98,19.09,22.04,26.68,119.59,67.1,81.32,54.0522838460426,1.85,5.94,17.97,33.61,
2012-09-05,17.74,19.02,22.48,26.28,120.49,68.5,81.24,54.0244814152537,1.85,5.91,18.18,33.64,
2012-09-06,15.6,17.01,20.1,24.02,119.31,71.0,81.08,61.09628812946621,1.83,5.8,17.8,34.07,
2012-09-07,14.38,15.44,18.52,22.29,120.7,68.4,80.25,63.78026631252944,1.81,5.74,18.95,32.77,-0.21
2012-09-10,16.28,17.8,20.3,23.62,122.37,68.2,80.36,60.791869957869466,1.8,5.68,19.08,32.71,
2012-09-11,16.41,18.01,20.53,23.73,122.82,67.9,79.86,62.29991808597778,1.79,5.64,19.59,32.38,
2012-09-12,15.8,17.18,20.2,23.58,123.38,69.9,79.74,65.26885613633,1.77,5.51,20.15,33.33,
2012-09-13,14.05,16.15,18.92,22.55,115.69,65.4,79.26,68.37696526485367,1.76,5.5,19.03,32.96,
2012-09-14,14.51,15.89,18.26,22.87,117.26,68.3,78.85,71.2668601632054,1.7,5.3,17.87,34.07,-0.48
2012-09-17,14.59,15.79,18.27,23.2,122.69,64.4,79.01,68.97059454369654,1.68,5.32,18.08,35.64,
2012-09-18,14.18,15.05,17.6,22.16,127.38,59.8,79.25,67.83533623123785,1.68,5.33,17.89,35.81,
2012-09-19,13.88,14.84,17.84,22.18,122.44,57.5,79.06,68.19064063398916,1.67,5.34,17.69,36.58,
2012-09-20,14.07,14.58,18.05,21.37,128.03,59.7,79.41,66.92144755331198,1.68,5.38,17.29,33.58,
2012-09-21,13.98,14.44,17.02,20.24,130.6,59.6,79.33,67.21784101502658,1.67,5.42,17.09,33.21,-0.53
2012-09-24,14.15,15.34,18.03,20.37,129.12,57.5,79.52,64.79216482139367,1.67,5.5,16.94,34.23,
2012-09-25,15.43,16.7,19.56,22.84,125.45,57.6,79.55,59.466923635639375,1.68,5.56,16.74,34.35,
2012-09-26,16.81,17.94,20.37,23.61,124.06,58.5,79.89,55.276941517025485,1.7,5.8,16.31,35.13,
2012-09-27,14.84,16.45,18.85,21.81,127.56,61.08,79.55,60.57248579493653,1.7,5.73,17.02,33.05,
2012-09-28,15.73,17.01,19.62,22.71,125.87,60.47,79.94,58.423721653697115,1.69,5.74,16.76,32.45,-0.23
2012-10-01,16.32,17.75,19.79,23.31,128.17,59.4,79.82,56.35292508445334,1.68,5.71,16.9,32.87,
2012-10-02,15.71,17.3,19.54,22.46,127.1,60.4,79.74,57.05089326026313,1.67,5.72,16.34,32.53,
2012-10-03,15.43,16.76,19.21,22.18,125.4,59.2,79.97,58.67668403529623,1.67,5.68,16.59,35.15,
2012-10-04,14.55,16.65,18.56,21.77,120.39,59.8,79.35,60.49847783181805,1.64,5.62,17.27,33.39,
2012-10-05,14.33,16.48,18.47,21.17,123.85,60.4,79.34,60.916434928263996,1.62,5.55,15.88,32.76,-0.44
2012-10-08,15.11,17.52,19.37,21.78,122.06,,79.54,58.70768829150082,1.61,5.54,16.13,34.05,
2012-10-09,16.37,18.87,20.55,23.2,121.21,59.3,79.95,54.2652322652734,1.61,5.56,15.72,34.5,
2012-10-10,16.29,18.48,19.68,23.41,120.46,59.6,79.92,51.876869884419214,1.6,5.61,15.53,35.09,
2012-10-11,15.59,18.33,19.11,22.27,120.83,61.4,79.78,51.224509685605,1.59,5.57,15.31,34.52,
2012-10-12,16.14,17.84,19.78,22.29,120.97,61.4,79.69,50.24589342495883,1.58,5.56,15.72,33.69,-0.47
2012-10-15,15.27,17.55,19.17,21.48,122.45,63.0,79.74,52.96557849772262,1.56,5.48,15.47,33.84,
2012-10-16,15.22,17.17,18.93,20.53,122.52,64.8,79.37,56.72236105905772,1.52,5.4,15.12,33.54,
2012-10-17,15.07,16.89,18.05,20.03,124.95,68.7,79.02,58.83427879677231,1.48,5.27,14.64,32.25,
2012-10-18,15.03,17.61,18.74,20.31,124.58,69.0,79.37,58.923438166265676,1.46,5.24,14.73,30.83,
2012-10-19,17.06,20.05,20.67,22.35,125.39,68.5,79.64,51.29150095995307,1.47,5.31,15.1,31.91,-0.61
2012-10-22,16.62,19.2,20.25,22.52,122.99,69.8,79.65,52.45860302960777,1.47,5.28,14.88,33.13,
2012-10-23,18.83,20.66,21.83,24.8,120.16,68.9,79.98,47.68882001061895,1.49,5.41,15.8,34.28,
2012-10-24,18.33,21.67,21.93,24.98,119.33,67.1,79.97,47.58474405389021,1.49,5.39,15.7,33.61,
2012-10-25,18.12,20.28,21.61,24.2,120.89,73.1,80.04,48.62389600110654,1.48,5.33,15.36,32.27,
2012-10-26,17.81,19.58,21.12,24.12,119.31,73.0,80.07,48.02722047681969,1.49,5.41,14.92,32.21,-0.35
2012-10-29,,,,,,,,,1.49,5.46,,,
2012-10-30,,,,,,,,,,,,,
2012-10-31,18.6,20.33,21.61,24.32,115.04,71.43,79.92,46.372658502559645,1.51,5.63,14.99,32.18,
2012-11-01,16.69,18.44,19.61,22.8,117.85,72.0,80.05,52.33107727062437,1.5,5.57,14.49,31.29,
2012-11-02,17.59,19.95,20.83,22.61,115.78,72.3,80.59,49.44633001743275,1.5,5.54,16.2,32.42,-0.34
2012-11-05,18.42,19.54,21.58,23.28,115.52,68.61,80.75,48.684276819782205,1.51,5.57,17.48,32.1,
2012-11-06,17.58,19.1,20.99,22.84,116.34,69.3,80.61,52.20580590756093,1.5,5.49,18.0,32.02,
2012-11-07,19.08,20.42,22.34,23.57,116.1,60.9,80.76,44.28970519286388,1.54,5.63,16.69,33.98,
2012-11-08,18.49,20.14,21.92,24.95,116.69,59.1,80.79,42.01594191334451,1.55,5.67,17.02,33.51,
2012-11-09,18.61,19.41,21.62,24.56,115.4,59.1,81.03,42.69391136550809,1.57,5.77,16.07,31.54,-0.32
2012-11-12,16.68,18.62,20.59,23.37,114.23,,81.04,44.72106628398196,1.57,5.77,15.66,30.0,
2012-11-13,16.65,19.05,20.34,23.43,114.81,57.3,81.08,43.65992545510299,1.59,5.82,14.54,31.27,
2012-11-14,17.92,19.5,21.25,23.8,113.23,56.84,81.06,37.808012524508754,1.6,5.84,14.94,31.5,
2012-11-15,17.99,19.23,21.71,24.31,113.65,55.6,81.08,37.402370251549335,1.62,5.94,14.26,30.54,
2012-11-16,16.41,18.13,19.94,23.63,115.85,54.98,81.26,40.55847545872316,1.62,5.98,13.28,31.1,-0.2
2012-11-19,15.24,15.92,18.0,20.84,113.46,54.7,80.87,49.11219187998851,1.61,5.85,13.61,30.97,
2012-11-20,15.08,16.18,18.12,21.31,117.25,53.7,80.96,51.32075460998661,1.61,5.79,13.52,29.83,
2012-11-21,15.31,16.21,17.85,20.88,116.62,53.9,80.93,51.29936549787694,1.61,5.72,13.22,29.49,
2012-11-22,,,,,,,,,1.61,5.72,,,
2012-11-23,15.14,16.21,17.85,20.25,117.82,,80.19,54.980960731885695,1.61,5.71,15.48,29.49,-0.54
2012-11-26,15.5,16.81,18.84,21.44,116.96,,80.25,53.59536087638411,1.6,5.68,13.18,29.38,
2012-11-27,15.92,16.9,19.2,21.74,116.65,51.7,80.4,51.50121259299403,1.6,5.65,13.68,28.65,
2012-11-28,15.51,16.75,18.96,22.16,116.12,52.3,80.34,53.5916756965997,1.61,5.66,13.7,28.69,
2012-11-29,15.06,16.4,18.12,21.83,117.35,51.7,80.2,55.49354854275346,1.61,5.58,12.67,28.28,
2012-11-30,15.87,16.96,18.79,22.49,117.07,51.8,80.15,53.607109227373975,1.6,5.65,13.24,27.62,-0.49
2012-12-03,16.64,17.69,19.74,22.76,115.98,51.02,79.88,52.64175090237983,1.6,5.6,13.4,28.39,
2012-12-04,17.12,18.37,20.04,22.8,115.31,51.7,79.64,50.4800767783866,1.6,5.58,13.95,28.84,
2012-12-05,16.46,18.63,20.13,22.0,114.55,52.3,79.77,50.00767068324775,1.6,5.51,14.0,29.13,
2012-12-06,16.58,18.49,20.22,21.8,115.74,53.3,80.26,53.03912398262359,1.6,5.48,14.07,29.89,
2012-12-07,15.9,18.35,19.64,21.06,115.23,,80.42,55.415263204743134,1.59,5.42,13.87,29.65,-0.53
2012-12-10,16.05,18.74,19.72,21.43,114.77,52.25,80.33,54.22272838990613,1.59,5.41,14.2,30.32,
2012-12-11,15.57,17.96,19.07,21.12,115.92,51.6,80.06,57.973385169324,1.59,5.35,14.16,29.94,
2012-12-12,15.95,18.58,20.01,21.14,116.49,53.6,79.89,59.43439949038549,1.58,5.29,13.34,29.13,
2012-12-13,16.56,19.47,20.63,21.22,116.24,,79.93,56.95329732076448,1.58,5.27,13.01,29.63,
2012-12-14,17.0,20.19,20.78,21.0,118.92,52.8,79.6,54.35854823524897,1.57,5.28,12.6,29.32,-0.59
2012-12-17,16.34,19.47,19.7,20.67,118.06,57.1,79.57,60.859787201865174,1.56,5.31,11.97,28.95,
2012-12-18,15.57,18.63,19.11,20.04,117.86,63.0,79.36,64.94060460776218,1.55,5.19,13.69,28.56,
2012-12-19,17.36,19.27,20.19,20.28,120.76,57.8,79.25,60.177375401101344,1.54,5.19,13.73,27.64,
2012-12-20,17.67,19.32,20.14,20.03,124.47,54.4,79.26,60.81896861237459,1.53,5.19,14.53,27.61,
2012-12-21,17.84,20.16,20.58,20.53,127.08,55.3,79.62,55.57091719153437,1.53,5.26,13.82,28.88,-0.57
2012-12-24,17.84,20.15,20.58,20.53,124.47,54.9,79.64,54.927245025820895,1.53,5.24,13.21,28.88,
2012-12-25,,,,,,,,,,,,,
2012-12-26,19.48,21.18,22.02,21.71,122.18,54.5,79.62,51.824309186680395,1.54,5.24,13.56,28.73,
2012-12-27,19.47,21.57,22.59,21.26,119.6,55.0,79.62,50.157718504576636,1.54,5.28,14.83,28.08,
2012-12-28,22.72,23.32,24.47,23.04,118.38,56.7,79.68,42.14303442315604,1.53,5.3,15.3,28.88,-0.38
2012-12-31,18.02,20.56,21.73,21.7,121.27,59.4,79.77,55.65854561795894,1.54,5.34,14.38,28.45,
2013-01-01,,,,,,,,,,,,,
2013-01-02,14.68,16.95,18.42,19.74,121.77,61.1,79.85,68.76830617983111,1.5,5.16,13.43,27.8,
2013-01-03,14.56,17.11,18.11,18.78,117.93,63.5,80.43,69.92492446275253,1.48,5.06,13.72,26.83,
2013-01-04,13.83,15.51,17.23,17.82,115.53,62.0,80.5,72.71198204236414,1.46,5.04,13.78,26.03,-0.63
2013-01-07,13.79,16.55,17.53,18.53,116.78,59.9,80.26,71.06091734254689,1.45,5.02,14.51,25.04,
2013-01-08,13.62,16.43,17.28,18.23,118.15,58.6,80.35,69.6732341479522,1.45,5.02,14.08,24.3,
2013-01-09,13.81,16.08,16.65,17.82,117.89,56.3,80.56,70.45030731193184,1.46,4.99,14.16,24.6,
2013-01-10,13.49,16.08,16.76,17.45,118.53,58.2,79.74,71.83817654745307,1.45,4.94,13.27,24.59,
2013-01-11,13.36,15.87,16.69,18.16,119.14,59.2,79.56,71.03379076307847,1.45,4.93,13.79,24.57,-0.62
2013-01-14,13.52,16.13,16.91,16.54,117.19,55.8,79.49,70.94729754120137,1.45,4.91,13.78,25.72,
2013-01-15,13.55,16.12,16.65,17.25,120.9,53.1,79.78,71.54848373022523,1.47,4.96,13.76,25.7,
2013-01-16,13.42,15.32,16.42,17.24,120.13,53.2,79.8,70.70211545325238,1.47,4.95,14.49,24.39,
2013-01-17,13.57,15.07,16.34,17.0,120.53,56.9,79.65,72.81539617874944,1.47,4.88,14.9,23.99,
2013-01-18,12.46,14.17,14.67,15.85,124.79,55.85,80.05,74.73900503707729,1.47,4.89,13.8,21.98,-0.64
2013-01-21,,,,,,,,,1.46,4.88,,,
2013-01-22,12.43,14.08,14.78,16.24,126.73,61.89,79.87,75.38695052706427,1.47,4.88,12.71,21.67,
2013-01-23,12.46,14.28,15.34,15.69,126.58,53.6,79.92,75.64988981099079,1.47,4.85,12.46,22.75,
2013-01-24,12.69,14.17,15.59,16.21,125.47,55.3,79.95,76.85384562829051,1.47,4.82,13.03,22.48,
2013-01-25,12.89,14.06,16.05,16.46,124.71,66.2,79.75,79.7983552234425,1.45,4.73,14.08,22.52,-0.67
2013-01-28,13.57,14.39,16.87,18.19,122.95,63.7,79.78,78.08531752480157,1.44,4.72,14.39,22.98,
2013-01-29,13.31,14.02,16.46,18.05,123.95,62.4,79.56,79.32276932635817,1.44,4.78,13.59,22.97,
2013-01-30,14.32,14.38,17.5,18.68,121.92,66.4,79.28,75.08533026588309,1.45,4.84,13.21,22.88,
2013-01-31,14.28,14.83,17.42,19.24,121.64,65.6,79.21,70.77546266216058,1.48,4.95,13.76,22.54,
2013-02-01,12.9,13.89,16.44,18.14,122.55,65.0,79.13,76.01952653604644,1.47,4.94,13.32,22.4,-0.57
2013-02-04,14.67,15.73,17.84,19.95,122.6,63.1,79.55,68.02695674150179,1.49,5.01,13.78,23.96,
2013-02-05,13.72,14.83,17.26,18.4,123.22,64.8,79.49,72.5020734602521,1.48,5.01,13.03,23.06,
2013-02-06,13.41,14.02,16.8,18.75,122.45,62.8,79.72,72.61769883816498,1.49,5.04,13.57,23.39,
2013-02-07,13.5,14.77,16.74,18.72,125.35,59.9,80.19,70.27009181417375,1.49,5.08,13.59,23.3,
2013-02-08,13.02,14.14,15.9,17.85,125.67,61.5,80.25,71.76903134710635,1.49,5.08,13.14,23.08,-0.54
2013-02-11,12.94,14.11,16.02,17.7,125.53,60.0,80.31,71.4059304678529,1.48,5.06,14.38,21.68,
2013-02-12,12.64,13.06,15.83,16.62,126.12,59.8,80.11,73.96745708368267,1.48,5.04,14.06,20.7,
2013-02-13,12.98,14.41,15.87,15.84,126.68,61.7,80.09,73.52544139266223,1.47,4.97,14.7,21.0,
2013-02-14,12.66,13.66,15.21,15.84,127.19,59.1,80.46,73.28700749964663,1.47,4.97,14.72,20.21,
2013-02-15,12.46,13.47,15.32,15.33,130.46,59.1,80.58,72.81334834918306,1.47,4.96,15.9,22.59,-0.67
2013-02-18,,,,,,,,,1.47,4.95,,,
2013-02-19,12.31,13.42,15.01,15.0,130.15,58.4,80.47,73.77269006796742,1.47,4.92,15.75,22.44,
2013-02-20,14.68,15.28,17.8,16.47,124.47,57.9,81.09,65.4779550833785,1.47,4.92,18.59,24.97,
2013-02-21,15.22,16.49,18.17,18.2,122.58,59.7,81.46,61.27839893327341,1.47,4.99,16.9,27.13,
2013-02-22,14.17,15.68,17.21,17.67,125.37,58.6,81.48,64.76809892272719,1.47,4.97,16.26,24.58,-0.63
2013-02-25,18.99,19.35,21.11,21.86,121.5,60.0,81.67,51.337647934429675,1.47,4.97,17.48,26.22,
2013-02-26,16.87,17.91,20.02,20.25,122.92,58.0,81.87,57.44381814281461,1.49,5.02,15.61,25.9,
2013-02-27,14.73,16.34,18.47,18.79,124.96,58.41,81.6,63.622635052191484,1.49,4.98,15.57,24.33,
2013-02-28,15.51,16.3,18.78,18.42,126.86,55.88,81.98,63.15376953654921,1.49,4.98,15.79,23.61,
2013-03-01,15.36,15.64,18.33,18.72,128.19,55.0,82.31,64.1854788809616,1.49,5.0,15.75,23.68,-0.52
2013-03-04,14.01,15.39,17.96,18.91,128.65,53.9,82.22,66.07237406125194,1.49,4.98,16.03,24.28,
2013-03-05,13.48,14.6,16.82,17.63,128.65,56.5,82.09,70.94235422692483,1.48,4.92,15.47,22.41,
2013-03-06,13.53,14.6,16.65,17.37,126.62,,82.46,71.02045746144873,1.47,4.88,15.05,22.52,
2013-03-07,13.06,14.23,16.14,16.52,125.28,60.5,82.08,72.94476331410256,1.46,4.81,14.84,21.29,
2013-03-08,12.59,13.72,15.4,15.26,124.46,58.1,82.7,76.30153720168558,1.45,4.76,13.54,20.8,-0.76
2013-03-11,11.56,12.41,14.95,15.4,125.21,55.07,82.57,78.02569778215256,1.45,4.75,12.96,19.42,
2013-03-12,12.27,12.84,15.46,15.77,128.66,53.7,82.58,75.58124830568262,1.45,4.76,12.07,18.77,
2013-03-13,11.83,12.65,14.68,16.6,127.13,54.6,82.89,76.41246810302682,1.45,4.75,12.24,19.09,
2013-03-14,11.3,12.33,13.65,16.11,128.96,56.0,82.61,78.13338238481181,1.44,4.71,12.59,18.36,
2013-03-15,11.3,12.03,14.3,15.97,129.12,55.8,82.26,77.41946685590388,1.45,4.72,12.43,18.76,-0.79
2013-03-18,13.36,13.69,16.02,18.53,126.17,,82.69,72.3505392598405,1.46,4.77,13.3,19.45,
2013-03-19,14.39,14.45,17.29,19.1,127.08,,82.99,67.6945697241094,1.46,4.78,14.52,21.14,
2013-03-20,12.67,13.42,15.85,18.09,123.73,,82.78,73.5244685935593,1.47,4.76,13.33,19.58,
2013-03-21,13.99,14.24,16.78,20.15,121.69,,82.8,69.31597777734338,1.47,4.76,13.37,19.74,
2013-03-22,13.57,13.88,16.97,19.08,122.18,,82.53,70.76365066898157,1.48,4.78,12.89,19.11,-0.58
2013-03-25,13.74,14.35,17.0,18.69,122.03,57.67,82.87,70.62126169690168,1.47,4.75,12.99,19.08,
2013-03-26,12.77,13.42,16.24,16.86,122.47,56.1,82.88,72.66641020472359,1.49,4.78,12.48,17.81,
2013-03-27,13.15,13.57,16.32,16.63,121.99,,83.21,70.18442236658586,1.5,4.81,12.33,17.95,
2013-03-28,12.7,13.28,16.18,16.72,122.93,57.3,82.99,71.86028440888592,1.5,4.8,12.41,18.19,
2013-03-29,,,,,,,,,1.51,4.86,,,-0.63
2013-04-01,13.58,14.48,17.72,18.18,121.21,56.2,82.73,68.55020964169427,1.51,4.87,13.13,19.2,
2013-04-02,12.78,14.02,17.1,17.77,122.84,56.0,82.94,69.77438686420842,1.51,4.84,13.73,19.33,
2013-04-03,14.21,14.94,18.35,18.36,120.92,57.9,82.72,64.38775466344924,1.52,4.87,15.21,21.74,
2013-04-04,13.89,15.26,18.1,19.2,120.79,56.9,82.68,63.93792963216123,1.51,4.89,16.03,21.84,
2013-04-05,13.92,15.52,18.21,19.15,118.34,54.8,82.5,61.871297614521275,1.51,4.95,14.46,21.39,-0.56
2013-04-08,13.19,14.89,16.99,18.75,119.21,54.9,82.75,64.15664211592483,1.5,4.9,14.22,21.01,
2013-04-09,12.84,14.46,17.24,18.02,118.63,52.7,82.31,65.25668952580375,1.49,4.87,13.54,20.64,
2013-04-10,12.36,13.71,16.09,17.67,118.34,53.9,82.53,70.29658822334387,1.48,4.78,15.15,20.55,
2013-04-11,12.24,14.09,15.85,17.23,117.24,52.6,82.25,70.64597063648584,1.48,4.73,15.29,21.2,
2013-04-12,12.06,13.88,16.06,17.92,117.84,53.1,82.31,68.82034902574195,1.48,4.75,21.32,22.59,-0.73
2013-04-15,17.27,17.16,20.88,22.0,119.92,52.3,82.42,55.56111710221269,1.48,4.79,34.48,29.84,
2013-04-16,13.96,15.72,19.28,20.09,124.1,51.9,81.75,63.413142846876354,1.48,4.78,30.02,27.32,
2013-04-17,16.51,18.2,21.69,22.46,120.7,52.0,82.66,55.99177142293094,1.49,4.8,26.93,31.14,
2013-04-18,17.56,18.75,22.84,23.2,121.28,51.3,82.55,51.677938256274814,1.49,4.8,24.57,28.53,
2013-04-19,14.97,17.17,20.9,20.71,122.61,51.3,82.71,56.663173969318954,1.49,4.78,24.37,27.57,-0.5
2013-04-22,14.39,16.13,20.26,19.68,120.52,50.6,82.68,58.39799536709698,1.48,4.75,23.28,25.07,
2013-04-23,13.48,15.72,19.1,18.82,121.56,50.0,83.03,62.31643608650752,1.47,4.71,23.68,24.43,
2013-04-24,13.61,15.4,18.8,18.79,119.84,49.8,82.93,63.353763649125256,1.47,4.66,21.49,23.26,
2013-04-25,13.62,15.32,18.98,18.61,119.83,49.4,82.74,65.05945594162604,1.47,4.61,22.35,22.68,
2013-04-26,13.61,15.48,19.04,18.88,118.86,50.2,82.48,62.90230213430563,1.47,4.6,24.21,22.51,-0.69
2013-04-29,13.71,15.32,18.78,18.93,118.85,49.6,82.15,64.81500811900119,1.47,4.53,23.16,23.44,
2013-04-30,13.52,15.34,18.53,18.53,119.05,49.2,81.73,65.84494759552992,1.47,4.55,22.09,24.57,
2013-05-01,14.49,16.0,20.61,20.27,118.05,49.0,81.64,61.983905734771014,1.47,4.5,22.93,26.68,
2013-05-02,13.59,15.19,19.21,19.29,117.95,49.0,82.21,66.08435366872637,1.47,4.45,22.06,24.49,
2013-05-03,12.85,14.66,18.38,18.19,118.18,,82.1,72.19164028443508,1.45,4.33,20.37,24.01,-0.67
2013-05-06,12.66,14.6,17.93,18.0,116.93,49.49,82.32,73.25861868295155,1.44,4.3,20.37,25.16,
2013-05-07,12.83,14.27,17.99,17.77,119.76,49.49,82.3,74.05124419471016,1.43,4.24,22.07,24.38,
2013-05-08,12.66,14.49,18.04,18.08,117.35,49.49,81.9,73.82208477294017,1.43,4.24,20.64,22.64,
2013-05-09,13.13,14.49,18.73,18.54,119.08,48.87,82.79,73.05602235695802,1.43,4.23,21.62,23.24,
2013-05-10,12.59,14.34,17.82,19.59,117.97,55.32,83.14,74.85831496154299,1.43,4.23,23.95,22.83,-0.77
2013-05-13,12.55,14.59,17.89,19.36,119.16,56.51,83.26,76.37475103759442,1.43,4.35,25.04,23.66,
2013-05-14,12.77,14.78,17.71,19.31,116.16,57.74,83.57,77.137466530219,1.42,4.35,25.06,24.12,
2013-05-15,12.81,13.88,18.09,19.41,119.41,,83.83,78.76075222865293,1.42,4.36,28.01,24.48,
2013-05-16,13.07,13.72,17.8,18.87,121.22,,83.77,76.80660510563767,1.43,4.42,27.18,24.39,
2013-05-17,12.45,13.3,15.94,18.32,127.85,61.3,84.28,80.26079851651285,1.42,4.37,28.34,22.82,-0.62
2013-05-20,13.02,13.53,16.87,18.0,117.67,60.5,83.81,79.69635738796035,1.41,4.34,26.66,23.44,
2013-05-21,13.37,14.41,17.56,17.49,117.08,59.8,83.86,77.46416916167165,1.42,4.35,27.18,23.11,
2013-05-22,13.82,14.73,18.86,18.92,117.16,65.4,84.25,74.80222722708947,1.41,4.27,27.61,24.45,
2013-05-23,14.07,14.89,18.65,20.41,116.92,68.2,83.8,72.7468116649866,1.42,4.42,26.08,23.3,
2013-05-24,13.99,14.48,18.62,21.47,118.17,65.1,83.7,71.61222867192934,1.42,4.45,24.9,22.57,-0.54
2013-05-27,,,,,,,,,1.42,4.44,,,
2013-05-28,14.48,14.99,19.3,20.16,112.47,75.5,84.14,73.06653701792726,1.41,4.35,24.86,22.95,
2013-05-29,14.83,15.18,19.61,21.78,116.2,81.2,83.64,70.69518813131117,1.43,4.55,22.76,24.04,
2013-05-30,14.53,14.99,19.16,21.47,117.75,77.4,83.01,72.88558586759088,1.44,4.54,21.43,24.21,
2013-05-31,16.3,15.99,21.16,23.68,119.51,80.0,83.38,65.73886597446896,1.47,4.62,22.63,24.41,-0.37
2013-06-03,16.28,16.79,20.96,22.79,119.16,79.2,82.68,64.31396954464611,1.48,4.76,21.68,24.79,
2013-06-04,16.27,16.84,21.23,23.34,116.87,82.8,82.77,63.1645502435094,1.49,4.79,22.32,24.64,
2013-06-05,17.5,17.49,21.73,24.99,116.57,83.6,82.57,55.94148896732469,1.53,5.03,22.65,24.49,
2013-06-06,16.63,17.4,20.86,24.83,,84.7,81.52,59.09691775197601,1.55,5.08,22.33,23.89,
2013-06-07,15.14,15.88,19.86,24.32,116.2,81.5,81.69,66.45625969430525,1.54,4.89,23.58,22.41,-0.09
2013-06-10,15.44,15.86,19.76,23.76,116.2,84.7,81.65,65.48246164567713,1.54,4.86,22.68,21.74,
2013-06-11,17.07,16.88,21.37,26.28,116.98,82.3,81.06,58.48881750303864,1.58,5.08,23.27,21.81,
2013-06-12,18.59,18.7,22.96,27.98,115.56,81.9,80.96,52.19806284808464,1.58,5.02,22.04,22.72,
2013-06-13,16.41,17.13,20.96,26.05,117.28,82.4,80.62,59.11898195755139,1.59,5.11,22.69,21.47,
2013-06-14,17.15,17.28,21.31,26.97,116.29,78.5,80.67,57.18643750358351,1.57,5.04,20.91,21.22,-0.15
2013-06-17,16.8,16.95,20.38,27.29,116.74,78.5,80.57,58.44962369282462,1.57,4.97,21.27,21.04,
2013-06-18,16.61,16.47,19.82,26.19,118.7,81.0,80.62,61.61645798576269,1.58,4.96,22.7,20.64,
2013-06-19,16.64,15.12,19.6,26.5,117.84,86.9,81.43,60.64790360604468,1.57,4.85,22.53,19.98,
2013-06-20,20.49,20.06,22.79,35.48,117.52,96.0,81.84,47.5379767421363,1.65,5.12,29.94,25.9,
2013-06-21,18.9,19.44,22.65,33.61,117.36,103.7,82.32,50.581452715074356,1.66,5.09,27.19,23.68,-0.12
2013-06-24,20.11,19.83,23.21,38.0,116.08,111.0,82.43,45.00667769395958,1.72,5.34,27.69,24.32,
2013-06-25,18.47,18.8,21.6,32.35,115.23,108.4,82.58,51.211249847282836,1.71,5.34,25.86,23.63,
2013-06-26,17.21,17.38,20.86,28.52,115.81,103.5,82.95,56.53665475549288,1.7,5.29,31.43,22.82,
2013-06-27,16.86,16.72,19.74,28.29,116.01,97.1,82.91,57.82973370076306,1.68,5.23,33.51,23.17,
2013-06-28,16.86,16.47,20.3,27.61,116.53,99.8,83.17,58.22000005638391,1.67,5.21,31.84,22.37,0.07
2013-07-01,16.37,16.16,19.34,25.64,114.85,101.3,82.98,59.753746158169704,1.67,5.17,28.84,22.18,
2013-07-02,16.44,15.94,19.46,30.18,115.22,,83.54,59.335204286666205,1.65,5.15,28.19,22.63,
2013-07-03,16.2,15.8,19.63,30.77,113.13,109.3,83.23,62.028928809060815,1.66,5.15,27.25,25.7,
2013-07-04,,,,,,,,,1.66,5.15,,,
2013-07-05,14.89,14.91,18.17,29.56,117.12,117.9,84.42,67.54457037246875,1.64,5.04,27.15,26.74,-0.16
2013-07-08,14.78,14.77,18.54,28.79,117.13,107.8,84.2,67.75261749774693,1.64,5.11,26.79,25.37,
2013-07-09,14.35,14.26,18.08,25.69,115.19,99.5,84.58,69.67339360463897,1.62,5.04,25.68,25.22,
2013-07-10,14.21,13.95,18.32,27.0,117.08,99.0,84.04,71.75244497313264,1.62,4.98,26.24,26.22,
2013-07-11,14.01,13.87,17.55,25.6,,93.5,82.75,75.07562146227254,1.61,4.9,23.85,24.58,
2013-07-12,13.84,13.96,17.33,27.29,,94.5,82.99,74.01540120777851,1.6,4.8,24.07,24.51,-0.31
2013-07-15,13.79,14.03,17.43,26.21,114.42,89.4,83.04,74.39157218742456,1.59,4.77,23.53,23.72,
2013-07-16,14.42,14.25,17.69,26.98,115.26,88.0,82.43,71.16413461787467,1.57,4.72,23.2,24.5,
2013-07-17,13.78,13.92,17.28,25.98,115.27,81.9,82.71,71.97068196386135,1.57,4.68,23.61,23.3,
2013-07-18,13.77,13.47,17.3,26.33,115.58,77.4,82.82,76.0001196704554,1.55,4.57,22.52,23.05,
2013-07-19,12.54,13.75,16.35,24.7,113.07,75.9,82.58,78.0445160709266,1.54,4.56,21.19,24.08,-0.52
2013-07-22,12.29,13.39,16.45,23.19,112.9,72.6,82.22,78.40212547805932,1.53,4.53,21.76,24.23,
2013-07-23,12.66,13.37,16.68,22.09,113.14,74.1,82.01,78.39131136394607,1.52,4.5,21.66,23.63,
2013-07-24,13.18,13.27,17.26,22.43,118.72,80.2,82.3,76.05657085455998,1.52,4.55,22.61,23.77,
2013-07-25,12.97,13.32,16.73,21.51,117.85,82.6,81.97,75.14032174998512,1.53,4.65,21.77,23.37,
2013-07-26,12.72,12.93,16.75,21.3,118.23,81.6,81.62,75.38226336947628,1.53,4.71,22.22,22.98,-0.5
2013-07-29,13.39,13.65,17.9,23.08,118.93,83.2,81.66,73.12567502755134,1.53,4.69,22.77,22.79,
2013-07-30,13.39,13.87,17.96,23.21,119.39,83.3,81.83,72.05956158624008,1.53,4.66,23.72,23.48,
2013-07-31,13.45,14.25,18.06,23.26,117.85,82.6,81.45,72.12494510372,1.53,4.71,24.99,22.95,
2013-08-01,12.94,13.88,17.28,22.04,115.06,91.4,82.34,76.33939320706499,1.51,4.63,24.61,22.28,
2013-08-02,11.98,12.77,16.33,20.84,116.89,73.2,81.91,78.05121092175612,1.53,4.74,24.24,22.26,-0.37
2013-08-05,11.84,12.83,16.07,20.45,116.53,72.7,81.88,76.80849193679208,1.52,4.74,23.49,22.87,
2013-08-06,12.72,13.35,17.06,22.12,119.09,78.2,81.6,72.50949299896025,1.52,4.76,23.82,22.64,
2013-08-07,12.98,13.44,17.38,23.35,118.31,75.4,81.29,70.06246451364235,1.53,4.81,23.49,22.56,
2013-08-08,12.73,13.26,17.13,23.06,118.47,75.4,81.01,69.91086324035581,1.53,4.8,21.71,22.25,
2013-08-09,13.41,13.63,17.49,22.81,122.3,75.4,81.13,67.90428539472202,1.53,4.8,21.5,22.64,-0.42
2013-08-12,12.81,12.86,16.61,21.74,115.44,74.1,81.33,68.8277307713646,1.53,4.78,21.58,22.68,
2013-08-13,12.31,12.5,16.65,21.43,115.81,81.7,81.73,71.42894413810143,1.52,4.72,21.37,22.63,
2013-08-14,13.04,13.3,16.86,21.92,119.33,80.9,81.7,67.69747644739697,1.53,4.69,21.21,23.15,
2013-08-15,14.73,14.9,18.56,23.1,115.82,86.7,81.13,60.65168273184647,1.54,4.74,22.45,24.15,
2013-08-16,14.37,14.73,18.37,23.62,117.21,94.7,81.26,60.6190465436775,1.53,4.7,22.97,23.99,-0.38
2013-08-19,15.1,15.53,19.37,24.57,118.15,99.5,81.23,57.30857434158472,1.54,4.71,24.25,23.48,
2013-08-20,14.91,15.15,18.71,24.45,118.07,95.7,80.91,59.792378875913265,1.55,4.8,23.82,24.18,
2013-08-21,15.94,15.99,19.87,26.02,117.17,98.8,81.32,56.89509841857856,1.55,4.77,23.28,24.33,
2013-08-22,14.76,15.44,18.78,24.62,119.21,98.3,81.49,60.63922576144823,1.55,4.73,22.69,23.26,
2013-08-23,13.98,14.62,17.91,23.24,120.13,99.8,81.34,61.88338711357946,1.54,4.75,22.63,22.7,-0.2
2013-08-26,14.99,15.32,19.02,25.25,118.69,95.8,81.37,59.65124985902726,1.54,4.75,23.67,23.43,
2013-08-27,16.77,17.63,21.58,28.55,118.07,94.9,81.17,49.436519588030656,1.55,4.82,23.9,27.19,
2013-08-28,16.49,17.42,21.24,28.21,117.51,,81.42,52.075897721878874,1.55,4.77,25.89,29.79,
2013-08-29,16.81,17.4,21.01,28.01,117.21,98.8,81.95,51.106670872072876,1.55,4.76,24.36,27.41,
2013-08-30,17.01,17.53,22.15,28.14,117.48,103.5,82.09,49.11839517883741,,,24.44,28.1,-0.18
2013-09-02,,,,,,,,,1.55,4.78,,,
2013-09-03,16.61,17.89,22.05,28.36,116.72,105.8,82.36,51.013212536438076,1.55,4.69,25.2,29.41,
2013-09-04,15.88,16.77,21.15,26.68,116.97,,82.17,56.05643017534871,1.54,4.64,24.61,28.73,
2013-09-05,15.77,16.51,20.85,25.89,117.37,111.4,82.63,57.566653710240914,1.55,4.59,25.64,27.44,
2013-09-06,15.85,16.32,20.79,26.22,118.67,105.5,82.15,57.04930691587322,1.54,4.63,23.59,28.1,-0.26
2013-09-09,15.63,16.16,20.5,26.29,119.0,100.7,81.79,59.57185636405846,1.55,4.66,22.04,27.93,
2013-09-10,14.53,15.24,19.35,25.89,119.94,101.8,81.82,64.68485525636504,1.55,4.6,22.58,27.12,
2013-09-11,13.82,14.73,18.9,25.05,120.68,98.0,81.52,65.70047448708077,1.55,4.63,22.63,24.32,
2013-09-12,14.29,14.75,19.46,25.16,,96.4,81.49,64.5298677103904,1.55,4.61,25.09,23.57,
2013-09-13,14.16,14.7,18.95,24.29,120.12,96.2,81.45,65.53813237015738,1.54,4.6,24.88,23.18,-0.33
2013-09-16,14.38,15.16,19.53,24.35,118.84,94.5,81.25,66.18922487311782,1.54,4.54,25.12,23.03,
2013-09-17,14.53,14.72,18.79,24.26,121.59,90.8,81.17,67.72293663558003,1.54,4.59,25.35,23.17,
2013-09-18,13.59,14.15,18.14,22.87,114.22,82.7,80.24,70.44559826654586,1.56,4.67,23.2,22.81,
2013-09-19,13.16,13.77,17.29,21.81,115.69,80.3,80.36,71.97203114386149,1.52,4.51,21.75,21.51,
2013-09-20,13.12,12.97,17.49,23.55,115.87,77.7,80.44,70.10200477789664,1.52,4.54,22.27,21.38,-0.46
2013-09-23,14.31,14.64,18.08,23.09,119.08,75.3,80.45,64.54631827468151,1.52,4.6,22.7,22.27,
2013-09-24,14.08,14.37,18.13,22.36,119.31,74.8,80.56,64.59407425681968,1.52,4.65,22.84,22.5,
2013-09-25,14.01,14.66,18.46,22.49,117.45,75.3,80.33,64.6770663179198,1.52,4.7,21.97,22.32,
2013-09-26,14.06,14.36,18.04,22.42,122.03,77.6,80.52,65.80563346718023,1.52,4.69,21.79,21.77,
2013-09-27,15.46,15.65,19.27,23.44,124.48,78.0,80.27,61.79353781747012,1.53,4.75,22.57,21.84,-0.35
2013-09-30,16.6,16.73,20.38,25.73,123.46,80.2,80.22,58.6888139899648,1.56,4.83,23.72,22.98,
2013-10-01,15.54,15.97,19.0,24.44,123.74,87.4,80.1,62.398919895089605,1.55,4.78,25.48,22.57,
2013-10-02,16.6,16.72,20.22,24.71,123.52,82.2,79.88,59.10633550660893,1.55,4.78,24.04,21.52,
2013-10-03,17.67,18.3,21.0,25.41,122.31,80.3,79.77,53.60511775377389,1.54,4.75,24.54,21.62,
2013-10-04,16.74,17.32,20.09,24.41,123.98,82.5,80.12,57.78312508131681,1.54,4.7,24.77,21.49,-0.27
2013-10-07,19.41,19.84,22.99,27.11,123.23,80.3,79.94,48.10948530987762,1.53,4.69,24.81,22.01,
2013-10-08,20.34,22.07,24.52,28.75,120.72,81.1,80.06,40.63027412487783,1.52,4.68,25.44,21.95,
2013-10-09,19.6,21.68,24.41,28.08,122.62,80.8,80.37,41.84452648154304,1.52,4.67,25.81,23.24,
2013-10-10,16.48,18.45,21.43,24.97,120.25,80.1,80.42,53.72746766788384,1.51,4.61,25.36,21.39,
2013-10-11,15.72,17.19,19.62,23.73,130.97,77.1,80.36,57.29079332139567,1.5,4.62,25.83,21.55,-0.4
2013-10-14,16.07,17.47,20.49,24.2,129.14,,80.26,57.28446232483731,1.5,4.6,26.45,22.52,
2013-10-15,18.66,18.77,22.22,25.61,131.01,75.8,80.48,50.83022073540527,1.49,4.54,26.07,23.52,
2013-10-16,14.71,16.4,18.82,23.25,125.24,73.2,80.5,59.00364603314193,1.48,4.55,24.72,21.73,
2013-10-17,13.48,14.49,16.52,21.75,126.68,70.1,79.65,63.1737124175434,1.48,4.53,22.31,21.22,
2013-10-18,13.04,13.69,15.39,19.98,131.35,72.5,79.64,66.62352147056818,1.46,4.46,21.43,20.12,-0.57
2013-10-21,13.16,14.4,15.95,18.86,130.67,71.5,79.68,66.27515019332874,1.45,4.41,21.52,20.91,
2013-10-22,13.33,14.96,16.14,19.26,129.17,63.1,79.24,65.77666904628279,1.45,4.44,20.75,21.62,
2013-10-23,13.42,15.33,16.4,21.58,134.47,62.0,79.26,63.78826307351581,1.45,4.44,20.52,23.28,
2013-10-24,13.2,14.5,15.69,21.5,135.42,63.1,79.19,66.03552317709124,1.45,4.4,20.67,21.88,
2013-10-25,13.09,14.91,15.96,21.01,135.06,61.14,79.18,67.07305429139964,1.45,4.42,19.9,20.28,-0.59
2013-10-28,13.31,14.97,16.12,20.86,127.58,58.5,79.25,66.38868277833969,1.45,4.44,20.32,20.57,
2013-10-29,13.41,14.83,16.51,20.82,127.58,58.8,79.63,66.44863121998833,1.44,4.45,20.65,20.64,
2013-10-30,13.65,14.72,17.04,21.59,127.95,60.6,79.75,65.29747056479563,1.45,4.43,20.81,20.95,
2013-10-31,13.75,14.88,17.25,21.83,132.33,61.7,80.2,65.56168912720256,1.45,4.36,20.57,20.59,
2013-11-01,13.28,14.76,17.37,21.67,129.84,69.6,80.73,66.14994295776565,1.44,4.31,20.68,21.29,-0.54
2013-11-04,12.93,14.37,16.86,21.91,125.57,64.21,80.55,68.57319133109893,1.45,4.33,20.3,21.74,
2013-11-05,13.27,14.4,17.08,23.83,122.98,68.6,80.71,68.57175590006516,1.45,4.33,20.19,22.18,
2013-11-06,12.67,14.76,17.28,23.46,118.69,67.1,80.48,69.02606996367976,1.46,4.35,19.43,20.98,
2013-11-07,13.91,15.67,18.33,24.79,123.83,66.5,80.82,61.04575594338827,1.46,4.34,20.01,20.79,
2013-11-08,12.9,14.67,17.41,23.83,126.37,69.9,81.21,67.42932563979221,1.46,4.38,19.37,19.7,-0.52
2013-11-11,12.53,14.37,16.97,23.48,125.55,,81.09,67.8906090786834,1.46,4.38,19.15,19.69,
2013-11-12,12.82,14.14,17.24,23.45,129.66,69.6,81.19,67.32402032417289,1.46,4.35,21.2,20.32,
2013-11-13,12.52,13.66,16.96,23.05,131.01,65.8,80.93,69.00766580846361,1.46,4.42,20.46,19.63,
2013-11-14,12.37,13.26,16.56,21.0,133.03,61.9,80.98,69.57297701413388,1.46,4.41,19.44,19.92,
2013-11-15,12.19,13.13,15.85,21.74,133.46,62.2,80.84,70.31072635072996,1.45,4.38,18.03,19.39,-0.57
2013-11-18,13.1,14.37,17.36,23.74,137.06,58.3,80.83,65.69362930061996,1.44,4.35,19.52,19.71,
2013-11-19,13.39,14.52,17.53,23.34,133.62,62.3,80.7,64.32662159661355,1.43,4.31,19.45,19.83,
2013-11-20,13.4,14.44,17.22,24.12,133.25,66.5,81.11,64.58610497978322,1.43,4.29,23.04,19.87,
2013-11-21,12.66,14.01,16.57,24.16,124.63,68.4,81.05,67.90522562468941,1.43,4.32,21.3,18.69,
2013-11-22,12.26,13.65,16.06,23.36,133.76,66.8,80.71,68.8502097256,1.42,4.3,20.33,18.1,-0.65
2013-11-25,12.79,13.74,16.52,24.38,134.23,65.1,80.92,67.53874565957939,1.41,4.27,20.02,19.23,
2013-11-26,12.81,13.6,16.3,23.67,133.64,65.3,80.61,67.1743550801991,1.42,4.27,19.68,18.64,
2013-11-27,12.98,13.36,16.12,23.17,133.82,67.8,80.74,68.21927629407979,1.41,4.24,19.75,19.62,
2013-11-28,,,,,,,,,1.41,4.24,,,
2013-11-29,13.7,13.93,16.99,22.75,130.82,68.0,80.68,66.83948101138397,1.41,4.27,19.33,20.0,-0.58
2013-12-02,14.23,14.81,17.95,24.8,131.64,73.1,80.91,64.69705874421315,1.4,4.19,21.43,20.28,
2013-12-03,14.55,14.93,18.16,26.11,132.38,72.1,80.62,61.28718539791449,1.4,4.22,21.09,19.49,
2013-12-04,14.7,15.08,18.37,26.02,131.63,75.8,80.63,61.26969693241,1.4,4.19,20.82,19.06,
2013-12-05,15.08,16.11,19.23,26.49,128.01,76.1,80.27,58.50784808503828,1.4,4.16,21.78,18.59,
2013-12-06,13.79,14.85,17.83,25.02,128.01,69.2,80.27,65.0377720704081,1.39,4.13,20.5,17.95,-0.46
2013-12-09,13.49,14.8,18.04,24.87,126.09,67.8,80.13,64.46028455095016,1.38,4.11,20.65,18.1,
2013-12-10,13.91,14.8,18.4,24.44,126.68,70.5,79.97,62.77253773356301,1.38,4.15,19.63,17.95,
2013-12-11,15.42,15.88,19.5,26.01,126.74,,79.89,56.174531970811046,1.37,4.11,20.02,17.98,
2013-12-12,15.54,16.0,19.73,25.6,125.09,72.8,80.2,54.608854763312436,1.36,4.11,22.24,18.19,
2013-12-13,15.76,15.98,19.53,25.33,126.22,72.6,80.21,53.60946367186505,1.35,4.12,21.87,18.42,-0.51
2013-12-16,16.03,16.54,19.72,25.38,,69.9,80.07,53.832662911890786,1.34,4.09,21.91,17.49,
2013-12-17,16.21,16.47,19.53,24.94,128.75,68.5,80.06,52.78605427869271,1.34,4.15,21.79,17.7,
2013-12-18,13.8,15.01,17.54,21.16,135.58,65.0,80.11,62.45313397554064,1.33,4.14,21.39,17.26,
2013-12-19,14.15,14.92,17.36,20.97,137.86,67.7,80.63,62.016780883864804,1.31,4.07,22.07,16.7,
2013-12-20,13.79,14.48,16.21,21.53,143.2,67.3,80.58,62.736139935547975,1.3,4.04,21.01,15.86,-0.57
2013-12-23,13.04,14.11,16.22,20.44,138.11,66.2,80.45,65.53235350047005,1.3,4.0,20.76,15.42,
2013-12-24,12.48,13.91,15.77,19.95,137.88,67.8,80.53,67.16075876586524,1.29,3.96,20.08,15.26,
2013-12-25,,,,,,,,,,,,,
2013-12-26,12.33,13.93,15.85,20.74,136.65,66.8,80.48,68.73971910692137,1.29,3.96,19.84,15.2,
2013-12-27,12.46,14.51,16.17,20.5,136.72,65.8,80.39,66.9467736799498,1.29,3.96,19.1,15.74,-0.68
2013-12-30,13.56,15.16,17.46,21.22,134.36,69.1,80.0,64.01114653818057,1.28,3.97,20.75,16.53,
2013-12-31,13.72,15.44,17.53,21.72,133.63,73.5,80.04,65.25467915572658,1.28,4.0,21.65,17.76,
2014-01-01,,,,,,,,,,,,,
2014-01-02,14.23,15.88,17.95,24.55,133.73,73.4,80.63,61.99397895742813,1.27,4.0,20.42,20.24,
2014-01-03,13.76,15.85,17.5,24.21,134.46,72.7,80.79,62.159663387550744,1.27,3.98,19.19,20.6,-0.57
2014-01-06,13.55,15.82,17.82,24.24,131.99,69.9,80.65,61.73483744063476,1.26,3.96,19.5,20.7,
2014-01-07,12.92,15.1,16.97,23.01,129.1,73.8,80.83,63.92105563440083,1.25,3.92,19.12,19.67,
2014-01-08,12.87,14.88,16.81,23.6,129.46,75.3,81.04,64.60813299198726,1.25,3.87,19.43,20.17,
2014-01-09,12.89,15.1,16.77,23.45,130.87,73.7,81.01,64.05177474168903,1.24,3.88,18.46,19.51,
2014-01-10,12.14,14.09,16.03,22.1,126.15,61.2,80.66,67.67209659562448,1.25,3.95,17.27,19.47,-0.65
2014-01-13,13.28,15.05,16.15,22.3,130.59,58.9,80.51,60.245116917702674,1.25,3.97,16.67,19.75,
2014-01-14,12.28,13.52,15.72,22.25,133.44,61.6,80.61,67.1629064278729,1.24,3.92,16.5,19.81,
2014-01-15,12.28,13.63,15.31,20.79,132.69,60.8,81.0,67.86615844071781,1.23,3.87,16.43,18.7,
2014-01-16,12.53,14.11,15.17,21.93,136.35,60.8,80.9,65.86482306425862,1.23,3.88,15.39,17.91,
2014-01-17,12.44,14.2,15.79,20.25,139.62,60.3,81.26,62.83379539002214,1.23,3.88,14.34,17.12,-0.65
2014-01-20,,,,,,,,,1.23,3.88,,,
2014-01-21,12.87,14.34,15.94,21.16,138.77,59.5,81.1,62.76605984036426,1.22,3.86,15.97,18.26,
2014-01-22,12.84,14.43,15.61,20.4,138.92,60.5,81.17,62.37513047022885,1.22,3.82,15.62,18.17,
2014-01-23,13.77,15.33,16.59,23.31,135.71,62.2,80.44,56.259381924758316,1.25,3.92,16.01,18.79,
2014-01-24,18.14,18.84,20.71,28.26,131.61,63.5,80.46,38.48723033926146,1.27,4.08,17.54,19.46,-0.54
2014-01-27,17.42,18.87,21.77,29.43,128.73,64.2,80.5,38.138954814816756,1.27,4.09,18.38,20.89,
2014-01-28,15.8,17.65,20.01,29.51,128.3,64.5,80.57,43.31785872353881,1.27,4.08,18.71,20.83,
2014-01-29,17.35,18.69,21.52,30.92,126.71,64.5,80.51,36.898828295616354,1.28,4.15,17.45,20.81,
2014-01-30,17.29,18.65,21.33,28.38,127.91,,81.09,40.18085347965938,1.28,4.12,17.97,19.76,
2014-01-31,18.41,18.97,22.9,28.9,128.37,64.7,81.27,36.86021975428705,1.3,4.21,18.62,20.35,-0.34
2014-02-03,21.44,21.44,27.19,31.16,126.17,,81.01,26.268848414878136,1.32,4.28,19.15,21.65,
2014-02-04,19.11,20.1,25.13,29.13,127.26,66.8,81.12,31.47127836769475,1.31,4.31,18.51,21.47,
2014-02-05,19.95,21.15,25.8,29.23,127.79,,81.03,29.732834106220125,1.31,4.28,18.52,20.65,
2014-02-06,17.23,19.48,24.28,27.26,124.68,67.2,80.89,38.94770074405236,1.29,4.21,17.93,19.65,
2014-02-07,15.29,16.71,21.43,26.47,129.01,64.7,80.69,47.90630278442379,1.29,4.2,16.59,19.03,-0.37
2014-02-10,15.26,16.53,21.0,26.5,126.26,62.3,80.67,47.984824269446705,1.28,4.16,17.08,19.18,
2014-02-11,14.51,15.84,19.9,25.13,126.7,61.5,80.63,53.813380399380044,1.27,4.08,16.81,19.05,
2014-02-12,14.3,15.93,19.16,25.54,127.84,61.0,80.68,53.51311691402683,1.26,4.01,16.23,19.23,
2014-02-13,14.14,15.49,18.71,24.6,128.57,58.1,80.29,54.47699256165995,1.26,4.07,16.13,19.0,
2014-02-14,13.57,14.8,18.34,23.97,129.25,57.3,80.13,57.309304742981965,1.25,4.03,16.26,17.95,-0.7
2014-02-17,,,,,,,,,1.25,4.03,,,
2014-02-18,13.87,15.23,18.68,25.29,124.25,56.0,80.01,57.10584109842726,1.25,4.01,16.28,18.43,
2014-02-19,15.5,16.32,20.46,25.22,129.12,57.3,80.17,51.351956789888185,1.24,3.95,16.48,18.35,
2014-02-20,14.79,15.91,19.35,24.25,134.37,58.7,80.29,54.574566115955214,1.24,3.92,16.07,17.59,
2014-02-21,14.68,15.81,19.2,23.45,138.79,58.4,80.24,55.24353831822901,1.24,3.9,15.73,17.9,-0.59
2014-02-24,14.23,15.24,18.72,23.24,134.47,57.4,80.21,60.03043554888201,1.23,3.85,15.94,18.16,
2014-02-25,13.67,15.15,18.39,23.8,121.92,56.8,80.15,60.67190885385321,1.22,3.84,15.86,18.47,
2014-02-26,14.35,15.29,18.52,23.9,132.22,57.8,80.41,58.93063699743632,1.23,3.84,16.46,18.48,
2014-02-27,14.04,14.79,18.1,23.44,137.24,58.1,80.29,61.8499118622969,1.23,3.83,15.75,18.81,
2014-02-28,14.0,15.01,19.52,25.04,137.17,57.7,79.78,61.05579774375881,1.22,3.81,16.07,18.71,-0.67
2014-03-03,16.0,16.85,20.78,27.98,129.12,57.8,80.07,53.92728368524613,1.23,3.87,17.05,20.9,
2014-03-04,14.1,15.41,19.16,24.81,131.65,63.2,80.16,65.0434696420732,1.22,3.79,16.75,19.88,
2014-03-05,13.89,15.22,18.77,24.25,126.62,60.8,80.11,65.04015682066517,1.22,3.78,16.58,20.29,
2014-03-06,14.21,14.94,18.88,24.42,133.46,61.0,79.68,66.04058064728527,1.21,3.78,16.31,19.96,
2014-03-07,14.11,15.23,18.66,25.65,130.49,58.2,79.72,64.34354204845523,1.21,3.79,15.82,20.01,-0.64
2014-03-10,14.2,15.52,19.24,26.02,131.35,55.7,79.75,62.36776025099789,1.21,3.82,15.83,20.33,
2014-03-11,14.8,15.78,20.1,26.11,130.08,55.51,79.77,59.22249273116679,1.22,3.82,16.14,20.67,
2014-03-12,14.47,15.54,19.73,25.45,132.33,55.1,79.61,58.304723618738166,1.23,3.87,16.67,20.9,
2014-03-13,16.22,17.47,20.96,27.29,127.66,57.48,79.62,49.11564412823619,1.24,3.92,17.3,20.83,
2014-03-14,17.82,18.89,21.83,28.06,112.66,62.84,79.44,43.96095852513603,1.25,3.96,18.32,21.7,-0.57
2014-03-17,15.64,17.47,20.53,26.5,143.27,61.8,79.39,50.763030220170606,1.24,3.9,17.87,20.34,
2014-03-18,14.52,15.93,18.79,24.37,129.37,59.21,79.41,55.72569336224703,1.24,3.87,17.37,20.25,
2014-03-19,15.12,16.23,19.05,25.03,129.37,65.6,79.99,54.309187570856814,1.21,3.74,17.59,19.88,
2014-03-20,14.52,16.18,19.08,23.53,134.02,60.8,80.21,56.13293721163883,1.21,3.79,16.91,19.69,
2014-03-21,15.0,17.35,19.38,24.51,132.82,60.8,80.11,51.894425446966764,1.2,3.76,16.43,19.46,-0.62
2014-03-24,15.09,18.12,20.14,24.5,132.7,58.7,79.93,48.33910181402812,1.2,3.75,17.53,19.52,
2014-03-25,14.02,17.12,19.99,23.07,121.81,58.34,79.94,51.760938831221694,1.19,3.73,17.16,19.19,
2014-03-26,14.93,18.14,21.12,23.58,119.05,57.8,79.98,46.48847485566164,1.19,3.75,17.32,19.17,
2014-03-27,14.62,18.49,21.17,23.45,117.96,59.4,80.11,44.84163451491023,1.19,3.77,17.6,19.28,
2014-03-28,14.41,18.09,21.0,23.38,124.98,61.9,80.18,47.233618086387715,1.17,3.73,17.48,19.15,-0.64
2014-03-31,13.88,18.12,20.17,22.56,123.25,61.8,80.1,50.54970795654286,1.19,3.77,17.37,19.26,
2014-04-01,13.1,16.74,18.5,21.09,128.08,61.5,80.08,55.19513040882183,1.17,3.73,16.65,19.61,
2014-04-02,13.09,16.37,18.13,20.63,127.3,66.3,80.22,56.73241003413427,1.16,3.66,16.19,19.79,
2014-04-03,13.37,16.96,19.08,19.89,128.13,65.2,80.47,54.23640388087553,1.16,3.64,16.01,18.45,
2014-04-04,13.96,18.79,20.61,21.29,126.61,58.8,80.42,46.938626909249614,1.16,3.68,15.81,18.28,-0.63
2014-04-07,15.57,20.05,21.93,21.71,123.92,58.8,80.22,38.75643202940753,1.15,3.72,15.95,18.64,
2014-04-08,14.89,19.11,21.0,21.94,124.34,55.9,79.75,42.3502296099385,1.15,3.73,15.99,18.89,
2014-04-09,13.82,17.72,20.15,21.31,130.79,54.7,79.48,48.50906215484537,1.15,3.74,14.83,18.55,
2014-04-10,15.89,20.59,22.47,22.93,125.11,55.4,79.38,36.467129213829764,1.15,3.77,15.06,18.72,
2014-04-11,17.03,22.65,23.62,23.02,122.59,58.6,79.45,30.96535699317164,1.16,3.82,15.19,18.39,-0.53
2014-04-14,16.11,21.77,23.47,22.61,122.59,59.2,79.73,33.5505267147436,1.16,3.76,15.34,18.71,
2014-04-15,15.61,21.91,23.32,24.01,129.24,59.2,79.8,34.66998720366522,1.16,3.75,16.1,18.71,
2014-04-16,14.18,20.41,21.35,22.62,125.43,58.0,79.82,41.06685790183109,1.15,3.73,15.44,18.9,
2014-04-17,13.36,19.39,19.97,21.92,127.93,59.5,79.83,44.160614992024506,1.14,3.68,15.96,18.93,
2014-04-18,,,,,,,,,,,,,-0.62
2014-04-21,13.25,18.53,19.85,22.07,119.11,56.8,79.95,46.336394161948924,1.13,3.67,16.22,18.28,
2014-04-22,13.19,17.18,18.95,21.39,126.51,57.1,79.91,49.80346715468198,1.13,3.65,16.19,18.81,
2014-04-23,13.27,16.9,19.12,21.3,126.11,56.6,79.86,48.29041885698514,1.13,3.68,15.61,18.46,
2014-04-24,13.32,17.17,19.69,20.73,126.11,57.8,79.8,48.944829130535986,1.13,3.66,15.86,18.36,
2014-04-25,14.06,18.59,21.39,21.6,121.95,,79.77,43.33142673891562,1.14,3.69,16.07,18.88,-0.73
2014-04-28,13.97,18.74,21.74,21.91,123.69,59.1,79.68,43.02856989696962,1.14,3.68,15.56,19.14,
2014-04-29,13.71,18.33,21.79,20.66,123.44,59.9,79.81,44.934161235871166,1.14,3.66,15.31,19.19,
2014-04-30,13.41,17.68,20.17,19.74,124.53,58.9,79.49,45.50248259522092,1.14,3.71,15.52,19.37,
2014-05-01,13.25,17.15,20.1,19.35,124.9,58.84,79.53,44.90776060154296,1.14,3.75,15.15,18.44,
2014-05-02,12.91,17.03,20.04,18.51,124.13,55.3,79.52,45.11757828446166,1.14,3.73,14.85,17.8,-0.67
2014-05-05,13.29,16.78,20.42,19.48,123.56,55.3,79.49,47.11615537533776,1.13,3.74,15.51,18.55,
2014-05-06,13.8,17.09,21.02,19.64,121.18,58.7,79.14,43.95136833911185,1.13,3.72,15.02,17.96,
2014-05-07,13.4,17.4,20.93,19.22,123.27,57.3,79.22,44.76580001827926,1.13,3.74,15.4,17.71,
2014-05-08,13.43,17.42,21.38,18.49,123.93,,79.43,43.5681281091589,1.13,3.75,14.87,17.49,
2014-05-09,12.92,16.52,19.53,18.6,125.6,56.1,79.9,47.98355654081971,1.13,3.74,14.76,17.0,-0.68
2014-05-12,12.23,15.49,17.96,16.75,125.28,56.2,79.9,54.770464389690495,1.13,3.7,14.04,16.65,
2014-05-13,12.13,15.37,18.18,15.74,124.3,56.1,80.14,53.34596937919626,1.13,3.7,13.61,16.86,
2014-05-14,12.17,15.16,19.14,16.65,122.75,,80.07,49.900675515513456,1.13,3.73,13.76,16.72,
2014-05-15,13.17,16.06,19.85,17.34,123.6,55.7,80.0,43.54137120762636,1.13,3.78,14.57,15.94,
2014-05-16,12.44,15.25,19.42,16.93,127.23,58.7,80.04,46.87376780977939,1.13,3.77,14.04,15.42,-0.71
2014-05-19,12.42,15.1,18.47,16.31,128.18,58.2,79.99,48.78274227178912,1.13,3.76,14.23,15.9,
2014-05-20,12.96,15.34,19.61,17.74,127.47,60.0,80.04,44.925923193288,1.13,3.77,14.07,16.2,
2014-05-21,11.91,14.5,19.27,17.22,123.89,59.1,80.1,50.55253686971028,1.13,3.77,14.36,16.38,
2014-05-22,12.03,14.2,18.6,16.07,123.68,58.2,80.25,51.79856429416281,1.13,3.78,13.98,16.05,
2014-05-23,11.36,13.45,17.69,15.58,125.13,58.2,80.39,55.23174774731592,1.13,3.78,14.52,15.89,-0.72
2014-05-26,,,,,,,,,1.13,3.78,,,
2014-05-27,11.51,13.72,17.83,16.87,123.64,56.8,80.35,55.24159317049489,1.12,3.76,16.21,16.1,
2014-05-28,11.68,14.04,18.24,17.07,124.18,55.2,80.57,52.365746073528676,1.13,3.8,15.8,16.02,
2014-05-29,11.57,13.84,17.95,16.71,125.81,56.4,80.49,54.52253629871376,1.12,3.78,15.01,15.55,
2014-05-30,11.4,13.77,17.74,17.6,124.23,58.3,80.37,54.822550018827855,1.12,3.67,15.34,15.61,-0.78
2014-06-02,11.58,14.33,18.75,18.01,123.33,59.7,80.64,55.472438612594814,1.12,3.61,15.55,15.52,
2014-06-03,11.87,14.35,19.18,18.27,121.79,60.9,80.55,56.38101242377001,1.12,3.59,15.05,15.53,
2014-06-04,12.08,14.21,18.95,18.26,121.48,64.9,80.67,57.76106148870587,1.12,3.59,14.79,15.41,
2014-06-05,11.68,13.66,17.7,17.94,122.21,65.1,80.37,60.25554689219679,1.12,3.59,14.15,15.14,
2014-06-06,10.73,13.21,17.09,16.33,122.88,59.3,80.41,63.74962177141456,1.1,3.53,13.22,14.5,-0.79
2014-06-09,11.15,13.79,18.01,16.83,124.67,57.3,80.65,63.5180389688408,1.09,3.5,12.77,14.67,
2014-06-10,10.99,13.57,17.91,16.51,125.38,56.9,80.82,63.30385256963216,1.08,3.46,12.37,14.74,
2014-06-11,11.6,13.37,18.17,16.83,126.71,55.4,80.79,61.15248297179629,1.09,3.46,12.36,14.67,
2014-06-12,12.56,13.85,18.27,17.33,127.82,,80.58,55.53744954748051,1.09,3.5,12.91,19.17,
2014-06-13,12.18,13.61,18.04,16.81,127.78,58.4,80.58,58.32264096763649,1.09,3.47,12.52,19.47,-0.81
2014-06-16,12.65,13.7,18.09,17.76,127.67,,80.47,56.90675975664486,1.09,3.43,12.41,19.52,
2014-06-17,12.06,13.51,17.92,17.66,130.18,58.4,80.63,59.703339630745916,1.08,3.39,12.53,17.4,
2014-06-18,10.61,12.65,16.38,16.52,129.53,59.4,80.58,64.05273832134615,1.09,3.41,12.11,17.28,
2014-06-19,10.62,12.51,15.98,15.95,138.61,55.5,80.32,64.62084889070346,1.08,3.39,14.48,18.05,
2014-06-20,10.85,12.27,15.84,15.08,143.26,54.9,80.37,63.92950506894037,1.08,3.36,12.79,18.84,-0.82
2014-06-23,10.98,12.3,16.42,15.69,139.41,54.6,80.26,63.69078307887823,1.07,3.35,12.93,18.05,
2014-06-24,12.13,12.61,17.56,15.76,134.65,53.9,80.33,57.085145379639854,1.06,3.37,12.96,17.93,
2014-06-25,11.59,12.54,17.17,15.06,131.82,54.1,80.22,59.89665597273159,1.07,3.43,12.92,17.7,
2014-06-26,11.63,12.2,17.05,15.18,132.81,53.25,80.23,58.422951604543385,1.07,3.47,12.76,16.97,
2014-06-27,11.26,12.03,16.47,14.91,135.36,53.3,80.04,59.501402454170936,1.08,3.48,12.64,16.44,-0.81
2014-06-30,11.57,12.21,16.41,15.11,139.35,52.7,79.78,58.324192193551056,1.09,3.53,14.01,16.52,
2014-07-01,11.15,11.98,16.41,14.23,139.36,53.25,79.82,63.63436610650965,1.09,3.5,13.74,16.24,
2014-07-02,10.82,11.59,16.49,14.21,140.37,59.6,79.96,66.43737559482325,1.08,3.46,13.89,15.87,
2014-07-03,10.32,11.36,15.97,13.71,142.28,56.9,80.21,68.21914918081977,1.08,3.44,12.99,15.59,
2014-07-04,,,,,,,,,1.08,3.44,,,-0.78
2014-07-07,11.33,12.44,17.74,13.92,137.76,55.05,80.22,61.94687157895743,1.07,3.44,12.99,16.36,
2014-07-08,11.98,13.74,18.19,15.05,134.2,54.97,80.18,54.775307171349596,1.07,3.48,12.83,16.31,
2014-07-09,11.65,13.22,17.97,14.62,135.8,55.17,79.99,56.69887442232359,1.08,3.51,13.05,16.36,
2014-07-10,12.59,14.13,19.05,15.0,134.43,55.6,80.13,51.970732311348485,1.09,3.62,12.91,16.46,
2014-07-11,12.08,13.66,18.8,14.37,138.74,54.8,80.19,53.408997549938924,1.08,3.61,13.27,17.26,-0.73
2014-07-14,11.82,13.59,18.49,13.74,139.94,54.4,80.19,55.82661912764843,1.08,3.57,14.23,18.1,
2014-07-15,11.96,14.33,18.84,14.8,136.92,54.0,80.39,54.45488958311239,1.08,3.6,14.73,17.96,
2014-07-16,11.0,13.38,18.82,14.17,134.86,52.9,80.56,55.83508701810978,1.08,3.63,14.67,16.88,
2014-07-17,14.54,15.85,20.8,17.33,131.65,54.5,80.52,39.6011018769131,1.09,3.74,15.52,17.87,
2014-07-18,12.06,13.4,18.92,15.7,141.19,54.4,80.52,50.36251178594411,1.09,3.78,14.35,17.39,-0.67
2014-07-21,12.81,14.17,19.44,16.01,138.75,53.85,80.56,46.85288502697214,1.09,3.8,14.69,16.97,
2014-07-22,12.24,13.26,18.39,15.42,136.37,53.8,80.78,50.57040561756029,1.09,3.79,14.62,17.1,
2014-07-23,11.52,12.91,18.35,15.6,132.55,53.4,80.81,53.53162008308838,1.09,3.77,14.07,16.73,
2014-07-24,11.84,13.08,18.48,15.94,133.8,54.26,80.87,54.826104424982674,1.09,3.72,14.33,15.95,
2014-07-25,12.69,13.36,18.75,16.57,135.26,54.43,81.03,48.53387140757256,1.09,3.75,14.68,16.67,-0.7
2014-07-28,12.56,13.84,19.38,16.75,135.02,54.08,81.03,48.1172448913409,1.08,3.74,14.55,16.37,
2014-07-29,13.28,14.2,19.54,17.38,132.35,53.8,81.21,44.547516087790584,1.09,3.8,15.05,16.79,
2014-07-30,13.33,13.93,19.06,17.96,130.54,55.89,81.42,46.68571153470565,1.09,3.79,14.85,17.11,
2014-07-31,16.95,16.82,22.22,20.56,128.71,56.46,81.46,31.439070559646545,1.1,4.04,15.46,18.78,
2014-08-01,17.03,17.26,22.39,20.76,128.93,52.26,81.3,27.778756307597963,1.12,4.25,14.37,19.39,-0.57
2014-08-04,15.12,16.08,21.29,19.63,126.86,52.3,81.33,34.78178323036474,1.12,4.24,14.17,18.92,
2014-08-05,16.87,17.02,21.62,21.03,126.86,56.7,81.52,28.637051652453977,1.12,4.17,14.76,19.1,
2014-08-06,16.37,17.07,21.21,21.7,124.41,56.92,81.44,28.412776568888596,1.14,4.21,14.51,18.81,
2014-08-07,16.66,17.37,21.48,22.37,124.68,59.5,81.52,25.605099687290817,1.14,4.2,14.82,18.85,
2014-08-08,15.77,17.02,20.52,20.47,120.36,62.47,81.39,32.20379021906001,1.14,4.2,14.85,18.88,-0.4
2014-08-11,14.23,15.27,18.73,19.0,124.24,60.3,81.47,37.437876519835584,1.14,4.12,14.49,17.54,
2014-08-12,14.13,15.13,18.86,18.89,123.69,59.37,81.5,37.77084919596238,1.14,4.07,14.35,17.55,
2014-08-13,12.9,13.81,17.94,17.94,126.93,58.8,81.6,42.30653835513837,1.14,4.03,13.53,17.19,
2014-08-14,12.42,12.95,17.09,17.15,132.46,58.5,81.59,46.41203151803355,1.14,3.97,12.55,17.86,
2014-08-15,13.15,13.37,17.64,17.5,135.43,60.4,81.42,42.330192392761695,1.14,3.97,13.33,18.59,-0.68
2014-08-18,12.32,12.85,16.55,15.86,138.46,61.69,81.58,49.1614021881726,1.13,3.89,13.46,19.52,
2014-08-19,12.21,12.66,16.42,15.19,138.69,62.0,81.88,51.33597261205556,1.13,3.85,13.43,19.38,
2014-08-20,11.78,12.66,16.69,15.33,135.46,62.8,82.25,53.821150227100006,1.13,3.79,13.51,17.96,
2014-08-21,11.76,12.5,16.18,15.28,135.75,60.2,82.15,53.11025340331339,1.12,3.81,13.84,17.25,
2014-08-22,11.47,12.23,16.13,14.84,135.1,59.84,82.34,52.52629975331019,1.12,3.79,13.46,16.51,-0.74
2014-08-25,11.7,12.45,16.43,14.51,135.42,57.2,82.55,53.05803955699801,1.12,3.77,13.55,16.92,
2014-08-26,11.63,12.34,15.94,14.5,133.54,56.45,82.65,54.10536104724541,1.11,3.78,13.24,16.68,
2014-08-27,11.78,12.34,16.04,14.42,135.41,56.9,82.43,52.23672740108748,1.11,3.81,12.72,16.47,
2014-08-28,12.05,12.65,16.49,15.37,137.95,59.8,82.48,51.783368819148244,1.12,3.82,12.9,16.52,
2014-08-29,12.09,12.71,16.43,15.4,127.01,60.49,82.75,52.70112212468241,1.12,3.84,12.85,16.68,-0.67
2014-09-01,,,,,,,,,1.12,3.84,,,
2014-09-02,12.25,12.98,16.79,16.09,131.72,61.35,82.99,54.22731017820114,1.12,3.8,14.05,18.34,
2014-09-03,12.36,13.56,17.39,16.49,131.55,64.9,82.87,52.40951947423863,1.12,3.83,13.44,18.49,
2014-09-04,12.64,13.78,17.71,16.74,130.15,64.9,83.82,53.2882857200006,1.12,3.85,14.01,18.95,
2014-09-05,12.09,13.24,16.88,16.05,137.49,60.3,83.76,56.15247051167165,1.12,3.93,13.27,18.52,-0.62
2014-09-08,12.66,13.66,16.73,16.89,132.91,60.0,84.23,53.12950549259439,1.12,3.92,14.47,20.43,
2014-09-09,13.5,14.53,17.86,18.44,136.88,61.5,84.28,47.32151121975034,1.12,3.93,15.36,19.68,
2014-09-10,12.88,14.12,17.62,18.64,130.53,63.2,84.25,50.83703716025285,1.13,4.01,15.89,20.49,
2014-09-11,12.8,14.03,16.79,19.23,132.72,62.8,84.3,51.02892089378399,1.14,4.05,16.42,20.63,
2014-09-12,13.31,14.67,17.92,20.04,127.37,65.6,84.24,49.28372778235923,1.14,4.03,17.86,19.53,-0.52
2014-09-15,14.12,16.19,18.98,20.9,127.09,66.1,84.26,44.776018623691705,1.14,4.06,16.5,20.17,
2014-09-16,12.73,14.92,18.26,20.44,126.81,67.1,84.07,50.168233540889815,1.15,4.1,16.58,18.93,
2014-09-17,12.65,13.85,17.41,18.82,138.13,62.3,84.7,53.19581765042369,1.14,4.05,17.14,19.18,
2014-09-18,12.03,13.51,16.99,18.0,142.1,62.0,84.32,55.33630232826788,1.14,3.98,15.5,18.98,
2014-09-19,12.11,13.8,17.24,17.4,146.08,59.8,84.8,52.2188760169505,1.13,3.97,16.9,18.56,-0.53
2014-09-22,13.69,15.51,19.26,19.13,139.85,58.0,84.67,43.61094317404347,1.14,4.02,16.44,19.98,
2014-09-23,14.93,16.46,20.18,19.34,132.46,57.4,84.66,35.90169270640849,1.14,4.13,16.65,20.73,
2014-09-24,13.27,15.25,18.97,18.6,126.9,58.3,85.05,42.215078758905975,1.15,4.18,17.21,19.8,
2014-09-25,15.64,18.12,20.46,20.26,132.24,59.1,85.2,26.48138202690137,1.16,4.33,17.99,20.07,
2014-09-26,14.85,16.85,19.39,20.29,130.49,64.5,85.64,32.96450265912305,1.17,4.4,17.84,19.42,-0.37
2014-09-29,15.98,18.03,20.26,22.52,131.67,62.3,85.59,27.57354281172352,1.19,4.51,17.17,19.86,
2014-09-30,16.31,18.26,21.49,21.95,127.73,64.2,85.94,27.27291314320817,1.2,4.4,18.83,21.52,
2014-10-01,16.71,19.21,21.64,23.66,123.17,64.3,85.97,17.75662571360023,1.21,4.45,18.73,22.38,
2014-10-02,16.16,18.63,21.23,22.9,125.35,66.2,85.6,21.0892155553299,1.22,4.42,18.2,23.36,
2014-10-03,14.55,17.54,20.02,21.13,122.53,62.5,86.69,27.632150529510536,1.21,4.29,19.13,24.22,-0.32
2014-10-06,15.46,17.98,20.89,20.67,126.96,60.4,85.71,25.435861986493393,1.2,4.26,17.6,24.62,
2014-10-07,17.2,19.17,21.99,22.1,120.85,65.3,85.67,13.761809213643867,1.2,4.37,17.56,25.09,
2014-10-08,15.11,17.26,20.68,21.28,128.08,65.0,85.3,24.117604824431847,1.22,4.48,17.5,25.28,
2014-10-09,18.76,19.77,23.35,23.08,123.58,66.5,85.52,8.873853557029411,1.22,4.52,17.86,27.72,
2014-10-10,21.24,22.62,24.35,24.64,130.82,68.7,85.91,2.5907209439765064,1.23,4.66,18.11,30.03,-0.3
2014-10-13,24.64,25.72,25.46,26.37,130.36,,85.43,0.6566394841598618,1.23,4.66,17.69,31.32,
2014-10-14,22.79,25.0,24.54,25.71,127.78,74.6,85.82,1.2871116097596254,1.24,4.83,17.98,37.23,
2014-10-15,25.27,27.05,25.49,31.9,111.31,101.3,85.15,1.6794192935516823,1.29,5.08,20.04,36.36,
2014-10-16,25.2,26.73,26.22,29.64,127.97,90.1,85.0,2.4476829758740597,1.29,4.98,19.68,34.09,
2014-10-17,21.99,23.13,25.48,27.34,131.71,82.9,85.19,3.682352026023144,1.28,4.68,18.08,31.16,0.14
2014-10-20,18.57,20.32,22.96,25.49,120.62,79.2,84.95,11.684171910937401,1.28,4.68,17.27,29.36,
2014-10-21,16.08,18.22,20.87,23.18,129.18,78.9,85.31,25.666775564720684,1.28,4.5,17.01,27.14,
2014-10-22,17.87,19.96,22.6,22.83,127.04,77.2,85.74,18.073307655225157,1.27,4.44,16.58,30.68,
2014-10-23,16.53,18.78,20.94,22.12,128.77,80.4,85.84,27.385849219188795,1.27,4.38,16.91,31.78,
2014-10-24,16.11,17.93,20.85,21.09,125.57,81.61,85.73,29.684474504007675,1.27,4.38,16.24,31.27,-0.46
2014-10-27,16.04,17.94,20.86,20.05,123.77,77.6,85.5,28.51539907037816,1.27,4.41,16.49,32.44,
2014-10-28,14.39,16.6,19.66,20.31,127.56,74.7,85.41,36.772450193526495,1.27,4.39,16.3,30.11,
2014-10-29,15.15,16.78,19.91,20.38,124.18,73.0,85.95,36.71999549594355,1.26,4.32,16.75,28.93,
2014-10-30,14.52,16.61,19.63,19.93,121.02,69.56,86.15,39.11636978775393,1.27,4.35,18.08,30.45,
2014-10-31,14.03,15.81,19.33,18.87,124.75,68.7,86.88,43.18971753909884,1.27,4.3,21.54,30.52,-0.48
2014-11-03,14.73,16.42,20.32,20.48,124.64,67.45,87.31,42.65622490881751,1.27,4.29,21.1,31.84,
2014-11-04,14.89,16.58,20.39,20.37,124.19,68.6,86.98,40.510988981106834,1.28,4.35,20.1,33.13,
2014-11-05,14.17,16.34,20.0,20.52,125.66,72.9,87.44,41.78623260811004,1.28,4.32,23.38,31.39,
2014-11-06,13.67,15.68,19.36,20.87,124.93,69.1,88.01,48.10043932896085,1.29,4.3,23.18,30.34,
2014-11-07,13.12,14.71,18.15,18.75,127.08,66.6,87.64,48.662248201710995,1.3,4.36,21.38,29.47,-0.44
2014-11-10,12.67,14.3,17.74,18.48,130.51,66.55,87.81,53.11342613627646,1.29,4.32,22.23,30.72,
2014-11-11,12.92,14.32,17.65,18.58,127.11,,87.53,53.855661835634386,1.29,4.32,21.43,30.79,
2014-11-12,13.02,14.33,17.67,19.11,125.71,66.8,87.82,53.36615942216255,1.3,4.33,21.29,30.71,
2014-11-13,13.79,14.55,18.86,19.21,128.96,67.0,87.67,52.10706264588701,1.31,4.37,20.98,33.12,
2014-11-14,13.31,15.16,18.65,18.55,128.68,67.0,87.53,50.53959086597496,1.32,4.43,23.36,32.99,-0.44
2014-11-17,13.99,15.53,19.05,19.6,123.69,66.9,87.93,48.746624634098886,1.33,4.46,23.37,34.39,
2014-11-18,13.86,15.38,19.01,19.25,132.03,69.2,87.58,47.96745455177953,1.34,4.53,23.97,33.17,
2014-11-19,13.96,15.71,19.65,18.95,124.66,70.0,87.65,49.112286029053905,1.35,4.57,24.26,33.14,
2014-11-20,13.58,14.87,18.24,19.2,136.35,69.2,87.59,49.20599842800617,1.35,4.61,21.5,33.64,
2014-11-21,12.9,14.71,18.46,17.52,138.46,67.0,88.31,50.43413869626276,1.34,4.54,21.23,34.92,-0.31
2014-11-24,12.62,14.25,17.59,18.42,140.18,64.4,88.15,52.38512297220039,1.34,4.54,20.64,36.28,
2014-11-25,12.25,14.12,17.68,17.23,126.27,64.6,87.92,50.63968476507634,1.34,4.54,20.67,37.49,
2014-11-26,12.07,13.64,17.47,17.88,139.86,64.7,87.61,51.16535780885772,1.34,4.56,21.24,36.02,
2014-11-27,,,,,,,,,1.33,4.56,,,
2014-11-28,13.33,14.74,19.96,19.3,131.89,66.6,88.36,45.057474124082766,1.35,4.67,25.17,36.44,-0.41
2014-12-01,14.16,16.57,21.68,20.49,127.95,67.3,87.95,38.80459239271502,1.36,4.82,22.33,37.49,
2014-12-02,12.85,15.66,20.2,20.2,121.64,,88.65,45.49267213075536,1.36,4.82,21.29,38.57,
2014-12-03,12.5,15.08,19.32,19.84,134.44,65.8,88.96,48.225177621417444,1.37,4.81,20.62,36.16,
2014-12-04,12.38,14.98,19.43,19.68,128.73,64.6,88.7,46.55894760711099,1.37,4.83,20.3,35.39,
2014-12-05,11.89,14.37,18.53,18.21,131.41,64.8,89.33,48.749045934790225,1.37,4.77,20.02,34.2,-0.29
2014-12-08,14.21,16.03,20.58,19.68,137.62,62.8,89.04,40.07447199381125,1.38,4.87,19.55,39.68,
2014-12-09,15.35,16.43,19.85,21.38,136.69,66.57,88.69,37.693908512038035,1.4,5.06,20.09,38.53,
2014-12-10,18.53,19.47,22.79,22.93,130.88,68.2,88.27,25.51781256498968,1.42,5.21,19.27,42.21,
2014-12-11,20.08,20.4,23.41,23.65,130.73,,88.66,24.545889459072956,1.43,5.25,19.11,44.95,
2014-12-12,21.08,22.51,24.4,24.24,131.47,,88.36,16.801491476311522,1.45,5.47,19.66,49.77,-0.02
2014-12-15,20.42,22.08,24.28,25.68,135.12,77.6,88.46,16.407598405239984,1.47,5.52,20.95,57.55,
2014-12-16,23.57,24.06,26.04,26.63,131.21,80.7,88.13,10.2895724195528,1.51,5.71,22.08,55.77,
2014-12-17,19.44,20.86,22.53,25.63,125.48,72.42,89.13,20.916953947205382,1.5,5.48,20.9,56.75,
2014-12-18,16.81,17.23,20.72,22.5,126.24,71.17,89.24,35.44509477627158,1.47,5.15,19.28,57.45,
2014-12-19,16.49,16.89,20.03,20.61,138.63,70.7,89.6,37.7323024703964,1.46,5.09,18.68,54.84,0.08
2014-12-22,15.25,16.56,19.8,20.23,136.61,70.08,89.77,39.22051612973506,1.44,5.03,20.26,54.82,
2014-12-23,14.8,16.81,19.01,19.59,136.93,68.8,90.06,42.437069596888705,1.43,4.94,19.76,53.97,
2014-12-24,14.37,16.47,18.49,19.47,135.65,68.9,89.97,42.79851203448287,1.43,4.93,19.37,54.88,
2014-12-25,,,,,,,,,,,,,
2014-12-26,14.5,16.27,18.76,18.8,135.03,55.4,90.03,43.103395980891655,1.43,4.93,18.92,54.68,-0.49
2014-12-29,15.06,16.8,19.15,20.49,127.6,69.2,90.19,42.79851277640168,1.43,4.96,20.15,53.63,
2014-12-30,15.92,16.97,19.86,20.86,136.39,69.0,89.99,40.405992628049184,1.43,4.98,19.48,51.17,
2014-12-31,19.2,19.64,22.68,22.26,133.84,68.9,90.27,31.960051446508402,1.44,5.04,20.08,50.24,
2015-01-01,,,,,,,,,,,,,
2015-01-02,17.79,19.2,22.42,21.65,128.66,70.0,91.08,31.664261752416937,1.45,5.08,20.23,54.25,-0.11
2015-01-05,19.92,20.72,24.11,24.23,127.79,71.5,91.38,20.06584701984342,1.46,5.21,21.26,57.67,
2015-01-06,21.12,21.85,24.98,24.74,125.27,84.9,91.5,14.897312560288473,1.48,5.37,20.78,56.45,
2015-01-07,19.31,20.16,23.21,23.51,123.56,85.2,91.89,21.160403707103907,1.49,5.31,20.35,53.25,
2015-01-08,17.01,18.15,20.94,22.28,124.77,85.2,92.37,31.93656612304777,1.47,5.17,19.2,50.96,
2015-01-09,17.55,18.4,21.29,21.14,121.69,80.6,91.94,29.744735250926542,1.48,5.2,18.44,50.07,0.14
2015-01-12,19.6,19.87,21.65,22.34,121.09,81.9,91.98,23.476658544720724,1.49,5.27,17.65,53.13,
2015-01-13,20.56,20.71,22.42,21.74,122.2,83.0,92.31,22.78296257343816,1.5,5.28,17.63,53.78,
2015-01-14,21.48,21.41,22.19,23.96,132.66,85.3,92.16,19.829315065166,1.52,5.39,18.52,53.17,
2015-01-15,22.39,22.72,24.3,24.07,120.77,85.3,92.35,14.787825206056862,1.53,5.42,21.83,57.77,
2015-01-16,20.95,21.22,23.14,21.37,131.39,92.6,92.52,19.835147655497334,,,22.66,56.44,0.14
2015-01-19,,,,,,,,,1.53,5.39,,,
2015-01-20,19.89,20.69,23.37,21.59,123.63,90.6,93.05,18.52381519803207,1.53,5.39,23.43,57.99,
2015-01-21,18.85,20.02,23.14,20.54,134.3,88.3,92.9,21.968868310441366,1.52,5.36,22.34,55.09,
2015-01-22,16.4,17.08,20.26,19.36,139.13,85.1,94.24,31.260767552384223,1.51,5.27,21.25,56.4,
2015-01-23,16.66,17.06,20.8,18.13,132.09,89.9,95.0,28.932922923607023,1.5,5.3,20.62,57.62,-0.02
2015-01-26,15.52,16.97,19.73,18.3,135.02,85.3,94.8,31.796089119804087,1.49,5.26,20.04,56.65,
2015-01-27,17.22,19.22,20.9,19.04,128.43,86.2,94.02,24.932964540894453,1.5,5.29,20.16,54.23,
2015-01-28,20.44,21.39,23.26,21.36,123.76,86.4,94.47,16.632392375968607,1.51,5.31,19.31,55.18,
2015-01-29,18.76,19.48,22.06,21.75,130.45,86.6,94.78,23.012212159140933,1.51,5.28,20.25,54.69,
2015-01-30,20.97,21.59,24.37,24.34,125.36,,94.8,17.344166801778137,1.53,5.26,19.65,58.62,-0.0
2015-02-02,19.43,20.79,23.36,24.33,129.98,88.1,94.5,22.083551656800736,1.53,5.26,20.33,57.84,
2015-02-03,17.33,18.81,21.63,22.18,129.78,92.7,93.6,33.636416145023865,1.51,5.11,20.3,59.68,
2015-02-04,18.33,19.16,22.33,22.42,126.2,92.3,93.99,32.29480631409597,1.5,5.05,20.36,62.73,
2015-02-05,16.85,18.18,21.33,21.83,127.54,93.0,94.7,37.39847275913467,1.49,4.99,20.06,63.14,
2015-02-06,17.29,18.41,21.47,21.69,125.62,93.7,94.7,36.83899398444559,1.46,4.78,20.59,60.83,-0.18
2015-02-09,18.55,19.12,22.08,22.72,129.85,95.1,94.45,34.885421178669205,1.45,4.8,20.3,56.0,
2015-02-10,17.23,17.46,21.05,21.88,126.51,95.35,94.76,41.84604472158849,1.45,4.75,19.71,59.29,
2015-02-11,16.96,17.39,20.85,22.16,128.39,94.2,94.99,41.998385136280824,1.45,4.76,20.07,60.23,
2015-02-12,15.34,16.1,19.41,19.78,129.95,91.6,94.09,47.90826515417463,1.43,4.74,19.31,58.69,
2015-02-13,14.69,15.15,18.3,18.82,126.04,91.4,94.2,53.00674869445727,1.43,4.71,18.49,55.53,-0.26
2015-02-16,,,,,,,,,1.43,4.69,,,
2015-02-17,15.8,15.96,19.03,20.28,127.42,91.8,94.06,51.69795222120575,1.41,4.57,19.61,56.33,
2015-02-18,15.45,15.9,18.56,20.14,127.42,91.4,94.2,51.01120100046503,1.4,4.62,19.54,55.97,
2015-02-19,15.29,15.44,18.05,19.46,131.3,98.5,94.4,51.75903256898754,1.39,4.58,18.62,55.75,
2015-02-20,14.3,14.67,17.36,17.41,125.24,98.3,94.25,53.77680896207605,1.38,4.53,19.26,54.0,-0.25
2015-02-23,14.56,14.87,17.2,17.9,134.66,97.7,94.57,52.642831676324775,1.38,4.56,19.4,58.67,
2015-02-24,13.69,14.26,16.8,17.1,136.26,94.1,94.49,53.252215831117255,1.38,4.58,18.77,56.27,
2015-02-25,13.84,14.38,16.26,17.19,136.33,91.5,94.21,54.90960430830134,1.39,4.54,17.4,54.93,
2015-02-26,13.91,14.33,16.26,17.42,126.2,90.5,95.29,56.53863739720963,1.37,4.43,16.65,56.46,
2015-02-27,13.34,14.62,16.67,16.54,126.4,91.4,95.25,53.881561499137256,1.32,4.46,15.91,55.85,-0.23
2015-03-02,13.04,14.27,16.27,16.63,126.01,90.2,95.46,59.97769742346081,1.31,4.38,16.38,54.92,
2015-03-03,13.86,14.98,16.94,17.16,123.09,91.8,95.38,56.56568968215069,1.3,4.38,16.76,53.05,
2015-03-04,14.23,15.59,17.28,18.13,127.89,90.7,95.97,53.42694012933852,1.31,4.44,16.66,48.92,
2015-03-05,14.04,15.22,16.65,18.24,127.26,89.3,96.38,54.423404035418834,1.31,4.46,16.9,47.09,
2015-03-06,15.2,16.75,17.85,19.15,124.65,86.6,97.62,49.95463452993988,1.29,4.42,18.43,48.96,-0.27
2015-03-09,15.06,16.44,17.89,19.87,124.16,84.0,97.59,50.66071450238359,1.3,4.51,17.58,48.99,
2015-03-10,16.69,18.02,19.06,21.44,123.53,84.4,98.62,42.73609416438618,1.32,4.66,18.97,50.92,
2015-03-11,16.87,18.42,18.6,20.57,123.72,85.0,99.8,40.405561154258514,1.32,4.61,20.01,49.17,
2015-03-12,15.42,17.15,17.69,19.92,121.53,85.6,99.15,46.88979605519152,1.33,4.62,19.07,49.59,
2015-03-13,16.0,17.55,17.96,21.14,120.6,86.1,100.33,43.7298652203368,1.34,4.68,18.9,54.56,-0.12
2015-03-16,15.61,16.91,17.71,20.99,122.83,84.8,99.6,47.03814602805628,1.35,4.72,19.14,56.93,
2015-03-17,15.66,16.6,17.44,20.84,125.44,86.3,99.59,45.37825816630713,1.37,4.79,20.83,59.85,
2015-03-18,13.97,14.99,16.22,18.63,128.51,85.7,98.55,50.11093233131546,1.38,4.91,18.65,53.65,
2015-03-19,14.07,14.71,15.84,19.9,127.95,87.8,99.1,49.36845741308048,1.38,4.79,17.25,53.82,
2015-03-20,13.02,13.82,15.0,17.58,131.09,86.5,97.91,52.8433815607744,1.38,4.81,17.21,50.84,-0.14
2015-03-23,13.41,14.44,15.24,17.57,127.12,84.9,97.03,51.05923185257931,1.38,4.82,17.26,49.32,
2015-03-24,13.62,14.62,15.52,17.06,126.82,83.7,97.19,48.46314713024362,1.38,4.81,16.84,47.94,
2015-03-25,15.44,17.33,17.86,18.89,122.96,84.2,96.98,40.036740939709524,1.38,4.76,16.38,47.03,
2015-03-26,15.8,17.5,18.17,19.95,122.86,86.2,97.44,40.28188534113133,1.38,4.74,16.02,49.58,
2015-03-27,15.07,16.89,18.0,19.16,121.8,86.2,97.29,41.19856925803752,1.38,4.76,15.83,52.84,-0.21
2015-03-30,14.51,16.06,17.31,18.48,122.69,86.4,97.98,45.393945065617,1.38,4.73,16.64,51.98,
2015-03-31,15.29,17.29,17.98,19.07,120.35,86.1,98.36,41.84438453611626,1.36,4.82,16.34,53.72,
2015-04-01,15.11,17.35,17.53,19.26,120.76,85.6,98.19,40.078919864352365,1.37,4.86,16.04,50.9,
2015-04-02,14.67,16.72,17.2,18.53,119.92,84.3,97.44,42.821036826169845,1.36,4.82,16.01,49.84,
2015-04-03,,,,,,,,,,,,,-0.19
2015-04-06,14.74,16.58,17.12,19.01,120.05,79.0,97.11,46.000979985881536,1.36,4.8,15.74,48.33,
2015-04-07,14.78,16.39,17.26,18.49,121.34,77.8,97.83,44.665785804404145,1.34,4.72,15.2,46.25,
2015-04-08,13.98,15.45,16.21,19.94,124.24,80.0,98.07,49.0834685783576,1.34,4.67,14.79,48.1,
2015-04-09,13.09,14.7,16.11,20.49,125.87,78.8,99.16,52.630950495948696,1.33,4.62,15.0,46.65,
2015-04-10,12.58,14.1,15.46,18.76,127.22,77.8,99.39,53.954788130463996,1.32,4.6,14.23,43.04,-0.37
2015-04-13,13.94,15.45,16.85,19.44,117.46,75.8,99.49,50.625859213604144,1.32,4.6,14.79,44.2,
2015-04-14,13.67,15.46,16.33,18.63,123.64,74.8,98.76,49.2108331685956,1.32,4.62,15.18,44.65,
2015-04-15,12.84,14.63,15.53,18.16,119.71,73.0,98.33,52.531040308595095,1.33,4.58,14.6,46.14,
2015-04-16,12.6,14.5,15.33,17.47,120.37,72.4,97.42,51.48137328853391,1.33,4.61,14.54,43.48,
2015-04-17,13.89,16.03,16.86,19.38,122.24,74.4,97.52,44.64500126150831,1.33,4.66,14.47,42.0,-0.36
2015-04-20,13.3,14.86,16.3,19.44,124.16,73.5,97.94,49.290215787443636,1.33,4.6,15.39,42.06,
2015-04-21,13.25,14.93,16.41,19.3,122.77,72.9,97.98,49.2681502467718,1.32,4.57,15.04,41.04,
2015-04-22,12.71,14.68,16.02,18.76,124.07,72.9,98.02,53.04363371612544,1.31,4.53,15.79,39.01,
2015-04-23,12.48,14.22,15.81,18.89,123.26,73.2,97.28,55.76317429433874,1.32,4.55,15.87,37.98,
2015-04-24,12.29,14.2,15.87,18.62,119.95,71.6,96.92,57.55292260358458,1.32,4.56,16.39,36.61,-0.4
2015-04-27,13.12,15.18,17.31,19.23,122.84,71.0,96.77,54.38948484430706,1.32,4.55,16.42,37.46,
2015-04-28,12.41,14.88,17.06,18.73,124.02,72.9,96.09,55.638141401542846,1.32,4.52,16.19,37.31,
2015-04-29,13.39,15.47,18.32,19.14,125.36,73.9,95.12,55.449373535489016,1.32,4.53,15.95,36.68,
2015-04-30,14.55,16.51,19.42,19.98,115.96,75.3,94.6,50.18270590435676,1.34,4.59,16.76,36.28,
2015-05-01,12.7,15.07,18.41,18.3,122.37,78.9,95.3,57.364659433978545,1.33,4.53,17.29,35.62,-0.38
2015-05-04,12.85,15.15,17.91,18.07,121.68,81.1,95.48,58.16741929523897,1.33,4.51,17.62,36.2,
2015-05-05,14.31,16.66,18.86,19.74,122.22,87.7,95.13,52.66181152893208,1.33,4.48,17.15,36.24,
2015-05-06,15.15,17.79,19.05,20.98,119.74,91.0,94.13,50.023607061199456,1.33,4.5,17.53,36.88,
2015-05-07,15.13,17.37,18.97,20.87,120.73,89.6,94.62,50.13548777434552,1.33,4.55,17.91,38.13,
2015-05-08,12.86,15.38,17.53,18.21,122.93,80.9,94.79,56.91975997459459,1.34,4.53,15.84,35.09,-0.32
2015-05-11,13.85,15.56,17.15,17.63,115.96,84.1,95.01,56.75794529572114,1.32,4.45,15.94,34.86,
2015-05-12,13.86,15.96,17.11,19.29,123.92,87.4,94.53,55.4346690914235,1.33,4.56,15.63,33.74,
2015-05-13,13.76,15.62,16.96,18.32,126.04,85.6,93.62,55.279309040962225,1.33,4.51,15.93,34.33,
2015-05-14,12.74,14.31,15.85,17.41,127.63,83.2,93.36,59.04899334119334,1.33,4.52,16.21,32.63,
2015-05-15,12.38,13.89,15.32,15.99,127.56,83.2,93.14,59.73412350139084,1.33,4.55,15.48,29.95,-0.3
2015-05-18,12.73,13.95,15.55,17.51,126.91,88.2,94.19,61.5658482821343,1.32,4.49,15.81,30.63,
2015-05-19,12.85,14.15,15.62,17.52,126.28,87.67,95.27,62.341310472598394,1.32,4.46,15.88,34.82,
2015-05-20,12.88,14.0,15.3,16.79,125.01,87.65,95.45,61.45423885921121,1.33,4.49,15.25,33.7,
2015-05-21,12.11,13.38,15.3,16.63,121.11,86.1,95.26,62.10423007093546,1.34,4.51,14.62,31.61,
2015-05-22,12.13,13.23,15.25,15.87,124.86,87.67,96.01,61.63416685694286,1.34,4.47,14.19,31.29,-0.3
2015-05-25,,,,,,,,,,,,,
2015-05-26,14.06,15.15,17.02,19.13,123.06,85.36,97.3,54.303128849245454,1.34,4.51,15.22,34.66,
2015-05-27,13.27,13.96,15.77,18.47,123.6,84.0,97.37,58.29503164441701,1.35,4.48,14.08,35.29,
2015-05-28,13.31,14.22,15.98,18.97,125.37,82.7,96.97,58.33410313348118,1.36,4.5,14.51,34.2,
2015-05-29,13.84,14.75,16.56,18.71,122.5,82.7,96.91,56.56206827986334,1.38,4.58,13.99,33.74,-0.2
2015-06-01,13.97,14.98,16.58,19.48,122.43,83.55,97.39,57.49987033039961,1.38,4.52,14.88,35.3,
2015-06-02,14.24,15.46,16.63,18.82,121.17,87.5,95.84,57.86573344635454,1.38,4.49,14.86,35.74,
2015-06-03,13.66,15.03,16.15,18.62,124.59,91.81,95.47,62.13664508134878,1.38,4.46,15.15,37.4,
2015-06-04,14.71,15.79,17.23,20.2,121.98,92.21,95.46,57.00691099029618,1.39,4.56,16.01,38.42,
2015-06-05,14.21,15.77,16.51,19.73,119.62,88.9,96.31,58.479179027208225,1.38,4.56,15.12,33.54,-0.19
2015-06-08,15.29,16.94,17.59,20.56,118.33,87.6,95.3,53.316209491552385,1.38,4.61,15.14,34.04,
2015-06-09,14.47,16.49,17.25,20.21,119.4,87.2,95.17,55.024524520040565,1.39,4.66,14.83,33.01,
2015-06-10,13.22,15.07,16.12,18.08,120.83,89.8,94.65,61.7474653493167,1.4,4.6,14.37,31.79,
2015-06-11,12.85,14.64,15.69,17.88,125.32,87.8,94.98,61.646554323356675,1.4,4.62,14.3,31.76,
2015-06-12,13.78,15.16,16.13,18.68,119.26,87.7,94.97,57.092130635949935,1.4,4.63,13.99,31.51,-0.21
2015-06-15,15.39,16.34,17.27,20.11,119.25,86.0,94.81,53.028109516430995,1.42,4.71,14.34,32.55,
2015-06-16,14.81,16.0,16.88,20.31,120.23,85.7,95.0,54.48757427955981,1.43,4.77,14.36,32.39,
2015-06-17,14.5,15.41,16.75,18.9,119.09,82.4,94.3,55.94984143253452,1.43,4.76,13.58,32.83,
2015-06-18,13.19,13.88,15.78,18.21,120.17,82.6,94.04,62.20785848915772,1.44,4.71,13.53,31.59,
2015-06-19,13.96,14.61,16.23,17.52,119.5,84.7,94.09,58.003933128019,1.44,4.73,13.26,30.4,-0.17
2015-06-22,12.74,13.83,14.93,17.05,120.52,84.4,94.33,63.71515874263722,1.43,4.62,13.85,30.06,
2015-06-23,12.11,13.52,14.6,16.21,122.78,84.2,95.43,66.8037474932731,1.43,4.62,13.89,29.69,
2015-06-24,13.26,14.24,15.68,17.9,119.52,82.7,95.26,60.96105050123725,1.44,4.66,13.83,29.6,
2015-06-25,14.01,14.85,15.75,18.1,122.68,83.32,95.19,59.112456676617505,1.44,4.67,13.12,29.26,
2015-06-26,14.02,15.33,16.18,18.94,123.07,84.3,95.47,60.09729134401448,1.43,4.65,13.22,29.01,-0.32
2015-06-29,18.85,19.81,20.5,22.16,124.54,89.8,94.79,42.30739144554854,1.46,4.91,14.5,33.64,
2015-06-30,18.23,19.34,20.06,21.42,123.88,92.3,95.49,45.609741823494424,1.48,5.0,15.34,32.43,
2015-07-01,16.09,17.56,18.94,21.27,120.14,90.3,96.31,51.97815283734812,1.46,4.88,14.86,34.11,
2015-07-02,16.79,17.66,19.92,20.61,121.52,88.0,96.11,51.543117220222605,1.46,4.91,14.42,33.8,
2015-07-03,,,,,,,,,1.46,4.91,,,0.07
2015-07-06,17.01,17.91,19.72,22.56,118.68,86.18,96.3,48.65351043550364,1.47,5.07,14.25,40.01,
2015-07-07,16.09,17.34,19.4,23.35,117.37,90.5,96.87,50.4397482269463,1.49,5.13,15.23,40.54,
2015-07-08,19.66,20.07,21.65,29.47,118.25,89.4,96.29,38.68043772859837,1.5,5.21,15.78,42.2,
2015-07-09,19.97,20.32,21.73,27.43,120.34,89.3,96.61,40.13872253436035,1.5,5.11,15.47,42.04,
2015-07-10,16.83,17.92,19.4,24.16,118.52,90.2,96.03,50.625594370119934,1.49,4.97,14.42,41.22,-0.02
2015-07-13,13.9,15.02,15.95,20.88,121.57,84.7,96.86,60.22874166057603,1.48,4.93,13.43,38.08,
2015-07-14,13.37,14.27,15.36,19.29,123.11,80.8,96.64,62.38433184932667,1.49,4.94,13.25,36.31,
2015-07-15,13.23,14.17,15.53,19.09,123.06,79.1,97.13,61.164399356708,1.5,4.93,14.35,37.25,
2015-07-16,12.11,12.59,14.12,17.78,124.67,76.0,97.66,64.77457225192332,1.5,4.91,14.05,35.92,
2015-07-17,11.95,12.93,14.46,17.64,127.91,74.21,97.86,62.99144153515464,1.5,4.95,16.32,34.68,-0.34
2015-07-20,12.25,14.03,14.93,18.47,125.06,72.8,98.03,62.02531389538419,1.5,4.96,19.73,36.39,
2015-07-21,12.22,14.49,15.35,17.83,124.9,72.4,97.33,59.1870149269856,1.51,5.06,19.56,34.97,
2015-07-22,12.12,14.17,14.86,18.05,130.42,72.1,97.6,57.84404041870296,1.52,5.16,19.59,37.66,
2015-07-23,12.64,14.16,16.1,18.41,123.18,72.6,97.12,55.25950614034554,1.53,5.21,19.39,38.46,
2015-07-24,13.74,15.85,17.24,20.44,126.32,73.0,97.24,50.279330909426406,1.54,5.32,19.27,39.0,-0.19
2015-07-27,15.6,17.49,18.92,24.7,126.67,72.2,96.5,44.437939781653014,1.55,5.49,20.06,41.15,
2015-07-28,13.44,15.51,17.09,21.67,123.52,71.9,96.77,54.0759603846909,1.56,5.44,18.4,39.94,
2015-07-29,12.5,14.96,16.05,20.11,121.03,69.71,96.98,58.52552826602589,1.56,5.33,17.22,38.59,
2015-07-30,12.13,14.44,15.69,21.16,122.06,71.2,97.56,59.01569944998089,1.56,5.26,17.07,37.33,
2015-07-31,12.12,14.59,15.39,21.04,124.2,75.8,97.37,57.34693723195268,1.58,5.36,16.79,38.82,-0.1
2015-08-03,12.56,15.18,16.22,23.07,119.32,74.7,97.49,54.362364232552245,1.58,5.45,17.58,40.91,
2015-08-04,13.0,15.67,16.43,22.6,119.79,80.47,97.93,53.84328083733848,1.58,5.41,17.24,40.12,
2015-08-05,12.51,15.13,16.07,22.15,119.1,80.7,97.96,56.46994868976463,1.58,5.29,17.74,40.18,
2015-08-06,13.77,16.9,17.67,23.57,126.09,80.3,97.83,49.75963257933294,1.59,5.4,17.25,41.54,
2015-08-07,13.39,16.9,18.15,22.67,117.82,76.2,97.56,47.32178637673127,1.6,5.52,16.59,41.17,-0.15
2015-08-10,12.23,15.87,17.4,22.33,121.54,75.3,97.16,53.408970076751736,1.61,5.51,16.41,40.99,
2015-08-11,13.71,17.45,18.86,25.12,124.37,78.1,97.29,45.625958810738645,1.62,5.67,16.53,42.16,
2015-08-12,13.61,17.24,18.79,26.61,119.97,81.5,96.26,46.21372224512624,1.64,5.79,16.8,42.4,
2015-08-13,13.49,16.95,18.54,25.82,119.96,80.0,96.45,46.676544713643295,1.64,5.66,15.84,43.23,
2015-08-14,12.83,16.41,18.04,24.39,119.37,77.1,96.57,48.35374319012471,1.64,5.52,15.59,40.92,-0.05
2015-08-17,13.02,15.55,17.43,25.13,120.27,76.1,96.82,50.40985793671492,1.64,5.58,15.4,40.35,
2015-08-18,13.79,16.0,18.12,25.67,124.34,82.7,96.97,50.04104428690652,1.64,5.56,15.84,39.48,
2015-08-19,15.25,17.36,19.25,27.29,122.14,81.5,96.46,44.926351275857,1.66,5.68,15.96,41.29,
2015-08-20,19.14,21.61,22.81,30.02,118.76,84.6,95.75,30.254981839765488,1.67,5.75,16.87,42.58,
2015-08-21,28.03,30.2,29.5,33.3,,88.5,94.83,19.01449395744472,1.69,5.86,18.48,44.66,0.17
2015-08-24,40.74,42.95,39.63,55.17,129.46,94.5,93.31,14.00250175117181,1.72,6.14,21.26,50.11,
2015-08-25,36.02,38.32,35.52,44.65,126.78,91.1,94.53,15.40630431733552,1.72,5.9,20.2,49.0,
2015-08-26,30.32,31.37,29.53,36.79,124.35,92.0,95.1,19.895226974610093,1.72,5.91,20.03,46.87,
2015-08-27,26.1,28.46,27.07,32.62,126.31,91.4,95.61,25.15652254129411,1.7,5.8,18.74,49.03,
2015-08-28,26.05,28.75,26.74,37.18,130.38,91.1,96.11,25.598129300777984,1.69,5.72,18.8,51.56,0.67
2015-08-31,28.43,29.92,27.71,37.14,129.36,87.7,95.95,24.239671723582433,1.69,5.7,19.34,54.37,
2015-09-01,31.4,32.95,30.75,42.92,125.35,88.7,95.45,19.06124883021111,1.7,5.78,19.65,57.51,
2015-09-02,26.09,28.41,26.69,37.92,125.35,93.1,95.83,24.37337651575101,1.69,5.73,18.65,53.75,
2015-09-03,25.61,28.1,26.6,37.43,132.43,91.4,96.41,24.739320841425045,1.68,5.7,18.57,50.44,
2015-09-04,27.8,28.92,27.37,41.72,142.19,86.8,96.23,21.281787772296315,1.68,5.74,18.62,49.29,0.28
2015-09-07,,,,,,,,,1.68,5.74,,,
2015-09-08,24.9,26.56,25.21,37.38,132.37,85.2,95.88,29.644913461616113,1.67,5.64,18.31,50.14,
2015-09-09,26.23,27.51,26.53,35.12,137.03,85.1,96.01,26.465831997046976,1.67,5.59,17.8,49.5,
2015-09-10,24.37,26.44,25.6,35.61,131.42,83.6,95.46,30.41009424672512,1.67,5.58,16.89,50.05,
2015-09-11,23.2,25.02,24.31,35.53,118.18,83.8,95.19,32.751422249443806,1.67,5.62,17.38,49.63,0.18
2015-09-14,24.25,25.44,25.68,35.24,142.93,82.7,95.25,30.816963440114282,1.67,5.62,17.63,49.81,
2015-09-15,22.54,24.02,23.97,33.97,136.0,85.0,95.61,36.59236083590196,1.66,5.54,17.69,51.14,
2015-09-16,21.35,22.58,22.62,31.65,142.16,84.9,95.42,39.55966462099878,1.66,5.59,18.05,50.24,
2015-09-17,21.14,22.63,22.2,28.68,137.49,77.7,94.55,38.51434412097833,1.66,5.71,16.63,45.34,
2015-09-18,22.28,23.6,23.7,31.3,119.47,75.8,94.86,34.021372050444185,1.66,5.8,16.46,45.84,0.19
2015-09-21,20.14,22.5,22.41,29.66,135.45,74.5,95.89,40.443350677995866,1.66,5.77,16.59,47.51,
2015-09-22,22.44,24.58,24.17,31.79,135.94,75.6,96.28,36.520330922834646,1.67,5.98,17.35,48.9,
2015-09-23,22.13,23.78,23.57,32.11,136.71,69.2,96.07,37.41338207204875,1.68,5.98,17.34,51.12,
2015-09-24,23.47,24.72,23.74,33.94,134.03,76.4,95.99,31.527135592507072,1.7,6.14,19.26,49.44,
2015-09-25,23.62,25.16,24.5,32.81,135.16,75.9,96.27,29.283020656824952,1.7,6.15,18.33,47.71,0.42
2015-09-28,27.63,28.99,27.54,36.29,134.18,76.9,96.03,17.287701396880898,1.74,6.48,18.28,49.46,
2015-09-29,26.83,28.94,27.75,36.11,136.71,83.3,95.89,18.119941909760247,1.77,6.6,17.67,49.32,
2015-09-30,24.5,26.82,25.44,33.32,113.9,81.6,96.35,28.26139193523744,1.78,6.62,17.47,45.52,
2015-10-01,22.55,25.58,24.54,32.02,124.81,81.5,96.19,28.876646255276675,1.79,6.67,16.9,44.61,
2015-10-02,20.94,23.71,23.13,30.63,115.75,78.9,95.83,33.01108007600472,1.8,6.83,16.71,42.86,0.69
2015-10-05,19.54,22.82,22.09,28.59,132.83,77.5,96.11,41.04328871896581,1.78,6.62,16.68,43.03,
2015-10-06,19.4,22.65,22.54,28.42,129.32,80.3,95.46,39.00209076454582,1.77,6.52,17.54,44.14,
2015-10-07,18.4,21.78,21.13,28.09,132.39,80.0,95.5,43.19740809095388,1.75,6.32,17.13,43.26,
2015-10-08,17.42,20.91,20.27,26.97,136.69,79.5,95.32,46.92269539395074,1.74,6.26,16.91,43.28,
2015-10-09,17.08,20.5,20.03,26.9,134.66,78.2,94.81,46.88079686627963,1.73,6.13,16.92,42.8,0.07
2015-10-12,16.17,19.01,18.53,25.81,148.92,,94.84,47.67084808031005,1.73,6.13,16.24,44.9,
2015-10-13,17.67,20.15,20.13,27.54,133.81,76.3,94.76,43.92188535868168,1.73,6.24,17.14,45.37,
2015-10-14,18.03,20.71,20.64,27.2,135.82,74.8,93.93,41.035981444948575,1.74,6.31,18.35,42.7,
2015-10-15,16.05,18.07,17.87,24.94,151.22,74.6,94.37,47.358946652687074,1.73,6.26,17.9,41.99,
2015-10-16,15.05,17.2,18.01,23.52,135.04,74.7,94.54,50.684458816843936,1.72,6.18,16.59,39.58,0.15
2015-10-19,14.98,16.86,18.07,24.03,139.92,71.0,94.96,51.06562307711933,1.72,6.16,16.94,40.74,
2015-10-20,15.75,17.95,18.38,23.95,140.7,71.1,94.85,51.44216275078015,1.71,6.06,16.79,41.72,
2015-10-21,16.7,18.98,20.1,24.29,133.07,69.7,95.05,47.81097817004443,1.7,6.07,15.9,41.77,
2015-10-22,14.45,15.63,18.32,22.66,121.02,70.0,96.34,53.624915978337896,1.69,6.1,15.59,40.22,
2015-10-23,14.46,16.6,17.96,22.43,135.62,70.8,97.07,56.98750313041405,1.67,5.97,15.59,41.51,0.03
2015-10-26,15.29,17.75,19.01,23.77,132.29,69.7,96.86,57.33123652163742,1.66,6.0,15.78,42.99,
2015-10-27,15.43,17.92,19.79,24.34,132.17,69.8,96.91,55.64224980509621,1.67,6.07,15.3,44.77,
2015-10-28,14.33,16.94,18.25,24.5,134.43,70.3,97.78,59.5081720320645,1.66,5.97,15.63,44.29,
2015-10-29,14.61,17.17,19.14,24.49,134.64,73.1,97.28,60.324421598206015,1.65,5.89,15.77,43.63,
2015-10-30,15.07,17.3,19.31,22.52,125.77,73.1,96.95,58.385160858024875,1.66,5.9,15.39,41.95,-0.01
2015-11-02,14.15,16.56,19.04,21.37,138.78,73.2,96.93,61.26270379863309,1.65,5.84,15.28,41.88,
2015-11-03,14.54,16.77,19.11,21.41,137.4,73.3,97.16,62.85644952832378,1.64,5.77,17.19,41.27,
2015-11-04,15.51,17.22,19.57,22.12,134.44,77.6,97.95,60.4367555903503,1.63,5.73,18.02,41.54,
2015-11-05,15.05,17.2,19.41,22.29,135.21,76.7,97.94,59.724419805776726,1.62,5.8,17.82,39.29,
2015-11-06,14.33,16.36,18.18,22.8,137.75,74.3,99.16,62.133959116507995,1.61,5.82,17.36,39.85,-0.08
2015-11-09,16.52,18.03,20.25,24.49,134.34,,98.98,57.62263654049029,1.61,5.94,17.55,41.34,
2015-11-10,15.29,17.32,19.18,24.09,132.24,70.5,99.29,59.36513668229977,1.61,6.02,17.36,39.34,
2015-11-11,16.06,17.72,19.72,23.75,132.44,,99.01,57.83979295650599,1.61,6.02,17.89,41.92,
2015-11-12,18.37,18.92,21.25,24.62,136.93,,98.65,51.43963922040489,1.62,6.13,18.47,43.93,
2015-11-13,20.08,21.24,23.15,25.92,139.5,68.3,98.99,44.57522890175307,1.63,6.24,18.29,46.26,0.13
2015-11-16,18.16,18.79,21.12,24.15,131.77,67.7,99.44,50.139726522377885,1.63,6.28,18.5,47.44,
2015-11-17,18.84,19.34,21.19,24.0,136.97,72.3,99.63,49.55944483673375,1.62,6.19,20.17,46.63,
2015-11-18,16.85,17.76,19.31,22.49,136.86,71.7,99.65,55.49992062736207,1.63,6.2,19.4,43.53,
2015-11-19,16.99,17.94,19.28,22.54,139.17,70.5,98.99,52.0663627231265,1.62,6.28,18.04,43.75,
2015-11-20,15.47,17.03,18.39,21.13,126.86,70.5,99.57,54.8513494662878,1.62,6.32,17.26,44.93,0.1
2015-11-23,15.62,17.31,18.07,21.49,139.51,70.8,99.8,53.94403365853013,1.62,6.35,17.7,45.84,
2015-11-24,15.93,17.48,17.53,21.62,138.17,70.9,99.53,53.90623668163752,1.63,6.41,16.72,47.17,
2015-11-25,15.19,16.98,16.79,21.95,139.45,70.0,99.8,53.761294534220305,1.63,6.37,16.39,48.46,
2015-11-26,,,,,,,,,1.63,6.37,,,
2015-11-27,15.12,17.13,16.89,23.44,137.66,69.6,100.02,53.630517127327785,1.63,6.38,17.16,48.28,0.04
2015-11-30,16.13,18.1,18.18,24.25,127.25,69.9,100.17,51.92944220860602,1.62,6.4,16.91,48.14,
2015-12-01,14.67,17.15,17.46,23.71,135.57,71.0,99.8,53.70199684285266,1.62,6.4,16.62,49.28,
2015-12-02,15.91,17.83,18.06,24.22,132.66,72.3,99.99,50.14899116939525,1.63,6.34,17.36,51.96,
2015-12-03,18.11,19.72,20.05,24.53,135.26,74.6,97.62,47.20621515516002,1.62,6.32,17.76,50.65,
2015-12-04,14.81,16.66,17.46,22.94,136.31,71.3,98.35,53.134412316097,1.62,6.37,15.96,45.44,0.12
2015-12-07,15.84,17.6,19.39,24.26,136.77,70.56,98.66,48.95762831081646,1.63,6.51,16.23,49.0,
2015-12-08,17.6,18.84,20.39,26.37,131.25,72.7,98.47,45.474018223592196,1.65,6.65,16.12,50.34,
2015-12-09,19.61,20.45,21.38,27.6,134.26,72.4,97.35,42.25892882122001,1.66,6.72,17.39,51.53,
2015-12-10,19.34,20.11,20.59,26.25,134.94,72.3,97.94,43.3814406897031,1.67,6.71,17.07,51.23,
2015-12-11,24.39,24.38,23.64,30.43,146.53,75.0,97.57,31.978831663410453,1.71,7.1,18.16,54.29,0.46
2015-12-14,22.73,23.11,23.78,29.37,140.92,78.2,97.6,35.726925061084636,1.74,7.33,19.05,55.36,
2015-12-15,20.95,21.51,22.08,28.09,143.35,79.6,98.22,40.20730673836583,1.74,7.09,18.09,50.03,
2015-12-16,17.86,18.79,20.0,24.84,135.5,70.2,97.87,47.06517884412255,1.73,6.98,15.41,47.64,
2015-12-17,18.94,20.28,20.57,24.19,131.2,67.7,99.27,39.3192089174111,1.73,7.01,16.06,47.45,
2015-12-18,20.7,21.5,20.9,25.04,,67.8,98.7,33.852327491410605,1.74,7.2,15.06,49.43,0.54
2015-12-21,18.7,20.22,20.25,24.34,125.18,66.4,98.46,36.29715129957883,1.75,7.25,15.32,49.18,
2015-12-22,16.6,18.38,18.71,23.2,133.63,66.9,98.24,41.63162653584451,1.74,7.15,15.17,48.84,
2015-12-23,15.57,17.68,18.28,22.49,134.69,66.0,98.34,45.74627578352499,1.74,7.05,14.94,47.39,
2015-12-24,15.74,17.81,18.48,22.06,128.78,65.5,97.98,44.76396488830947,1.74,7.05,15.02,44.81,
2015-12-25,,,,,,,,,,,,,0.38
2015-12-28,16.91,18.87,19.51,23.61,136.29,67.2,97.92,42.736019648396315,1.74,7.07,16.06,47.0,
2015-12-29,16.08,17.84,18.32,22.85,139.26,67.2,98.1,48.33352222597183,1.73,6.96,15.22,45.27,
2015-12-30,17.29,18.88,19.31,23.43,143.0,67.3,98.27,44.70106297436978,1.72,6.95,15.25,46.01,
2015-12-31,18.21,19.63,20.61,22.91,124.43,67.8,98.63,42.32369918765159,1.73,6.95,14.99,46.57,
2016-01-01,,,,,,,,,,,,,0.31
2016-01-04,20.7,22.42,22.89,26.53,140.0,68.8,98.87,36.516643834820925,1.73,7.1,16.07,49.79,
2016-01-05,19.34,21.56,21.82,25.28,135.07,71.42,99.4,36.36085494624558,1.73,7.03,15.2,49.68,
2016-01-06,20.59,22.48,22.3,26.34,,71.68,99.18,31.637992709419812,1.74,7.11,16.3,52.36,
2016-01-07,24.99,26.77,25.99,32.59,135.94,74.21,98.22,21.471872759037428,1.75,7.24,17.42,56.15,
2016-01-08,27.01,28.33,27.4,34.56,138.83,71.01,98.54,17.60036529464293,1.77,7.23,17.62,56.1,0.7
2016-01-11,24.3,26.41,25.7,32.33,142.52,71.02,98.73,20.845866262986664,1.78,7.31,16.43,62.98,
2016-01-12,22.47,24.16,24.75,29.97,138.67,,98.97,25.771643332229196,1.8,7.38,16.61,65.27,
2016-01-13,25.22,27.11,27.33,30.87,145.88,74.46,98.93,15.064911508294594,1.8,7.5,16.99,60.67,
2016-01-14,23.95,25.96,26.9,30.07,138.79,73.61,99.09,20.2783173715492,1.84,7.57,16.16,57.56,
2016-01-15,27.02,29.13,29.65,35.24,145.03,78.06,98.96,10.383974227236815,1.89,7.89,17.42,62.09,0.86
2016-01-18,,,,,,,99.12,,1.89,7.9,,,
2016-01-19,26.05,29.32,29.84,33.54,137.9,77.32,98.99,12.048087833007648,1.91,7.88,16.17,64.04,
2016-01-20,27.59,30.84,30.2,36.41,134.82,81.82,99.09,9.037050709020624,1.98,8.27,16.56,67.93,
2016-01-21,26.69,30.23,29.45,35.67,132.99,80.73,99.06,12.422673893584017,1.98,8.13,16.77,65.79,
2016-01-22,22.34,25.74,25.24,31.69,133.64,77.35,99.57,21.370378882004967,1.96,7.87,15.91,61.86,0.98
2016-01-25,24.15,27.54,26.86,32.56,132.27,75.41,99.36,15.238533440357713,1.98,7.85,17.13,65.74,
2016-01-26,22.5,26.42,25.76,31.59,129.53,75.16,99.36,20.23024532660976,1.99,7.83,17.26,65.89,
2016-01-27,23.11,27.27,26.58,30.56,129.06,71.94,98.9,16.868236465453055,2.0,7.78,16.71,65.62,
2016-01-28,22.42,26.32,26.15,30.18,129.23,70.98,98.51,18.58972423973308,2.01,7.75,15.41,65.99,
2016-01-29,20.2,23.64,24.18,28.41,120.86,74.0,99.61,24.41132915106521,2.02,7.77,15.73,61.86,0.53
2016-02-01,19.98,23.06,24.81,29.22,126.38,73.46,99.0,25.644520432856233,2.02,7.79,16.81,66.63,
2016-02-02,21.98,25.08,25.97,31.73,119.83,77.49,98.87,19.574156996059543,2.06,7.98,16.2,68.59,
2016-02-03,21.65,25.05,26.01,31.59,122.04,79.62,97.29,21.843313270376964,2.08,8.03,17.84,67.71,
2016-02-04,21.84,25.35,26.21,31.56,122.69,83.76,96.47,22.761083619446083,2.08,8.03,17.39,66.78,
2016-02-05,23.38,27.65,28.53,32.79,119.01,81.67,97.03,18.40333970257832,2.09,8.1,19.58,66.67,0.71
2016-02-08,26.0,31.46,30.13,35.99,120.25,89.27,96.57,12.190371726045525,2.13,8.51,20.38,68.38,
2016-02-09,26.54,31.91,31.13,37.44,120.74,91.61,96.07,12.084778091258368,2.15,8.62,21.72,72.29,
2016-02-10,26.29,31.26,30.96,36.22,120.36,86.32,95.89,12.040245509904853,2.17,8.53,21.36,72.5,
2016-02-11,28.14,31.87,32.3,39.31,122.38,96.31,95.56,10.562721843449419,2.21,8.87,28.37,77.79,
2016-02-12,25.4,29.74,30.35,36.89,117.75,93.72,95.98,16.84248649190585,2.2,8.64,24.1,78.97,1.25
2016-02-15,,,,,,,,,2.2,8.59,,,
2016-02-16,24.11,28.67,28.65,34.29,125.77,86.82,96.87,23.276145646730203,2.19,8.45,24.84,71.53,
2016-02-17,22.31,27.19,27.0,32.69,124.99,84.79,96.79,29.098484522369855,2.17,8.21,24.53,69.47,
2016-02-18,21.64,26.6,26.05,32.15,125.33,86.12,96.95,29.095355284750188,2.16,8.17,26.37,67.49,
2016-02-19,20.53,24.91,24.53,30.9,123.61,90.1,96.6,30.434006622348242,2.15,8.23,24.88,62.46,0.57
2016-02-22,19.38,23.81,23.56,28.66,117.46,85.15,97.38,34.15347551505084,2.14,8.09,23.31,62.84,
2016-02-23,20.98,25.3,24.17,29.49,119.67,83.98,97.48,31.034929546814386,2.14,8.1,23.69,65.03,
2016-02-24,20.72,24.0,23.89,29.87,119.46,85.09,97.46,32.07243523075647,2.14,8.17,24.24,66.09,
2016-02-25,19.11,22.62,23.02,29.18,122.02,84.44,97.29,36.23436431486951,2.14,8.08,23.36,63.74,
2016-02-26,19.81,23.08,22.7,29.84,118.65,82.54,98.15,36.77116752922442,2.11,7.8,21.67,59.96,0.55
2016-02-29,20.55,23.55,23.19,28.76,117.68,83.39,98.21,33.766936304620906,2.05,7.75,22.59,60.01,
2016-03-01,17.7,20.77,20.93,26.66,119.81,84.22,98.35,43.63787082459393,2.02,7.46,21.97,56.84,
2016-03-02,17.09,20.6,20.18,25.32,122.35,83.65,98.21,45.15234631129839,1.99,7.31,22.0,53.37,
2016-03-03,16.7,20.75,19.89,24.66,125.27,81.72,97.57,45.44165809770765,1.98,7.28,23.51,52.57,
2016-03-04,16.86,20.81,20.48,25.24,125.27,78.01,97.34,45.989786692558226,1.95,7.08,22.31,51.89,0.23
2016-03-07,17.35,21.61,20.46,25.82,124.01,77.83,97.07,47.062692847080946,1.93,7.03,22.08,52.8,
2016-03-08,18.67,22.72,22.86,27.34,123.53,80.72,97.21,43.093366555615866,1.93,7.14,23.07,54.04,
2016-03-09,18.34,21.89,22.23,26.77,123.47,80.36,97.17,44.6386564827108,1.91,7.15,22.31,51.74,
2016-03-10,18.05,21.49,22.34,25.64,130.04,80.85,96.07,45.62657580367856,1.88,7.04,23.14,51.98,
2016-03-11,16.5,19.65,20.25,24.03,128.99,81.42,96.17,52.575438356991214,1.85,6.82,21.9,50.25,0.27
2016-03-14,16.92,19.57,20.08,24.75,133.3,79.12,96.62,50.48868730783313,1.81,6.74,21.14,50.17,
2016-03-15,16.84,19.46,21.04,25.78,132.45,78.47,96.63,48.35755449353913,1.8,6.84,19.7,48.98,
2016-03-16,14.99,17.8,19.37,24.02,125.42,74.16,95.89,50.292155193659696,1.8,6.94,20.03,43.98,
2016-03-17,14.44,17.65,18.83,24.07,126.65,72.41,94.76,51.781120362606295,1.78,6.82,18.99,46.22,
2016-03-18,14.02,17.2,18.14,23.39,126.75,71.26,94.99,52.95375596537744,1.76,6.71,18.15,44.98,0.16
2016-03-21,13.79,17.17,18.55,23.49,129.35,70.83,95.29,52.661254952502475,1.74,6.65,17.4,45.09,
2016-03-22,14.17,16.98,18.64,22.96,130.99,71.12,95.65,53.47676082079519,1.72,6.69,17.62,44.12,
2016-03-23,14.94,17.75,19.99,23.78,129.67,71.08,96.05,49.81881472115468,1.72,6.79,18.0,44.58,
2016-03-24,14.74,17.31,19.4,23.58,119.02,72.68,96.14,49.13829538408996,1.73,6.93,18.09,44.96,
2016-03-25,,,,,,,,,,,,,0.16
2016-03-28,15.24,18.39,19.81,24.36,127.74,74.69,95.94,48.251758957974054,1.73,6.99,17.53,45.98,
2016-03-29,13.82,16.9,18.29,24.13,132.61,72.66,95.16,51.409323751563626,1.73,7.14,19.52,46.63,
2016-03-30,13.56,16.53,18.15,23.38,128.67,70.54,94.84,51.63750407368242,1.72,7.03,18.58,46.38,
2016-03-31,13.95,16.85,18.28,22.73,122.03,68.8,94.59,50.39286904799895,1.7,7.05,18.45,45.91,
2016-04-01,13.1,15.84,17.88,22.67,124.03,67.0,94.62,51.53584851789056,1.69,7.05,18.04,47.76,0.38
2016-04-04,14.12,16.85,19.08,23.13,125.23,65.36,94.51,49.17370765029406,1.68,7.03,17.95,50.89,
2016-04-05,15.42,18.02,20.13,24.08,120.27,68.31,94.63,45.38336629560681,1.69,7.13,18.16,50.16,
2016-04-06,14.09,16.64,18.93,22.9,125.06,69.71,94.43,50.13747522089303,1.69,7.04,17.82,46.16,
2016-04-07,16.16,18.62,20.51,24.69,125.13,71.09,94.48,45.000430362267245,1.7,7.11,19.32,46.5,
2016-04-08,15.36,18.48,19.88,23.43,113.84,70.88,94.24,46.187042373451554,1.7,7.03,18.74,47.42,0.33
2016-04-11,16.26,18.59,19.38,22.59,119.13,69.77,93.95,44.73291491050056,1.69,7.0,19.58,49.04,
2016-04-12,14.85,17.48,18.34,22.64,126.17,68.78,93.96,48.55626106723145,1.68,6.87,19.09,48.78,
2016-04-13,13.84,16.26,17.14,22.93,127.13,67.49,94.74,52.69978397959362,1.66,6.71,17.96,48.79,
2016-04-14,13.72,16.6,17.62,22.59,126.23,67.52,94.9,52.7062260758987,1.64,6.6,17.83,46.37,
2016-04-15,13.62,16.05,17.41,21.93,123.1,66.49,94.7,51.57683826248151,1.64,6.62,17.41,51.27,0.09
2016-04-18,13.35,16.04,17.21,21.49,120.55,66.34,94.49,53.29734533432169,1.63,6.62,17.3,46.45,
2016-04-19,13.24,16.43,17.24,20.93,126.19,66.44,93.98,53.57817451305355,1.61,6.46,17.42,43.93,
2016-04-20,13.28,16.31,17.09,21.63,126.2,67.77,94.49,55.18002050987887,1.58,6.31,16.69,43.67,
2016-04-21,13.95,16.57,17.33,21.68,127.06,68.6,94.6,55.0844426340076,1.56,6.29,17.9,43.76,
2016-04-22,13.22,16.61,16.69,22.07,123.25,67.78,95.12,55.28584951280123,1.55,6.29,17.21,41.97,-0.03
2016-04-25,14.08,17.21,17.62,22.57,126.78,67.89,94.84,54.01058561723406,1.54,6.32,17.66,44.24,
2016-04-26,13.96,17.26,17.42,22.15,127.4,67.15,94.57,54.517554353200296,1.53,6.26,17.43,43.51,
2016-04-27,13.77,17.06,17.36,21.44,126.09,64.74,94.39,54.062866922869986,1.53,6.25,16.43,43.64,
2016-04-28,15.22,18.07,18.23,22.14,125.44,64.64,93.76,50.55572238534277,1.52,6.19,17.9,42.84,
2016-04-29,15.7,19.3,19.1,22.87,126.49,64.92,93.08,48.83176260709946,1.52,6.21,20.23,42.52,0.06
2016-05-02,14.68,18.28,18.37,23.36,127.67,64.68,92.63,52.0116865063335,1.52,6.16,19.29,45.15,
2016-05-03,15.6,19.02,19.89,25.04,125.94,68.41,92.94,49.027775542184315,1.53,6.31,18.7,45.78,
2016-05-04,16.05,19.32,19.9,25.92,124.31,68.12,93.18,46.41305223658105,1.54,6.39,19.47,44.76,
2016-05-05,15.91,19.14,20.0,25.1,123.74,68.67,93.78,46.51560228232911,1.55,6.42,18.46,44.82,
2016-05-06,14.72,17.54,18.72,24.24,120.82,65.15,93.89,48.73150845410126,1.56,6.48,18.65,42.47,0.26
2016-05-09,14.57,17.38,19.03,26.07,123.17,64.12,94.15,48.91904614688823,1.56,6.53,18.65,44.14,
2016-05-10,13.63,16.27,18.11,24.05,124.1,63.97,94.29,52.03363427699032,1.56,6.46,18.04,42.28,
2016-05-11,14.69,17.16,18.82,23.66,122.19,63.89,93.82,47.98306069941026,1.57,6.4,18.35,42.02,
2016-05-12,14.41,17.26,18.99,23.24,123.52,63.92,94.14,48.3602287338619,1.56,6.36,17.84,41.5,
2016-05-13,15.04,17.1,19.07,24.59,121.46,64.07,94.61,46.10828197092057,1.57,6.41,18.29,41.57,0.17
2016-05-16,14.68,16.37,18.29,23.85,124.13,66.94,94.57,48.754254026046745,1.56,6.3,18.49,42.03,
2016-05-17,15.57,17.6,19.83,24.17,122.96,67.12,94.55,46.35157401022105,1.56,6.26,18.17,42.75,
2016-05-18,15.95,17.41,19.78,25.36,122.22,69.85,95.08,47.701388714113,1.55,6.16,18.2,42.87,
2016-05-19,16.33,17.88,20.1,25.85,123.66,70.56,95.29,46.050668383537904,1.56,6.29,17.85,42.4,
2016-05-20,15.2,16.4,18.4,23.6,125.61,68.51,95.31,49.19607539071978,1.56,6.22,17.0,40.17,0.07
2016-05-23,15.82,16.85,19.13,23.11,124.74,67.78,95.23,48.307975371476395,1.56,6.21,16.8,39.44,
2016-05-24,14.42,15.32,17.87,22.72,124.74,69.41,95.57,52.68581877890125,1.55,6.13,16.66,38.02,
2016-05-25,13.9,15.01,17.73,22.07,127.13,67.54,95.35,54.48298448293451,1.55,6.04,15.98,35.94,
2016-05-26,13.43,14.71,17.35,21.61,129.28,66.15,95.17,54.79348340452671,1.54,6.08,15.29,36.56,
2016-05-27,13.12,14.55,16.65,21.26,129.61,66.76,95.52,56.476172896434115,1.54,6.08,15.39,35.97,-0.01
2016-05-30,,,,,,,,,1.54,6.08,,,
2016-05-31,14.19,15.25,18.05,22.45,127.7,67.91,95.89,54.855853254684106,1.54,5.97,15.83,38.08,
2016-06-01,14.2,15.39,17.77,21.97,132.46,68.75,95.46,55.0015843770111,1.54,6.01,15.92,40.0,
2016-06-02,13.63,15.15,17.32,20.91,134.15,69.56,95.56,56.14566621751379,1.54,6.0,16.05,36.64,
2016-06-03,13.47,15.03,17.42,20.44,125.04,67.59,94.03,54.1503690229029,1.56,6.09,17.45,34.81,0.12
2016-06-06,13.65,15.25,17.32,20.83,125.57,66.27,93.9,55.428643311244684,1.55,6.0,17.76,35.61,
2016-06-07,14.05,15.26,17.51,20.56,128.54,,93.83,55.66528243478548,1.54,5.92,17.29,36.19,
2016-06-08,14.08,15.27,17.51,20.19,129.23,67.92,93.59,55.00493730968409,1.54,5.82,18.76,35.17,
2016-06-09,14.64,15.68,18.18,20.98,129.31,,94.1,53.92595509936597,1.54,5.86,20.28,35.9,
2016-06-10,17.03,17.64,20.19,24.22,133.67,75.1,94.6,49.00701658908571,1.56,5.98,20.52,39.95,0.15
2016-06-13,20.97,20.61,23.47,28.29,137.49,79.57,94.37,44.51496826761171,1.57,6.07,21.11,42.72,
2016-06-14,20.5,20.43,23.02,28.29,138.02,79.1,94.93,43.5771191725846,1.59,6.19,20.63,43.07,
2016-06-15,20.14,20.19,22.55,27.27,140.91,78.67,94.61,44.173512664769795,1.6,6.18,20.68,42.58,
2016-06-16,19.37,19.83,22.18,27.28,142.5,83.54,94.57,44.893026444530975,1.61,6.32,21.95,44.49,
2016-06-17,19.41,20.25,22.45,27.22,137.94,82.58,94.21,44.91901605173808,1.6,6.21,22.52,41.35,0.56
2016-06-20,18.37,19.31,22.06,26.74,137.81,77.32,93.61,47.810870674109175,1.58,6.0,21.01,38.99,
2016-06-21,18.48,19.59,22.26,26.28,135.92,76.96,94.02,48.45674225329904,1.57,6.0,20.65,40.37,
2016-06-22,21.17,21.64,24.23,29.67,136.48,79.52,93.72,44.897854796559336,1.56,5.96,22.25,43.25,
2016-06-23,17.25,18.21,21.02,25.68,145.7,74.04,93.53,51.54208972458554,1.54,5.83,20.1,40.1,
2016-06-24,25.76,24.88,27.13,29.58,142.92,77.94,95.45,34.595308874079436,1.61,6.33,22.2,43.33,0.25
2016-06-27,23.85,24.39,27.83,29.17,136.43,81.57,96.54,29.66834365987484,1.64,6.57,22.52,42.85,
2016-06-28,18.75,20.11,23.4,25.15,153.66,78.67,96.25,38.42811490278105,1.63,6.48,20.18,40.18,
2016-06-29,16.64,18.47,21.79,24.44,136.46,71.8,95.77,44.4312434310552,1.62,6.26,19.26,38.29,
2016-06-30,15.63,17.58,20.36,23.69,140.58,72.64,96.14,46.83679967382582,1.62,6.21,18.5,38.09,
2016-07-01,14.77,16.83,19.8,22.54,128.53,74.35,95.65,48.13718834272904,1.61,6.12,18.43,36.18,0.58
2016-07-04,,,,,,,,,1.61,6.12,,,
2016-07-05,15.58,17.92,21.66,24.78,125.35,78.12,96.17,43.95806234826745,1.61,6.16,20.09,40.08,
2016-07-06,14.96,17.49,20.67,24.17,123.14,76.09,96.06,45.92748091297691,1.6,6.14,21.18,41.43,
2016-07-07,14.76,17.28,20.28,23.72,124.72,76.73,96.33,46.258772534116346,1.59,6.02,20.55,43.24,
2016-07-08,13.2,15.74,18.46,21.55,127.2,72.31,96.3,50.92503681697987,1.57,5.88,18.79,41.41,0.2
2016-07-11,13.54,15.11,17.39,20.35,125.03,69.78,96.57,53.032790455788394,1.55,5.66,18.93,42.51,
2016-07-12,13.55,15.09,17.1,20.81,126.1,71.43,96.44,56.46118325472764,1.52,5.46,17.94,39.67,
2016-07-13,13.04,15.24,17.06,20.46,127.29,71.65,96.22,55.12635541549045,1.52,5.58,17.61,43.1,
2016-07-14,12.82,14.66,17.41,21.09,128.28,73.56,96.08,57.65048509692212,1.5,5.44,17.15,38.3,
2016-07-15,12.67,14.29,16.4,20.74,129.76,74.77,96.58,57.71836777268743,1.49,5.42,16.91,36.66,-0.1
2016-07-18,12.44,14.71,16.7,20.5,125.38,72.92,96.56,58.793462029882534,1.49,5.44,16.96,38.15,
2016-07-19,11.97,14.57,16.95,20.41,129.92,70.53,97.05,57.773972177983175,1.48,5.45,16.71,37.2,
2016-07-20,11.77,14.27,16.32,20.2,128.49,70.64,97.2,59.3225499017781,1.48,5.4,17.21,37.02,
2016-07-21,12.74,14.98,17.21,20.59,128.01,71.86,97.0,57.56792242382193,1.48,5.41,17.77,38.13,
2016-07-22,12.02,14.59,16.52,19.95,128.36,69.91,97.47,58.344938029502686,1.47,5.39,17.61,38.85,0.09
2016-07-25,12.87,15.6,17.7,21.53,129.65,68.75,97.29,58.8838475105356,1.46,5.39,17.74,40.97,
2016-07-26,13.05,15.93,17.77,21.31,130.02,68.76,97.16,59.707473684084036,1.47,5.45,17.45,41.27,
2016-07-27,12.83,15.14,17.4,20.74,125.68,66.64,97.05,58.78137007837309,1.48,5.51,16.93,41.6,
2016-07-28,12.72,14.84,17.54,20.12,128.51,66.67,96.74,57.751489192398246,1.49,5.54,16.31,42.93,
2016-07-29,11.87,13.97,16.43,19.19,128.25,64.15,95.53,57.18155032505437,1.5,5.69,15.8,41.08,0.23
2016-08-01,12.44,14.52,16.97,19.78,128.01,63.67,95.71,56.820554203851096,1.5,5.69,16.28,44.22,
2016-08-02,13.37,15.41,18.18,20.99,129.25,67.85,95.06,55.37115031569852,1.5,5.73,16.45,45.7,
2016-08-03,12.86,15.18,17.6,20.53,129.99,67.79,95.56,56.484373197593335,1.51,5.72,16.18,44.64,
2016-08-04,12.42,14.47,17.22,19.61,127.06,67.1,95.76,57.07354074902587,1.51,5.65,16.06,43.1,
2016-08-05,11.39,13.77,16.14,18.36,130.6,66.59,96.19,60.015435917302824,1.49,5.46,15.6,41.5,0.35
2016-08-08,11.5,14.06,16.39,18.64,132.94,65.5,96.4,59.55033481349809,1.47,5.42,15.49,41.14,
2016-08-09,11.66,14.19,16.34,18.29,135.56,64.3,96.18,57.97457739327818,1.47,5.36,14.41,39.76,
2016-08-10,12.05,14.55,16.95,18.8,133.25,63.34,95.65,56.343728504039376,1.46,5.38,14.89,39.32,
2016-08-11,11.68,14.31,16.22,18.66,131.28,65.29,95.86,58.528092702637515,1.45,5.31,15.37,39.29,
2016-08-12,11.55,13.99,15.6,18.72,132.13,64.37,95.72,57.69769603000118,1.45,5.34,15.01,37.78,0.21
2016-08-15,11.81,14.01,15.31,18.62,134.45,63.77,95.63,59.06829674012034,1.44,5.23,14.67,37.28,
2016-08-16,12.64,14.92,16.45,19.98,132.27,63.67,94.79,57.26270412347557,1.43,5.17,16.13,37.45,
2016-08-17,12.19,14.76,16.47,19.9,136.71,63.54,94.72,56.9322082422783,1.42,5.19,15.83,35.12,
2016-08-18,11.43,14.15,15.88,18.83,134.87,63.65,94.16,58.08357513208958,1.42,5.2,14.97,36.75,
2016-08-19,11.34,13.42,15.53,19.09,136.58,64.82,94.51,58.335516769516914,1.4,5.15,15.35,34.88,0.19
2016-08-22,12.27,14.0,16.41,20.37,135.2,67.87,94.52,56.47642513773616,1.41,5.18,15.82,36.41,
2016-08-23,12.38,14.21,16.2,20.4,131.79,66.62,94.54,57.02892896627894,1.4,5.14,15.62,37.53,
2016-08-24,13.45,15.26,17.47,20.98,130.43,66.51,94.79,54.656817197671714,1.4,5.13,16.89,37.46,
2016-08-25,13.63,15.36,17.5,21.02,131.06,69.36,94.77,54.72856925142567,1.39,5.14,16.73,36.76,
2016-08-26,13.65,15.16,17.65,20.86,132.4,71.24,95.57,54.96262070130885,1.38,5.04,16.17,36.05,0.27
2016-08-29,12.94,15.0,17.38,20.12,131.3,68.61,95.58,55.431909921414295,1.38,5.1,15.95,36.72,
2016-08-30,13.12,15.11,17.46,20.5,136.14,69.11,96.05,55.71479034659251,1.38,5.07,15.99,38.03,
2016-08-31,13.42,15.34,18.03,21.55,129.25,69.08,96.02,54.015741039278545,1.39,5.1,16.01,39.5,
2016-09-01,13.48,15.39,18.02,21.27,129.83,70.25,95.65,54.08334339866055,1.39,5.12,16.25,41.22,
2016-09-02,11.98,14.32,16.47,19.51,128.4,66.46,95.88,56.55745842706401,1.39,5.09,14.58,38.64,0.28
2016-09-05,,,,,,,,,1.39,5.09,,,
2016-09-06,12.02,14.32,17.28,19.62,131.16,63.46,94.82,56.34700605837114,1.4,5.09,15.6,39.85,
2016-09-07,11.94,13.89,16.89,19.64,130.94,64.07,94.96,56.86796706322039,1.4,5.07,15.0,38.63,
2016-09-08,12.51,14.48,17.25,19.74,129.74,65.95,95.03,56.970590660550904,1.4,4.99,14.97,38.21,
2016-09-09,17.5,17.96,21.28,23.82,125.25,69.12,95.34,48.21746250346274,1.4,5.1,15.49,39.72,0.29
2016-09-12,15.16,15.31,18.7,23.38,134.18,68.91,95.1,53.748409941546605,1.42,5.18,15.2,39.16,
2016-09-13,17.85,17.95,21.35,26.56,131.56,70.6,95.63,47.77949219254901,1.42,5.24,15.78,41.1,
2016-09-14,18.14,18.3,21.19,26.04,127.4,69.23,95.33,47.639918384303336,1.43,5.26,15.32,42.47,
2016-09-15,16.3,16.39,19.79,24.41,130.57,69.13,95.29,52.30252755700703,1.43,5.26,15.07,40.9,
2016-09-16,15.37,15.14,18.51,23.38,,69.21,96.11,52.30249213668805,1.43,5.27,14.78,39.86,0.5
2016-09-19,15.53,16.11,18.91,23.31,125.81,69.23,95.84,52.091958896640854,1.42,5.25,15.68,39.66,
2016-09-20,15.92,16.55,19.89,23.02,126.85,69.23,96.02,51.01774377686642,1.42,5.24,15.69,40.99,
2016-09-21,13.3,14.98,17.77,19.81,122.13,63.73,95.66,55.5956677721191,1.42,5.22,14.69,39.85,
2016-09-22,12.02,13.66,16.26,19.06,124.29,61.18,95.45,57.97478961396492,1.41,5.09,13.73,41.57,
2016-09-23,12.29,13.98,16.93,20.67,125.13,59.75,95.48,56.72818246185552,1.41,5.1,13.93,43.89,0.33
2016-09-26,14.5,16.44,19.2,22.76,121.72,58.85,95.31,51.35831434453366,1.42,5.16,14.98,44.9,
2016-09-27,13.1,15.09,17.88,21.22,123.74,59.23,95.44,53.72665638551709,1.43,5.18,14.53,43.88,
2016-09-28,12.39,15.03,17.37,20.77,126.85,57.62,95.43,56.05899717834154,1.43,5.14,13.98,45.24,
2016-09-29,14.02,16.23,19.07,23.72,122.67,58.85,95.54,52.56489644210865,1.43,5.09,13.86,42.05,
2016-09-30,13.29,15.45,18.29,22.12,124.58,60.56,95.46,55.87245993175458,1.43,4.97,13.88,39.31,0.31
2016-10-03,13.57,15.86,18.73,22.5,122.86,60.43,95.75,55.434611377121115,1.42,4.93,14.16,38.04,
2016-10-04,13.63,16.25,19.1,23.57,119.67,62.08,96.12,55.2536377741836,1.41,4.85,15.8,37.66,
2016-10-05,12.99,15.86,19.04,22.51,121.54,62.57,96.13,57.63774543708069,1.4,4.78,15.21,36.65,
2016-10-06,12.84,15.7,18.92,22.59,120.48,64.29,96.66,58.32062899836181,1.39,4.75,16.05,35.92,
2016-10-07,13.48,15.66,19.67,22.69,119.95,62.84,96.52,58.73347546495683,1.38,4.76,15.72,36.6,0.09
2016-10-10,13.38,15.5,18.47,22.26,123.84,,,59.654160095522606,1.38,4.76,15.6,36.57,
2016-10-11,15.36,17.02,20.16,24.39,119.79,,97.7,55.53422969710298,1.37,4.75,15.63,38.08,
2016-10-12,15.91,17.23,20.53,23.81,122.34,63.95,97.97,55.01507778217874,1.37,4.75,15.61,39.05,
2016-10-13,16.69,17.65,21.2,24.5,123.32,,97.52,51.95963619278908,1.37,4.82,15.63,37.22,
2016-10-14,16.12,17.4,20.87,23.45,121.86,64.98,98.02,54.32906353753845,1.36,4.72,15.14,35.55,0.22
2016-10-17,16.21,17.58,20.89,23.02,124.08,64.42,97.89,52.40584970153579,1.37,4.76,15.23,34.88,
2016-10-18,15.28,16.97,19.85,21.52,122.76,63.18,97.9,54.738091468436096,1.36,4.72,14.73,36.37,
2016-10-19,14.41,16.41,19.27,21.07,122.56,61.64,97.87,56.12147287151851,1.35,4.66,14.59,32.72,
2016-10-20,13.75,15.63,18.51,20.22,123.91,59.62,98.32,56.124241978639354,1.35,4.62,14.68,32.48,
2016-10-21,13.34,15.37,17.93,19.65,123.0,57.09,98.7,56.98454753233224,1.35,4.62,14.55,32.51,0.18
2016-10-24,13.02,14.93,17.94,19.93,124.6,,98.67,59.47339685658993,1.35,4.6,14.95,32.79,
2016-10-25,13.46,15.88,18.67,19.76,122.83,57.41,98.72,56.584231923896404,1.35,4.6,14.55,33.93,
2016-10-26,14.24,16.51,19.63,21.08,123.31,59.51,98.63,55.21035992188351,1.36,4.66,14.48,35.39,
2016-10-27,15.36,17.33,20.82,21.74,122.35,,98.89,54.62811991613211,1.36,4.69,15.0,35.86,
2016-10-28,16.19,18.23,21.44,23.35,126.35,64.38,98.35,51.82231671168977,1.37,4.76,16.62,37.76,0.1
2016-10-31,17.06,19.32,21.66,24.04,126.12,65.47,98.45,49.961444933413944,1.38,4.91,18.13,40.96,
2016-11-01,18.56,20.66,23.2,26.09,124.46,67.76,97.7,46.83196511377437,1.39,5.05,19.02,40.08,
2016-11-02,19.32,21.24,23.79,26.45,126.15,69.25,97.4,43.47500769193196,1.4,5.15,19.32,40.86,
2016-11-03,22.08,22.36,24.97,29.17,141.18,72.57,97.16,41.342645258835326,1.41,5.15,19.98,41.49,
2016-11-04,22.51,23.03,25.38,28.98,133.03,74.61,97.07,40.529467340931404,1.41,5.2,20.22,43.69,0.49
2016-11-07,18.71,19.66,22.25,26.2,134.91,,97.78,51.438844491207156,1.4,5.01,18.53,44.2,
2016-11-08,18.74,20.2,22.08,26.38,135.6,68.47,97.86,53.20182166235493,1.39,4.98,17.93,43.56,
2016-11-09,14.38,17.15,19.12,23.18,134.61,76.33,98.5,64.16643861235275,1.37,4.94,16.68,41.25,
2016-11-10,14.74,19.07,19.48,26.78,127.0,82.57,98.79,64.99209953479755,1.36,4.97,18.52,42.44,
2016-11-11,14.17,18.95,19.68,28.99,121.71,,,65.00501007406578,1.36,4.97,23.25,45.31,-0.01
2016-11-14,14.48,19.7,19.88,29.21,122.71,89.22,100.11,66.88595926022076,1.36,5.11,20.5,50.17,
2016-11-15,13.37,17.6,18.49,24.4,119.79,84.12,100.19,70.61457804286053,1.35,4.94,16.42,49.43,
2016-11-16,13.72,17.3,19.11,23.79,123.77,80.12,100.41,69.01673922103669,1.35,4.94,15.77,50.09,
2016-11-17,13.35,16.02,18.86,22.29,123.06,77.54,100.89,73.30325672945987,1.35,4.85,17.5,47.37,
2016-11-18,12.85,15.51,18.12,21.79,126.38,81.65,101.21,74.1967388599505,1.36,4.84,17.03,46.56,-0.04
2016-11-21,12.42,14.74,18.0,20.59,124.01,80.58,101.05,76.41134010646529,1.36,4.78,15.86,45.71,
2016-11-22,12.41,14.28,17.97,20.34,127.98,76.46,101.04,77.72026670354434,1.37,4.7,15.43,46.69,
2016-11-23,12.43,14.26,17.9,21.58,125.33,78.64,101.7,78.42811424325382,1.36,4.66,18.53,47.54,
2016-11-24,,,,,,,,,1.36,4.66,,,
2016-11-25,12.34,14.39,18.13,21.27,126.27,79.69,101.49,78.6676761125326,1.36,4.64,18.47,53.46,-0.12
2016-11-28,13.15,15.12,19.18,22.22,125.75,78.74,101.33,75.75040426448797,1.36,4.66,17.39,52.56,
2016-11-29,12.9,14.94,19.25,21.99,128.31,77.3,100.93,75.75051270644536,1.36,4.69,17.28,55.09,
2016-11-30,13.33,15.13,19.02,21.35,126.39,80.96,101.5,77.05674359472442,1.36,4.67,19.18,44.25,
2016-12-01,14.07,17.18,19.04,22.92,128.37,86.63,101.04,75.90308668938388,1.35,4.62,19.39,40.45,
2016-12-02,14.12,16.99,18.91,22.94,128.99,82.06,100.77,75.32546005168253,1.35,4.64,18.44,35.51,-0.01
2016-12-05,12.14,15.87,17.67,20.85,128.35,79.84,100.14,78.84023074285167,1.35,4.58,17.56,37.0,
2016-12-06,11.79,15.26,17.4,19.98,130.92,76.57,100.49,78.51877427172853,1.34,4.5,17.06,37.11,
2016-12-07,12.22,15.2,17.41,20.02,123.61,73.44,100.23,80.07540642596298,1.34,4.42,16.87,36.05,
2016-12-08,12.64,14.82,17.83,20.42,119.08,73.11,101.07,79.88688943877263,1.33,4.38,16.48,35.03,
2016-12-09,11.75,14.27,17.94,19.55,119.51,75.55,101.57,80.33613260495655,1.33,4.28,18.66,35.21,-0.26
2016-12-12,12.64,13.87,17.96,19.83,123.28,76.39,100.96,78.87527788733546,1.32,4.25,16.97,30.3,
2016-12-13,12.72,14.33,18.25,19.01,119.34,75.36,101.03,79.68632840308923,1.31,4.2,16.17,31.35,
2016-12-14,13.19,14.53,18.24,21.67,125.43,75.84,102.0,77.5091269312647,1.3,4.12,18.21,33.97,
2016-12-15,12.79,14.21,17.68,21.14,129.44,78.61,103.13,77.83380939947193,1.3,4.2,17.89,33.58,
2016-12-16,12.2,13.23,16.24,19.31,131.95,78.22,102.95,77.12037754084271,1.3,4.21,17.55,29.18,-0.16
2016-12-19,11.71,13.11,16.22,19.4,130.47,75.24,103.14,77.52673374831782,1.3,4.23,16.05,29.23,
2016-12-20,11.45,13.08,16.67,19.51,122.09,75.46,103.29,78.41097307354944,1.29,4.2,16.69,27.43,
2016-12-21,11.27,13.26,16.81,19.17,124.9,73.97,103.02,77.32844346949483,1.29,4.19,15.82,28.39,
2016-12-22,11.43,13.42,17.3,20.48,128.02,74.05,103.09,75.94296001640308,1.29,4.17,15.28,30.29,
2016-12-23,11.44,13.24,16.77,19.27,120.51,72.57,103.01,75.29469320620154,1.29,4.16,16.36,29.9,-0.1
2016-12-26,,,,,,,,,,,,,
2016-12-27,11.99,14.24,17.45,20.2,123.65,70.66,103.02,75.33157436891743,1.28,4.11,16.68,30.0,
2016-12-28,12.95,15.4,18.69,20.43,122.37,70.79,103.26,71.3131432369313,1.28,4.15,16.04,29.91,
2016-12-29,13.37,15.56,19.02,21.13,124.57,71.28,102.68,70.01158413063705,1.28,4.18,15.68,30.01,
2016-12-30,14.04,16.68,19.42,22.33,127.26,71.63,102.39,67.87395087242106,1.3,4.22,16.23,30.83,-0.06
2017-01-02,,,,,,,,,,,,,
2017-01-03,12.85,16.06,19.06,21.63,125.79,76.73,103.21,70.35703669482847,1.28,4.13,16.26,32.88,
2017-01-04,11.85,15.18,18.1,20.24,124.4,76.41,102.7,72.96734227636351,1.28,4.02,15.16,32.36,
2017-01-05,11.67,14.63,18.26,19.46,128.21,76.5,101.52,71.3334126230702,1.29,4.04,14.98,31.56,
2017-01-06,11.32,13.85,17.52,19.21,123.67,75.24,102.22,72.56091149668732,1.28,3.98,14.55,30.47,-0.1
2017-01-09,11.56,14.22,18.02,19.14,122.59,74.83,101.93,71.17470488842503,1.29,4.02,14.38,33.73,
2017-01-10,11.49,14.13,17.2,19.05,121.84,73.26,102.01,71.2834275479061,1.29,4.0,14.32,33.61,
2017-01-11,11.26,13.94,17.05,18.89,123.06,72.83,101.78,71.68326435159149,1.29,4.03,14.96,32.95,
2017-01-12,11.54,13.86,18.08,19.18,126.22,73.74,101.35,70.4094706039638,1.29,4.05,14.6,32.37,
2017-01-13,11.23,13.34,17.27,18.23,132.32,74.5,101.18,72.2762367755077,1.28,4.02,14.63,30.73,-0.11
2017-01-16,,,,,,,,,1.28,4.0,,,
2017-01-17,11.87,13.88,18.77,18.68,131.55,73.94,100.33,68.51702787029477,1.28,4.06,15.67,31.25,
2017-01-18,12.48,13.51,18.13,18.63,143.43,73.94,100.93,69.3016300786339,1.29,4.01,15.25,31.24,
2017-01-19,12.78,14.06,18.49,18.88,141.03,78.32,101.15,67.87972085660913,1.28,3.99,15.11,30.88,
2017-01-20,11.54,13.04,16.96,16.96,146.33,76.71,100.74,69.54271028354607,1.28,4.02,14.38,29.19,-0.09
2017-01-23,11.77,13.49,17.64,17.71,137.78,75.52,100.16,67.961211699452,1.28,4.1,15.15,30.79,
2017-01-24,11.07,12.64,17.06,17.39,138.16,75.53,100.35,71.02462888544561,1.27,4.02,14.65,29.59,
2017-01-25,10.81,12.65,16.7,17.05,128.8,77.06,100.03,74.20101077903753,1.27,3.93,14.47,30.41,
2017-01-26,10.63,12.64,16.42,17.43,129.58,74.69,100.38,73.91903165720433,1.26,3.93,14.74,29.59,
2017-01-27,10.58,12.3,16.58,16.73,129.95,72.19,100.53,74.33486734251373,1.26,3.93,14.34,29.78,-0.2
2017-01-30,11.88,13.71,18.4,18.56,134.32,72.36,100.43,70.57436317924645,1.26,3.96,15.19,30.94,
2017-01-31,11.99,14.29,18.7,18.62,138.08,72.52,99.51,69.17972344906595,1.28,4.0,15.27,31.33,
2017-02-01,11.81,13.09,18.19,17.95,133.97,70.84,99.64,70.54287873164847,1.28,3.95,14.8,30.65,
2017-02-02,11.93,13.63,18.56,17.3,136.65,69.92,99.85,68.64957237735115,1.28,3.93,15.04,29.39,
2017-02-03,10.97,12.78,17.06,16.45,133.25,67.39,99.87,71.19246883182102,1.27,3.86,15.04,28.11,-0.14
2017-02-06,11.37,13.01,18.09,16.76,131.41,67.55,99.91,69.37324415718913,1.27,3.91,15.74,29.37,
2017-02-07,11.29,13.03,18.55,17.38,130.46,68.07,100.26,68.51713443627395,1.28,3.93,15.26,29.61,
2017-02-08,11.45,12.92,18.67,17.11,134.01,68.74,100.28,68.09645585630028,1.28,3.98,15.2,29.09,
2017-02-09,10.88,12.65,17.99,16.81,129.19,68.95,100.65,70.76583749851405,1.28,3.93,14.88,28.25,
2017-02-10,10.85,12.31,17.91,16.25,130.47,69.63,100.8,72.67168246465629,1.27,3.9,14.88,26.43,-0.18
2017-02-13,11.07,12.31,17.73,16.36,130.1,68.83,100.96,73.69816827973195,1.26,3.86,14.61,26.99,
2017-02-14,10.74,12.31,16.68,15.72,133.66,67.26,101.25,75.96570533022879,1.24,3.8,14.21,27.49,
2017-02-15,11.97,12.31,16.63,16.05,137.55,65.51,101.18,75.57041714739002,1.23,3.77,13.71,27.75,
2017-02-16,11.76,12.31,16.6,15.86,141.41,68.23,100.44,74.79662888901007,1.24,3.83,13.75,27.37,
2017-02-17,11.49,12.31,16.17,15.23,141.13,69.78,100.95,74.43124144870798,1.24,3.86,13.27,25.29,-0.3
2017-02-20,,,,,,,,,1.24,3.86,,,
2017-02-21,11.57,12.31,16.49,16.2,136.93,68.72,101.37,75.95428263015563,1.24,3.81,13.72,25.79,
2017-02-22,11.74,12.56,16.55,16.68,138.24,69.26,101.33,74.32213677543844,1.23,3.78,13.26,27.09,
2017-02-23,11.71,13.29,17.15,16.7,137.91,68.64,101.05,71.81162782722109,1.23,3.77,13.68,25.79,
2017-02-24,11.47,12.75,16.9,17.52,138.66,69.85,101.09,72.20516675477678,1.23,3.84,13.54,25.72,-0.23
2017-02-27,12.09,13.19,17.32,17.7,134.39,70.89,101.13,72.27321600393482,1.22,3.75,14.44,25.01,
2017-02-28,12.92,13.6,19.03,18.67,131.98,,101.12,69.89379195074402,1.21,3.74,14.3,25.46,
2017-03-01,12.54,12.9,17.9,18.06,132.16,,101.78,76.0195173348582,1.19,3.57,14.41,24.67,
2017-03-02,11.81,12.71,17.36,19.06,133.36,69.54,102.2,74.7061806333549,1.18,3.55,13.89,25.94,
2017-03-03,10.96,11.77,16.69,17.81,136.1,65.79,101.54,76.28921125606892,1.18,3.6,13.66,25.59,-0.4
2017-03-06,11.24,12.19,17.4,17.53,140.17,65.41,101.64,73.89725432538536,1.18,3.66,13.24,26.96,
2017-03-07,11.45,12.13,16.9,16.71,138.85,66.03,101.81,72.71326747054172,1.19,3.73,13.22,26.46,
2017-03-08,11.86,12.25,17.31,17.67,139.63,66.61,102.07,71.78227221572341,1.19,3.79,13.58,31.74,
2017-03-09,12.3,12.47,17.51,18.31,139.48,69.18,101.85,71.35913022365666,1.21,3.88,13.62,31.98,
2017-03-10,11.66,11.9,16.47,17.07,138.99,67.7,101.25,72.07588908307497,1.21,3.89,13.03,33.45,-0.41
2017-03-13,11.35,11.19,15.34,15.21,145.75,65.64,101.38,73.1563207515723,1.21,3.94,11.27,32.39,
2017-03-14,12.3,11.7,15.82,15.75,146.11,65.18,101.7,69.58777006597046,1.22,4.05,11.57,33.19,
2017-03-15,11.63,11.28,15.24,14.93,147.2,61.62,100.74,72.07208534053706,1.23,4.02,11.23,30.08,
2017-03-16,11.21,10.96,14.64,14.93,149.49,60.44,100.27,71.32390867968638,1.22,3.88,11.12,28.63,
2017-03-17,11.28,10.57,14.14,13.97,154.34,60.72,100.3,70.88757391340162,1.22,3.91,10.8,27.45,-0.37
2017-03-20,11.34,10.31,14.96,15.49,152.93,59.82,100.41,69.59474303957059,1.22,3.97,11.35,28.11,
2017-03-21,12.47,12.5,17.76,17.95,141.02,62.13,99.81,60.376456727111545,1.22,4.04,12.13,30.57,
2017-03-22,12.81,12.78,18.04,17.75,136.07,,99.68,60.39270051955595,1.23,4.16,12.28,30.05,
2017-03-23,13.12,13.7,18.22,18.28,132.54,65.22,99.76,59.06580169359185,1.23,4.11,12.58,29.79,
2017-03-24,12.96,12.66,18.38,17.81,136.62,64.45,99.63,60.07633139969069,1.23,4.07,12.06,30.99,-0.25
2017-03-27,12.5,12.78,17.98,18.05,135.37,62.68,99.17,59.468769525955835,1.23,4.12,12.51,30.78,
2017-03-28,11.53,12.12,16.89,17.35,134.43,61.95,99.71,64.17036409575151,1.22,4.01,12.35,29.92,
2017-03-29,11.42,11.53,16.34,16.21,132.37,61.02,100.0,63.357333583968085,1.22,3.94,11.65,28.54,
2017-03-30,11.54,11.54,15.84,15.9,138.84,60.94,100.41,65.59500214870616,1.22,3.85,12.09,27.82,
2017-03-31,12.37,11.75,16.16,15.99,138.31,60.7,100.35,63.71422321519338,1.24,3.92,12.41,27.59,-0.41
2017-04-03,12.38,12.37,17.38,16.45,135.23,61.23,100.54,62.01107493462327,1.24,3.98,12.61,26.89,
2017-04-04,11.79,12.15,17.26,16.72,132.28,64.77,100.54,63.13553495220537,1.24,3.98,12.41,27.97,
2017-04-05,12.89,13.14,18.76,16.6,130.91,63.72,100.56,60.105568242762615,1.24,3.91,13.23,27.73,
2017-04-06,12.39,12.73,17.84,16.94,131.27,68.25,100.67,61.66488457501132,1.24,3.93,12.85,26.79,
2017-04-07,12.87,13.49,17.87,17.53,132.7,68.66,101.18,59.49076537436911,1.23,3.86,13.45,27.46,-0.39
2017-04-10,14.05,14.22,18.87,18.21,132.86,68.5,101.02,57.4837329909727,1.23,3.86,13.75,26.71,
2017-04-11,15.07,15.13,18.73,19.56,136.66,70.56,100.71,54.80672696060334,1.24,3.94,15.2,27.27,
2017-04-12,15.77,15.56,20.14,19.33,131.93,73.42,100.78,50.607528310936054,1.24,3.96,16.08,26.92,
2017-04-13,15.96,15.9,20.11,20.11,134.36,74.48,100.56,47.97667421579164,1.25,4.03,16.2,26.02,
2017-04-14,,,,,,,,,,,,,-0.26
2017-04-17,14.66,15.24,19.49,20.36,139.63,70.96,100.3,52.86199412012099,1.24,4.0,16.2,25.8,
2017-04-18,14.42,15.47,19.97,20.72,137.2,72.87,99.5,51.007871029485635,1.25,4.07,15.67,26.88,
2017-04-19,14.93,15.47,19.75,20.53,140.2,73.13,99.74,51.9265718103377,1.25,4.01,14.5,29.81,
2017-04-20,14.15,14.46,18.02,20.09,146.85,73.86,99.78,56.63841296507066,1.25,3.98,14.54,27.96,
2017-04-21,14.63,14.87,18.18,20.29,148.42,77.15,99.98,54.88079898939459,1.25,3.97,15.31,30.06,-0.26
2017-04-24,10.84,12.06,16.12,15.11,144.45,63.27,99.09,64.45085735524485,1.24,3.86,12.29,29.88,
2017-04-25,10.76,12.01,15.86,15.13,139.04,62.36,98.82,67.01296014769324,1.23,3.78,12.45,29.39,
2017-04-26,10.85,11.95,15.92,15.03,142.13,60.95,98.96,66.20575172346933,1.23,3.76,12.02,29.32,
2017-04-27,10.36,11.11,15.46,15.01,142.55,59.82,99.08,67.76754223964589,1.22,3.78,11.53,29.88,
2017-04-28,10.82,11.53,15.34,14.76,146.98,60.19,99.05,65.30378660807524,1.23,3.81,11.6,28.55,-0.59
2017-05-01,10.11,12.2,15.35,14.81,128.46,59.4,99.14,66.78331108243587,1.23,3.78,12.35,29.42,
2017-05-02,10.59,12.95,15.48,15.13,127.49,60.32,98.98,65.8409302243351,1.22,3.79,12.38,32.23,
2017-05-03,10.68,11.98,15.73,15.87,129.39,59.38,99.21,65.64644597372516,1.22,3.76,12.54,32.8,
2017-05-04,10.46,12.18,15.73,17.47,130.48,60.08,98.76,65.32926593867097,1.21,3.8,12.41,34.67,
2017-05-05,10.57,12.31,15.36,16.6,131.36,58.72,98.65,65.85301132661905,1.21,3.82,12.01,33.83,-0.51
2017-05-08,9.77,11.86,15.34,16.19,128.12,55.41,99.15,67.3015440521008,1.2,3.8,11.95,33.85,
2017-05-09,9.96,12.67,15.5,16.23,128.28,55.22,99.59,66.30778560219105,1.19,3.74,12.1,34.21,
2017-05-10,10.21,12.34,15.06,15.53,128.27,55.03,99.67,66.7267195738031,1.19,3.72,11.2,34.02,
2017-05-11,10.6,12.76,15.59,16.23,128.21,54.47,99.62,65.1752507560453,1.18,3.72,11.24,33.72,
2017-05-12,10.4,12.3,15.78,16.47,129.65,55.71,99.25,65.39511813926497,1.18,3.77,11.13,33.72,-0.61
2017-05-15,10.42,12.03,15.61,16.21,129.44,56.73,98.91,65.89219453548911,1.17,3.72,11.28,33.1,
2017-05-16,10.65,11.59,15.37,16.35,131.24,55.5,98.11,65.6914820346341,1.17,3.71,11.19,33.44,
2017-05-17,15.59,16.46,19.22,20.53,133.51,62.58,97.42,49.704252552473356,1.18,3.84,13.03,33.9,
2017-05-18,14.66,15.66,18.74,20.48,137.01,58.98,97.88,51.67915765073498,1.19,3.85,12.95,32.8,
2017-05-19,12.04,13.86,16.85,17.98,131.39,57.82,97.15,57.8458754627502,1.18,3.78,12.04,29.76,-0.48
2017-05-22,10.93,12.88,16.06,17.0,128.57,55.47,96.98,59.98982852002792,1.18,3.72,12.32,30.59,
2017-05-23,10.72,12.75,15.78,16.55,124.54,,97.35,60.09920815074234,1.17,3.67,11.89,31.77,
2017-05-24,10.02,12.37,15.11,16.24,123.11,54.41,97.24,61.445561615763154,1.18,3.68,11.75,30.94,
2017-05-25,9.99,12.58,15.08,15.64,123.65,54.32,97.25,62.34280852149688,1.18,3.67,11.2,33.03,
2017-05-26,9.81,12.26,14.79,15.77,125.41,54.05,97.4,62.74430812836156,1.18,3.67,11.59,30.04,-0.66
2017-05-29,,,,,,,,,1.17,3.67,,,
2017-05-30,10.38,12.9,15.8,16.69,125.37,,97.28,60.755233848739174,1.18,3.68,11.62,30.3,
2017-05-31,10.41,12.94,15.91,17.06,125.11,53.95,96.92,60.23617325671382,1.19,3.74,11.82,32.29,
2017-06-01,9.89,12.69,15.54,16.3,124.55,54.0,97.2,63.39786797806297,1.19,3.69,11.81,31.19,
2017-06-02,9.75,12.91,15.07,15.8,124.23,53.74,96.72,63.34645848055529,1.19,3.69,12.09,32.47,-0.63
2017-06-05,10.07,13.2,15.96,16.03,125.05,53.0,96.8,61.93604627584219,1.19,3.68,12.44,33.71,
2017-06-06,10.45,13.96,16.18,16.14,125.72,53.22,96.64,58.94062306568645,1.19,3.72,13.23,32.12,
2017-06-07,10.39,14.05,16.14,16.13,125.98,54.8,96.75,59.550172753421684,1.19,3.73,13.16,34.23,
2017-06-08,10.16,13.66,15.48,15.64,127.09,53.73,96.92,60.392038627729015,1.19,3.76,12.62,33.84,
2017-06-09,10.7,18.13,15.83,16.16,131.26,52.56,97.27,54.60196726766156,1.19,3.73,12.5,32.59,-0.72
2017-06-12,11.46,16.98,15.48,16.54,136.86,52.32,97.14,55.04533999350277,1.18,3.71,12.41,33.95,
2017-06-13,10.42,15.1,14.33,16.16,136.41,51.67,96.98,59.20528752637054,1.18,3.68,12.16,32.34,
2017-06-14,10.64,16.01,14.96,16.41,135.89,52.22,96.94,56.200716083914095,1.18,3.7,11.5,32.02,
2017-06-15,10.9,16.2,15.01,15.92,134.12,51.59,97.43,56.95352096930927,1.18,3.72,11.03,31.9,
2017-06-16,10.38,16.3,14.06,15.39,135.02,51.48,97.16,57.29243545701609,1.18,3.76,10.16,27.93,-0.71
2017-06-19,10.37,14.6,13.89,13.73,138.77,51.6,97.53,61.08326581348919,1.17,3.7,10.69,30.34,
2017-06-20,10.86,15.29,14.76,14.62,133.37,51.6,97.75,55.85454621257438,1.17,3.77,11.14,32.49,
2017-06-21,10.75,14.76,15.17,14.26,129.89,51.64,97.56,55.86941377091098,1.17,3.85,11.25,33.32,
2017-06-22,10.48,14.8,14.72,13.77,130.86,51.13,97.54,55.9449310765314,1.18,3.87,11.24,32.65,
2017-06-23,10.02,14.47,14.31,13.28,132.76,51.16,97.3,56.648353633147416,1.18,3.86,10.86,31.92,-0.48
2017-06-26,9.9,15.44,14.6,14.38,128.6,50.02,97.43,55.5361911520789,1.17,3.83,11.05,31.77,
2017-06-27,11.06,17.26,15.28,15.95,125.46,52.1,96.47,50.20297638884185,1.16,3.77,11.96,32.28,
2017-06-28,10.03,16.05,14.31,15.3,126.95,52.51,96.05,55.873172341701036,1.16,3.77,11.38,30.8,
2017-06-29,11.44,18.43,15.15,17.1,129.15,54.66,95.63,48.30547388017584,1.15,3.76,11.21,30.46,
2017-06-30,11.18,17.61,15.2,15.97,129.51,55.22,95.66,50.105750357281636,1.15,3.77,11.0,28.7,-0.56
2017-07-03,11.22,18.74,15.21,15.92,126.63,55.25,96.2,49.49925634586172,1.14,3.72,11.93,30.26,
2017-07-04,,,,,,,,,1.14,3.72,,,
2017-07-05,11.07,17.26,15.52,16.68,128.67,56.44,96.29,51.94522271689806,1.14,3.73,11.88,32.61,
2017-07-06,12.54,18.0,17.3,17.98,127.25,56.96,95.82,46.4800661554425,1.13,3.78,11.72,32.82,
2017-07-07,11.19,16.81,15.81,16.87,131.58,55.76,96.01,51.82375860824973,1.12,3.83,12.54,33.17,-0.6
2017-07-10,11.11,16.7,15.82,16.06,133.4,53.18,96.05,52.981075644171334,1.12,3.83,12.22,33.23,
2017-07-11,10.89,16.42,15.73,16.44,132.75,53.22,95.74,53.171474223868806,1.12,3.85,12.3,33.61,
2017-07-12,10.3,15.1,14.81,15.28,134.95,52.43,95.79,56.8215431535922,1.12,3.81,11.56,32.48,
2017-07-13,9.9,14.62,14.41,14.62,138.35,52.21,95.73,58.69714695416443,1.11,3.77,11.29,31.76,
2017-07-14,9.51,13.8,14.0,14.36,137.71,51.03,95.11,61.14582948552914,1.11,3.73,11.11,30.28,-0.57
2017-07-17,9.82,14.5,13.88,14.35,139.87,50.0,95.13,59.783272974608195,1.1,3.69,11.08,30.61,
2017-07-18,9.89,13.9,13.9,14.14,137.53,49.55,94.66,59.094884051124716,1.1,3.69,11.14,29.96,
2017-07-19,9.79,13.95,13.22,14.19,136.88,48.26,94.8,61.656413112537194,1.1,3.64,11.08,29.55,
2017-07-20,9.58,14.36,13.67,14.24,130.88,47.0,94.27,61.16845387064616,1.1,3.61,10.85,29.25,
2017-07-21,9.36,14.36,13.85,14.32,134.53,47.45,93.94,60.59913493320824,1.1,3.64,11.22,29.25,-0.69
2017-07-24,9.43,14.59,14.02,14.71,132.67,47.0,93.98,60.16478058549869,1.09,3.63,11.8,29.24,
2017-07-25,9.43,13.82,13.81,14.73,135.61,49.57,94.05,62.47490013638965,1.08,3.55,12.07,29.18,
2017-07-26,9.6,13.89,14.06,14.16,135.61,47.28,93.67,62.963554670622194,1.08,3.56,11.63,29.44,
2017-07-27,10.11,15.89,15.22,14.78,140.81,48.42,93.86,58.71005199065682,1.08,3.55,11.24,29.81,
2017-07-28,10.29,15.91,15.3,14.6,139.91,48.53,93.26,58.87719230528509,1.08,3.59,11.44,29.86,-0.73
2017-07-31,10.26,15.87,15.48,14.52,139.82,48.14,92.86,58.36025135921133,1.09,3.61,11.61,30.84,
2017-08-01,10.09,14.83,14.83,14.47,138.72,49.97,93.03,59.75912054701851,1.08,3.6,11.28,30.54,
2017-08-02,10.28,14.61,15.61,14.5,142.02,48.75,92.83,59.4741060900517,1.08,3.59,11.24,30.43,
2017-08-03,10.44,14.69,15.51,15.24,138.32,47.93,92.81,59.00044311158531,1.09,3.63,11.31,29.65,
2017-08-04,10.03,14.09,14.63,14.69,139.81,47.28,93.54,60.494969229523576,1.09,3.63,10.87,28.53,-0.63
2017-08-07,9.93,14.21,14.7,14.99,138.91,46.91,93.43,60.26222106287601,1.1,3.64,10.73,28.73,
2017-08-08,10.96,15.23,15.67,15.68,140.05,47.34,93.64,57.692453007452755,1.1,3.64,11.1,29.44,
2017-08-09,11.11,15.43,16.53,17.12,141.2,49.67,93.52,54.920340962591524,1.12,3.81,12.31,29.06,
2017-08-10,16.04,19.06,19.2,22.21,136.48,52.0,93.4,39.239995818588135,1.14,3.92,13.43,29.27,
2017-08-11,15.51,17.77,19.59,20.83,135.43,52.06,93.07,41.32597956099658,1.16,4.0,13.45,28.41,-0.47
2017-08-14,12.33,15.06,16.46,17.45,142.07,49.3,93.46,51.583392531723895,1.15,3.89,12.11,29.16,
2017-08-15,12.04,14.36,15.86,17.0,143.23,48.63,93.85,51.6493742005894,1.14,3.87,12.2,29.31,
2017-08-16,11.74,14.22,16.06,16.01,,48.47,93.49,51.563585140704134,1.14,3.88,12.58,29.18,
2017-08-17,15.55,18.6,18.76,21.46,142.73,48.84,93.62,36.38120822586667,1.14,3.93,13.34,29.31,
2017-08-18,14.26,17.85,17.76,19.81,128.86,50.16,93.43,38.31087166661806,1.15,3.98,12.12,27.53,-0.44
2017-08-21,13.19,17.37,17.61,18.26,131.61,52.06,93.1,39.986299335638385,1.15,4.0,13.01,28.77,
2017-08-22,11.35,15.21,16.17,16.93,135.72,51.3,93.55,48.52552131739664,1.15,3.93,12.49,27.97,
2017-08-23,12.25,15.8,16.52,16.77,129.98,52.08,93.15,44.735157495370785,1.15,3.95,12.68,27.8,
2017-08-24,12.23,15.97,16.3,16.69,129.95,52.49,93.28,45.35326119682493,1.15,3.91,12.76,28.37,
2017-08-25,11.28,15.52,15.68,16.43,130.16,50.56,92.74,47.38867388294344,1.14,3.89,12.63,28.88,-0.47
2017-08-28,11.32,15.18,15.81,16.85,128.32,48.86,92.21,48.04633879537965,1.14,3.88,14.2,30.39,
2017-08-29,11.7,15.98,16.07,17.29,131.48,51.4,92.35,46.050960628573826,1.15,3.9,13.5,30.49,
2017-08-30,11.22,15.12,15.19,17.18,130.53,51.56,92.88,49.602184112635065,1.15,3.86,12.78,29.78,
2017-08-31,10.59,14.33,14.85,16.52,134.0,51.13,92.67,53.4986591831973,1.16,3.85,13.26,29.1,
2017-09-01,10.13,14.1,14.31,15.45,134.85,49.44,92.81,55.15607823403943,1.15,3.82,12.73,28.97,-0.52
2017-09-04,,,,,,,,,1.15,3.82,,,
2017-09-05,12.23,16.13,16.18,18.23,133.48,53.32,92.31,46.02270789480588,1.16,3.91,14.3,29.58,
2017-09-06,11.63,15.56,15.96,17.19,136.48,52.92,92.29,49.30840539681533,1.16,3.84,14.17,30.07,
2017-09-07,11.55,15.4,15.71,16.59,135.39,54.01,91.53,47.805345892057495,1.17,3.88,14.49,29.73,
2017-09-08,12.12,16.07,15.49,17.77,130.57,,91.33,48.018926908826394,1.17,3.92,13.77,29.49,-0.43
2017-09-11,10.73,14.07,12.98,15.28,136.96,51.88,91.86,55.77806830155906,1.17,3.85,13.28,27.73,
2017-09-12,10.58,13.37,13.28,15.49,139.6,51.65,91.91,56.95699929607935,1.16,3.81,11.56,27.59,
2017-09-13,10.5,12.8,12.65,14.85,142.74,51.37,92.52,58.57209324284,1.15,3.78,11.98,26.62,
2017-09-14,10.44,13.4,12.69,14.29,,50.73,92.12,56.88345627449636,1.15,3.74,12.19,26.09,
2017-09-15,10.17,12.51,11.83,13.93,144.54,50.63,91.87,60.16335223308218,1.14,3.73,12.06,26.65,-0.68
2017-09-18,10.15,13.61,12.14,14.42,143.65,50.16,92.05,59.532215639940986,1.13,3.68,12.69,27.53,
2017-09-19,10.18,13.3,12.35,15.48,142.64,49.86,91.79,60.20392353844285,1.12,3.66,12.27,25.76,
2017-09-20,9.78,13.42,13.02,15.42,138.94,49.15,92.51,60.34445832668852,1.11,3.6,12.32,26.99,
2017-09-21,9.67,13.71,12.65,15.42,137.87,48.31,92.26,60.23111334095202,1.11,3.62,12.19,26.3,
2017-09-22,9.59,13.81,12.68,15.24,137.5,50.52,92.17,60.73263225364709,1.11,3.64,12.37,26.39,-0.72
2017-09-25,10.21,15.65,13.34,17.67,135.07,51.11,92.65,55.30188694443192,1.11,3.66,13.77,26.93,
2017-09-26,10.17,15.28,13.29,17.74,134.25,50.64,92.97,55.81789225909937,1.1,3.62,13.32,27.8,
2017-09-27,9.87,15.32,13.55,17.24,129.49,52.08,93.36,59.606068933886476,1.09,3.57,12.99,27.29,
2017-09-28,9.55,14.98,13.58,16.34,132.99,51.86,93.09,59.70156755177095,1.08,3.57,11.75,27.18,
2017-09-29,9.51,13.85,14.02,16.03,137.75,52.88,93.08,61.5722858134986,1.07,3.56,11.77,26.83,-0.67
2017-10-02,9.45,13.88,14.58,16.38,138.02,54.46,93.56,62.884669069347325,1.06,3.55,11.72,27.72,
2017-10-03,9.51,13.62,13.97,15.88,137.15,54.6,93.57,64.84142197663081,1.05,3.55,11.38,27.95,
2017-10-04,9.63,13.45,14.25,15.64,144.19,54.49,93.46,64.72867177574842,1.04,3.54,11.41,27.04,
2017-10-05,9.19,12.88,14.11,15.33,140.33,55.58,93.96,68.33822213533524,1.04,3.52,11.4,26.45,
2017-10-06,9.65,13.33,14.55,15.91,140.35,54.98,93.8,68.03848384917316,1.04,3.52,11.53,27.59,-0.71
2017-10-09,10.33,14.04,15.0,16.19,139.83,,93.74,63.864672114734056,1.03,3.51,11.96,27.32,
2017-10-10,10.08,14.29,14.92,15.92,139.24,53.89,93.29,62.999480191166235,1.03,3.52,12.22,26.54,
2017-10-11,9.85,14.09,14.6,15.44,138.74,52.69,92.96,63.404134922716274,1.03,3.52,12.13,26.43,
2017-10-12,9.91,14.33,14.46,15.53,136.36,51.82,93.12,60.8491089122934,1.03,3.56,11.82,25.85,
2017-10-13,9.61,13.97,14.63,14.7,138.28,50.85,93.09,61.00365504481634,1.04,3.6,11.76,25.73,-0.68
2017-10-16,9.91,14.49,14.28,15.39,147.53,,93.28,60.47176769660939,1.03,3.53,12.13,26.32,
2017-10-17,10.31,14.4,14.1,15.07,150.12,49.03,93.49,60.66218301064359,1.03,3.5,11.64,25.87,
2017-10-18,10.07,14.32,13.71,15.55,147.95,50.29,93.36,61.84562386788579,1.02,3.46,11.88,26.41,
2017-10-19,10.05,14.64,13.83,15.44,146.16,51.49,93.27,62.07818729893942,1.02,3.48,11.94,26.3,
2017-10-20,9.97,14.32,13.49,14.67,148.81,53.98,93.7,65.99786806397067,1.01,3.42,11.49,24.51,-0.74
2017-10-23,11.07,15.74,14.98,16.49,142.46,54.1,93.94,59.95566620825159,1.01,3.4,11.69,25.08,
2017-10-24,11.16,15.51,15.37,16.78,142.15,55.94,93.96,61.93411902695292,1.0,3.38,11.73,25.6,
2017-10-25,11.23,16.31,16.2,17.42,138.0,57.36,93.71,58.34159195155315,1.0,3.42,12.02,25.44,
2017-10-26,11.3,15.82,15.74,17.68,135.36,57.35,94.61,59.27855031286073,1.0,3.41,11.62,25.22,
2017-10-27,9.8,14.3,14.41,16.53,135.7,54.67,94.92,67.9326085846033,1.0,3.44,11.48,25.18,-0.75
2017-10-30,10.5,15.05,15.77,18.17,132.54,51.69,94.49,62.22839778305781,1.0,3.49,11.74,25.33,
2017-10-31,10.18,15.06,15.88,17.07,131.81,51.15,94.55,63.1473072412503,1.01,3.51,11.81,25.31,
2017-11-01,10.2,14.95,15.92,16.49,129.05,49.94,94.82,62.3129228413422,1.01,3.48,11.8,25.65,
2017-11-02,9.93,14.7,15.58,15.85,128.97,48.73,94.69,61.330605005821894,1.02,3.52,10.95,25.65,
2017-11-03,9.14,13.9,14.97,16.3,130.34,45.83,94.94,65.19050609589632,1.02,3.52,10.65,24.82,-0.71
2017-11-06,9.4,13.9,14.78,15.99,130.52,45.05,94.72,65.55771966748186,1.03,3.55,10.94,26.85,
2017-11-07,9.89,14.12,15.7,16.91,129.15,44.2,94.91,62.3732377712763,1.04,3.57,10.98,28.75,
2017-11-08,9.78,14.06,15.54,16.46,131.5,43.97,94.87,61.105199357956224,1.04,3.67,11.32,27.99,
2017-11-09,10.5,15.04,15.5,17.31,128.95,44.99,94.44,56.73690502235235,1.05,3.79,11.73,28.37,
2017-11-10,11.29,15.03,15.49,16.73,130.56,47.29,94.39,57.37943423949576,1.06,3.76,11.68,29.4,-0.68
2017-11-13,11.5,14.84,15.52,17.03,129.75,46.39,94.49,56.40059914853267,1.05,3.77,11.53,30.22,
2017-11-14,11.59,15.0,15.92,17.31,130.15,47.77,93.83,52.23581423510887,1.06,3.84,11.61,30.08,
2017-11-15,13.13,16.09,16.44,18.43,135.21,48.0,93.81,43.8767602178548,1.08,3.97,11.75,29.84,
2017-11-16,11.76,14.31,15.33,17.52,136.3,47.74,93.93,55.85707254413042,1.07,3.79,11.02,28.42,
2017-11-17,11.43,13.79,14.8,16.32,137.19,49.09,93.66,54.43993734795226,1.06,3.76,10.62,26.96,-0.68
2017-11-20,10.65,13.82,15.31,16.91,135.83,48.1,94.08,57.26185374626551,1.06,3.7,11.18,27.18,
2017-11-21,9.73,12.78,14.79,16.72,133.56,48.09,93.95,62.256083158169986,1.05,3.66,10.84,26.64,
2017-11-22,9.88,12.74,15.44,16.36,132.52,46.88,93.22,61.28466900787919,1.05,3.7,10.75,26.83,
2017-11-23,,,,,,,,,1.05,3.7,,,
2017-11-24,9.67,12.38,15.27,16.37,130.98,46.16,92.76,63.972089049984646,1.04,3.67,10.58,26.88,-0.83
2017-11-27,9.87,13.04,15.56,17.85,130.18,45.29,92.9,60.08315347075515,1.04,3.66,10.72,28.36,
2017-11-28,10.03,13.41,15.34,17.84,124.08,44.93,93.26,64.85699767723784,1.04,3.67,10.64,28.13,
2017-11-29,10.7,16.38,16.24,18.84,126.28,45.54,93.26,60.35528288400381,1.03,3.64,11.02,28.02,
2017-11-30,11.28,15.93,16.3,18.92,128.9,46.83,93.01,63.79918613162598,1.03,3.61,11.79,25.95,
2017-12-01,11.43,16.57,17.67,19.75,128.83,50.17,92.9,58.508352663346486,1.03,3.63,11.39,23.73,-0.79
2017-12-04,11.68,18.03,18.18,19.09,132.14,48.76,93.19,54.152564682888126,1.02,3.58,11.38,23.68,
2017-12-05,11.33,17.12,17.9,17.94,132.07,49.24,93.38,52.16664994344753,1.02,3.57,12.28,23.13,
2017-12-06,11.02,16.71,17.84,18.98,130.98,49.32,93.61,50.63725566010124,1.02,3.63,11.67,23.13,
2017-12-07,10.16,15.86,17.01,18.14,130.84,49.24,93.8,57.22214025613542,1.02,3.63,12.99,23.13,
2017-12-08,9.58,14.42,16.05,17.14,132.54,47.49,93.9,64.21477326884705,1.02,3.63,11.7,23.85,-0.72
2017-12-11,9.34,12.59,14.41,15.31,133.98,46.57,93.87,68.5820015159483,1.02,3.61,11.46,22.96,
2017-12-12,9.92,12.86,14.4,16.88,133.02,46.75,94.1,67.71298776483324,1.01,3.58,12.14,22.84,
2017-12-13,10.18,12.74,14.3,15.01,134.71,45.03,93.43,65.3099249362009,1.01,3.64,10.87,23.49,
2017-12-14,10.49,12.39,15.02,15.22,134.03,44.84,93.49,62.97885887041733,1.01,3.63,10.4,23.0,
2017-12-15,9.42,11.88,13.72,14.23,135.73,46.43,93.93,66.19893093262884,1.0,3.64,9.43,21.25,-0.65
2017-12-18,9.53,12.53,14.15,14.13,132.72,46.73,93.7,71.34282065303776,1.0,3.64,9.93,18.43,
2017-12-19,10.03,12.82,15.05,14.48,130.69,48.96,93.47,69.59813869604355,0.99,3.6,10.32,18.88,
2017-12-20,9.72,12.78,14.94,14.11,133.15,49.95,93.35,70.6018967434148,0.99,3.58,9.79,19.46,
2017-12-21,9.62,12.65,14.31,13.49,132.63,51.6,93.28,71.22618466679411,0.99,3.57,9.64,17.86,
2017-12-22,9.9,12.54,14.18,13.66,134.4,50.38,93.35,69.57650072258626,0.99,3.56,10.01,19.26,-0.61
2017-12-25,,,,,,,,,,,,,
2017-12-26,10.25,13.64,14.48,14.71,135.6,48.82,93.26,66.4188423783388,0.99,3.57,11.17,20.99,
2017-12-27,10.47,14.29,14.56,14.62,138.43,47.73,93.03,60.26367280592778,0.99,3.59,10.73,20.64,
2017-12-28,10.18,14.62,14.1,15.56,137.82,46.19,92.6,61.57491367770959,0.98,3.55,10.43,20.71,
2017-12-29,11.04,15.68,14.99,16.25,137.05,46.6,92.12,54.60743703253159,0.99,3.63,10.96,21.32,-0.51
2018-01-01,,,,,,,,,,,,,
2018-01-02,9.77,14.93,13.97,16.64,135.37,49.17,91.85,66.55639607198482,0.98,3.55,11.96,22.73,
2018-01-03,9.15,14.16,13.5,15.88,133.43,47.6,92.16,72.38658429025945,0.99,3.48,11.56,22.75,
2018-01-04,9.22,13.97,13.73,16.04,131.24,47.38,91.85,75.29467798041121,0.98,3.4,11.8,22.12,
2018-01-05,9.22,13.48,13.77,15.84,127.03,46.07,91.95,79.16928193147582,0.98,3.36,11.26,22.3,-0.63
2018-01-08,9.52,13.84,13.75,16.06,128.0,45.9,92.33,77.45033056714381,0.97,3.35,11.19,21.9,
2018-01-09,10.08,14.63,13.89,16.59,126.37,47.29,92.53,75.52555725164751,0.96,3.33,10.79,22.96,
2018-01-10,9.82,15.28,13.8,16.53,129.12,49.17,92.33,72.90495866488413,0.95,3.42,10.79,23.52,
2018-01-11,9.88,14.77,13.83,15.44,126.1,48.19,91.85,75.92506550082904,0.95,3.4,10.96,23.52,
2018-01-12,10.16,14.57,13.87,15.25,124.95,47.61,90.97,76.57356868022246,0.95,3.37,11.62,23.52,-0.71
2018-01-15,,,,,,,,,0.94,3.35,,,
2018-01-16,11.66,16.34,15.04,16.42,128.65,45.91,90.39,70.4616444870279,0.94,3.34,12.09,26.41,
2018-01-17,11.91,16.2,15.71,16.98,136.19,45.88,90.54,71.99641311128255,0.94,3.34,11.77,24.7,
2018-01-18,12.22,16.95,16.07,16.89,131.41,48.55,90.5,70.13281610127324,0.94,3.35,12.26,24.38,
2018-01-19,11.27,16.15,15.3,16.5,132.28,,90.57,75.37709879907177,0.95,3.35,11.43,21.2,-0.65
2018-01-22,11.03,16.29,15.8,16.8,127.18,52.6,90.4,77.70796633524932,0.94,3.32,11.66,22.03,
2018-01-23,11.1,16.75,15.74,17.45,122.95,52.55,90.12,76.56380602860345,0.94,3.31,11.72,22.34,
2018-01-24,11.47,17.9,16.37,17.58,120.2,54.11,89.21,73.97833253502417,0.94,3.28,13.38,23.93,
2018-01-25,11.58,18.25,16.54,19.18,121.87,53.38,89.39,71.48223989720015,0.93,3.28,13.04,22.35,
2018-01-26,11.08,17.52,16.54,18.92,117.99,55.63,89.07,74.87201415866718,0.92,3.23,12.98,22.29,-0.66
2018-01-29,13.84,19.22,18.23,20.79,118.8,55.98,89.31,67.09534017611962,0.92,3.26,13.25,22.73,
2018-01-30,14.79,20.35,18.17,21.3,122.85,57.28,89.19,62.58368649868788,0.91,3.33,13.86,22.9,
2018-01-31,13.54,19.65,17.77,20.66,121.23,57.2,89.13,63.66121273428372,0.91,3.29,12.97,22.23,
2018-02-01,13.47,19.15,17.11,19.95,120.59,57.83,88.67,63.49812646661303,0.9,3.29,12.32,22.24,
2018-02-02,17.31,20.66,20.09,23.13,126.45,60.33,89.2,52.39258726881662,0.9,3.36,13.11,23.8,-0.51
2018-02-05,37.32,33.02,34.49,28.06,,60.41,89.55,35.00578523704897,0.91,3.48,14.35,25.91,
2018-02-06,29.98,26.7,23.96,25.58,129.61,,89.59,43.99645556422438,0.93,3.6,13.8,26.59,
2018-02-07,27.73,24.73,22.36,27.42,136.9,66.07,90.26,42.06291608073482,0.92,3.46,13.62,26.79,
2018-02-08,33.46,33.89,27.9,35.72,130.92,67.85,90.23,31.660590893651086,0.93,3.59,14.85,29.5,
2018-02-09,29.06,29.62,27.85,31.92,128.51,,90.44,34.87438382160023,0.97,3.82,14.93,29.85,0.09
2018-02-12,25.61,24.94,21.63,27.74,148.02,69.86,90.21,39.70229539730653,0.97,3.71,14.37,29.42,
2018-02-13,24.97,23.71,20.21,26.3,143.07,68.97,89.7,39.08554781896654,1.0,3.78,14.07,30.39,
2018-02-14,19.26,20.87,18.94,22.49,127.84,69.52,89.12,49.39974714139978,0.99,3.69,14.97,27.73,
2018-02-15,19.13,20.85,18.29,24.02,131.67,66.68,88.59,54.17821125072169,0.98,3.57,15.03,27.57,
2018-02-16,19.46,20.46,17.96,23.11,,63.03,89.1,53.23975887895071,0.98,3.5,13.96,26.97,-0.27
2018-02-19,,,,,,,,,0.98,3.5,,,
2018-02-20,20.6,21.67,19.74,24.04,131.63,60.26,89.72,50.307636974129885,0.98,3.48,14.08,27.58,
2018-02-21,20.02,22.49,20.47,23.32,130.03,61.16,90.08,49.51299161095228,0.98,3.46,13.83,26.93,
2018-02-22,18.72,20.91,19.2,23.14,134.31,61.14,89.75,51.47735993212671,0.99,3.53,13.47,24.98,
2018-02-23,16.49,18.16,17.86,21.26,139.2,64.6,89.88,59.58290277031073,1.0,3.58,11.97,24.37,-0.35
2018-02-26,15.8,18.12,17.2,20.71,131.72,63.72,89.82,62.02571420290573,1.0,3.5,11.89,24.36,
2018-02-27,18.59,20.49,19.74,24.44,132.27,63.93,90.36,55.79876548818419,1.0,3.47,11.76,25.29,
2018-02-28,19.85,22.01,21.85,25.81,138.95,62.97,90.61,50.70142841743476,1.01,3.47,11.74,26.92,
2018-03-01,22.47,24.74,22.76,26.37,136.54,63.66,90.32,40.29724668177402,1.04,3.59,12.07,26.98,
2018-03-02,19.59,21.53,20.83,24.96,127.48,65.3,89.94,49.07896348972157,1.05,3.65,11.97,26.15,-0.08
2018-03-05,18.73,20.6,19.77,24.24,130.12,64.71,90.08,56.03688420193668,1.05,3.59,11.89,26.3,
2018-03-06,18.36,20.6,19.33,23.68,128.41,63.5,89.62,61.87441346804539,1.04,3.53,12.33,25.55,
2018-03-07,17.76,20.43,19.27,23.38,128.17,63.35,89.64,59.23293281194981,1.05,3.56,12.37,26.94,
2018-03-08,16.54,19.26,18.66,22.7,129.62,61.58,90.12,61.6725477975153,1.05,3.56,11.57,26.16,
2018-03-09,14.64,17.3,16.58,20.53,127.79,58.97,90.09,75.13805903545399,1.06,3.53,10.94,26.23,-0.1
2018-03-12,15.78,17.56,15.98,20.12,141.98,58.29,89.9,71.83205335341609,1.07,3.55,11.01,24.02,
2018-03-13,16.35,19.24,16.71,21.5,140.43,55.07,89.66,64.84695145959154,1.08,3.58,10.7,25.5,
2018-03-14,17.23,19.52,17.75,20.68,141.66,57.85,89.7,61.015972786504825,1.09,3.62,10.41,25.21,
2018-03-15,16.59,18.45,18.09,20.81,146.55,57.71,90.14,60.35049791026221,1.1,3.62,10.4,25.07,
2018-03-16,15.8,17.64,16.49,19.76,147.35,59.01,90.23,60.523569772281306,1.1,3.6,9.88,24.53,-0.03
2018-03-19,19.02,22.06,19.74,22.36,143.96,59.98,89.9,51.21399926007407,1.1,3.65,10.99,25.28,
2018-03-20,18.2,22.13,18.76,22.67,139.52,57.89,90.37,54.96330224108368,1.11,3.62,11.01,25.3,
2018-03-21,17.86,22.06,18.17,21.08,,55.72,89.78,55.724461346484446,1.11,3.6,10.91,25.95,
2018-03-22,23.34,26.63,21.92,27.61,131.52,55.93,89.86,39.35864396505206,1.14,3.7,11.24,26.47,
2018-03-23,24.87,28.35,25.32,29.8,130.79,56.17,89.44,32.89095771965363,1.15,3.74,13.46,27.56,0.25
2018-03-26,21.03,25.15,21.32,26.48,128.96,54.55,89.03,42.09003674304818,1.16,3.73,12.95,27.71,
2018-03-27,22.5,29.01,22.62,28.98,128.65,56.27,89.37,34.60596833285273,1.16,3.75,12.22,27.38,
2018-03-28,22.87,30.19,23.07,29.78,128.33,58.35,90.06,32.87483548056868,1.16,3.77,11.74,26.67,
2018-03-29,19.97,26.68,21.03,26.26,119.34,58.54,90.15,39.12080157024818,1.16,3.79,11.06,25.07,
2018-03-30,,,,,,,,,1.17,3.72,,,0.33
2018-04-02,23.62,29.92,24.25,29.48,119.68,58.66,90.05,30.69764762844973,1.17,3.77,12.86,27.53,
2018-04-03,21.1,28.05,22.31,27.34,118.38,56.02,90.2,35.29842975467072,1.16,3.71,11.8,26.89,
2018-04-04,20.06,26.29,20.83,26.91,119.23,55.35,90.14,40.283168919081795,1.16,3.71,12.0,26.17,
2018-04-05,18.94,25.03,19.95,25.17,121.51,53.72,90.46,44.51299984906124,1.14,3.59,11.55,24.38,
2018-04-06,21.49,27.43,21.63,26.15,122.39,56.07,90.11,33.65101053773816,1.14,3.64,11.95,24.99,0.33
2018-04-09,21.77,26.95,21.44,25.42,119.9,52.51,89.84,34.55480488265922,1.14,3.61,12.39,25.64,
2018-04-10,20.47,25.15,19.55,24.15,121.25,51.43,89.59,41.682322835931345,1.13,3.52,12.78,28.05,
2018-04-11,20.24,24.69,19.76,23.54,122.27,50.5,89.57,41.21963708934046,1.13,3.5,14.36,29.42,
2018-04-12,18.49,22.9,18.05,22.47,122.29,51.49,89.75,47.92530822931626,1.12,3.42,12.88,28.73,
2018-04-13,17.41,22.06,17.68,21.71,126.0,51.14,89.8,47.839282521654255,1.11,3.38,13.36,28.52,0.13
2018-04-16,16.56,20.45,16.12,20.73,131.47,49.74,89.43,51.13953053185849,1.11,3.33,13.43,28.84,
2018-04-17,15.25,19.43,15.65,19.84,130.57,48.34,89.52,56.596959337252365,1.1,3.29,13.07,27.88,
2018-04-18,15.6,19.38,15.98,18.07,146.26,50.0,89.62,58.27104728066113,1.1,3.24,13.46,29.42,
2018-04-19,15.96,20.16,17.35,18.53,138.2,51.1,89.94,57.8503661412693,1.1,3.33,12.88,29.36,
2018-04-20,16.88,21.63,17.35,19.36,133.07,52.71,90.32,57.40348012251144,1.1,3.33,12.14,28.99,-0.07
2018-04-23,16.34,22.12,16.98,19.25,126.48,52.79,90.94,58.961391392334846,1.11,3.36,12.13,28.97,
2018-04-24,18.02,23.62,18.16,19.94,126.5,53.0,90.77,51.49626067576008,1.11,3.41,12.24,29.15,
2018-04-25,17.84,23.07,17.93,20.67,124.29,55.2,91.17,54.78408379031029,1.11,3.47,11.97,28.16,
2018-04-26,16.24,20.36,16.77,19.12,127.08,53.14,91.56,59.76361407991782,1.12,3.43,11.49,26.86,
2018-04-27,15.41,20.52,15.7,18.32,128.4,51.27,91.54,58.182220429048876,1.12,3.44,10.99,25.59,-0.04
2018-04-30,15.93,21.06,16.45,18.91,130.77,50.35,91.84,57.78041827544915,1.14,3.46,11.15,28.28,
2018-05-01,15.49,19.71,16.19,19.08,128.21,51.78,92.45,58.98064856078415,1.15,3.47,11.88,28.07,
2018-05-02,15.97,19.76,16.37,19.48,122.42,49.05,92.51,56.65013561219573,1.15,3.45,11.64,27.32,
2018-05-03,15.9,19.65,16.45,19.77,126.79,49.43,92.41,55.06440647495873,1.16,3.5,11.46,26.69,
2018-05-04,14.77,18.41,15.6,19.13,127.37,,92.57,60.831998397914916,1.17,3.49,10.99,26.17,-0.0
2018-05-07,14.75,18.71,15.68,19.66,123.04,48.02,92.75,61.64725493213749,1.17,3.46,11.32,28.86,
2018-05-08,14.71,18.48,15.42,19.04,125.1,48.82,93.12,59.84402232498871,1.17,3.46,11.5,26.76,
2018-05-09,13.42,17.62,14.99,18.45,126.05,49.37,93.04,64.1308154184701,1.17,3.43,11.39,26.71,
2018-05-10,13.23,16.38,14.71,18.13,129.35,47.81,92.65,65.12678783327733,1.16,3.41,11.42,26.61,
2018-05-11,12.65,16.19,14.25,17.48,,47.06,92.54,65.75254693877534,1.15,3.4,11.04,25.74,-0.25
2018-05-14,12.93,16.08,14.74,17.41,133.97,48.34,92.59,65.50837404173448,1.14,3.37,11.15,25.93,
2018-05-15,14.63,17.51,14.87,19.37,136.76,52.66,93.22,62.007640039209505,1.14,3.36,11.91,26.61,
2018-05-16,13.42,16.71,14.63,18.46,134.45,55.13,93.39,64.44311625927658,1.14,3.37,11.77,25.73,
2018-05-17,13.43,17.19,14.33,19.12,134.78,54.19,93.47,64.42198189991937,1.14,3.36,11.64,25.11,
2018-05-18,13.42,16.87,14.44,19.07,133.32,53.26,93.64,63.589079261395625,1.14,3.41,11.11,25.23,-0.3
2018-05-21,13.08,16.92,14.32,18.34,134.02,53.08,93.68,65.3805119100826,1.14,3.4,11.62,25.79,
2018-05-22,13.22,16.92,14.73,17.89,134.61,52.57,93.61,66.02946471503763,1.14,3.39,10.9,25.89,
2018-05-23,12.58,16.27,14.33,18.43,135.61,53.27,94.01,66.01281851917226,1.15,3.48,11.18,26.04,
2018-05-24,12.53,15.82,14.25,19.14,139.24,52.16,93.78,63.9970064769371,1.15,3.49,10.99,25.37,
2018-05-25,13.22,16.06,14.64,18.41,140.78,54.1,94.19,61.56071724949865,1.16,3.53,10.31,27.76,-0.24
2018-05-28,,,,,,,,,1.16,3.53,,,
2018-05-29,17.02,18.42,16.79,22.41,141.84,63.0,94.83,53.46543715834884,1.2,3.75,12.33,29.04,
2018-05-30,14.94,17.07,15.39,20.11,143.89,61.86,94.15,59.419162092034696,1.2,3.64,10.87,27.9,
2018-05-31,15.43,16.78,16.17,19.33,,60.54,93.99,58.808653147549435,1.22,3.63,10.92,27.61,
2018-06-01,13.46,15.11,14.84,17.79,134.53,56.94,94.19,64.27926327282037,1.21,3.55,10.58,28.65,0.05
2018-06-04,12.74,15.49,14.68,17.22,132.7,54.3,94.02,65.31093453287166,1.2,3.49,10.54,29.49,
2018-06-05,12.4,15.33,14.53,17.79,132.58,54.46,93.89,65.55237721734295,1.21,3.5,10.46,29.3,
2018-06-06,11.64,15.51,14.17,17.09,136.57,56.44,93.66,69.20398450848502,1.21,3.44,10.31,29.14,
2018-06-07,12.13,16.45,14.63,18.61,133.84,56.58,93.4,66.19882574733526,1.21,3.44,10.55,28.05,
2018-06-08,12.18,16.51,14.52,18.27,133.11,59.57,93.55,65.71180227895086,1.22,3.45,10.69,27.59,-0.4
2018-06-11,12.35,16.45,13.26,17.57,138.93,57.83,93.58,65.90019762983947,1.22,3.39,10.54,26.86,
2018-06-12,12.34,15.7,13.42,16.9,142.82,55.96,93.8,66.55835476742602,1.22,3.38,10.52,26.58,
2018-06-13,12.94,16.32,13.52,17.65,141.74,53.79,93.71,65.97529407029619,1.21,3.33,10.6,27.08,
2018-06-14,12.12,15.94,12.93,17.9,142.39,52.5,94.77,66.20384816957348,1.21,3.31,9.83,26.69,
2018-06-15,11.98,15.42,13.41,17.1,140.92,53.08,94.79,65.91186610986624,1.21,3.33,10.65,27.64,-0.35
2018-06-18,12.31,16.82,14.07,18.22,140.92,52.33,94.75,65.08831545992484,1.22,3.34,9.82,27.58,
2018-06-19,13.35,17.29,14.62,19.5,139.35,52.4,95.09,61.793438565470176,1.24,3.4,10.99,28.01,
2018-06-20,12.79,16.89,14.78,18.42,140.82,51.92,95.06,64.31786469322533,1.24,3.34,11.08,28.06,
2018-06-21,14.64,18.89,16.89,19.74,139.94,53.09,94.87,59.681974558368886,1.27,3.39,11.22,27.78,
2018-06-22,13.77,18.38,16.15,18.68,140.54,53.03,94.52,60.384647256110334,1.27,3.39,10.67,25.52,-0.28
2018-06-25,17.33,21.94,19.01,21.04,134.66,53.04,94.28,52.503386404140954,1.29,3.47,10.83,26.1,
2018-06-26,15.92,20.51,17.75,20.48,134.92,51.3,94.68,55.22407644585167,1.29,3.48,10.97,25.67,
2018-06-27,17.91,22.75,19.96,23.01,131.3,53.05,95.29,48.279097594206185,1.29,3.56,11.01,27.69,
2018-06-28,16.85,21.76,19.21,21.57,136.34,52.13,95.39,51.13373702838671,1.3,3.64,11.03,27.35,
2018-06-29,16.09,20.88,17.69,20.77,141.72,51.17,94.63,51.14664323271919,1.3,3.71,10.75,27.18,-0.07
2018-07-02,15.6,20.81,17.77,22.31,140.89,50.25,94.87,51.80855356805368,1.3,3.78,11.75,28.65,
2018-07-03,16.14,21.79,17.51,22.03,134.57,51.22,94.59,49.12693217407602,1.3,3.77,11.41,28.58,
2018-07-04,,,,,,,,,1.3,3.77,,,
2018-07-05,14.97,20.35,16.88,21.9,139.86,51.46,94.47,51.29363243121607,1.29,3.74,11.32,28.77,
2018-07-06,13.37,18.72,15.32,19.98,141.02,50.13,94.04,55.0312344527265,1.28,3.74,10.65,28.13,-0.2
2018-07-09,12.69,17.91,14.67,18.58,138.96,49.69,94.08,58.31935119026365,1.27,3.65,10.55,28.12,
2018-07-10,12.64,17.9,15.33,17.71,139.26,49.81,94.11,58.86155945884454,1.25,3.59,10.69,26.9,
2018-07-11,13.63,18.27,15.89,19.43,136.85,50.48,94.72,55.635747607156276,1.25,3.66,11.25,28.56,
2018-07-12,12.58,17.12,15.43,18.21,138.22,48.57,94.81,59.43686000916025,1.25,3.61,10.82,27.81,
2018-07-13,12.18,16.88,14.76,17.48,142.48,48.28,94.75,59.308455587422806,1.24,3.62,10.99,27.54,-0.43
2018-07-16,12.83,17.72,14.99,17.39,148.16,47.79,94.51,58.859093024261604,1.23,3.59,11.46,29.01,
2018-07-17,12.06,16.71,14.03,16.88,149.58,46.64,94.97,60.88599109644963,1.23,3.58,11.79,28.0,
2018-07-18,12.1,16.53,13.86,17.15,154.25,45.26,95.08,62.191547245941976,1.23,3.56,12.15,27.24,
2018-07-19,12.87,17.35,14.19,18.1,150.98,47.11,95.17,59.590340614100654,1.23,3.59,12.66,26.84,
2018-07-20,12.86,17.11,14.02,17.32,152.72,49.05,94.46,60.74779887244965,1.22,3.55,12.1,26.01,-0.46
2018-07-23,12.62,16.49,14.31,18.26,153.78,51.51,94.67,62.63179877247476,1.21,3.5,12.22,26.15,
2018-07-24,12.41,17.13,15.62,17.97,145.94,50.31,94.61,64.24605849486352,1.2,3.47,11.74,25.65,
2018-07-25,12.29,16.67,14.8,17.25,145.09,48.29,94.36,66.31920482520854,1.19,3.48,11.65,25.34,
2018-07-26,12.14,16.87,14.28,17.48,142.18,49.27,94.75,66.08970784744228,1.17,3.42,11.43,24.88,
2018-07-27,13.03,18.72,16.56,17.9,144.57,48.83,94.68,61.96067939174238,1.16,3.42,11.05,24.97,-0.55
2018-07-30,14.26,20.44,17.49,18.4,141.57,49.42,94.36,59.16271076352071,1.16,3.43,11.18,25.83,
2018-07-31,12.83,19.17,16.06,17.8,144.49,46.5,94.49,61.079021205695184,1.16,3.46,11.21,26.52,
2018-08-01,13.15,18.49,16.33,17.93,142.77,48.38,94.62,62.26047023909659,1.16,3.43,10.91,26.45,
2018-08-02,12.19,16.31,15.01,18.71,143.83,48.0,95.17,64.12410643925301,1.16,3.43,11.08,25.73,
2018-08-03,11.64,15.81,15.13,17.94,146.19,47.67,95.14,63.972596868080224,1.15,3.43,10.77,25.61,-0.45
2018-08-06,11.27,15.47,14.44,17.95,142.01,46.86,95.36,64.48967805248873,1.15,3.43,11.02,25.42,
2018-08-07,10.93,14.76,13.79,17.6,138.94,47.15,95.22,66.3735043193865,1.14,3.35,11.11,25.22,
2018-08-08,10.85,14.83,13.78,17.14,139.84,46.84,95.1,67.09788684219075,1.15,3.37,11.43,26.41,
2018-08-09,11.27,14.91,13.91,17.13,138.61,47.35,95.5,65.12954646449056,1.16,3.38,10.99,25.4,
2018-08-10,13.16,16.22,14.77,19.75,149.2,50.63,96.36,60.7420473866466,1.18,3.5,11.78,25.45,-0.56
2018-08-13,14.78,16.52,15.22,20.1,159.03,50.77,96.39,58.73485061392442,1.19,3.52,11.73,25.31,
2018-08-14,13.31,15.16,14.24,18.34,152.41,49.84,96.73,61.47000837199031,1.19,3.48,11.88,26.18,
2018-08-15,14.64,17.19,16.08,23.13,148.4,51.52,96.7,56.41499383966534,1.2,3.55,13.16,27.26,
2018-08-16,13.45,16.43,14.47,21.47,148.45,50.61,96.65,59.270425232475695,1.19,3.49,13.39,26.33,
2018-08-17,12.64,15.86,14.3,20.95,146.01,50.69,96.1,60.61557019124302,1.18,3.49,12.89,25.71,-0.45
2018-08-20,12.49,16.29,14.64,20.08,145.55,50.97,95.9,60.25435451931886,1.19,3.52,12.4,25.26,
2018-08-21,12.86,16.22,14.34,18.93,144.7,50.32,95.26,61.19011353367155,1.18,3.48,11.86,25.08,
2018-08-22,12.25,15.64,14.34,18.87,143.75,49.64,95.15,60.915465237602746,1.19,3.48,11.81,24.72,
2018-08-23,12.41,15.79,14.58,19.47,147.38,49.2,95.62,60.47421962554135,1.19,3.47,11.6,24.35,
2018-08-24,11.99,15.16,13.86,18.59,148.2,49.16,95.15,63.02277321045184,1.19,3.46,11.71,23.31,-0.64
2018-08-27,12.16,15.6,14.09,19.26,144.85,49.38,94.78,65.5461793746786,1.19,3.43,11.77,23.68,
2018-08-28,12.5,15.42,14.38,18.92,140.88,49.95,94.72,65.87977723282724,1.18,3.4,11.46,24.5,
2018-08-29,12.25,15.27,14.38,18.52,140.76,49.1,94.6,67.64091116505543,1.18,3.39,11.25,24.32,
2018-08-30,13.53,16.02,14.61,20.73,141.82,50.41,94.72,64.50501776075211,1.19,3.44,11.41,24.89,
2018-08-31,12.86,16.04,14.43,20.26,146.91,50.71,95.14,64.95443946653184,1.21,3.49,10.96,25.02,-0.68
2018-09-03,,,,,,,,,1.21,3.49,,,
2018-09-04,13.16,17.1,15.07,22.53,142.18,49.57,95.42,63.650031852944196,1.21,3.46,11.42,26.7,
2018-09-05,13.91,18.65,15.43,22.7,142.22,48.4,95.13,60.72518522793332,1.21,3.49,11.24,26.62,
2018-09-06,14.65,19.17,16.25,22.08,140.56,48.65,95.02,58.668923246681,1.21,3.52,11.54,26.16,
2018-09-07,14.88,19.76,15.67,22.28,145.87,49.43,95.37,58.70794534129327,1.2,3.48,11.3,26.07,-0.61
2018-09-10,14.16,19.04,15.65,22.06,144.88,47.69,95.15,60.09572040463957,1.2,3.46,11.33,26.13,
2018-09-11,13.22,17.83,15.08,21.8,147.88,47.97,95.06,63.38555050751102,1.19,3.4,11.26,27.14,
2018-09-12,13.14,17.47,14.87,21.35,148.75,46.79,94.8,62.64509584209046,1.18,3.38,11.18,26.94,
2018-09-13,12.37,16.45,14.46,20.66,150.64,46.06,94.54,65.57933858564616,1.17,3.35,11.15,26.7,
2018-09-14,12.07,16.12,13.64,19.99,151.59,47.45,94.98,65.59385462816202,1.16,3.29,10.84,26.4,-0.72
2018-09-17,13.68,18.5,14.95,21.52,150.95,46.81,94.51,61.15645320036327,1.15,3.29,10.85,26.49,
2018-09-18,12.79,17.35,14.18,20.27,151.37,47.97,94.62,64.82636762988503,1.15,3.24,10.78,26.8,
2018-09-19,11.75,16.9,14.2,19.41,145.19,48.79,94.55,65.83467566854453,1.14,3.24,10.81,26.35,
2018-09-20,11.8,16.2,13.4,18.95,144.84,49.34,93.91,67.3980042403725,1.13,3.25,10.72,26.07,
2018-09-21,11.68,16.84,13.84,19.11,141.55,48.83,94.22,66.65455549181583,1.13,3.25,10.76,26.15,-0.82
2018-09-24,12.2,17.25,14.96,20.25,138.84,48.31,94.26,65.24380635071017,1.13,3.28,10.97,26.97,
2018-09-25,12.42,17.07,14.49,20.13,137.68,49.38,94.13,64.35585049540565,1.12,3.26,10.83,26.83,
2018-09-26,12.89,17.4,15.18,20.22,140.98,47.44,94.19,62.34933515369758,1.12,3.27,10.76,26.53,
2018-09-27,12.41,16.75,14.86,19.3,142.1,45.71,95.0,63.175615417545515,1.12,3.25,10.86,26.45,
2018-09-28,12.12,16.58,14.36,19.65,144.43,46.16,95.19,63.914982052438,1.13,3.28,10.74,26.73,-0.76
2018-10-01,12.0,17.09,15.96,19.8,141.52,44.28,95.3,65.19192838496393,1.13,3.22,11.03,27.95,
2018-10-02,12.05,17.55,17.11,20.79,137.98,45.35,95.51,63.61404231153826,1.13,3.22,11.24,27.68,
2018-10-03,11.61,17.5,15.86,21.02,136.33,50.21,95.76,65.59790597883908,1.11,3.16,11.21,28.04,
2018-10-04,14.22,20.12,18.36,23.07,,55.07,95.75,60.83449893890082,1.12,3.29,11.59,28.9,
2018-10-05,14.82,21.5,19.59,23.4,130.28,55.19,95.62,58.53548572377895,1.13,3.32,11.64,28.84,-0.79
2018-10-08,15.69,22.19,19.6,23.07,129.64,,95.77,56.9878080854069,1.13,3.32,12.48,28.86,
2018-10-09,15.95,21.62,19.36,22.99,128.98,53.45,95.68,55.72149762267423,1.13,3.41,12.03,27.9,
2018-10-10,22.96,27.53,23.99,26.84,127.65,55.7,95.51,39.95684884651279,1.13,3.51,12.51,28.81,
2018-10-11,24.98,27.76,23.49,28.15,130.85,56.07,95.02,32.84807804210851,1.16,3.58,13.57,29.29,
2018-10-12,21.31,24.69,23.32,26.13,125.51,54.37,95.22,40.95817013449454,1.16,3.54,12.76,27.73,-0.45
2018-10-15,21.3,26.81,23.09,25.97,128.32,51.25,95.07,39.01411365319003,1.15,3.49,13.13,28.59,
2018-10-16,17.62,22.51,20.29,24.14,132.15,50.18,95.05,47.99507642341074,1.16,3.45,12.2,28.59,
2018-10-17,17.4,22.93,20.51,24.44,130.65,48.99,95.58,48.072837411771545,1.16,3.45,12.14,28.13,
2018-10-18,20.06,26.08,22.95,27.34,125.96,52.64,95.9,39.988635280999524,1.17,3.51,12.23,28.53,
2018-10-19,19.89,25.77,23.53,25.85,124.94,52.04,95.71,39.686199974043035,1.17,3.51,11.76,27.42,-0.51
2018-10-22,19.64,25.16,23.48,25.64,125.68,51.85,96.01,40.21201461115698,1.18,3.52,11.68,27.76,
2018-10-23,20.71,25.26,24.08,27.16,126.54,55.01,95.96,38.12188118249172,1.2,3.65,12.31,29.38,
2018-10-24,25.23,30.25,27.97,31.68,128.91,57.69,96.43,25.698465269330192,1.19,3.68,13.11,29.8,
2018-10-25,24.22,29.54,26.52,29.53,125.26,56.7,96.68,31.090017751582007,1.22,3.72,12.3,28.5,
2018-10-26,24.16,29.87,28.64,30.68,121.7,62.7,96.36,26.91488814644727,1.23,3.85,12.92,29.09,-0.22
2018-10-29,24.7,31.75,29.36,31.51,120.83,59.77,96.58,24.77434378923101,1.23,3.84,12.98,29.46,
2018-10-30,23.35,30.73,28.35,29.24,118.11,61.79,97.01,28.99507227314927,1.25,3.89,12.3,29.9,
2018-10-31,21.23,29.12,26.62,27.92,117.64,60.13,97.13,34.4415860570432,1.25,3.81,12.08,30.12,
2018-11-01,19.34,26.12,23.92,26.6,118.28,58.54,96.28,40.24646423613313,1.26,3.81,12.6,31.54,
2018-11-02,19.51,26.65,23.89,27.72,115.73,61.42,96.54,40.56087353811242,1.24,3.72,12.5,32.21,-0.23
2018-11-05,19.96,27.26,24.25,27.63,118.89,59.9,96.35,40.473309261534105,1.25,3.72,12.39,32.68,
2018-11-06,19.91,26.17,23.79,27.1,119.93,59.01,96.32,42.526791692488324,1.23,3.68,12.47,34.15,
2018-11-07,16.36,22.39,20.22,24.27,120.56,,96.0,53.7974033226909,1.22,3.6,11.23,33.05,
2018-11-08,16.72,22.86,20.26,24.86,121.85,51.58,96.64,54.654503769056056,1.22,3.57,11.41,32.23,
2018-11-09,17.36,24.27,22.36,26.13,120.06,53.54,96.91,48.72055968190902,1.23,3.71,11.44,35.1,-0.48
2018-11-12,20.45,28.11,25.15,28.66,,,97.54,40.2555743226476,1.23,3.71,12.13,40.14,
2018-11-13,20.02,27.68,24.51,28.61,122.06,52.23,97.3,38.916271897474104,1.26,3.89,12.19,55.71,
2018-11-14,21.25,28.37,25.35,28.25,120.68,53.9,96.8,36.74454624562486,1.29,3.99,12.88,47.07,
2018-11-15,19.98,26.05,23.58,28.03,120.76,56.22,96.93,41.917890916650826,1.33,4.11,12.12,43.87,
2018-11-16,18.14,24.38,21.82,27.71,118.71,60.43,96.47,43.14324818018942,1.34,4.18,12.05,40.56,-0.03
2018-11-19,20.1,27.44,22.95,29.06,115.79,59.47,96.19,36.5119113405524,1.36,4.25,12.57,43.45,
2018-11-20,22.48,28.77,25.24,29.31,119.55,59.49,96.81,31.294846659752665,1.39,4.33,12.63,56.56,
2018-11-21,20.8,26.96,23.55,27.15,119.31,57.65,96.71,37.007257646388304,1.38,4.24,12.12,51.79,
2018-11-22,,,,,,,,,1.38,4.25,,,
2018-11-23,21.52,27.93,23.77,27.11,117.21,57.31,96.92,32.65516796019304,1.38,4.29,12.1,65.17,0.05
2018-11-26,18.9,26.02,23.32,26.81,117.57,51.53,97.07,40.70053677783612,1.38,4.26,11.83,57.87,
2018-11-27,19.02,24.73,22.66,26.43,115.83,51.24,97.37,42.23048767902422,1.4,4.31,12.01,54.64,
2018-11-28,18.49,24.11,21.93,26.42,115.96,50.76,96.79,47.859881721804236,1.41,4.25,11.43,53.99,
2018-11-29,18.79,24.33,22.05,26.68,115.49,50.92,96.78,46.37824084249423,1.42,4.22,11.39,53.96,
2018-11-30,18.07,24.02,21.07,26.11,114.71,52.43,97.27,46.9530123439903,1.45,4.29,11.26,56.04,-0.15
2018-12-03,16.44,21.7,19.73,22.72,118.46,50.31,97.04,52.65892006426879,1.44,4.2,10.93,49.61,
2018-12-04,20.74,25.38,24.24,25.23,117.76,53.86,96.97,39.23951307096763,1.46,4.29,11.63,49.84,
2018-12-05,,,,,,,,,1.46,4.29,,,
2018-12-06,21.19,25.97,25.11,26.25,116.68,,96.81,37.067303558631956,1.51,4.5,11.61,50.13,
2018-12-07,23.23,28.03,26.04,27.7,114.3,60.74,96.51,28.217633048696985,1.51,4.5,12.22,41.83,0.2
2018-12-10,22.64,27.2,26.41,27.23,117.64,60.26,97.22,29.060243269417093,1.52,4.56,12.04,45.06,
2018-12-11,21.76,26.77,25.66,26.17,116.8,58.73,97.39,30.30340604913135,1.51,4.48,11.46,41.46,
2018-12-12,21.46,26.3,24.54,24.9,116.78,58.23,97.04,33.96050791788032,1.5,4.4,11.29,39.9,
2018-12-13,20.65,25.8,24.52,24.05,117.03,55.75,97.06,34.4627700325845,1.48,4.39,10.69,39.25,
2018-12-14,21.63,27.62,25.45,24.12,118.6,56.13,97.44,29.508269947915206,1.48,4.46,10.77,42.38,0.26
2018-12-17,24.52,30.07,28.04,26.76,123.96,55.41,97.1,21.216832766483694,1.48,4.58,11.75,46.59,
2018-12-18,25.58,29.31,28.25,25.98,124.23,59.4,97.14,20.555357319992428,1.49,4.72,12.18,53.35,
2018-12-19,25.58,29.43,28.49,25.85,125.38,59.01,97.04,17.182979098148536,1.49,4.84,11.4,50.86,
2018-12-20,28.38,31.0,31.35,25.91,124.07,58.76,96.28,13.69103926022735,1.52,5.11,12.45,52.89,
2018-12-21,30.11,33.87,30.93,26.34,122.17,61.61,96.96,8.905766180870929,1.54,5.22,11.97,51.76,0.53
2018-12-24,36.07,38.68,34.74,28.26,118.27,66.04,96.55,6.664473830809729,1.55,5.35,14.8,56.73,
2018-12-25,,,,,,,,,,,,,
2018-12-26,30.41,33.7,30.26,26.35,116.47,63.89,97.05,14.849437850902792,1.56,5.37,14.47,54.07,
2018-12-27,29.96,34.37,31.67,26.5,115.18,68.34,96.48,15.922350305788246,1.57,5.38,15.18,57.16,
2018-12-28,28.34,34.2,29.32,25.43,117.26,66.66,96.39,14.724531134271711,1.58,5.3,14.56,53.11,0.66
2018-12-31,25.42,31.44,28.54,24.91,,66.58,96.17,18.980968039073854,1.59,5.33,13.48,51.87,
2019-01-01,,,,,,,,,,,,,
2019-01-02,23.22,30.09,26.85,24.72,116.06,62.8,96.82,20.357312829438882,1.6,5.35,13.18,54.72,
2019-01-03,25.45,32.18,28.44,26.14,112.22,65.79,96.31,14.079537625258165,1.63,5.44,13.77,53.57,
2019-01-04,21.38,28.57,25.3,23.86,111.44,65.82,96.19,27.55471464277109,1.62,5.05,12.04,51.52,0.31
2019-01-07,21.4,28.53,24.84,23.59,113.56,60.88,95.71,31.62898890987549,1.6,4.83,11.66,50.42,
2019-01-08,20.47,27.66,24.2,22.53,115.3,59.05,95.9,36.33363322810191,1.58,4.65,11.16,46.08,
2019-01-09,19.98,26.42,23.81,21.65,117.01,57.02,95.22,38.12854381989503,1.56,4.52,11.69,44.36,
2019-01-10,19.5,25.91,23.33,21.0,117.72,56.65,95.54,40.198659631212266,1.55,4.54,10.95,42.99,
2019-01-11,18.19,24.78,21.74,20.24,119.09,55.94,95.67,40.08269555839101,1.54,4.55,11.0,40.99,-0.18
2019-01-14,19.07,25.74,22.2,20.29,125.2,55.34,95.59,38.38248096645601,1.54,4.6,11.06,40.81,
2019-01-15,18.6,23.66,21.31,19.98,126.87,53.01,95.97,43.187974080953644,1.54,4.55,11.06,39.75,
2019-01-16,19.04,24.07,21.91,19.58,131.66,51.95,96.06,44.53739704642706,1.52,4.44,11.08,38.77,
2019-01-17,18.06,23.34,21.45,19.88,133.02,53.44,96.07,46.8968377340593,1.5,4.4,10.9,37.03,
2019-01-18,17.8,21.89,20.78,18.52,,53.78,96.34,51.32020002882668,1.46,4.27,11.12,35.63,-0.15
2019-01-21,,,,,,,,,1.46,4.27,,,
2019-01-22,20.8,25.02,23.35,21.39,122.82,54.64,96.3,45.12376503546788,1.46,4.41,10.77,38.26,
2019-01-23,19.52,24.5,23.46,20.87,123.88,54.19,96.12,47.136568238850025,1.44,4.39,10.61,37.69,
2019-01-24,18.89,23.49,22.51,19.77,130.92,54.18,96.6,49.161309981382786,1.43,4.45,10.37,36.75,
2019-01-25,17.42,21.78,20.93,19.64,126.11,52.5,95.79,50.72056641523689,1.4,4.34,11.12,35.21,-0.13
2019-01-28,18.87,23.43,22.13,20.68,123.06,50.95,95.75,46.72458813088385,1.4,4.41,11.04,37.61,
2019-01-29,19.13,23.86,21.73,20.63,121.9,49.8,95.82,45.14685086555674,1.39,4.4,11.25,37.13,
2019-01-30,17.66,21.18,20.13,20.74,123.28,48.32,95.34,50.45724941669374,1.39,4.36,11.14,35.59,
2019-01-31,16.57,20.24,19.1,20.15,126.53,49.81,95.58,51.21951190005528,1.38,4.37,10.74,34.97,
2019-02-01,16.14,19.8,18.48,19.66,126.03,48.79,95.58,53.34276791817774,1.36,4.29,10.12,33.4,-0.15
2019-02-04,15.73,19.68,17.32,19.11,128.4,48.87,95.85,53.47541799230481,1.34,4.25,10.11,33.7,
2019-02-05,15.57,19.47,17.89,18.63,123.42,48.62,96.1,53.916653420105916,1.33,4.15,10.14,34.57,
2019-02-06,15.38,19.74,17.42,18.78,123.72,47.44,96.42,52.93958808611102,1.32,4.13,9.76,33.02,
2019-02-07,16.37,20.92,18.61,19.37,124.45,48.97,96.51,48.667248010505034,1.34,4.29,9.72,34.34,
2019-02-08,15.72,20.04,18.12,18.92,127.72,49.63,96.64,48.287666020221465,1.34,4.32,9.89,32.56,-0.3
2019-02-11,15.97,20.07,17.68,18.89,129.19,48.32,97.06,48.795848859605826,1.34,4.28,10.18,33.34,
2019-02-12,15.43,18.69,16.93,17.68,128.6,49.02,96.71,53.308666126076574,1.33,4.17,10.03,32.69,
2019-02-13,15.65,19.0,17.15,17.77,127.12,48.17,97.13,53.44442576972904,1.32,4.12,9.55,32.26,
2019-02-14,16.22,19.02,17.5,17.93,126.89,47.19,96.98,52.43878700791188,1.33,4.17,9.92,32.1,
2019-02-15,14.91,17.7,16.0,17.71,129.55,45.73,96.92,55.2569233437852,1.32,4.12,10.16,29.46,-0.36
2019-02-18,,,,,,,,,1.32,4.12,,,
2019-02-19,14.88,18.1,16.51,17.71,124.68,45.06,96.52,54.28872384459844,1.32,4.11,11.39,31.0,
2019-02-20,14.02,18.02,16.11,17.63,123.39,44.54,96.45,56.582920234324355,1.32,4.08,10.92,30.76,
2019-02-21,14.46,18.19,16.33,17.21,122.42,46.55,96.61,56.0835009309134,1.32,4.04,10.29,30.16,
2019-02-22,13.51,16.95,15.57,16.81,121.08,47.22,96.51,57.86918361730645,1.32,4.05,10.02,29.85,-0.53
2019-02-25,14.85,17.81,16.67,17.41,127.67,46.16,96.41,56.89320441921474,1.31,4.0,9.91,32.69,
2019-02-26,15.17,18.11,17.66,17.57,125.53,46.28,96.0,56.63665391635,1.31,4.01,9.86,31.57,
2019-02-27,14.7,17.6,17.28,18.34,126.44,,96.15,58.36155643461829,1.3,3.94,9.72,31.01,
2019-02-28,14.78,17.17,17.16,18.66,126.44,47.22,96.16,57.04998552685351,1.29,3.92,9.52,30.27,
2019-03-01,13.57,16.12,16.12,18.11,126.97,47.9,96.53,60.56561371404694,1.28,3.86,10.2,30.31,-0.59
2019-03-04,14.63,17.36,17.57,18.46,125.04,46.74,96.68,57.46483266183243,1.27,3.9,10.26,30.2,
2019-03-05,14.74,17.06,17.43,17.75,126.4,45.86,96.85,56.74228372557344,1.27,3.91,10.19,29.79,
2019-03-06,15.74,18.23,18.99,18.11,125.8,45.63,96.87,53.468385143805,1.28,3.98,10.13,29.69,
2019-03-07,16.59,19.59,19.76,19.56,123.14,45.83,97.67,49.606716898106434,1.29,4.1,10.36,30.43,
2019-03-08,16.05,19.12,19.2,19.32,125.73,45.83,97.37,49.16623679656908,1.29,4.18,10.51,29.77,-0.47
2019-03-11,14.33,16.36,17.13,17.96,132.93,44.84,97.22,54.343140555030416,1.29,4.12,10.18,29.18,
2019-03-12,13.77,15.76,16.69,17.6,,44.86,96.94,55.121023167980255,1.28,4.08,10.08,28.56,
2019-03-13,13.41,15.38,15.89,17.47,,44.57,96.55,56.71194620553513,1.28,3.99,10.14,28.13,
2019-03-14,13.5,15.65,15.87,17.1,130.57,45.24,96.79,56.73561567534159,1.27,3.95,10.08,27.22,
2019-03-15,12.88,15.12,15.33,15.39,128.76,46.05,96.6,57.427732488952024,1.26,3.95,10.01,26.27,-0.57
2019-03-18,13.1,16.18,15.98,16.2,127.1,44.95,96.52,57.185231587720075,1.26,3.95,9.79,26.48,
2019-03-19,13.56,16.73,16.98,16.54,123.13,43.68,96.38,57.037728662370334,1.25,3.91,9.82,28.44,
2019-03-20,13.91,16.64,17.53,16.66,120.59,42.53,95.76,55.44659436322844,1.26,3.97,10.15,27.21,
2019-03-21,13.63,16.59,17.02,16.2,120.67,44.51,96.5,57.239999405090344,1.25,3.92,10.2,27.14,
2019-03-22,16.48,19.83,20.84,19.17,117.55,52.26,96.65,46.6674053837938,1.25,4.03,10.31,27.78,-0.59
2019-03-25,16.33,19.44,20.16,19.41,117.6,57.11,96.57,46.31767920384114,1.25,4.13,10.77,29.32,
2019-03-26,14.68,18.63,18.9,18.29,117.8,56.51,96.74,49.10341315295902,1.25,4.09,10.18,27.92,
2019-03-27,15.15,18.74,19.17,19.36,117.66,60.97,96.77,47.3976440791035,1.25,4.09,10.36,28.11,
2019-03-28,14.43,17.99,18.46,18.58,119.25,59.93,97.2,48.89333507481742,1.25,4.08,10.35,28.52,
2019-03-29,13.71,16.62,17.8,18.09,120.96,58.55,97.28,51.22695871955099,1.27,4.05,9.94,26.75,-0.33
2019-04-01,13.4,16.31,17.75,17.79,126.77,52.69,97.25,55.85369731632954,1.25,3.94,10.13,26.23,
2019-04-02,13.36,16.33,17.51,17.28,127.31,54.21,97.36,56.04432830527664,1.25,3.95,9.81,26.28,
2019-04-03,13.74,16.62,17.52,17.74,127.31,53.84,97.09,57.83206962873174,1.24,3.9,9.69,25.57,
2019-04-04,13.58,16.79,16.97,17.09,126.23,51.7,97.31,58.77384377379352,1.24,3.9,9.92,25.22,
2019-04-05,12.82,16.17,16.13,16.42,128.75,49.22,97.4,60.45520646990343,1.23,3.86,9.65,24.0,-0.67
2019-04-08,13.18,16.82,16.76,16.42,129.13,47.89,97.05,59.3648929682046,1.22,3.84,9.71,24.33,
2019-04-09,14.28,17.65,17.61,16.83,127.66,48.83,97.01,55.89227805996614,1.22,3.86,9.55,24.66,
2019-04-10,13.3,16.76,16.86,16.39,127.61,48.6,96.95,56.79902242967701,1.21,3.86,9.45,24.68,
2019-04-11,13.02,16.66,16.86,16.84,126.23,46.9,97.18,57.705772531200246,1.2,3.79,9.59,25.7,
2019-04-12,12.01,15.63,16.06,16.01,124.22,48.84,96.97,60.49092012413416,1.18,3.68,9.28,25.7,-0.66
2019-04-15,12.32,15.93,16.3,16.03,127.69,47.64,96.94,59.57571532403428,1.17,3.68,9.57,25.51,
2019-04-16,12.18,15.88,16.09,15.57,125.81,48.31,97.04,60.71158872719715,1.16,3.64,9.78,25.57,
2019-04-17,12.6,15.86,16.43,15.28,125.78,48.65,97.01,59.4318265313068,1.16,3.67,9.39,25.19,
2019-04-18,12.09,15.15,16.03,15.28,123.6,49.23,97.47,59.1660145093873,1.17,3.73,8.96,24.45,
2019-04-19,,,,,,,,,,,,,-0.78
2019-04-22,12.42,15.74,16.56,16.4,124.24,48.78,97.28,59.970013311956,1.17,3.73,9.56,26.07,
2019-04-23,12.28,16.15,15.93,15.71,124.65,49.79,97.57,61.89748589005887,1.17,3.72,9.54,26.56,
2019-04-24,13.14,16.67,16.37,16.3,123.81,50.52,98.1,58.63745127494903,1.17,3.73,9.48,25.28,
2019-04-25,13.25,16.49,16.82,16.56,124.18,49.79,98.2,59.155231671731585,1.17,3.75,9.35,25.57,
2019-04-26,12.73,15.79,16.12,15.77,126.29,49.43,98.01,59.763563019338385,1.17,3.76,9.28,31.24,-0.64
2019-04-29,13.11,16.44,16.65,15.86,125.79,48.05,97.86,59.91187445434268,1.16,3.73,9.46,29.04,
2019-04-30,13.12,16.6,17.06,16.0,126.47,49.47,97.48,58.03878647534182,1.17,3.73,9.32,29.31,
2019-05-01,14.8,17.93,18.35,16.36,125.32,46.75,97.69,54.20078092181648,1.17,3.71,9.19,29.41,
2019-05-02,14.42,17.62,18.12,16.44,124.59,46.72,97.83,55.34062428217414,1.18,3.74,9.08,30.49,
2019-05-03,12.87,15.98,16.8,15.84,122.22,45.78,97.52,58.00676973184983,1.18,3.72,8.89,29.88,-0.68
2019-05-06,15.44,18.7,18.95,19.11,123.23,47.82,97.52,53.66467373562799,1.18,3.82,9.26,30.91,
2019-05-07,19.32,22.86,22.03,23.1,116.88,52.36,97.63,44.66221750242356,1.19,3.89,9.74,34.07,
2019-05-08,19.4,22.52,22.11,23.18,117.79,51.31,97.62,45.97237605950605,1.2,3.87,9.78,32.23,
2019-05-09,19.1,22.03,22.34,24.6,117.68,54.72,97.37,44.80731144535135,1.22,3.99,9.96,32.48,
2019-05-10,16.04,19.1,18.98,21.38,118.54,53.49,97.33,48.73190729548321,1.22,4.01,9.33,32.8,-0.38
2019-05-13,20.55,25.25,23.74,27.8,119.36,57.89,97.32,35.175630427746306,1.24,4.2,10.51,34.6,
2019-05-14,18.06,22.23,20.99,24.07,119.95,55.35,97.53,40.152430477880245,1.24,4.13,9.76,32.13,
2019-05-15,16.44,19.92,19.56,22.0,120.87,57.4,97.57,42.35023193307505,1.24,4.17,9.45,29.26,
2019-05-16,15.29,18.4,18.57,21.26,121.09,56.98,97.84,46.65228158900331,1.24,4.06,9.16,29.42,
2019-05-17,15.96,19.39,19.37,21.61,118.69,56.97,98.0,44.243077191839966,1.24,4.07,9.16,29.44,-0.36
2019-05-20,16.31,21.64,19.85,21.6,115.25,56.55,97.93,42.07826473957352,1.24,4.06,9.16,27.63,
2019-05-21,14.95,19.58,18.3,19.87,117.17,55.35,98.06,45.83542304680839,1.24,3.99,8.99,26.93,
2019-05-22,14.75,19.84,18.6,19.79,115.42,54.96,98.11,44.33608096273931,1.25,4.03,9.04,28.19,
2019-05-23,16.92,21.31,20.82,21.74,114.71,61.07,97.85,37.8583538988182,1.28,4.22,9.47,33.79,
2019-05-24,15.85,20.63,19.41,20.55,114.12,60.54,97.61,38.45100569026575,1.27,4.16,9.0,33.19,-0.48
2019-05-27,,,,,,,,,1.27,4.16,,,
2019-05-28,17.5,21.83,20.81,21.11,112.58,61.77,97.96,35.3684660900965,1.29,4.19,9.2,34.36,
2019-05-29,17.9,22.23,20.95,21.14,111.93,63.16,98.14,33.17471518751393,1.32,4.36,8.88,36.43,
2019-05-30,17.3,21.68,20.46,20.97,112.68,61.74,98.14,33.75612937897987,1.31,4.33,9.3,39.62,
2019-05-31,18.71,23.23,21.51,21.17,112.65,72.68,97.75,29.4969590750624,1.35,4.59,10.33,46.91,-0.19
2019-06-03,18.86,24.22,21.32,21.54,112.32,73.56,97.14,26.78662118714987,1.36,4.7,11.79,46.78,
2019-06-04,16.97,21.49,19.6,20.78,112.74,75.26,97.07,34.769541043863924,1.35,4.53,10.66,43.46,
2019-06-05,16.09,20.87,19.4,20.88,112.91,77.64,97.37,38.49705716826336,1.34,4.48,11.26,45.19,
2019-06-06,15.93,20.32,19.45,20.16,113.89,73.42,97.03,39.682309482753226,1.34,4.42,11.62,40.66,
2019-06-07,16.3,19.93,19.02,19.75,114.67,68.69,96.61,41.0174691264406,1.34,4.37,11.41,38.75,-0.21
2019-06-10,15.94,19.98,19.15,19.28,114.38,65.62,96.76,43.47527888207141,1.32,4.23,10.87,39.12,
2019-06-11,15.99,20.22,19.58,19.31,113.81,64.93,96.69,44.936840868080104,1.32,4.2,10.52,38.69,
2019-06-12,15.91,20.58,19.41,19.94,114.66,68.43,97.0,43.230306167706935,1.32,4.22,11.06,43.06,
2019-06-13,15.82,20.03,18.85,19.4,113.33,75.74,97.01,44.07656924504234,1.32,4.24,11.68,41.56,
2019-06-14,15.28,19.85,18.62,20.21,113.33,80.82,97.57,43.59340474328326,1.32,4.23,11.9,42.89,-0.44
2019-06-17,15.35,20.04,18.73,19.08,115.3,76.88,97.56,43.72987214494277,1.32,4.23,11.99,46.15,
2019-06-18,15.15,19.51,18.18,19.07,116.21,76.74,97.64,46.73901688442695,1.3,4.14,12.4,43.43,
2019-06-19,14.33,18.8,17.68,18.3,115.93,71.37,97.12,46.941538041331206,1.3,4.16,12.41,40.79,
2019-06-20,14.75,18.71,17.74,18.01,119.23,72.37,96.63,48.187486500333286,1.28,4.03,15.69,41.66,
2019-06-21,15.4,19.18,17.85,17.91,118.46,74.63,96.22,48.62393840434162,1.25,3.95,15.54,42.13,-0.35
2019-06-24,15.26,19.46,18.46,18.32,117.09,73.76,95.98,47.02374270620743,1.23,4.0,16.8,41.0,
2019-06-25,16.28,20.77,19.29,19.27,116.83,74.22,96.16,43.978053936954886,1.24,4.09,17.08,40.26,
2019-06-26,16.21,20.46,19.35,19.01,117.16,73.73,96.21,45.98966450393848,1.23,4.05,15.88,38.45,
2019-06-27,15.82,20.07,18.57,19.37,117.5,69.92,96.19,46.29038241165458,1.23,4.09,15.57,37.84,
2019-06-28,15.08,19.76,18.05,19.73,117.5,70.43,96.13,48.43060813585426,1.22,4.07,15.99,39.46,-0.34
2019-07-01,14.06,17.64,16.66,17.22,118.12,66.53,96.84,51.708325297719306,1.21,3.99,14.08,35.92,
2019-07-02,12.93,16.29,15.92,16.53,122.14,68.6,96.73,51.310105860543004,1.2,4.04,15.8,37.77,
2019-07-03,12.57,16.15,15.7,16.64,120.82,68.33,96.77,51.94294555315706,1.2,4.02,15.89,36.72,
2019-07-04,,,,,,,,,1.2,4.02,,,
2019-07-05,13.28,16.47,15.77,16.59,126.66,65.28,97.25,52.45522479208631,1.19,3.98,15.07,34.7,-0.53
2019-07-08,13.96,17.77,16.54,17.39,121.42,63.22,97.38,49.81150930037739,1.19,4.0,12.99,34.0,
2019-07-09,14.09,17.42,16.99,17.56,120.44,62.9,97.49,50.41012930986714,1.2,4.03,13.45,30.3,
2019-07-10,13.03,16.43,16.18,16.65,120.66,62.39,97.1,52.42827300584973,1.2,4.01,15.01,30.76,
2019-07-11,12.93,16.64,15.91,16.46,122.45,62.96,97.05,53.99982071774684,1.19,4.0,13.64,29.86,
2019-07-12,12.39,16.25,15.11,15.77,123.65,62.78,96.81,55.45884541183019,1.18,4.02,14.65,30.39,-0.45
2019-07-15,12.68,16.22,15.66,15.24,126.22,61.9,96.93,55.02593477509,1.18,4.0,14.9,30.83,
2019-07-16,12.86,16.66,15.54,15.61,125.15,61.29,97.4,54.19353630088311,1.18,3.96,14.32,32.06,
2019-07-17,13.97,18.0,16.47,15.7,123.98,62.29,97.22,49.33329688615951,1.18,4.01,16.02,34.94,
2019-07-18,13.53,17.01,16.06,15.84,123.98,63.12,96.79,49.80489404582268,1.19,4.11,17.45,33.07,
2019-07-19,14.45,17.69,16.59,16.17,125.5,63.86,97.15,47.6649109752736,1.18,4.07,15.83,34.84,-0.37
2019-07-22,13.53,17.07,16.34,16.89,125.36,60.97,97.26,49.35310251249676,1.17,4.06,14.89,33.63,
2019-07-23,12.61,16.07,15.52,16.39,124.65,61.23,97.71,51.96923443204786,1.16,3.99,14.28,32.25,
2019-07-24,12.07,15.41,15.05,16.22,124.65,60.71,97.73,54.201596962657845,1.16,3.98,14.55,32.86,
2019-07-25,12.74,16.02,16.14,16.61,121.88,60.99,97.82,52.87752389818328,1.15,3.93,13.54,31.95,
2019-07-26,12.16,15.42,15.72,16.22,121.88,58.9,98.01,53.93359928170459,1.14,3.89,12.31,32.29,-0.5
2019-07-29,12.83,16.35,16.74,16.61,123.27,58.55,98.04,51.99163899225222,1.13,3.93,13.59,31.63,
2019-07-30,13.94,17.53,17.28,17.51,121.94,57.84,98.05,49.27090358852895,1.14,3.97,14.51,30.07,
2019-07-31,16.12,18.78,18.52,17.48,121.94,55.25,98.52,45.4578358239862,1.14,3.93,13.21,30.77,
2019-08-01,17.87,21.06,20.41,20.09,121.71,64.68,98.39,39.06852686930228,1.17,4.1,16.01,36.43,
2019-08-02,17.61,21.37,21.09,20.53,117.07,66.11,98.1,36.904075693005765,1.19,4.19,15.0,35.56,-0.27
2019-08-05,24.59,27.56,26.14,26.5,117.25,77.24,97.5,23.94007499757303,1.24,4.53,16.91,37.04,
2019-08-06,20.17,24.27,23.44,24.27,113.3,73.92,97.63,30.29245479081725,1.25,4.46,16.02,36.43,
2019-08-07,19.49,23.47,22.64,24.09,114.2,79.08,97.54,30.67697571304582,1.27,4.52,18.16,38.1,
2019-08-08,16.91,21.14,19.93,20.58,113.96,78.55,97.62,36.65258316902633,1.26,4.31,17.53,35.98,
2019-08-09,17.97,21.77,20.52,21.14,117.71,78.97,97.49,34.69114124405908,1.26,4.31,16.64,35.14,0.24
2019-08-12,21.09,25.18,23.53,23.69,116.34,81.58,97.38,27.418450551818207,1.27,4.4,18.46,34.43,
2019-08-13,17.52,21.82,20.71,23.05,115.15,77.7,97.81,34.675025066053244,1.26,4.25,17.92,33.19,
2019-08-14,22.1,26.38,25.12,26.45,117.58,87.22,97.99,23.623100901948256,1.29,4.49,18.19,35.83,
2019-08-15,21.18,24.79,24.28,25.17,113.48,90.62,98.14,23.937697561853287,1.31,4.52,18.72,36.2,
2019-08-16,18.47,21.51,21.51,23.29,112.52,89.52,98.14,29.911528695502206,1.31,4.47,16.86,35.02,0.19
2019-08-19,16.88,20.43,19.86,20.53,115.84,86.49,98.35,34.31792613336359,1.29,4.36,14.94,32.99,
2019-08-20,17.5,21.27,20.33,19.92,116.48,86.86,98.19,32.122756694564394,1.28,4.35,15.42,32.34,
2019-08-21,15.8,19.81,19.22,19.03,114.78,84.51,98.3,36.417333607601094,1.26,4.21,15.13,32.39,
2019-08-22,16.68,20.83,20.3,19.61,114.48,83.15,98.17,36.248888934259654,1.25,4.16,15.35,32.39,
2019-08-23,19.87,23.66,24.3,23.18,114.46,91.82,97.64,27.325894868185827,1.25,4.25,18.36,35.2,-0.1
2019-08-26,19.32,23.24,23.17,22.71,112.62,87.98,98.08,30.137531800115898,1.25,4.22,17.54,35.42,
2019-08-27,20.31,24.11,24.35,22.24,113.07,88.67,98.0,27.811633925650803,1.25,4.19,17.34,33.73,
2019-08-28,19.35,23.12,23.04,21.38,113.65,89.87,98.21,30.99983327049431,1.26,4.17,16.83,32.72,
2019-08-29,17.88,21.25,21.1,19.93,113.65,86.94,98.51,36.512252562699786,1.26,4.08,16.31,31.82,
2019-08-30,18.98,22.39,22.02,19.72,115.02,86.89,98.92,35.457861352248614,1.26,4.13,15.45,32.16,-0.06
2019-09-02,,,,,,,,,1.26,4.13,,,
2019-09-03,19.66,23.37,23.52,20.92,114.68,85.27,98.95,34.857948910918516,1.27,4.23,16.86,35.73,
2019-09-04,17.33,21.44,21.5,19.49,115.99,81.6,98.45,38.18389795574008,1.27,4.23,17.27,34.56,
2019-09-05,16.27,19.91,20.09,17.86,115.99,79.92,98.41,44.64781950309702,1.26,4.07,15.72,33.5,
2019-09-06,15.0,18.82,19.26,17.48,118.87,78.82,98.39,44.53773293297891,1.26,4.05,14.75,33.21,-0.1
2019-09-09,15.27,19.42,19.7,17.56,118.79,76.44,98.28,46.33945585560237,1.25,3.99,14.76,33.28,
2019-09-10,15.2,19.57,19.44,17.73,119.01,76.78,98.33,48.565817332856284,1.25,3.9,14.62,33.55,
2019-09-11,14.61,18.6,18.97,17.25,119.95,76.7,98.65,49.60885974405387,1.24,3.92,14.95,34.94,
2019-09-12,14.22,17.88,19.06,16.56,119.95,77.57,98.31,52.89062310956248,1.22,3.85,15.07,35.58,
2019-09-13,13.74,18.13,18.66,16.28,118.4,85.53,98.26,54.48245486378635,1.21,3.83,14.94,35.48,-0.35
2019-09-16,14.67,19.04,19.49,17.2,119.16,85.95,98.65,51.396244982668975,1.21,3.8,16.07,48.58,
2019-09-17,14.44,18.58,19.9,17.02,117.94,84.76,98.26,51.17653355499566,1.21,3.81,15.91,44.89,
2019-09-18,13.95,18.04,19.83,17.23,117.94,79.66,98.6,51.72299884466901,1.2,3.82,15.1,40.44,
2019-09-19,14.05,17.55,18.59,17.1,118.77,78.14,98.27,50.82771625370693,1.19,3.77,15.13,41.15,
2019-09-20,15.32,19.11,19.06,16.37,118.77,80.07,98.51,47.08321943307778,1.19,3.81,16.79,38.99,-0.16
2019-09-23,14.91,18.64,19.67,16.58,117.5,81.01,98.6,49.029657989599976,1.19,3.84,16.92,39.06,
2019-09-24,17.05,20.45,21.23,18.66,118.01,83.07,98.34,43.21216276349128,1.2,3.9,17.22,38.74,
2019-09-25,15.96,19.14,20.12,18.56,117.98,80.22,99.04,47.13376059054475,1.2,3.91,15.62,38.37,
2019-09-26,16.07,19.41,20.42,18.14,117.51,79.87,99.21,45.059084248055655,1.2,3.95,15.11,37.52,
2019-09-27,17.22,20.89,21.24,20.46,116.61,79.97,99.11,41.76003785494363,1.21,3.99,14.96,38.9,0.09
2019-09-30,16.24,20.03,20.08,19.2,116.61,77.2,99.38,43.52398583182176,1.22,4.02,15.37,38.75,
2019-10-01,18.56,21.95,22.16,19.9,117.67,85.61,99.13,38.956579584178776,1.22,4.08,15.61,38.88,
2019-10-02,20.56,23.71,23.36,21.23,114.01,89.39,99.04,33.402088253912574,1.25,4.28,15.75,39.62,
2019-10-03,19.12,22.33,22.04,20.52,111.47,87.94,98.86,34.7882516293356,1.26,4.4,16.33,40.4,
2019-10-04,17.04,20.24,20.35,19.32,114.54,83.15,98.81,38.22906632598021,1.26,4.38,15.26,39.31,0.36
2019-10-07,17.86,21.63,21.14,20.03,114.54,81.86,98.99,37.36125875499834,1.25,4.31,15.44,39.42,
2019-10-08,20.28,23.4,23.13,20.93,118.76,80.47,99.14,32.414408522965054,1.26,4.39,16.21,39.49,
2019-10-09,18.64,21.88,22.11,19.64,118.42,79.31,99.12,35.693467151136645,1.25,4.32,15.73,38.0,
2019-10-10,17.57,21.0,21.51,19.16,119.95,80.14,98.71,39.11751827664175,1.25,4.26,15.7,39.52,
2019-10-11,15.58,19.44,20.05,18.28,120.85,79.86,98.3,44.63353123255701,1.22,4.1,15.72,39.65,0.13
2019-10-14,14.57,18.61,19.13,17.07,122.4,,98.45,45.584594419085235,1.22,4.08,15.65,40.21,
2019-10-15,13.54,17.18,17.41,16.11,124.85,80.06,98.29,50.2121434432318,1.2,4.01,15.08,39.47,
2019-10-16,13.68,17.58,17.71,16.03,127.17,77.94,98.01,49.669577341145896,1.2,4.01,14.94,39.47,
2019-10-17,13.79,17.39,17.11,16.03,128.01,77.61,97.61,50.05629466309185,1.19,4.0,14.84,37.71,
2019-10-18,14.25,17.82,17.83,15.81,128.01,78.35,97.28,48.73070150140609,1.18,4.02,14.85,36.43,-0.14
2019-10-21,14.0,17.39,17.52,15.55,128.44,80.25,97.33,50.64538475252637,1.17,3.98,14.05,36.66,
2019-10-22,14.46,18.34,17.86,16.08,125.79,78.73,97.53,48.85585756070659,1.16,3.99,13.67,35.52,
2019-10-23,14.01,17.78,17.33,15.94,125.79,73.03,97.47,48.77751674294595,1.17,3.98,13.23,35.66,
2019-10-24,13.71,17.35,17.05,16.42,125.22,68.97,97.63,49.21915568476051,1.16,3.96,13.97,35.95,
2019-10-25,12.65,16.17,16.04,15.65,125.7,67.07,97.83,52.18341826574987,1.14,3.89,13.48,34.64,-0.14
2019-10-28,13.11,16.81,16.62,16.57,125.7,67.41,97.76,53.1074088789676,1.13,3.85,13.78,35.64,
2019-10-29,13.2,17.47,17.0,16.58,125.26,67.61,97.69,52.84582995871329,1.13,3.86,13.46,35.7,
2019-10-30,12.33,16.71,16.75,16.09,127.29,63.32,97.65,54.41212371462089,1.14,3.96,13.17,34.36,
2019-10-31,13.22,17.36,17.21,17.52,129.64,65.88,97.35,50.86213720528284,1.17,4.15,13.39,35.84,
2019-11-01,12.3,16.27,16.08,16.82,130.71,57.28,97.24,53.56018210765338,1.16,4.09,12.86,34.37,-0.07
2019-11-04,12.83,16.56,16.68,17.89,129.74,60.18,97.51,55.860065917200764,1.15,3.99,12.45,35.63,
2019-11-05,13.1,17.08,16.76,17.8,129.74,61.48,97.98,56.843153826015204,1.13,3.97,12.43,33.77,
2019-11-06,12.62,16.45,16.91,17.64,126.78,61.73,97.95,55.81494750285828,1.13,4.02,12.04,33.22,
2019-11-07,12.73,16.66,16.95,17.41,124.68,67.08,98.14,56.900779734414385,1.11,3.96,12.35,31.45,
2019-11-08,12.07,16.17,16.4,17.77,124.68,64.44,98.35,57.77144128281916,1.11,4.0,12.27,31.45,-0.1
2019-11-11,12.69,16.04,16.33,18.98,123.3,64.44,98.2,57.01190104196669,1.11,3.99,12.87,34.22,
2019-11-12,12.68,15.86,16.08,18.93,123.85,69.82,98.31,56.194714467797965,1.11,4.0,11.91,33.74,
2019-11-13,13.0,16.24,16.43,19.14,123.18,66.1,98.37,54.37220400250266,1.12,4.05,11.56,35.15,
2019-11-14,13.05,15.85,16.74,18.49,124.61,64.17,98.16,53.95251469647008,1.13,4.08,11.83,33.94,
2019-11-15,12.05,14.57,15.47,18.17,126.28,61.7,98.0,57.063745020404276,1.12,4.06,11.23,32.42,-0.11
2019-11-18,12.46,14.94,15.79,17.77,126.59,64.13,97.79,55.774696469739226,1.12,4.09,11.55,33.68,
2019-11-19,12.86,15.25,16.18,17.05,127.46,62.64,97.86,53.75369911373781,1.12,4.12,11.5,32.94,
2019-11-20,12.78,15.61,16.07,17.56,127.46,65.58,97.93,51.549272693032265,1.13,4.18,11.55,32.2,
2019-11-21,13.13,16.07,16.46,17.3,125.64,61.83,97.99,51.04373313977442,1.14,4.17,11.37,31.59,
2019-11-22,12.34,15.6,15.39,16.74,124.87,62.17,98.27,52.56844304226818,1.13,4.13,11.32,32.38,-0.06
2019-11-25,11.87,15.08,15.34,16.45,125.53,61.55,98.32,54.40907120805821,1.12,4.08,11.15,31.9,
2019-11-26,11.54,14.78,14.97,16.45,128.65,60.39,98.25,54.55995260449899,1.12,4.05,10.76,31.25,
2019-11-27,11.75,14.86,14.91,16.35,130.28,57.62,98.41,55.59343688419656,1.11,3.99,10.3,30.82,
2019-11-28,,,,,,,,,,,,,
2019-11-29,12.62,15.84,15.22,18.02,130.37,56.57,98.27,53.49147503823513,1.11,4.02,10.71,36.73,-0.2
2019-12-02,14.91,18.07,17.65,17.83,129.83,59.42,97.86,48.6820873233171,1.11,4.03,10.77,34.97,
2019-12-03,15.96,19.16,19.1,18.62,126.35,64.62,97.74,43.436242950559134,1.13,4.14,12.15,35.05,
2019-12-04,14.8,18.33,18.48,17.73,123.31,63.01,97.65,46.531107766282396,1.11,4.02,11.57,32.21,
2019-12-05,14.52,17.97,17.67,17.41,123.64,63.73,97.41,47.61771303122425,1.1,4.0,11.25,30.41,
2019-12-06,13.62,16.44,16.15,16.91,131.48,64.07,97.7,51.34892836397352,1.09,3.89,10.73,30.02,-0.1
2019-12-09,15.86,18.15,17.94,17.39,136.56,67.29,97.64,47.638913404288765,1.08,3.88,10.75,30.02,
2019-12-10,15.68,18.02,18.2,17.22,135.0,67.09,97.41,48.003778170796906,1.07,3.84,10.33,27.94,
2019-12-11,14.99,17.41,17.61,17.4,134.37,61.3,97.16,48.81961845605771,1.07,3.83,10.81,27.81,
2019-12-12,13.94,16.55,16.53,17.42,132.68,61.63,97.4,54.00171170257536,1.06,3.7,10.95,27.44,
2019-12-13,12.63,15.09,14.73,15.6,144.51,56.44,97.17,54.922854292067036,1.05,3.71,10.39,26.76,-0.28
2019-12-16,12.14,14.02,14.4,15.45,143.85,56.13,97.07,57.725975479049104,1.04,3.62,10.39,26.51,
2019-12-17,12.29,14.42,14.3,15.45,137.48,55.38,97.21,58.222067507428605,1.03,3.58,10.03,26.33,
2019-12-18,12.58,14.75,14.24,15.05,144.56,53.41,97.41,58.49343972793076,1.02,3.51,10.04,26.77,
2019-12-19,12.5,14.42,14.13,15.4,150.14,53.7,97.42,59.27582047268293,1.01,3.54,10.39,24.8,
2019-12-20,12.51,14.47,14.45,15.03,147.17,54.19,97.71,59.27206767046126,1.01,3.53,9.69,25.54,-0.37
2019-12-23,12.61,15.16,14.79,15.43,143.91,55.31,97.66,58.86091599725611,1.01,3.52,10.56,25.11,
2019-12-24,12.67,15.14,15.08,15.47,143.91,58.32,97.65,58.163689618098104,1.0,3.53,11.93,25.46,
2019-12-25,,,,,,,,,,,,,
2019-12-26,12.65,15.07,15.05,15.81,143.07,56.42,97.59,59.893238770015195,1.0,3.53,13.33,24.08,
2019-12-27,13.43,16.36,15.97,16.28,143.07,55.3,96.92,56.88688297441216,1.0,3.56,12.32,25.16,-0.19
2019-12-30,14.82,17.9,16.73,17.26,140.29,59.63,96.74,53.10651585177203,1.0,3.6,12.56,25.86,
2019-12-31,13.78,16.89,16.03,17.27,139.52,58.28,96.39,57.00887923477783,1.01,3.6,12.63,28.3,
2020-01-01,,,,,,,,,,,,,
2020-01-02,12.47,16.0,15.09,16.96,137.7,57.2,96.85,62.88171344714877,1.01,3.56,12.7,28.75,
2020-01-03,14.02,16.95,16.07,18.31,133.46,60.12,96.84,56.59975839145756,1.03,3.61,13.46,31.92,-0.24
2020-01-06,13.85,17.19,16.19,17.63,132.51,62.79,96.67,57.67381767156962,1.03,3.57,14.21,32.32,
2020-01-07,13.79,17.15,15.96,16.1,129.78,62.63,96.98,57.397761295691005,1.04,3.54,14.01,31.8,
2020-01-08,13.45,16.93,15.48,16.21,136.42,60.49,97.3,59.68676337719171,1.03,3.5,13.67,32.6,
2020-01-09,12.54,16.04,15.11,15.35,133.47,57.66,97.45,62.31165526247725,1.02,3.49,12.54,33.22,
2020-01-10,12.56,16.48,14.73,15.01,128.15,53.32,97.36,59.79365454111573,1.01,3.48,12.27,30.38,-0.36
2020-01-13,12.32,15.57,13.35,14.86,131.27,53.27,97.35,61.61416839545688,1.01,3.48,10.91,34.25,
2020-01-14,12.39,15.83,13.54,14.93,130.82,52.35,97.37,60.35971812029891,1.02,3.45,11.02,33.62,
2020-01-15,12.42,15.54,14.07,14.94,130.82,50.54,97.23,59.01655540604745,1.02,3.44,11.75,33.38,
2020-01-16,12.32,14.95,13.88,14.23,133.13,50.37,97.32,62.007102909416865,1.01,3.42,11.38,29.79,
2020-01-17,12.1,14.97,13.69,14.19,134.62,49.67,97.61,63.300775170538856,0.99,3.39,11.31,28.6,-0.53
2020-01-20,,,,,,,,,0.99,3.38,,,
2020-01-21,12.85,16.22,15.07,16.56,132.7,53.42,97.53,58.696302684087954,0.99,3.47,11.48,27.66,
2020-01-22,12.91,16.49,15.0,15.92,129.93,51.31,97.53,57.79671591874648,0.99,3.49,11.16,30.7,
2020-01-23,12.98,16.23,15.46,17.03,131.76,55.34,97.69,57.50680072060017,1.0,3.58,11.61,31.95,
2020-01-24,14.56,18.07,16.28,18.88,127.02,59.94,97.85,50.56797783444178,1.01,3.68,12.48,34.55,-0.42
2020-01-27,18.23,21.46,19.56,22.1,127.02,66.73,97.96,37.06734063839616,1.04,4.03,12.9,37.72,
2020-01-28,16.28,19.61,18.21,20.48,127.21,65.6,98.02,45.07019383682245,1.04,3.86,11.89,36.42,
2020-01-29,16.39,19.57,18.31,19.26,125.15,66.17,97.99,44.86315639314939,1.04,3.83,12.09,35.73,
2020-01-30,15.49,17.75,17.77,20.54,125.15,71.07,97.87,46.69395014652552,1.06,3.95,12.23,37.49,
2020-01-31,18.84,21.33,20.33,22.99,135.73,72.98,97.39,35.41852134527519,1.09,4.03,13.5,40.35,-0.13
2020-02-03,17.97,20.4,19.78,21.43,127.7,72.81,97.8,40.18293652302892,1.08,3.97,12.48,41.81,
2020-02-04,16.05,18.45,17.54,19.81,127.7,68.17,97.96,49.574253425309685,1.06,3.85,12.01,39.44,
2020-02-05,15.15,18.52,16.41,19.12,129.78,64.07,98.27,53.93433341597245,1.05,3.75,11.32,37.88,
2020-02-06,14.96,18.41,16.43,19.09,129.78,61.24,98.5,53.9590859395225,1.03,3.7,11.45,36.44,
2020-02-07,15.47,19.42,17.63,19.53,134.48,65.59,98.68,48.95353491595285,1.04,3.75,11.3,37.51,-0.47
2020-02-10,15.04,19.31,16.97,18.57,133.29,68.13,98.83,51.8351422166973,1.04,3.75,11.91,39.01,
2020-02-11,15.18,19.66,16.79,17.94,133.29,64.89,98.72,52.64622697964218,1.04,3.65,11.48,37.52,
2020-02-12,13.74,18.04,15.57,17.03,133.2,63.52,99.05,58.66236748731562,1.02,3.59,11.07,35.58,
2020-02-13,14.15,18.46,15.92,18.08,133.04,63.51,99.07,56.39029000106666,1.02,3.57,11.59,35.84,
2020-02-14,13.68,17.95,15.72,17.27,133.04,62.38,99.12,56.02049192988489,1.02,3.56,11.62,35.93,-0.58
2020-02-17,,,,,,,,,1.02,3.56,,,
2020-02-18,14.83,19.12,16.63,17.78,137.66,67.66,99.46,52.415194711166585,1.02,3.61,13.02,33.47,
2020-02-19,14.38,18.58,15.78,17.43,141.81,68.04,99.6,55.22255640897902,1.02,3.57,13.34,32.27,
2020-02-20,15.56,20.33,17.43,18.48,137.12,69.6,99.87,50.76902585932125,1.04,3.62,13.35,33.16,
2020-02-21,17.08,22.46,18.94,19.56,137.12,74.54,99.26,42.31790212688953,1.05,3.66,15.79,35.87,-0.45
2020-02-24,25.03,29.23,24.73,24.9,135.14,86.92,99.29,24.007668163997536,1.1,4.03,17.58,39.53,
2020-02-25,27.85,31.03,28.83,26.6,130.79,87.38,98.97,16.752767473989987,1.13,4.18,18.13,42.5,
2020-02-26,27.56,30.38,28.9,26.76,130.65,87.0,99.0,15.64480171210766,1.15,4.27,16.48,43.4,
2020-02-27,39.16,41.0,38.07,33.32,130.65,92.59,98.44,8.358572263378035,1.21,4.62,18.05,49.42,
2020-02-28,40.11,43.13,42.47,43.16,130.82,109.67,98.13,8.162560209712403,1.3,5.06,21.27,51.25,0.66
2020-03-02,33.42,35.1,33.26,31.18,126.84,104.89,97.36,14.191279480073238,1.33,4.97,18.98,48.33,
2020-03-03,36.82,39.33,36.49,32.88,123.06,102.97,97.15,5.427593542887238,1.32,4.84,22.01,50.8,
2020-03-04,31.99,33.54,30.75,26.49,127.38,89.59,97.34,12.70183637707095,1.32,4.75,18.55,50.59,
2020-03-05,39.62,41.4,39.16,30.21,123.61,96.96,96.82,3.0192313113593725,1.35,5.05,22.43,52.58,
2020-03-06,41.94,43.97,42.41,34.55,126.08,125.21,95.95,0.0,1.49,5.64,25.12,65.02,1.32
2020-03-09,54.46,53.68,52.96,48.34,121.57,163.7,94.9,0.0,1.88,6.68,31.29,115.92,
2020-03-10,47.3,47.43,47.19,40.08,121.38,123.72,96.41,2.2558377279959796,1.87,6.38,23.99,92.93,
2020-03-11,53.9,50.7,54.03,48.03,121.72,127.84,96.51,2.904910556178572,1.96,6.61,26.74,105.25,
2020-03-12,75.47,67.83,73.93,65.43,115.79,152.62,97.47,3.3533133221123834,2.22,7.42,30.18,123.45,
2020-03-13,57.83,51.84,55.95,66.82,115.79,138.4,98.75,2.421577215466886,2.29,7.31,37.43,118.48,3.5
2020-03-16,82.69,80.08,83.19,92.46,114.66,124.53,98.09,0.0,2.55,8.38,41.43,128.5,
2020-03-17,75.91,71.55,72.99,77.83,116.67,109.85,99.58,3.318045737881243,2.72,8.41,45.27,133.32,
2020-03-18,76.45,74.22,81.12,89.28,113.54,124.14,101.16,3.857257712236202,3.03,9.04,48.98,166.79,
2020-03-19,72.0,69.12,76.64,80.67,115.44,141.13,102.76,6.267428802162403,3.51,9.82,39.48,164.06,
2020-03-20,66.04,63.85,69.21,71.97,118.12,133.37,102.82,2.9845523529344913,3.87,10.09,36.81,190.08,5.66
2020-03-23,61.59,58.36,65.54,66.39,117.05,135.38,102.49,0.6448255224714228,4.01,10.87,41.16,185.68,
2020-03-24,61.67,56.95,65.03,58.35,117.75,111.09,101.74,2.9649574293896768,3.82,10.55,40.41,170.86,
2020-03-25,63.95,60.99,69.86,58.87,116.6,87.14,101.05,4.166062688553659,3.54,10.11,40.56,144.03,
2020-03-26,61.0,57.6,65.21,52.57,118.97,88.48,99.42,7.086370310665293,3.33,9.29,37.48,150.06,
2020-03-27,65.54,61.38,70.41,61.56,117.41,88.33,98.37,4.935000827218875,3.24,8.99,34.89,175.88,5.36
2020-03-30,57.08,55.04,61.86,54.21,122.18,90.7,99.18,5.134995288537591,3.15,8.82,30.42,174.22,
2020-03-31,53.54,51.29,60.46,51.75,125.49,83.87,99.05,6.845424224554306,3.05,8.77,29.19,170.55,
2020-04-01,57.06,54.29,65.26,57.25,115.48,83.13,99.67,1.4482588488130912,3.05,9.11,30.26,158.98,
2020-04-02,50.91,48.91,58.37,52.21,118.43,71.99,100.18,5.723297909460683,3.06,9.17,31.91,162.65,
2020-04-03,46.8,44.87,56.82,48.18,120.57,65.01,100.58,7.181097272879625,3.08,9.43,31.85,141.68,3.15
2020-04-06,45.24,42.93,53.49,53.81,121.01,66.28,100.69,15.197088779770203,3.03,9.26,35.76,144.19,
2020-04-07,46.7,44.69,55.4,44.52,118.48,72.21,99.98,14.914448339223908,2.92,8.88,34.27,139.13,
2020-04-08,43.35,42.34,53.19,40.31,119.3,75.71,100.12,21.859092622469905,2.83,8.81,29.98,141.46,
2020-04-09,41.67,41.36,52.48,40.63,120.85,74.39,99.52,28.99658201582804,2.61,7.96,27.59,129.88,
2020-04-10,,,,,,,,,,,,,2.61
2020-04-13,41.17,41.34,52.47,40.49,119.6,75.85,99.35,25.863635610851208,2.46,7.7,28.41,114.44,
2020-04-14,37.76,38.33,49.78,37.37,122.33,69.52,98.89,34.35992105535592,2.35,7.35,28.87,115.48,
2020-04-15,40.84,40.85,53.49,40.31,122.33,70.5,99.46,27.982406407958763,2.38,7.64,27.39,120.38,
2020-04-16,40.11,40.36,53.93,40.42,122.33,69.93,100.03,31.069824213964434,2.36,7.58,27.74,115.1,
2020-04-17,38.15,38.37,52.76,35.99,126.43,69.84,99.78,35.14675509446151,2.34,7.31,26.96,95.91,1.87
2020-04-20,43.83,43.85,55.9,38.92,125.34,70.6,99.96,32.62675689787746,2.36,7.52,28.01,226.13,
2020-04-21,45.41,45.37,54.28,44.32,123.71,73.83,100.26,29.508901455593016,2.41,7.9,30.62,325.15,
2020-04-22,41.98,42.37,49.72,41.48,126.19,72.29,100.39,30.748204302116108,2.39,7.85,30.44,236.8,
2020-04-23,41.38,41.66,48.91,40.12,125.22,67.25,100.43,30.76723069748698,2.36,7.87,30.25,211.0,
2020-04-24,35.93,36.5,44.72,49.15,125.22,66.09,100.38,31.82161597082803,2.36,8.03,29.22,173.53,2.4
2020-04-27,33.29,35.26,41.06,35.09,129.29,62.7,100.04,36.691446041888454,2.34,8.01,26.75,185.47,
2020-04-28,33.57,36.61,40.59,35.32,129.23,58.89,99.87,34.860384619244165,2.34,8.02,24.43,198.77,
2020-04-29,31.23,32.85,38.9,32.02,132.6,57.15,99.57,40.82170611229788,2.31,7.87,24.16,195.59,
2020-04-30,34.15,35.28,42.62,35.99,130.38,53.59,99.02,41.832567470287984,2.17,7.63,24.24,104.98,
2020-05-01,37.19,37.76,46.23,40.06,129.97,48.11,98.8,35.6268376387459,2.18,7.7,24.25,110.18,1.24
2020-05-04,35.97,36.86,45.46,39.77,129.97,49.25,99.48,37.09182029316277,2.2,7.79,23.68,97.42,
2020-05-05,33.61,35.37,43.72,37.0,131.29,49.65,99.71,37.316483078113485,2.18,7.6,24.97,97.27,
2020-05-06,34.12,35.6,44.46,36.87,128.59,51.31,100.09,37.96282173524987,2.18,7.6,24.47,115.39,
2020-05-07,31.44,33.58,42.21,35.26,130.67,54.93,99.89,39.56488548488103,2.21,7.6,26.15,110.62,
2020-05-08,27.98,30.64,40.49,33.07,132.21,57.4,99.73,42.46805766300565,2.22,7.52,24.89,98.7,0.94
2020-05-11,27.57,28.82,41.56,32.05,132.21,61.6,100.24,43.585578090126816,2.23,7.51,23.55,109.72,
2020-05-12,33.04,33.3,44.7,33.4,125.97,61.26,99.93,37.933786934654485,2.22,7.42,22.45,86.86,
2020-05-13,35.28,36.12,49.12,35.92,123.43,57.56,100.24,35.44225850423633,2.21,7.61,22.71,82.83,
2020-05-14,32.61,33.79,48.87,35.2,124.35,59.05,100.47,37.38810897183417,2.21,7.77,24.15,80.05,
2020-05-15,31.89,33.49,46.51,34.89,124.47,56.53,100.4,37.35191321080369,2.2,7.78,23.63,76.39,0.91
2020-05-18,29.3,30.22,43.89,29.83,129.23,58.7,99.67,43.63509707996976,2.12,7.41,22.81,76.14,
2020-05-19,30.53,30.74,45.23,30.58,127.48,60.09,99.37,44.41069368174349,2.06,7.35,21.33,73.22,
2020-05-20,27.99,29.12,42.3,29.15,125.95,58.85,99.12,45.838565312892726,2.01,7.16,20.12,73.62,
2020-05-21,29.53,30.73,40.54,31.07,124.53,55.62,99.37,45.6691659734593,1.98,7.08,19.74,89.06,
2020-05-22,28.16,29.36,38.93,31.58,125.78,51.67,99.86,45.64257914071451,1.97,7.06,18.95,84.98,0.43
2020-05-25,,,,,,,,,1.96,7.06,,,
2020-05-26,28.01,29.42,37.64,30.34,129.11,52.22,98.91,47.58309786231175,1.92,6.75,18.57,75.47,
2020-05-27,27.62,29.52,36.39,30.6,129.96,52.98,99.06,49.018272188266586,1.9,6.7,18.51,73.89,
2020-05-28,28.59,29.68,38.96,32.39,130.78,50.57,98.38,46.747501927147965,1.87,6.6,18.1,72.98,
2020-05-29,27.51,27.96,38.14,29.79,131.72,51.55,98.34,47.807173648841776,1.87,6.54,18.15,69.23,0.2
2020-06-01,28.23,28.99,39.88,29.49,132.09,55.07,97.83,49.42359662870524,1.85,6.43,18.06,64.38,
2020-06-02,26.84,27.68,38.19,28.6,132.61,55.35,97.67,51.253088891440065,1.81,6.18,18.1,64.71,
2020-06-03,25.66,27.45,36.34,27.59,131.5,61.24,97.28,53.83025681994029,1.74,5.8,18.47,65.73,
2020-06-04,25.81,27.43,36.25,27.59,130.77,61.18,96.68,54.02402993869328,1.7,5.83,18.05,65.13,
2020-06-05,24.52,25.53,35.0,26.35,129.87,61.97,96.94,57.235513297547776,1.6,5.5,18.17,64.2,-0.09
2020-06-08,25.81,26.8,36.93,27.23,129.11,62.77,96.62,57.294873158232825,1.56,5.51,17.94,67.24,
2020-06-09,27.57,28.7,39.41,28.23,129.11,62.94,96.32,55.43711411443205,1.59,5.75,19.0,67.76,
2020-06-10,27.57,29.32,39.62,27.42,127.74,60.02,95.96,54.32769598069717,1.61,5.92,20.75,63.06,
2020-06-11,40.79,36.81,51.11,37.9,127.74,56.47,96.73,44.5612778557911,1.7,6.4,23.04,69.96,
2020-06-12,36.09,35.49,49.21,37.81,133.54,55.81,97.32,47.1799302317979,1.69,6.28,20.39,70.22,0.27
2020-06-15,34.4,33.67,47.98,37.08,133.54,58.09,96.68,48.05970589524312,1.7,6.25,20.11,68.11,
2020-06-16,33.67,32.69,47.57,36.6,137.33,60.49,96.96,49.95584172214676,1.58,5.78,19.29,66.63,
2020-06-17,33.47,32.91,47.95,35.19,133.85,58.16,97.16,49.6575710569251,1.57,5.85,18.88,61.45,
2020-06-18,32.94,31.57,47.76,33.65,135.49,55.15,97.42,48.722476806312216,1.58,6.01,18.31,61.35,
2020-06-19,35.12,32.54,47.29,31.61,134.9,53.45,97.62,47.606696577547595,1.57,6.02,18.27,58.73,0.48
2020-06-22,31.77,31.38,43.62,30.3,135.54,53.93,97.04,49.581966439935016,1.57,6.03,19.55,56.76,
2020-06-23,31.37,31.23,41.84,29.48,135.2,54.04,96.69,50.516453279089625,1.56,6.02,20.51,58.83,
2020-06-24,33.84,33.58,45.45,32.72,135.2,54.89,97.15,46.30560709088292,1.6,6.23,20.01,64.96,
2020-06-25,32.22,31.81,42.57,30.79,131.92,51.57,97.43,47.45685341624035,1.61,6.3,19.73,62.69,
2020-06-26,34.73,33.81,44.85,32.36,137.47,51.21,97.5,43.81645439252301,1.62,6.41,20.52,63.69,0.5
2020-06-29,31.78,32.3,41.64,30.34,135.75,52.96,97.54,45.20238012144238,1.62,6.52,19.26,60.04,
2020-06-30,30.43,30.75,38.14,27.99,148.27,54.13,97.39,47.25899903521323,1.6,6.44,19.65,57.66,
2020-07-01,28.62,29.51,37.52,26.9,142.44,53.28,97.2,48.48899754338912,1.58,6.33,18.85,53.43,
2020-07-02,27.68,28.6,35.98,25.29,146.34,50.96,97.32,49.55119195518632,1.54,6.17,17.7,51.29,
2020-07-03,,,,,,,,,1.54,6.17,,,0.42
2020-07-06,27.94,30.2,37.8,27.96,140.98,52.03,96.79,51.054110732549844,1.51,6.03,17.42,50.73,
2020-07-07,29.43,31.72,38.41,28.47,138.34,50.98,96.88,47.429304488290754,1.51,6.04,17.37,51.39,
2020-07-08,28.08,31.05,37.27,27.28,138.34,49.8,96.43,49.610891332686435,1.51,6.06,17.74,48.85,
2020-07-09,29.26,32.68,38.87,28.91,138.84,50.07,96.7,48.51537556901435,1.52,6.14,17.39,53.77,
2020-07-10,27.29,32.02,37.5,28.51,135.68,49.19,96.65,51.61428222630414,1.52,6.14,16.64,49.71,0.11
2020-07-13,32.19,37.6,42.56,29.59,135.68,49.55,96.46,47.99217309667438,1.5,6.01,16.53,53.41,
2020-07-14,29.52,37.61,40.36,29.8,128.52,50.81,96.26,49.14575965498829,1.5,6.03,16.0,53.04,
2020-07-15,27.76,35.84,40.34,27.75,146.53,47.08,96.08,50.92106587790241,1.48,5.81,15.36,47.05,
2020-07-16,28.0,34.42,38.46,26.88,142.44,46.43,96.35,50.592772731135156,1.47,5.76,15.37,46.12,
2020-07-17,25.68,30.77,35.88,23.38,140.81,45.68,95.94,51.44383474551686,1.46,5.74,15.09,40.22,0.07
2020-07-20,24.46,30.91,34.52,22.54,145.9,46.82,95.83,53.85628369576706,1.44,5.54,15.3,42.59,
2020-07-21,24.84,30.91,34.33,23.11,134.84,46.45,95.12,53.585809493800014,1.41,5.33,16.67,41.1,
2020-07-22,24.32,30.46,33.67,23.33,140.39,45.32,94.97,53.99844227249102,1.39,5.28,22.45,41.3,
2020-07-23,26.08,32.75,34.64,23.65,140.74,43.93,94.69,51.899107559543154,1.39,5.26,21.99,43.83,
2020-07-24,25.84,32.61,33.39,24.03,139.4,42.48,94.44,51.43280316587464,1.39,5.29,21.61,42.35,-0.22
2020-07-27,24.74,31.55,32.57,24.69,139.61,42.61,93.67,53.56146881221374,1.39,5.24,25.52,41.37,
2020-07-28,25.44,31.83,33.31,24.11,139.64,41.27,93.76,51.57987792834151,1.4,5.27,28.96,41.09,
2020-07-29,24.1,30.13,31.88,23.42,140.86,41.63,93.26,53.195695421741924,1.4,5.15,26.79,39.58,
2020-07-30,24.76,30.2,31.77,24.28,138.99,40.66,93.02,52.57423010242597,1.41,5.14,24.13,42.06,
2020-07-31,24.46,27.93,33.1,23.14,138.99,41.98,93.49,53.84586198251161,1.41,5.16,24.46,44.43,-0.07
2020-08-03,24.28,29.27,32.34,23.2,141.56,43.13,93.5,53.795705374129696,1.4,5.08,23.56,41.56,
2020-08-04,23.76,29.12,31.21,22.67,141.77,44.11,93.38,53.92860381451628,1.4,5.13,26.3,40.28,
2020-08-05,22.99,28.5,30.04,22.0,139.59,41.75,92.83,55.40482521772139,1.37,5.04,25.69,37.12,
2020-08-06,22.65,28.53,30.08,22.46,139.59,42.6,92.79,56.16022528755267,1.36,5.06,27.36,37.59,
2020-08-07,22.21,29.76,30.12,23.99,139.75,41.46,93.44,55.67474928648629,1.35,5.06,26.22,37.43,-0.2
2020-08-10,22.13,29.86,31.1,24.14,137.5,42.21,93.58,56.66299687482798,1.34,5.09,23.89,35.74,
2020-08-11,24.03,31.87,32.79,24.78,136.39,45.26,93.63,55.152793118960126,1.33,5.03,27.48,37.5,
2020-08-12,22.28,30.16,31.13,22.82,137.01,44.23,93.44,56.921725410096386,1.33,5.1,25.85,34.74,
2020-08-13,22.13,29.84,29.9,22.24,136.11,45.08,93.34,57.42427710175497,1.34,5.16,25.82,34.87,
2020-08-14,22.05,29.15,29.3,22.49,136.82,43.09,93.1,57.61231694274233,1.35,5.26,23.53,35.1,-0.26
2020-08-17,21.35,27.73,27.43,21.16,137.45,45.81,92.85,58.40870602357393,1.36,5.29,26.35,32.43,
2020-08-18,21.51,26.9,28.23,20.85,138.08,46.06,92.27,58.45977494411453,1.37,5.26,26.46,31.7,
2020-08-19,22.54,28.88,28.65,22.56,138.08,44.6,92.89,57.576718771574534,1.37,5.25,28.15,32.85,
2020-08-20,22.72,28.44,28.73,22.53,138.2,44.58,92.79,57.99553266177168,1.38,5.28,25.91,32.83,
2020-08-21,22.54,28.62,28.73,21.5,144.05,45.14,93.25,58.283809702135926,1.38,5.25,25.96,33.68,-0.06
2020-08-24,22.37,29.83,28.47,22.32,146.73,46.33,93.3,59.241408572288925,1.37,5.17,23.86,32.25,
2020-08-25,22.03,29.11,28.29,21.88,147.23,47.89,93.02,60.45381379684066,1.37,5.07,22.76,33.03,
2020-08-26,23.27,32.1,28.67,22.76,146.53,47.99,93.01,60.42813257792457,1.37,5.02,24.79,33.79,
2020-08-27,24.47,33.32,29.61,24.33,142.09,49.29,93.01,60.352299977578,1.38,4.98,23.08,33.74,
2020-08-28,22.96,32.8,28.03,22.9,145.07,48.19,92.37,60.6618213458504,1.37,5.0,23.19,32.06,-0.26
2020-08-31,26.41,34.55,31.65,26.49,145.73,47.02,92.14,58.672302897833696,1.36,5.02,24.32,32.59,
2020-09-01,26.12,34.67,32.15,25.68,144.67,44.3,92.34,59.348000206051324,1.35,4.97,23.0,31.74,
2020-09-02,26.57,36.8,33.08,27.52,142.28,44.86,92.85,59.23808441772934,1.34,4.93,23.57,35.49,
2020-09-03,33.6,42.09,38.2,32.36,144.66,45.76,92.74,52.95077875786473,1.35,5.04,23.68,41.28,
2020-09-04,30.75,41.74,36.0,29.41,144.66,47.04,92.72,53.14960083125855,1.35,5.13,21.98,44.02,-0.12
2020-09-07,,,,,,,,,1.35,5.13,,,
2020-09-08,31.46,41.02,35.72,30.0,133.28,50.68,93.48,50.66813268023239,1.37,5.25,22.49,55.9,
2020-09-09,28.81,38.25,32.34,25.46,132.51,48.82,93.26,53.943387205037894,1.37,5.16,21.66,49.42,
2020-09-10,29.71,37.92,33.5,25.24,130.16,45.21,93.34,51.51818446876153,1.37,5.16,21.26,52.16,
2020-09-11,26.87,35.27,32.28,23.71,125.42,43.12,93.33,52.362854121311166,1.37,5.21,20.2,50.13,0.06
2020-09-14,25.85,33.56,29.5,22.69,125.42,44.21,93.07,53.789130151119686,1.36,5.18,20.91,49.41,
2020-09-15,25.59,33.79,28.97,22.07,130.95,43.06,93.05,54.506151761908384,1.36,5.14,20.32,45.19,
2020-09-16,26.04,35.48,29.24,23.52,132.95,42.43,93.21,53.61470863855173,1.35,5.07,20.08,41.13,
2020-09-17,26.46,36.27,29.62,22.87,136.06,38.45,92.97,52.29116967432703,1.35,5.14,19.95,38.73,
2020-09-18,25.83,36.04,29.55,22.26,139.41,37.24,92.93,51.19947963537978,1.35,5.16,20.22,39.07,-0.13
2020-09-21,27.78,36.43,33.78,24.67,132.09,38.63,93.54,49.0374457480683,1.37,5.42,21.6,42.89,
2020-09-22,26.86,35.24,33.34,25.37,130.64,39.35,93.99,50.59538890393339,1.37,5.45,21.63,41.28,
2020-09-23,28.58,37.25,35.53,27.15,129.84,38.63,94.39,47.773211677041694,1.39,5.47,23.43,44.64,
2020-09-24,28.51,36.99,35.61,27.15,129.84,37.22,94.35,47.532464888972044,1.43,5.64,23.41,42.88,
2020-09-25,26.38,34.93,33.98,26.63,129.17,36.97,94.58,49.63944522955376,1.46,5.64,22.09,41.41,0.26
2020-09-28,26.19,34.66,33.87,26.36,129.26,37.4,94.26,51.24042839397969,1.45,5.52,22.01,40.64,
2020-09-29,26.27,35.25,34.48,27.57,123.93,36.62,93.89,50.772893681330174,1.44,5.5,23.28,46.13,
2020-09-30,26.37,35.42,34.49,27.05,123.93,39.21,93.89,51.251152001379864,1.44,5.41,22.07,44.0,
2020-10-01,26.7,34.99,35.2,26.2,120.94,38.65,93.71,51.57675966501496,1.43,5.36,22.39,49.35,
2020-10-02,27.63,36.44,35.08,27.51,117.78,39.97,93.84,51.416909893024,1.43,5.38,22.59,55.51,-0.07
2020-10-05,27.96,35.67,34.17,27.66,119.53,39.81,93.51,54.2617453794669,1.4,5.18,22.13,49.44,
2020-10-06,29.48,36.67,35.46,28.1,119.53,57.75,93.83,52.77335416005685,1.38,5.06,22.79,46.6,
2020-10-07,28.06,35.61,33.8,27.37,120.6,56.98,93.63,54.70856421529853,1.36,5.02,23.28,45.5,
2020-10-08,26.36,34.43,32.71,25.6,121.81,57.31,93.61,56.226919634997984,1.36,4.97,21.96,41.15,
2020-10-09,25.0,32.6,30.51,22.78,121.81,57.52,93.06,57.52246851500519,1.35,4.92,22.44,42.38,-0.23
2020-10-12,25.07,33.44,31.6,21.69,123.94,,93.07,58.123426704679574,1.34,4.92,22.66,44.04,
2020-10-13,26.07,34.48,30.16,22.48,123.94,55.59,93.53,56.658591800576914,1.33,4.88,23.17,46.07,
2020-10-14,26.4,34.04,32.1,23.42,122.6,53.5,93.38,55.77404504226745,1.33,4.89,21.88,43.53,
2020-10-15,26.97,34.54,32.22,24.21,122.6,55.62,93.86,55.83934476479922,1.34,5.01,21.73,43.83,
2020-10-16,27.41,35.02,32.68,24.81,123.47,57.25,93.68,55.64974512272391,1.33,4.94,20.29,44.06,-0.09
2020-10-19,29.18,36.14,34.77,25.7,124.75,61.16,93.43,54.18835004925322,1.32,4.91,21.33,43.35,
2020-10-20,29.35,35.25,34.93,25.87,125.31,60.42,93.07,55.127699477644725,1.32,4.9,21.54,43.85,
2020-10-21,28.65,35.08,34.26,26.9,124.38,59.07,92.61,55.71208643270214,1.31,4.91,22.66,47.58,
2020-10-22,28.11,34.28,33.15,26.23,124.94,59.73,92.95,56.80391800844188,1.31,4.88,21.38,46.61,
2020-10-23,27.55,33.45,32.95,25.11,126.7,58.46,92.77,56.82961223769579,1.3,4.87,21.04,46.32,0.01
2020-10-26,32.46,37.41,37.8,29.15,126.05,58.95,93.05,52.149399732632716,1.3,5.03,20.93,53.05,
2020-10-27,33.35,36.56,39.07,28.39,126.05,57.88,92.94,51.757398287852425,1.3,5.06,20.41,50.22,
2020-10-28,40.28,43.39,44.99,33.31,127.58,57.13,93.41,46.01074667057525,1.32,5.29,21.93,59.61,
2020-10-29,37.59,40.08,41.38,31.26,129.3,61.3,93.96,48.453151428662224,1.33,5.25,21.9,63.38,
2020-10-30,38.02,41.3,41.36,32.19,128.05,61.91,94.04,47.59837324118138,1.34,5.32,23.26,68.84,0.39
2020-11-02,37.13,40.9,41.37,34.01,129.01,63.56,94.05,47.685870840047706,1.33,5.25,23.74,66.73,
2020-11-03,35.55,38.38,38.93,32.67,133.86,64.37,93.55,50.95953744776238,1.32,5.07,23.32,63.63,
2020-11-04,29.57,33.36,33.52,26.87,136.44,47.74,93.41,54.16430848250178,1.3,4.79,20.49,54.53,
2020-11-05,27.58,32.82,31.14,26.49,133.32,43.76,92.53,56.22597511463411,1.27,4.59,22.0,53.69,
2020-11-06,24.86,30.01,29.37,24.12,127.65,39.88,92.23,56.94495397802209,1.25,4.67,21.1,55.75,-0.07
2020-11-09,25.75,31.32,30.48,24.94,124.56,44.94,92.73,58.359588457054514,1.19,4.22,21.86,52.2,
2020-11-10,24.8,32.53,30.98,23.99,127.41,46.19,92.75,57.725419542627,1.19,4.37,20.46,49.64,
2020-11-11,23.45,30.29,29.09,22.16,126.3,,93.04,58.96199808714984,1.18,4.37,19.14,49.24,
2020-11-12,25.35,30.91,31.62,25.27,129.47,44.17,92.96,56.3088337351511,1.21,4.62,18.98,50.9,
2020-11-13,23.1,29.03,30.0,22.05,131.42,42.95,92.76,58.432507803360416,1.21,4.63,17.74,48.24,-0.48
2020-11-16,22.45,27.37,30.09,21.85,129.33,42.49,92.57,60.64517021500653,1.19,4.5,18.31,46.89,
2020-11-17,22.71,27.31,29.54,22.0,129.56,43.08,92.42,59.76880719608173,1.19,4.48,17.54,45.08,
2020-11-18,23.84,27.47,30.68,23.12,128.91,43.62,92.32,58.47944562400337,1.17,4.42,17.67,46.06,
2020-11-19,23.11,26.81,30.17,22.29,133.59,43.53,92.29,58.7169546769088,1.16,4.48,17.96,46.34,
2020-11-20,23.7,26.91,29.5,21.96,133.55,42.31,92.39,57.68403603847558,1.16,4.49,17.72,43.94,-0.16
2020-11-23,22.66,26.64,28.76,21.85,133.54,43.04,92.51,59.39115157576063,1.16,4.43,18.98,42.79,
2020-11-24,21.64,25.99,29.36,21.5,134.26,42.38,92.23,61.88855366629424,1.15,4.31,20.09,42.84,
2020-11-25,21.25,25.69,28.76,22.46,134.19,39.62,91.99,62.97697313800938,1.14,4.33,19.75,43.56,
2020-11-26,,,,,,,,,1.14,4.33,,,
2020-11-27,20.84,26.12,28.89,22.71,133.9,39.64,91.79,62.597710175309544,1.13,4.35,19.09,46.21,-0.4
2020-11-30,20.57,26.68,29.78,25.27,132.43,40.84,91.87,61.989250671336244,1.12,4.33,19.69,47.37,
2020-12-01,20.77,27.41,29.72,25.02,133.95,41.53,91.31,62.98921568326877,1.09,4.21,19.61,47.81,
2020-12-02,21.17,27.55,28.39,25.44,132.6,43.92,91.12,63.100966118684575,1.08,4.17,19.42,45.68,
2020-12-03,21.28,27.39,28.84,25.69,134.61,42.53,90.71,61.986499962682345,1.07,4.1,19.61,40.95,
2020-12-04,20.79,27.02,28.74,24.95,132.46,43.89,90.7,62.98983284284431,1.07,4.03,18.95,38.34,-0.44
2020-12-07,21.3,27.2,29.66,25.08,133.08,49.67,90.79,62.41230660880675,1.07,4.03,19.79,37.68,
2020-12-08,20.68,26.08,28.81,22.63,132.44,49.1,90.97,62.23157585059978,1.08,4.03,19.86,37.7,
2020-12-09,22.27,29.32,29.51,23.79,134.9,48.48,91.09,60.80943309677929,1.1,4.04,20.26,39.52,
2020-12-10,22.52,29.15,28.61,22.57,135.75,47.15,90.79,60.22960792707316,1.11,4.08,19.66,39.7,
2020-12-11,23.31,29.0,30.04,22.34,135.71,47.52,90.98,59.83906754376447,1.11,4.13,19.24,39.51,-0.42
2020-12-14,24.72,29.44,30.5,24.87,139.92,49.22,90.71,58.992299408822504,1.11,4.07,19.43,39.96,
2020-12-15,22.89,28.1,29.03,23.69,139.29,48.14,90.47,60.80724637929204,1.1,4.06,19.75,39.34,
2020-12-16,22.5,27.85,29.4,23.27,138.95,46.96,90.45,61.35209517646435,1.08,4.06,19.39,38.68,
2020-12-17,21.93,27.04,29.25,22.31,144.79,44.15,89.82,62.492494243867,1.07,4.05,20.1,36.86,
2020-12-18,21.57,26.91,28.01,21.09,147.07,44.64,90.02,62.06617068111422,1.07,4.03,19.58,37.15,-0.37
2020-12-21,25.16,28.35,30.97,23.51,147.02,46.66,90.04,60.721019043746104,1.07,4.18,19.8,41.56,
2020-12-22,24.23,27.94,30.59,26.14,146.53,43.57,90.65,60.53389353092089,1.07,4.12,19.5,42.06,
2020-12-23,23.31,27.33,30.62,24.72,146.27,42.74,90.41,60.8731120678742,1.07,4.07,18.87,39.89,
2020-12-24,21.53,25.94,30.06,24.79,147.39,42.11,90.33,61.602212732517124,1.06,4.05,18.99,39.41,
2020-12-25,,,,,,,,,,,,,-0.42
2020-12-28,21.7,25.91,29.07,24.9,148.27,45.26,90.34,62.35567713971348,1.05,3.89,20.2,39.67,
2020-12-29,23.08,26.82,30.76,24.55,145.3,46.1,90.01,61.83904020130955,1.05,3.85,19.53,38.64,
2020-12-30,22.77,26.29,30.52,24.01,142.74,47.19,89.63,62.05116853361566,1.03,3.87,20.06,38.01,
2020-12-31,22.75,26.93,30.54,24.74,143.03,48.98,89.94,62.062956783446175,1.03,3.86,20.79,37.83,
2021-01-01,,,,,,,,,,,,,-0.47
2021-01-04,26.97,30.13,34.43,27.31,147.83,49.59,89.88,59.71090343391205,1.04,3.93,21.86,42.12,
2021-01-05,25.34,28.42,31.98,25.72,143.84,48.95,89.44,61.42765840207481,1.05,3.92,22.14,40.39,
2021-01-06,25.07,29.27,32.0,27.57,145.5,44.64,89.53,63.07956209639232,1.04,3.8,21.7,39.31,
2021-01-07,22.37,26.99,29.53,25.42,147.06,45.2,89.83,66.41717894396909,1.03,3.78,20.66,36.06,
2021-01-08,21.56,27.93,31.11,22.43,145.92,44.81,90.1,67.77845708681704,1.02,3.76,22.16,36.65,-0.48
2021-01-11,24.08,28.92,32.3,27.13,139.25,47.77,90.54,66.0450848578016,1.01,3.82,20.65,35.31,
2021-01-12,23.33,28.33,31.27,26.59,134.7,50.12,90.05,66.88492587488669,1.01,3.85,20.01,33.85,
2021-01-13,22.21,27.36,29.58,25.58,139.99,45.6,90.32,66.93848229414264,1.0,3.82,18.8,36.79,
2021-01-14,23.25,28.55,30.61,23.49,139.93,46.23,90.24,66.23517422265715,0.99,3.73,19.21,37.95,
2021-01-15,24.34,29.17,30.72,24.67,138.06,45.14,90.78,64.69016381478531,1.0,3.74,19.04,40.39,-0.52
2021-01-18,,,,,,,,,0.99,3.73,,,
2021-01-19,23.24,27.71,30.7,26.0,136.7,45.23,90.5,66.09853831091536,0.99,3.71,18.87,35.37,
2021-01-20,21.58,26.79,30.02,25.35,141.32,42.53,90.47,68.54438159462855,0.99,3.67,18.95,35.67,
2021-01-21,21.32,27.01,30.67,24.93,146.66,43.01,90.13,69.36688969710325,1.0,3.65,18.85,35.05,
2021-01-22,21.91,28.07,31.64,26.93,144.2,43.09,90.24,68.44477814455277,1.01,3.75,18.42,36.25,-0.51
2021-01-25,23.19,28.73,33.68,28.94,145.55,43.08,90.39,67.39157816512612,1.02,3.75,18.51,38.02,
2021-01-26,23.02,29.2,33.71,26.76,143.31,43.14,90.17,66.59125035375,1.02,3.74,17.88,37.13,
2021-01-27,37.21,39.61,40.4,29.82,143.31,44.16,90.65,58.14162577049084,1.03,3.85,18.47,40.21,
2021-01-28,30.21,35.05,37.33,27.64,137.93,45.53,90.46,61.982441020820865,1.02,3.76,19.38,40.45,
2021-01-29,33.09,37.44,38.89,29.8,145.84,47.41,90.58,59.0232360063882,1.03,3.84,20.64,40.2,-0.26
2021-02-01,30.24,34.24,35.33,26.94,134.3,46.28,91.02,62.40703553070146,1.03,3.83,21.81,39.16,
2021-02-02,25.56,29.49,31.71,25.58,141.63,45.91,91.2,67.11899630422835,1.02,3.75,19.61,38.62,
2021-02-03,22.91,29.03,29.69,23.27,141.15,46.93,91.12,67.86118814775733,1.01,3.68,18.45,37.11,
2021-02-04,21.77,27.09,28.71,22.33,136.59,47.25,91.53,69.44487752776249,1.0,3.64,19.3,35.37,
2021-02-05,20.87,25.46,28.83,21.18,136.01,47.2,91.04,70.43295445660776,0.99,3.58,18.7,34.94,-0.57
2021-02-08,21.24,26.18,30.37,21.96,135.09,48.45,90.93,70.27029996513426,0.98,3.54,18.45,34.48,
2021-02-09,21.63,26.6,30.44,21.42,136.65,46.75,90.44,69.88608492598804,0.98,3.51,18.35,33.54,
2021-02-10,21.99,27.41,32.15,22.18,140.06,46.27,90.37,68.76402730146181,0.98,3.51,18.57,33.77,
2021-02-11,21.25,27.07,32.38,21.93,139.33,45.95,90.42,69.43871416751008,0.98,3.5,18.31,34.33,
2021-02-12,19.97,26.36,31.38,21.71,137.6,47.01,90.48,71.02576981589472,0.97,3.48,18.08,34.25,-0.76
2021-02-15,,,,,,,,,0.97,3.47,,,
2021-02-16,21.46,28.52,33.54,22.73,137.66,56.78,90.51,70.95472747503709,0.95,3.41,19.57,35.13,
2021-02-17,21.5,28.26,32.21,23.02,140.17,55.97,90.95,70.02106905350877,0.94,3.44,20.49,36.9,
2021-02-18,22.49,27.59,32.65,24.47,144.45,56.12,90.59,69.27662305382017,0.94,3.46,19.66,37.9,
2021-02-19,22.05,27.74,32.21,24.22,142.55,60.43,90.36,70.23659419043297,0.94,3.41,19.26,37.76,-0.65
2021-02-22,23.45,31.02,32.81,25.62,141.53,62.42,90.01,68.24072533000442,0.95,3.44,19.12,38.57,
2021-02-23,23.11,30.62,33.3,26.75,138.82,61.73,90.17,68.18927419023622,0.97,3.47,18.3,39.75,
2021-02-24,21.34,28.67,32.12,26.97,136.64,61.92,90.18,70.18643412758178,0.96,3.42,18.31,39.58,
2021-02-25,28.89,36.16,37.95,30.86,138.52,74.16,90.13,65.22854785949939,0.95,3.42,21.26,40.58,
2021-02-26,27.95,34.06,36.6,29.55,142.07,75.66,90.93,63.37057662641773,0.95,3.57,21.08,42.49,-0.44
2021-03-01,23.35,28.67,33.19,26.52,136.23,68.73,91.04,70.05457091514388,0.96,3.54,21.33,42.56,
2021-03-02,24.1,30.11,34.48,26.94,141.33,57.7,90.79,67.76927330818376,0.96,3.53,20.06,40.96,
2021-03-03,26.67,33.92,35.95,27.35,141.68,65.83,90.95,64.09361204618396,0.95,3.51,20.93,39.83,
2021-03-04,28.57,34.83,37.33,30.45,140.53,68.13,91.63,62.02228124517618,0.97,3.54,21.61,37.27,
2021-03-05,24.66,31.89,34.65,28.05,137.19,69.37,91.98,65.05191565222795,1.0,3.6,20.21,36.61,-0.4
2021-03-08,25.47,33.87,35.35,30.01,135.9,71.65,92.31,63.451342864013206,1.02,3.57,20.64,38.89,
2021-03-09,24.03,32.15,33.46,27.17,137.01,67.44,91.96,65.38745553394497,1.04,3.62,19.54,37.97,
2021-03-10,22.56,31.52,31.8,26.06,134.45,63.19,91.79,66.03618652747198,1.04,3.63,18.55,37.56,
2021-03-11,21.91,30.04,31.66,24.87,138.57,63.9,91.42,68.43376795102918,1.02,3.52,18.21,37.86,
2021-03-12,20.69,30.1,31.24,26.41,139.61,70.83,91.68,69.73238079606362,1.02,3.55,18.36,37.51,-0.49
2021-03-15,20.03,28.72,30.24,26.05,140.29,70.79,91.83,70.63193939419723,1.02,3.55,17.86,39.38,
2021-03-16,19.79,29.27,29.99,24.61,141.26,70.81,91.87,69.73693796944487,1.01,3.55,17.93,39.1,
2021-03-17,19.23,27.98,29.42,24.54,142.56,66.75,91.4,71.30928972806528,1.02,3.65,17.24,37.4,
2021-03-18,21.58,30.61,31.53,25.81,143.19,70.48,91.85,66.98281236553869,1.0,3.66,17.79,48.44,
2021-03-19,20.95,29.65,29.91,24.52,148.11,68.8,91.92,67.59114337932078,1.0,3.67,16.57,44.38,-0.54
2021-03-22,18.88,26.7,28.18,24.33,141.47,67.62,91.8,70.4887968728093,1.0,3.58,16.47,40.28,
2021-03-23,20.3,27.83,32.21,24.14,146.14,60.77,92.34,67.42444389364597,1.01,3.57,16.69,48.62,
2021-03-24,21.2,28.97,33.52,25.69,143.44,60.71,92.53,64.51079407040349,1.01,3.51,15.7,64.91,
2021-03-25,19.81,27.63,32.53,26.04,143.7,59.54,92.88,67.5478809228581,1.02,3.53,15.58,49.88,
2021-03-26,18.86,25.64,31.37,24.21,140.86,61.49,92.77,70.74937384123005,1.01,3.48,15.48,44.93,-0.62
2021-03-29,20.74,26.94,33.65,25.3,145.46,65.96,92.94,67.68033595188652,1.0,3.43,17.23,44.16,
2021-03-30,19.61,26.39,31.98,24.95,143.67,67.44,93.3,68.36031978207023,0.99,3.44,18.3,41.46,
2021-03-31,19.4,24.89,30.6,22.66,142.2,71.27,93.23,70.70176424698113,0.97,3.36,17.07,45.65,
2021-04-01,17.33,23.21,27.36,20.41,140.93,64.99,92.93,74.03099059662452,0.95,3.33,16.74,40.15,
2021-04-02,,,,,,,,,,,,,-0.71
2021-04-05,17.91,23.93,28.19,20.83,136.29,61.79,92.6,74.7865687204808,0.94,3.25,17.08,42.0,
2021-04-06,18.12,23.86,26.97,20.43,139.63,60.29,92.34,74.25546172915949,0.95,3.25,16.76,42.41,
2021-04-07,17.16,23.43,27.77,20.53,142.44,62.54,92.46,74.30226350870275,0.95,3.22,16.11,41.27,
2021-04-08,16.95,23.49,27.55,20.28,140.6,60.08,92.06,74.00003332669323,0.95,3.21,15.72,40.7,
2021-04-09,16.69,23.23,27.01,20.89,139.04,61.21,92.16,74.86000989707703,0.94,3.24,15.3,39.19,-0.81
2021-04-12,16.91,22.49,27.49,20.23,132.88,63.5,92.14,74.83003411762904,0.94,3.24,14.88,37.04,
2021-04-13,16.65,22.11,27.08,20.52,134.29,61.2,91.85,75.03920381149236,0.94,3.32,14.26,35.2,
2021-04-14,16.99,22.64,26.52,19.53,134.72,60.08,91.69,73.77724650028873,0.93,3.25,14.69,35.7,
2021-04-15,16.57,21.68,25.18,19.12,137.67,59.05,91.67,74.94417512510884,0.94,3.25,15.36,34.2,
2021-04-16,16.25,20.51,23.04,17.89,139.29,62.57,91.56,77.37814609495432,0.94,3.22,15.32,32.79,-0.76
2021-04-19,17.29,22.82,26.07,19.68,138.33,63.96,91.07,74.63088526430982,0.95,3.25,16.01,35.07,
2021-04-20,18.68,24.37,28.23,20.82,137.15,64.35,91.24,70.37156363709259,0.96,3.35,15.59,35.68,
2021-04-21,17.5,22.82,26.19,20.16,134.87,62.27,91.16,73.78034931913987,0.96,3.34,16.41,42.44,
2021-04-22,18.71,24.0,26.94,53.51,139.43,59.62,91.33,70.93508574890068,0.96,3.34,16.05,39.39,
2021-04-23,17.33,22.32,25.17,19.42,138.09,59.98,90.86,74.17211072854342,0.95,3.29,15.74,38.7,-0.71
2021-04-26,17.64,22.57,25.07,20.75,140.09,60.98,90.81,73.44881013944466,0.95,3.26,15.51,41.23,
2021-04-27,17.56,22.71,25.49,19.77,139.09,60.15,90.91,73.53444056409205,0.94,3.24,14.77,38.44,
2021-04-28,17.28,22.36,24.92,19.27,139.13,60.31,90.61,73.77037216774919,0.94,3.26,14.79,36.42,
2021-04-29,17.61,22.42,25.13,19.59,139.37,59.02,90.61,73.76849979484959,0.94,3.24,14.54,36.37,
2021-04-30,18.61,22.9,25.93,20.62,139.3,58.13,91.28,70.87177962061271,0.94,3.28,14.58,38.39,-0.8
2021-05-03,18.31,23.34,25.58,21.39,146.32,57.33,90.95,69.12878504284473,0.94,3.27,15.65,40.15,
2021-05-04,19.48,25.7,27.16,23.98,143.75,58.51,91.29,65.69165800051466,0.94,3.32,15.91,37.15,
2021-05-05,19.15,25.66,26.86,22.13,139.23,56.93,91.31,65.52375618302983,0.94,3.29,15.7,38.33,
2021-05-06,18.39,24.83,26.72,21.52,142.12,57.75,90.95,66.40175042739476,0.94,3.3,16.57,37.74,
2021-05-07,16.69,22.79,24.56,19.61,144.47,54.13,90.23,69.1505861591714,0.93,3.27,16.46,37.63,-0.8
2021-05-10,19.66,26.59,28.04,22.21,145.76,55.48,90.21,63.158945007592024,0.93,3.26,17.19,37.99,
2021-05-11,21.84,27.86,30.05,24.37,142.72,58.01,90.14,59.70690154866287,0.93,3.36,17.17,37.93,
2021-05-12,27.59,31.87,34.94,27.0,140.12,58.47,90.71,50.73444496573312,0.93,3.34,17.56,36.94,
2021-05-13,23.13,29.02,31.48,25.5,142.6,56.59,90.75,55.04025865690797,0.93,3.37,17.1,37.94,
2021-05-14,18.81,24.99,27.18,21.9,139.26,54.99,90.32,61.50560933329503,0.92,3.35,16.75,36.46,-0.74
2021-05-17,19.72,25.59,27.98,22.48,139.05,58.59,90.22,60.39090463000232,0.91,3.35,17.62,36.42,
2021-05-18,21.34,26.14,28.93,24.64,138.35,57.18,89.75,58.088207168975366,0.91,3.35,17.0,37.01,
2021-05-19,22.18,26.66,29.88,23.95,139.46,57.31,90.19,55.8230520208117,0.92,3.4,17.79,38.82,
2021-05-20,20.67,24.24,28.11,22.72,143.75,55.04,89.81,59.82534387506842,0.92,3.42,17.29,39.43,
2021-05-21,20.15,24.3,26.46,21.98,142.96,54.59,90.02,58.66123174881945,0.91,3.37,16.47,39.34,-0.71
2021-05-24,18.4,22.76,24.93,20.26,144.51,54.94,89.83,61.772363164725206,0.91,3.37,16.91,35.54,
2021-05-25,18.84,23.4,25.41,20.32,144.64,53.72,89.64,60.30103885772542,0.9,3.34,17.09,36.23,
2021-05-26,17.36,22.35,24.2,19.71,144.6,52.82,90.04,62.33533522359644,0.9,3.35,16.81,33.89,
2021-05-27,16.74,22.12,23.46,19.04,149.82,53.47,89.97,62.838403515434266,0.9,3.3,16.15,33.63,
2021-05-28,16.76,21.44,23.26,18.6,149.35,52.04,90.03,63.507376943280846,0.9,3.29,16.08,33.54,-0.81
2021-05-31,,,,,,,,,0.91,3.34,,,
2021-06-01,17.9,22.68,23.98,19.37,155.31,54.99,89.83,61.97298576337473,0.91,3.33,16.09,33.43,
2021-06-02,17.48,22.01,24.54,19.75,149.04,55.21,89.9,62.58287295495356,0.9,3.31,15.65,32.77,
2021-06-03,18.04,23.25,25.45,20.37,148.59,53.96,90.5,60.14078061440113,0.9,3.28,15.95,33.89,
2021-06-04,16.42,21.22,22.82,19.24,145.21,49.78,90.14,62.428630600666025,0.91,3.28,15.83,31.76,-0.84
2021-06-07,16.42,21.37,22.59,19.9,147.76,49.55,89.95,61.595322165242074,0.91,3.27,15.57,31.7,
2021-06-08,17.07,21.58,22.62,19.57,151.29,49.93,90.08,62.149892928483325,0.91,3.26,15.59,31.95,
2021-06-09,17.89,22.01,23.98,19.8,150.7,52.84,90.12,61.353097751641556,0.91,3.22,15.43,31.79,
2021-06-10,16.1,19.98,23.15,18.38,150.71,48.26,90.08,65.32027132414373,0.91,3.23,15.5,33.03,
2021-06-11,15.65,19.16,22.26,17.88,154.81,50.85,90.56,65.21932083710529,0.9,3.21,15.21,32.55,-0.79
2021-06-14,16.39,20.06,22.44,18.35,159.28,54.03,90.52,63.64826488199415,0.89,3.17,16.13,33.13,
2021-06-15,17.02,20.93,23.33,18.56,160.64,52.92,90.54,62.31462927120574,0.89,3.17,16.26,31.56,
2021-06-16,18.15,21.46,23.52,21.06,161.35,54.28,91.13,61.64540053196005,0.87,3.12,16.3,33.83,
2021-06-17,17.75,20.35,23.59,18.25,155.97,54.91,91.89,61.758000220094665,0.87,3.15,17.66,36.84,
2021-06-18,20.7,22.43,26.51,19.67,161.01,60.45,92.23,55.53526389201979,0.87,3.18,17.9,33.95,-0.77
2021-06-21,17.89,20.78,24.09,19.26,158.36,61.86,91.86,60.927381225869624,0.87,3.14,16.91,35.01,
2021-06-22,16.66,20.0,22.76,20.39,160.51,58.64,91.73,62.1700701679137,0.88,3.15,16.66,34.28,
2021-06-23,16.32,19.82,22.4,39.15,154.85,55.6,91.8,62.90455115957721,0.88,3.13,16.2,34.68,
2021-06-24,15.97,19.6,21.7,17.65,161.04,54.83,91.82,63.82558288263656,0.87,3.08,15.7,32.05,
2021-06-25,15.62,19.31,21.17,17.37,170.55,55.58,91.81,64.8742664076169,0.86,3.04,15.29,31.3,-0.8
2021-06-28,15.76,19.58,21.89,18.16,162.09,56.33,91.88,64.11962187819921,0.86,3.05,15.36,31.86,
2021-06-29,16.02,20.09,22.45,18.5,163.84,56.8,92.05,63.964476236428226,0.86,3.03,16.19,31.99,
2021-06-30,15.83,20.14,22.29,18.82,161.85,57.27,92.44,63.303566280691875,0.86,3.04,15.97,32.74,
2021-07-01,15.48,20.07,21.88,18.79,155.65,57.52,92.6,65.2638766166292,0.87,3.02,15.8,32.47,
2021-07-02,15.07,19.28,21.57,17.85,157.94,52.41,92.23,66.42558014405255,0.87,3.04,15.28,32.87,-0.84
2021-07-05,,,,,,,,,0.87,3.03,,,
2021-07-06,16.44,21.0,24.28,20.24,153.75,56.55,92.55,64.14614507432371,0.87,3.05,15.45,37.59,
2021-07-07,16.2,21.11,24.84,20.28,152.15,60.65,92.64,63.97155012236138,0.88,3.05,15.21,42.01,
2021-07-08,19.0,23.6,26.9,22.52,152.82,61.68,92.36,59.50178865010649,0.9,3.14,15.82,38.8,
2021-07-09,16.18,21.23,23.67,20.83,155.7,59.92,92.13,64.33575901070392,0.9,3.07,15.27,37.02,-0.71
2021-07-12,16.17,19.68,23.45,19.66,157.93,60.78,92.23,65.83711179403328,0.9,3.05,15.04,38.73,
2021-07-13,17.12,20.87,24.88,18.87,154.4,60.8,92.75,63.285719160024165,0.89,3.04,14.84,35.4,
2021-07-14,16.33,19.99,25.54,18.47,154.31,57.31,92.41,63.34245233353882,0.89,3.1,14.79,38.2,
2021-07-15,17.01,20.11,25.37,18.36,154.15,56.98,92.62,61.63157934667029,0.9,3.14,15.01,38.04,
2021-07-16,18.45,21.06,26.44,19.24,151.94,58.24,92.69,58.065962662941665,0.91,3.18,14.6,37.15,-0.8
2021-07-19,22.5,23.44,30.3,23.8,155.74,67.58,92.89,51.263769199580466,0.93,3.44,15.96,46.36,
2021-07-20,19.73,21.68,26.96,21.24,154.5,69.31,92.97,56.45096285505036,0.94,3.38,15.01,52.26,
2021-07-21,17.91,20.4,25.69,20.65,155.34,65.28,92.75,60.16575583088819,0.93,3.24,15.01,42.91,
2021-07-22,17.69,19.78,26.39,19.72,152.63,64.96,92.82,60.77271302866177,0.93,3.24,14.51,36.44,
2021-07-23,17.2,19.06,25.12,20.63,159.44,65.28,92.91,62.81367192925741,0.92,3.22,14.53,34.05,-0.57
2021-07-26,17.58,20.37,26.05,25.16,153.2,69.03,92.65,62.45486132262732,0.92,3.21,15.2,35.59,
2021-07-27,19.36,22.84,27.45,31.48,151.04,70.07,92.43,57.97775247273705,0.92,3.27,15.51,35.14,
2021-07-28,18.31,20.96,25.96,24.58,152.23,62.4,92.32,59.21648370771619,0.92,3.26,15.61,34.62,
2021-07-29,17.7,20.55,25.0,22.47,149.96,62.08,91.86,61.05925844378372,0.91,3.23,15.21,33.36,
2021-07-30,18.24,20.81,25.79,25.96,153.71,61.19,92.17,57.57771449295013,0.92,3.32,15.09,32.85,-0.76
2021-08-02,19.46,21.49,27.54,23.42,153.3,64.29,92.05,55.2807521338011,0.93,3.36,15.23,36.23,
2021-08-03,18.04,20.52,26.24,22.39,152.56,65.42,92.08,58.148311905577415,0.93,3.42,15.09,37.55,
2021-08-04,17.97,20.68,26.65,22.52,151.4,62.67,92.27,56.659233252702606,0.93,3.42,14.88,42.27,
2021-08-05,17.28,20.19,25.67,20.66,148.27,63.57,92.24,59.83698901690758,0.93,3.37,14.84,39.09,
2021-08-06,16.15,19.61,24.6,26.62,,62.64,92.8,60.34994397134791,0.93,3.32,15.9,39.31,-0.67
2021-08-09,16.72,19.69,25.55,19.63,148.27,65.72,92.95,59.329680084944215,0.93,3.34,17.26,43.28,
2021-08-10,16.79,20.38,25.59,30.01,,66.55,93.06,59.283809321641606,0.93,3.32,16.93,39.28,
2021-08-11,16.17,20.13,25.0,18.93,154.32,60.66,92.91,59.87592398092701,0.93,3.37,15.83,38.29,
2021-08-12,15.59,19.4,24.18,19.32,157.18,57.39,93.04,61.28985831517038,0.93,3.34,15.67,36.5,
2021-08-13,15.45,18.52,23.82,18.78,159.66,55.45,92.52,61.292434001840334,0.93,3.36,15.15,35.91,-0.86
2021-08-16,16.12,19.05,24.38,19.16,152.54,59.4,92.63,61.70687315878987,0.93,3.38,15.62,38.84,
2021-08-17,17.91,21.17,26.75,21.46,149.05,60.28,93.13,55.767068479822505,0.93,3.37,16.1,39.5,
2021-08-18,21.57,24.35,28.22,21.81,148.54,58.05,93.14,50.217982417241906,0.94,3.35,15.8,40.86,
2021-08-19,21.67,23.52,29.37,24.71,151.19,59.38,93.57,49.38199377641365,0.95,3.42,15.91,40.98,
2021-08-20,18.56,20.97,26.5,23.96,153.51,59.95,93.5,53.17194042646494,0.95,3.37,15.34,40.67,-0.62
2021-08-23,17.15,19.8,24.54,23.14,159.02,62.23,92.96,56.94151596656885,0.95,3.34,15.84,38.67,
2021-08-24,17.22,19.86,24.72,21.64,157.13,63.03,92.89,58.7199230533966,0.94,3.26,15.45,36.79,
2021-08-25,16.79,19.6,24.27,20.75,159.51,64.51,92.83,60.10656445216124,0.93,3.22,15.9,35.6,
2021-08-26,18.84,21.37,25.72,22.2,157.25,63.41,93.06,56.1242250212742,0.93,3.2,16.44,36.33,
2021-08-27,16.39,18.54,23.65,19.8,162.43,57.98,92.69,60.71040565102622,0.92,3.17,15.27,34.93,-0.77
2021-08-30,16.19,19.08,24.06,19.92,157.99,60.14,92.65,61.63276715115432,0.92,3.16,15.52,35.27,
2021-08-31,16.48,19.48,23.92,19.61,155.91,59.54,92.63,60.34961091980833,0.92,3.21,15.47,34.28,
2021-09-01,16.11,19.84,23.81,19.57,154.75,58.09,92.45,60.321173438716876,0.92,3.19,15.12,36.13,
2021-09-02,16.41,20.03,23.68,19.97,156.98,55.8,92.23,59.64400997617018,0.92,3.16,14.76,31.35,
2021-09-03,16.41,19.75,23.61,19.34,162.27,53.26,92.04,59.82720279586533,0.92,3.14,14.95,36.91,-0.76
2021-09-06,,,,,,,,,0.92,3.13,,,
2021-09-07,18.14,20.96,25.26,20.19,,57.05,92.52,58.56759665623162,0.92,3.16,15.36,32.91,
2021-09-08,17.96,20.81,25.83,20.93,153.39,57.02,92.65,57.29438270319869,0.92,3.16,15.14,31.91,
2021-09-09,18.8,21.45,26.31,21.21,149.97,52.61,92.48,54.60839491259044,0.92,3.15,15.1,33.87,
2021-09-10,20.95,22.75,28.29,21.8,151.16,51.73,92.58,50.66465272030545,0.91,3.11,15.15,33.54,-0.71
2021-09-13,19.37,21.6,27.38,21.69,148.5,53.1,92.62,52.151386855258245,0.9,3.09,15.09,32.74,
2021-09-14,19.46,21.68,28.03,22.37,146.73,51.73,92.65,49.87459459659334,0.9,3.11,15.02,33.63,
2021-09-15,18.18,20.12,25.99,21.11,154.33,53.93,92.49,54.17395330589125,0.9,3.08,15.14,32.38,
2021-09-16,18.69,20.17,25.28,21.85,152.88,53.7,92.86,54.956697217462576,0.9,3.06,15.92,33.16,
2021-09-17,20.81,22.27,26.43,22.46,149.52,56.06,93.2,50.46058879511734,0.9,3.04,15.92,32.32,-0.68
2021-09-20,25.71,27.23,30.88,28.85,141.57,59.58,93.24,39.729227367957954,0.91,3.23,16.85,35.23,
2021-09-21,24.36,26.42,29.99,28.16,139.98,59.2,93.2,40.18824288102734,0.91,3.17,16.46,34.45,
2021-09-22,20.87,22.97,27.27,25.85,144.12,55.92,93.46,45.50498976580725,0.9,3.09,16.41,32.43,
2021-09-23,18.63,21.22,25.18,24.21,146.87,56.79,93.1,51.510771118431286,0.89,3.03,16.82,32.3,
2021-09-24,17.75,20.93,24.61,23.93,145.67,58.46,93.33,53.27161151509588,0.87,3.05,16.44,34.01,-0.54
2021-09-27,18.76,21.83,24.73,23.85,144.66,60.5,93.38,51.282961953020454,0.86,3.06,16.2,34.98,
2021-09-28,23.25,27.35,28.2,28.1,140.08,62.71,93.77,42.16596780814039,0.87,3.13,16.78,36.1,
2021-09-29,22.56,26.71,27.75,27.6,137.99,61.21,94.34,42.67081991222235,0.87,3.09,17.39,35.26,
2021-09-30,23.14,26.65,28.89,28.89,135.55,61.07,94.25,41.09495812839577,0.89,3.15,17.16,38.68,
2021-10-01,21.1,24.87,26.83,25.73,135.05,57.38,94.04,43.626774054567115,0.89,3.2,16.33,37.47,-0.63
2021-10-04,22.96,27.72,28.53,28.83,130.87,60.61,93.81,39.355212142996805,0.89,3.21,16.77,37.27,
2021-10-05,21.3,25.45,26.65,25.61,131.68,62.83,93.98,43.321869219469406,0.89,3.17,16.56,37.2,
2021-10-06,21.0,24.87,26.39,26.26,131.51,60.65,94.27,44.028620818452495,0.9,3.29,16.58,41.02,
2021-10-07,19.54,23.22,24.34,23.66,133.32,60.91,94.22,49.35226319089626,0.9,3.19,16.29,46.15,
2021-10-08,18.77,23.16,24.01,22.91,,59.65,94.07,50.2043131965318,0.9,3.2,15.67,38.0,-0.64
2021-10-11,20.0,23.49,23.85,22.4,134.7,,94.32,47.224502600470984,0.9,3.2,15.56,38.51,
2021-10-12,19.85,23.41,23.41,21.81,134.1,62.95,94.52,46.99571867663239,0.91,3.28,15.1,37.1,
2021-10-13,18.64,21.23,22.6,20.42,135.77,60.84,94.08,48.742486354547594,0.91,3.25,15.51,36.05,
2021-10-14,16.86,19.09,20.68,17.98,143.78,59.35,93.96,54.69164600564192,0.9,3.18,15.34,36.98,
2021-10-15,16.3,18.51,21.48,17.31,147.27,62.7,93.94,59.457229097254555,0.89,3.12,15.06,34.05,-0.73
2021-10-18,16.31,18.83,21.27,18.42,143.77,70.77,93.95,62.63062011967287,0.89,3.11,15.53,35.02,
2021-10-19,15.7,18.31,20.87,18.45,141.01,68.25,93.79,65.72651541443744,0.89,3.09,15.32,35.14,
2021-10-20,15.49,18.73,20.5,19.04,141.23,65.47,93.56,65.41906355430338,0.89,3.07,15.27,35.16,
2021-10-21,15.01,18.63,20.34,19.11,140.94,69.42,93.77,66.13799840496904,0.89,3.03,15.15,36.55,
2021-10-22,15.43,19.12,20.48,19.22,139.34,72.04,93.61,63.28182120989558,0.89,3.07,15.74,36.87,-0.9
2021-10-25,15.24,18.8,20.84,19.43,140.94,68.96,93.81,66.75781900946937,0.89,3.11,16.73,36.07,
2021-10-26,15.98,19.38,21.15,19.6,141.3,66.7,93.95,66.96183309013713,0.89,3.09,15.96,35.5,
2021-10-27,16.98,20.12,22.71,20.51,140.6,70.06,93.86,63.80809283724037,0.89,3.11,16.08,37.63,
2021-10-28,16.53,19.75,21.92,20.49,144.73,71.96,93.35,68.55661580255968,0.89,3.08,15.8,37.23,
2021-10-29,16.26,19.64,22.08,20.19,148.09,75.45,94.12,67.70117686324113,0.89,3.15,16.07,37.92,-0.81
2021-11-01,16.41,19.73,23.47,21.51,145.81,78.34,93.88,69.24966282894319,0.9,3.16,16.31,36.74,
2021-11-02,16.03,19.73,23.3,21.65,146.68,71.04,94.09,68.86699999116,0.91,3.21,16.47,35.56,
2021-11-03,15.1,19.43,23.16,20.98,149.77,71.22,93.86,71.34515748427033,0.91,3.18,16.28,39.44,
2021-11-04,15.44,20.26,22.88,20.62,151.67,64.61,94.35,70.11778611217049,0.9,3.19,15.87,38.56,
2021-11-05,16.48,21.57,23.46,20.45,148.83,66.9,94.32,68.64409038072161,0.9,3.12,16.64,37.84,-0.68
2021-11-08,17.22,21.88,24.15,21.11,149.24,70.97,94.05,68.79173061697037,0.89,3.03,16.66,37.71,
2021-11-09,17.78,22.69,24.63,21.76,144.09,73.02,93.96,65.39207268701358,0.9,3.08,16.76,36.33,
2021-11-10,18.73,23.27,25.33,21.95,144.89,78.31,94.85,62.56474455204949,0.9,3.06,16.8,37.09,
2021-11-11,17.66,22.37,24.34,20.75,144.03,,95.18,62.154044232234654,0.9,3.06,16.95,36.2,
2021-11-12,16.29,21.42,23.41,21.0,144.37,78.61,95.13,64.93586268881347,0.91,3.09,16.85,36.1,-0.79
2021-11-15,16.49,21.71,23.58,21.07,142.38,81.59,95.41,65.00877892828167,0.91,3.1,17.0,36.42,
2021-11-16,16.37,21.28,23.09,20.64,139.56,81.58,95.92,66.97062838750234,0.93,3.12,16.67,34.69,
2021-11-17,17.11,21.56,24.14,20.56,141.96,81.58,95.83,64.80653420550036,0.94,3.17,16.69,33.75,
2021-11-18,17.59,21.39,24.35,21.36,144.8,74.51,95.54,64.92350874104251,0.94,3.19,16.25,37.68,
2021-11-19,17.91,21.75,24.84,21.6,148.44,73.39,96.07,63.16480800581238,0.94,3.24,15.99,37.13,-0.69
2021-11-22,19.17,23.5,25.77,22.11,147.44,79.21,96.5,60.873188250808894,0.94,3.18,16.59,36.61,
2021-11-23,19.38,24.43,26.31,23.32,146.99,80.57,96.49,60.557916467372266,0.96,3.3,16.81,35.1,
2021-11-24,18.58,23.82,25.83,22.3,148.15,83.15,96.84,61.432268232315224,0.96,3.32,16.75,34.79,
2021-11-25,,,,,,,,,0.96,3.32,,,
2021-11-26,28.62,28.45,39.0,28.6,148.27,89.45,96.09,42.05682410007394,1.01,3.62,17.99,65.72,-0.49
2021-11-29,22.96,24.63,32.98,26.56,149.93,89.41,96.34,52.23431273414434,1.02,3.53,17.55,63.34,
2021-11-30,27.19,27.39,36.54,28.82,150.55,84.04,95.99,42.2945899055715,1.03,3.67,17.99,75.23,
2021-12-01,31.12,30.95,41.92,30.1,155.21,82.97,96.05,34.23001516654689,1.03,3.58,18.39,78.18,
2021-12-02,27.95,29.78,38.98,28.01,151.38,82.55,96.13,40.227232411153516,1.04,3.54,18.45,57.27,
2021-12-03,30.67,33.41,40.95,31.61,149.64,79.14,96.12,30.795802994810025,1.03,3.56,17.92,64.55,-0.17
2021-12-06,27.18,30.17,36.18,28.38,151.64,87.89,96.29,38.67654811716199,1.02,3.41,17.44,56.21,
2021-12-07,21.89,25.79,30.54,24.96,151.66,88.14,96.37,51.19697241159224,1.0,3.16,17.02,48.15,
2021-12-08,19.9,24.82,28.89,23.29,151.2,80.29,95.89,55.63673755678103,0.99,3.21,16.48,45.22,
2021-12-09,21.58,26.42,31.21,22.14,149.66,79.54,96.27,50.912062100260044,0.99,3.25,16.7,47.43,
2021-12-10,18.69,23.95,28.8,20.61,147.34,74.36,96.05,55.98449595044964,1.0,3.29,15.35,46.23,-0.71
2021-12-13,20.31,24.04,30.53,21.2,146.07,76.41,96.32,48.7208760931209,1.0,3.33,15.97,45.88,
2021-12-14,21.89,25.31,32.51,22.3,137.76,78.98,96.57,45.38681109249637,1.01,3.35,16.41,54.76,
2021-12-15,19.29,23.42,29.37,24.04,141.75,74.06,96.51,52.17671856281347,1.01,3.33,15.54,56.53,
2021-12-16,20.57,25.24,31.63,22.57,140.29,69.1,96.04,46.70040491864595,1.01,3.32,15.22,49.97,
2021-12-17,21.57,26.55,31.99,21.78,134.94,72.46,96.57,41.98174132739528,1.01,3.36,15.07,48.31,-0.5
2021-12-20,22.87,27.88,33.35,24.82,131.71,77.02,96.55,37.869566656963606,1.03,3.41,15.77,60.24,
2021-12-21,21.01,24.96,31.33,21.84,136.33,79.52,96.49,47.13551685169939,1.02,3.25,15.42,52.31,
2021-12-22,18.63,22.15,28.31,20.07,,76.85,96.08,53.07313539542093,1.01,3.21,14.94,46.0,
2021-12-23,17.96,21.32,26.47,19.18,150.26,77.29,96.02,56.770790392640706,1.0,3.12,14.62,43.71,
2021-12-24,,,,,,,,,,,,,-0.58
2021-12-27,17.68,21.72,25.33,19.24,151.87,80.12,96.09,61.758798154653604,0.99,3.02,15.44,43.58,
2021-12-28,17.54,21.54,24.6,19.7,153.21,77.52,96.2,60.421623539566845,0.98,3.01,15.06,41.23,
2021-12-29,16.95,21.28,23.59,19.65,156.24,78.0,95.93,64.09855906521243,0.97,3.03,15.13,40.24,
2021-12-30,17.33,21.38,23.93,19.62,155.27,77.62,95.97,62.93438339397002,0.97,3.09,14.77,40.2,
2021-12-31,17.22,21.2,23.59,19.32,154.38,77.1,95.67,60.50824435844817,0.98,3.1,14.61,42.62,-0.77
2022-01-03,16.6,21.17,23.41,19.46,151.49,84.08,96.24,67.67516695540753,0.97,3.05,15.34,37.57,
2022-01-04,16.91,22.32,23.29,19.04,150.36,83.11,96.29,64.2414029552656,0.96,3.09,15.33,39.48,
2022-01-05,19.73,25.98,26.6,21.66,143.41,78.68,96.19,51.84125855394777,0.95,3.07,16.21,44.49,
2022-01-06,19.61,25.81,27.59,20.82,140.77,77.73,96.25,51.62555992132477,0.95,3.15,15.87,36.86,
2022-01-07,18.76,25.65,26.73,20.21,139.14,74.69,95.74,51.59312291947026,0.95,3.2,15.04,37.0,-0.7
2022-01-10,19.4,25.83,27.56,20.64,139.24,78.12,95.99,50.028303604180614,0.96,3.24,15.56,37.65,
2022-01-11,18.41,24.28,25.82,18.92,138.09,77.85,95.62,55.18580947693671,0.96,3.18,15.21,34.31,
2022-01-12,17.62,23.44,24.85,20.53,135.73,74.55,95.0,58.44430218139906,0.96,3.06,15.32,34.39,
2022-01-13,20.31,27.05,27.24,23.35,133.13,72.57,94.79,46.343005813096916,0.97,3.1,15.17,37.11,
2022-01-14,19.19,25.72,25.84,23.35,133.85,76.59,95.17,50.783724393537405,0.97,3.09,14.73,41.18,-0.66
2022-01-17,,,,,,,,,0.97,3.09,,,
2022-01-18,22.79,29.36,30.59,24.26,129.72,84.63,95.73,43.66725433637191,0.98,3.12,15.09,42.28,
2022-01-19,23.85,29.02,31.56,24.28,134.73,80.14,95.51,39.60944709506425,0.99,3.11,15.64,42.75,
2022-01-20,25.59,30.61,33.01,26.11,127.58,80.96,95.74,32.64027298430486,1.0,3.1,15.09,41.15,
2022-01-21,28.85,34.06,36.25,27.6,136.18,81.03,95.64,22.147577053094114,1.03,3.29,15.2,42.57,-0.38
2022-01-24,29.9,35.55,36.57,32.44,136.06,83.77,95.92,23.23668794091981,1.05,3.44,16.3,47.84,
2022-01-25,31.16,38.2,38.22,27.69,133.9,84.57,95.95,22.475143970241366,1.05,3.39,16.47,47.63,
2022-01-26,31.96,38.1,37.46,27.78,133.38,85.75,96.49,23.795500298050364,1.03,3.25,16.42,45.67,
2022-01-27,30.49,36.64,37.26,27.44,132.22,85.62,97.26,19.904915295649,1.07,3.46,17.15,46.9,
2022-01-28,27.66,33.31,35.23,25.51,132.96,85.29,97.27,25.271840693794612,1.09,3.61,17.12,47.74,-0.2
2022-01-31,24.83,30.16,32.94,22.41,131.44,85.14,96.54,34.86603136246439,1.1,3.63,16.7,42.35,
2022-02-01,21.96,28.0,29.82,22.6,133.0,85.22,96.39,40.13936220241605,1.08,3.51,16.5,41.31,
2022-02-02,22.09,29.58,29.89,22.33,,84.85,95.94,40.6334918483836,1.08,3.45,15.66,41.86,
2022-02-03,24.35,31.24,31.78,25.29,132.75,85.74,95.38,33.668246949225946,1.08,3.51,16.01,42.15,
2022-02-04,23.22,30.32,31.2,23.24,,87.68,95.48,40.03418492408995,1.09,3.56,15.53,43.88,-0.51
2022-02-07,22.86,30.02,30.34,23.05,,87.44,95.4,39.38372047426791,1.1,3.6,16.15,43.34,
2022-02-08,21.44,28.33,28.66,20.77,127.72,82.72,95.64,44.574039957751864,1.1,3.55,15.86,41.26,
2022-02-09,19.96,26.87,27.88,19.94,129.78,81.76,95.49,49.6073592109048,1.09,3.46,15.63,39.4,
2022-02-10,23.91,30.07,31.25,21.79,128.11,88.52,95.55,41.755253121215965,1.08,3.44,15.92,43.81,
2022-02-11,27.36,34.16,34.59,25.77,126.81,94.03,96.08,29.853086224660757,1.1,3.66,17.81,47.44,-0.58
2022-02-14,28.33,34.07,35.48,26.01,128.12,102.28,96.37,31.516833063151147,1.11,3.74,18.95,48.83,
2022-02-15,25.7,31.16,31.99,24.59,129.76,94.0,95.99,42.581746215204596,1.11,3.67,17.7,48.36,
2022-02-16,24.29,29.45,30.68,23.34,132.75,92.74,95.7,45.92804953413325,1.14,3.68,18.07,49.38,
2022-02-17,28.11,33.21,33.52,25.15,131.31,96.17,95.8,34.551661080613336,1.18,3.74,19.79,53.14,
2022-02-18,27.75,33.05,33.71,26.78,128.36,94.36,96.04,34.02947807202916,1.2,3.78,18.54,52.01,-0.16
2022-02-21,,,,,,,,,1.2,3.78,,,
2022-02-22,28.81,33.13,35.08,28.46,128.33,95.54,96.03,30.206456219123563,1.23,3.75,17.93,50.11,
2022-02-23,31.02,35.27,36.43,31.19,126.88,95.15,96.19,27.929162954482806,1.24,3.72,17.69,50.51,
2022-02-24,30.32,34.02,35.25,35.51,130.48,100.75,97.14,32.99581128960713,1.32,3.93,18.12,49.04,
2022-02-25,27.59,31.19,33.2,28.17,132.51,93.34,96.62,40.60198921434263,1.27,3.62,18.4,49.5,-0.01
2022-02-28,30.15,32.72,34.71,33.44,137.36,100.4,96.71,33.660243987275216,1.3,3.77,20.97,52.5,
2022-03-01,33.32,35.22,37.14,35.93,134.42,118.26,97.41,25.428602077086914,1.33,3.89,22.7,61.43,
2022-03-02,30.74,33.05,34.76,32.59,136.11,110.28,97.39,36.20666410962198,1.33,3.71,21.85,61.53,
2022-03-03,30.48,33.34,35.03,36.33,133.28,115.18,97.79,31.67332239976477,1.33,3.71,22.94,64.37,
2022-03-04,31.98,34.89,36.92,39.92,,131.82,98.65,27.251300564569107,1.38,3.9,26.29,77.29,0.29
2022-03-07,36.45,38.73,41.02,40.44,136.69,140.03,99.29,20.673241280325737,1.43,4.01,29.67,78.91,
2022-03-08,35.13,38.02,40.17,43.99,135.25,133.37,99.06,22.138869652525074,1.49,4.03,31.7,75.82,
2022-03-09,32.45,35.34,36.92,35.16,134.12,110.9,97.97,30.50651729562884,1.47,3.94,28.01,73.25,
2022-03-10,30.23,34.23,35.76,35.04,130.94,105.31,98.51,32.862163553899926,1.48,4.0,26.08,67.34,
2022-03-11,30.75,34.85,36.04,37.08,130.7,99.03,99.12,29.65645357318205,1.5,4.05,24.73,68.01,0.15
2022-03-14,31.77,36.55,37.97,41.66,131.81,105.08,99.06,29.817620392300547,1.51,4.16,24.08,65.42,
2022-03-15,29.83,34.65,36.19,40.02,130.66,101.03,99.07,36.761255745271086,1.52,4.21,23.8,63.62,
2022-03-16,26.67,30.81,32.97,34.22,132.0,100.57,98.38,44.86746287730713,1.46,3.96,22.51,59.35,
2022-03-17,25.67,29.51,31.09,33.24,134.93,91.76,98.01,48.671124383921395,1.39,3.81,22.23,67.78,
2022-03-18,23.87,27.76,29.77,30.07,136.64,91.77,98.23,53.97791716904668,1.37,3.81,22.0,69.09,-0.31
2022-03-21,23.53,28.66,29.99,29.58,135.73,101.94,98.5,55.308223757987506,1.33,3.67,21.89,70.78,
2022-03-22,22.94,27.71,28.55,27.91,139.72,105.38,98.49,59.70268997987979,1.31,3.7,20.58,69.56,
2022-03-23,23.57,28.84,28.91,27.92,136.71,105.72,98.62,56.86612936948368,1.31,3.72,23.41,72.59,
2022-03-24,21.67,27.89,27.16,27.02,138.39,113.14,98.79,60.03450206240536,1.32,3.67,24.07,69.14,
2022-03-25,20.81,27.34,26.77,26.2,140.26,125.27,98.81,59.440244038009745,1.29,3.51,24.68,68.91,-0.61
2022-03-28,19.63,26.53,26.13,45.31,138.87,129.28,99.09,62.37506313082338,1.29,3.54,23.2,67.04,
2022-03-29,18.9,25.87,25.65,23.81,140.0,117.92,98.4,66.48219429621493,1.26,3.38,21.28,62.46,
2022-03-30,19.33,26.4,26.75,23.9,139.28,112.98,97.79,62.36368250142296,1.25,3.33,21.08,61.04,
2022-03-31,20.56,26.99,26.97,24.5,140.73,106.88,98.31,58.05467689428558,1.22,3.43,20.25,57.66,
2022-04-01,19.63,25.91,25.97,22.04,145.51,108.34,98.63,58.962194187115124,1.2,3.4,19.08,54.36,-0.48
2022-04-04,18.57,24.93,24.96,21.63,146.48,108.37,98.99,65.51244770090872,1.18,3.33,19.22,54.31,
2022-04-05,21.03,27.4,26.85,23.47,141.33,116.37,99.47,61.75614306033078,1.15,3.27,18.47,53.8,
2022-04-06,22.1,28.91,27.98,24.69,144.27,123.92,99.6,55.520140905588974,1.18,3.48,18.88,53.15,
2022-04-07,21.55,28.48,27.32,25.48,139.55,122.67,99.75,57.12827510504029,1.18,3.54,18.43,54.23,
2022-04-08,21.16,28.06,27.19,24.08,141.51,124.86,99.8,57.817585661052405,1.2,3.57,18.37,53.14,-0.37
2022-04-11,24.37,30.75,28.95,24.33,137.91,129.87,99.93,53.070053343901286,1.22,3.73,19.25,54.81,
2022-04-12,24.26,30.38,28.67,23.53,137.62,117.79,100.29,52.05576931686742,1.25,3.75,19.37,55.25,
2022-04-13,21.82,26.85,26.1,28.1,139.86,116.33,99.88,55.67467049261353,1.28,3.77,18.7,51.2,
2022-04-14,22.7,28.86,27.26,23.03,134.39,119.66,100.32,51.53860070084108,1.26,3.68,17.71,53.38,
2022-04-15,,,,,,,,,,,,,-0.28
2022-04-18,22.17,29.53,28.38,25.29,130.94,122.32,100.78,51.33611477743917,1.27,3.64,19.07,50.94,
2022-04-19,21.37,29.1,27.55,23.24,,122.74,100.96,54.46956975717019,1.28,3.58,18.19,50.34,
2022-04-20,20.32,28.47,26.34,22.93,134.18,125.12,100.39,53.60101904679581,1.29,3.56,18.15,52.23,
2022-04-21,22.68,31.37,28.8,26.95,132.72,130.69,100.58,49.87319583654171,1.3,3.5,18.22,49.86,
2022-04-22,28.21,35.39,33.56,29.45,136.22,128.12,101.22,39.66844753265947,1.33,3.65,18.97,51.15,-0.39
2022-04-25,27.02,33.83,32.97,30.4,133.42,131.63,101.75,41.13817695434342,1.35,3.8,19.47,52.86,
2022-04-26,33.52,38.93,37.92,31.39,,129.27,102.3,28.42755932937165,1.36,3.83,19.23,53.57,
2022-04-27,31.6,36.91,36.37,29.68,138.09,130.11,102.95,31.298686915314956,1.38,3.89,19.16,53.38,
2022-04-28,29.99,35.49,34.8,28.07,136.35,128.74,103.62,37.57019180505859,1.38,3.83,19.0,51.94,
2022-04-29,33.4,38.25,37.22,30.76,136.69,128.4,102.96,29.77094705283405,1.41,3.97,19.83,53.1,0.18
2022-05-02,32.34,37.81,36.61,30.48,131.4,135.17,103.74,33.777488113685735,1.41,4.05,20.06,54.15,
2022-05-03,29.25,36.0,34.01,28.4,129.0,126.46,103.47,36.04504503658771,1.4,3.97,19.71,54.04,
2022-05-04,25.42,31.98,30.24,25.25,127.75,121.99,102.59,45.02008914746245,1.41,4.1,18.81,53.15,
2022-05-05,31.2,37.19,35.42,30.9,128.65,122.72,103.75,35.10665967559384,1.39,4.03,19.36,54.72,
2022-05-06,30.19,37.4,35.18,30.44,126.21,121.42,103.66,35.117385335494376,1.4,4.18,18.71,54.82,0.21
2022-05-09,34.75,41.43,39.63,33.7,127.05,125.22,103.65,24.53675923373832,1.44,4.47,20.49,57.9,
2022-05-10,32.99,40.08,38.75,32.94,125.86,126.76,103.92,27.442260483787454,1.45,4.52,20.02,56.06,
2022-05-11,32.56,40.67,38.78,31.39,124.51,118.05,103.85,24.105308128670348,1.45,4.55,20.26,53.43,
2022-05-12,31.77,41.36,38.13,32.23,119.91,118.73,104.85,23.75371988090688,1.48,4.77,21.51,52.71,
2022-05-13,28.87,37.61,35.66,28.52,122.09,114.61,104.56,32.42513873058778,1.47,4.63,21.2,51.22,0.56
2022-05-16,27.47,37.44,35.16,27.96,117.53,117.95,104.19,32.09153821155239,1.49,4.71,21.16,51.89,
2022-05-17,26.1,33.88,32.91,25.67,117.68,119.46,103.36,38.01860939562682,1.49,4.6,20.05,50.34,
2022-05-18,30.96,38.81,36.73,28.65,123.46,114.86,103.81,26.80241790869668,1.52,4.84,19.69,51.89,
2022-05-19,29.35,36.15,34.83,28.13,122.66,115.05,102.72,29.622747319449743,1.54,4.92,20.25,51.16,
2022-05-20,29.43,36.18,35.06,27.05,122.32,111.1,103.15,29.99323579343424,1.55,4.91,19.31,50.72,0.3
2022-05-23,28.48,35.18,34.3,26.51,120.55,110.19,102.08,34.2911014233953,1.53,4.82,19.63,48.63,
2022-05-24,29.45,36.17,34.64,28.85,122.96,111.15,101.86,31.9945511762633,1.54,4.94,19.13,47.04,
2022-05-25,28.37,35.38,33.13,26.87,118.85,105.69,102.06,34.88888717311643,1.49,4.74,18.27,46.76,
2022-05-26,27.5,33.63,31.87,26.0,122.28,102.49,101.83,39.60598479610288,1.44,4.38,17.81,46.03,
2022-05-27,25.72,32.0,30.76,24.72,121.25,98.48,101.67,47.056659657099424,1.41,4.19,17.5,47.92,0.27
2022-05-30,,,,,,,,,1.41,4.19,,,
2022-05-31,26.19,33.01,31.85,24.65,119.1,107.12,101.75,46.46485494855101,1.4,4.22,17.19,49.82,
2022-06-01,25.69,32.6,31.58,25.08,119.3,109.38,102.55,45.82910891048957,1.37,4.13,16.94,49.14,
2022-06-02,24.72,31.44,30.44,23.41,121.4,99.27,101.77,48.30907036515512,1.38,4.15,17.13,47.8,
2022-06-03,24.79,31.75,30.09,23.77,122.25,97.73,102.14,47.168937417367594,1.38,4.21,16.51,46.23,-0.16
2022-06-06,25.07,32.16,30.61,24.64,122.36,102.26,102.44,48.57348769564193,1.37,4.19,16.81,47.9,
2022-06-07,24.02,31.03,29.41,23.79,120.66,102.61,102.32,51.735333825961575,1.38,4.34,16.64,45.88,
2022-06-08,23.96,30.69,29.14,24.22,119.13,105.29,102.54,50.54818075970415,1.37,4.34,16.04,44.37,
2022-06-09,26.09,32.73,31.3,25.01,120.66,105.29,103.22,46.20526201366264,1.38,4.42,16.29,43.87,
2022-06-10,27.75,33.97,32.95,25.65,121.64,114.23,104.15,40.210508276834425,1.41,4.51,17.58,42.92,-0.05
2022-06-13,34.02,40.36,38.77,30.81,124.14,139.21,105.08,28.993235297354122,1.46,4.87,20.84,47.56,
2022-06-14,32.69,38.51,37.03,29.8,125.16,144.09,105.52,32.118111610419724,1.46,4.9,21.99,46.63,
2022-06-15,29.62,35.35,34.0,26.5,118.36,135.93,105.16,35.77008626468893,1.45,4.82,19.4,47.04,
2022-06-16,32.95,38.67,38.26,29.19,122.48,138.1,103.63,28.810045319585228,1.49,5.17,20.65,46.27,
2022-06-17,31.13,36.66,37.06,27.6,121.15,133.75,104.7,31.469875182530814,1.5,5.15,20.28,49.19,0.04
2022-06-20,,,,,,,,,1.5,5.15,,,
2022-06-21,30.19,36.06,36.24,26.37,121.38,138.91,104.44,36.84742412982371,1.49,5.05,18.24,46.56,
2022-06-22,28.95,35.94,35.43,28.2,119.22,129.94,104.2,34.81857738383997,1.54,5.32,18.29,48.99,
2022-06-23,29.05,35.3,35.13,26.93,121.11,125.98,104.43,36.39468587712302,1.56,5.38,18.65,48.58,
2022-06-24,27.23,33.77,32.67,27.02,120.43,127.0,104.19,42.71753648317686,1.55,5.18,17.92,46.99,0.37
2022-06-27,26.95,33.56,32.18,24.93,119.98,133.22,103.94,41.999447908734915,1.54,5.11,17.88,46.99,
2022-06-28,28.36,35.43,33.11,24.9,120.46,135.22,104.51,35.58922616239289,1.56,5.26,17.95,46.59,
2022-06-29,28.16,35.33,33.23,25.76,119.26,130.43,105.11,34.79909018196298,1.58,5.62,18.08,48.57,
2022-06-30,28.71,36.21,33.96,25.77,119.94,135.5,104.69,33.006754003587446,1.64,5.87,19.61,48.9,
2022-07-01,26.7,34.27,32.36,25.72,118.59,144.17,105.14,34.61407461799165,1.65,5.92,20.17,49.4,0.61
2022-07-04,,,,,,,,,1.65,5.93,,,
2022-07-05,27.54,34.86,33.36,27.3,118.19,156.16,106.5,35.39687616046837,1.67,5.99,21.33,52.61,
2022-07-06,26.73,33.75,32.59,26.93,117.45,151.14,107.1,37.23670462975445,1.65,5.8,21.91,54.67,
2022-07-07,26.08,32.81,31.53,24.75,118.76,149.71,107.13,41.4252304552084,1.6,5.5,20.5,52.87,
2022-07-08,24.64,31.18,30.06,25.26,118.13,145.25,107.01,43.89175827997946,1.57,5.36,19.41,52.1,0.42
2022-07-11,26.17,32.93,31.71,27.68,119.8,147.72,108.02,40.67886929202281,1.58,5.44,19.72,53.1,
2022-07-12,27.29,33.97,32.67,27.62,121.33,148.11,108.07,40.26296905213531,1.59,5.43,19.78,54.4,
2022-07-13,26.82,33.67,32.34,27.12,120.41,136.1,107.96,41.08520103776774,1.59,5.47,18.36,51.76,
2022-07-14,26.4,32.64,31.14,27.57,121.92,137.76,108.54,42.304965944753,1.6,5.53,19.6,53.03,
2022-07-15,24.23,30.39,28.96,25.95,122.48,129.85,108.06,46.19111245170111,1.58,5.39,19.27,51.77,0.06
2022-07-18,25.3,31.58,30.23,27.54,120.55,127.69,107.37,46.52266836997111,1.55,5.25,19.42,49.66,
2022-07-19,24.5,30.66,29.6,26.58,120.04,124.7,106.68,51.983846231946345,1.54,5.1,18.63,48.77,
2022-07-20,23.88,30.58,29.19,24.37,117.24,122.9,107.08,52.53056050284908,1.52,4.9,19.26,47.54,
2022-07-21,23.11,29.31,28.1,23.65,118.71,121.15,106.91,54.29763894509375,1.52,4.99,18.71,51.1,
2022-07-22,23.03,29.19,27.91,22.24,119.15,123.7,106.73,51.07401794653653,1.52,4.96,18.3,47.84,-0.28
2022-07-25,23.36,29.42,28.47,23.2,119.46,128.27,106.48,50.24383777568761,1.54,4.95,18.3,47.96,
2022-07-26,24.69,30.91,29.67,23.98,121.29,128.55,107.19,46.73478678730228,1.56,5.06,18.06,47.81,
2022-07-27,23.24,29.59,28.37,23.46,121.92,117.28,106.45,53.416971739472935,1.55,5.07,17.39,48.99,
2022-07-28,22.33,28.48,27.28,22.83,122.67,119.93,106.35,55.81878642242535,1.54,4.98,16.84,47.17,
2022-07-29,21.33,27.25,26.12,21.73,122.29,116.36,105.9,60.070699406163975,1.53,4.83,16.49,46.19,-0.2
2022-08-01,22.84,28.75,27.89,23.46,122.94,120.5,105.45,56.60071822525996,1.52,4.8,17.52,49.97,
2022-08-02,23.93,30.0,29.09,24.23,121.78,129.23,106.24,56.17704929748906,1.51,4.61,17.34,52.77,
2022-08-03,21.95,27.98,26.69,23.53,121.16,122.04,106.51,59.23043172863603,1.5,4.54,16.76,50.12,
2022-08-04,21.44,27.81,26.03,23.94,122.81,120.57,105.69,58.9429949152274,1.5,4.55,16.95,55.14,
2022-08-05,21.15,27.13,25.3,21.86,,122.58,106.62,60.637907032492656,1.49,4.44,16.37,48.76,-0.49
2022-08-08,21.29,27.65,25.86,21.72,123.69,124.12,106.44,59.957084745368164,1.49,4.41,16.76,46.4,
2022-08-09,21.77,28.41,26.71,21.33,123.91,125.12,106.37,59.025708795168114,1.5,4.46,16.69,46.23,
2022-08-10,19.74,25.72,24.52,20.91,125.04,115.26,105.2,65.15157662943089,1.47,4.33,16.27,46.56,
2022-08-11,20.2,26.13,25.09,20.76,126.84,111.11,105.09,66.12798325504569,1.42,4.21,15.81,45.37,
2022-08-12,19.53,25.18,24.23,19.45,129.34,106.28,105.63,67.58745184469409,1.41,4.25,15.22,44.0,-0.4
2022-08-15,19.95,25.4,24.69,20.15,127.62,113.82,106.55,68.07257191430126,1.4,4.24,15.37,46.63,
2022-08-16,19.69,25.55,24.42,19.6,126.09,116.83,106.5,66.68844108413458,1.39,4.25,15.27,50.25,
2022-08-17,19.9,26.33,25.09,19.75,122.06,117.7,106.57,65.16148776896095,1.41,4.33,15.32,51.55,
2022-08-18,19.56,25.52,24.58,19.21,124.22,120.26,107.48,65.25642922263064,1.41,4.37,15.36,47.41,
2022-08-19,20.6,26.74,25.34,19.43,123.68,123.81,108.17,63.373648099125234,1.42,4.45,15.91,50.34,-0.37
2022-08-22,23.8,29.65,29.14,21.56,123.93,135.89,109.05,57.27178473994391,1.44,4.62,16.57,50.64,
2022-08-23,24.11,29.69,28.96,20.36,123.83,133.85,108.62,57.8204864294958,1.45,4.68,15.8,47.35,
2022-08-24,22.82,28.96,28.24,20.35,122.78,133.13,108.68,58.58638336146837,1.43,4.61,15.9,48.33,
2022-08-25,21.78,28.08,27.56,19.68,123.1,126.33,108.47,60.10644991142099,1.42,4.6,15.57,48.78,
2022-08-26,25.56,31.72,30.48,21.28,124.57,122.95,108.8,50.318414747293296,1.42,4.65,15.42,47.08,-0.2
2022-08-29,26.21,32.3,31.01,22.26,121.97,130.14,108.84,49.685160641468514,1.44,4.78,16.02,47.73,
2022-08-30,26.21,32.12,31.13,23.11,121.01,127.69,108.77,47.87375918632581,1.45,4.9,16.52,49.74,
2022-08-31,25.87,32.19,30.12,22.68,119.71,124.84,108.7,47.185975445264596,1.48,5.03,17.02,52.11,
2022-09-01,25.56,32.26,30.09,23.44,120.74,126.58,109.69,49.307165874956304,1.5,5.08,17.8,53.9,
2022-09-02,25.47,32.32,29.98,24.8,119.81,120.72,109.53,47.83578241188132,1.5,5.06,16.88,53.9,-0.14
2022-09-05,,,,,,,,,1.51,5.07,,,
2022-09-06,26.91,33.59,31.41,27.86,119.84,133.54,110.21,48.25726984270161,1.51,4.98,17.68,50.0,
2022-09-07,24.64,31.56,29.4,24.72,119.05,133.12,109.84,52.23727735370538,1.51,4.97,16.77,53.32,
2022-09-08,23.61,30.48,28.18,22.66,119.08,124.14,109.71,54.30009639869824,1.49,4.8,16.4,51.29,
2022-09-09,22.79,29.23,27.29,21.22,119.66,121.54,109.0,57.355188288005294,1.47,4.57,15.91,48.84,-0.31
2022-09-12,23.87,29.81,27.9,21.39,121.06,123.07,108.33,58.08732481161928,1.46,4.5,15.79,44.15,
2022-09-13,27.27,33.18,31.09,25.1,125.46,128.87,109.82,47.522883015369196,1.46,4.68,16.93,44.81,
2022-09-14,26.16,32.57,30.65,24.17,120.19,125.35,109.66,48.56344580418367,1.46,4.74,17.17,45.62,
2022-09-15,26.27,32.65,30.69,22.79,119.97,124.07,109.74,47.409406568796165,1.45,4.77,19.66,46.63,
2022-09-16,26.3,32.83,31.01,22.9,117.71,124.95,109.76,46.99204709672008,1.48,5.0,18.31,47.44,-0.44
2022-09-19,25.76,32.36,30.85,23.72,116.26,133.79,109.74,49.218595228596975,1.47,4.88,18.37,46.75,
2022-09-20,27.16,33.3,32.23,24.13,116.69,134.66,110.22,47.865327309370564,1.47,4.88,18.59,48.23,
2022-09-21,27.99,33.87,32.69,24.34,116.21,130.54,110.64,43.709184327193285,1.47,4.87,18.48,48.65,
2022-09-22,27.35,32.92,31.88,24.52,115.86,131.93,111.35,44.76830612227301,1.48,4.91,17.93,47.1,
2022-09-23,29.92,34.88,34.83,26.24,118.99,137.28,113.19,39.189146889798984,1.51,5.12,19.42,50.82,0.13
2022-09-26,32.26,36.93,37.6,28.21,120.01,153.61,114.1,38.75414431894494,1.54,5.18,20.26,56.68,
2022-09-27,32.6,37.15,37.64,29.56,120.39,158.12,114.11,41.17976508994571,1.58,5.22,19.26,55.89,
2022-09-28,30.18,35.51,35.96,27.48,120.38,158.99,112.6,44.59214062903446,1.67,5.47,19.27,55.02,
2022-09-29,31.84,36.91,37.08,30.7,121.54,148.14,112.25,40.83610528303271,1.68,5.5,19.78,54.41,
2022-09-30,31.62,36.61,36.77,28.99,,141.89,112.12,39.56670855808475,1.67,5.43,19.52,55.69,0.52
2022-10-03,30.1,35.56,35.81,29.64,121.38,152.94,111.75,42.9717643595014,1.65,5.43,20.29,56.24,
2022-10-04,29.07,34.42,34.76,27.51,122.46,151.21,110.07,49.75021085626654,1.6,5.12,19.55,59.51,
2022-10-05,28.55,34.33,34.62,27.74,121.78,152.01,111.07,49.767238134607645,1.61,5.09,19.69,54.2,
2022-10-06,30.52,35.84,35.91,28.6,122.44,153.29,112.26,46.95800717924395,1.58,4.95,19.67,53.39,
2022-10-07,31.36,36.86,35.84,29.64,121.81,148.46,112.8,42.07857573648591,1.6,5.02,19.66,53.64,0.16
2022-10-10,32.45,38.57,37.04,31.5,120.07,,113.14,39.81102192210045,1.6,5.03,20.54,51.42,
2022-10-11,33.63,39.38,37.82,32.17,120.12,155.57,113.22,39.92334879894992,1.67,5.25,20.59,51.92,
2022-10-12,33.57,39.51,38.1,32.58,119.99,160.72,113.32,39.48941944501903,1.71,5.31,20.4,51.52,
2022-10-13,31.94,38.27,36.55,31.61,117.82,155.08,112.36,44.80632644270478,1.71,5.25,20.07,50.52,
2022-10-14,32.02,37.75,36.11,31.85,119.3,152.89,113.31,43.223102424255714,1.7,5.15,20.07,50.3,0.29
2022-10-17,31.37,37.07,35.81,30.5,116.97,150.42,112.04,47.92969485742503,1.7,5.04,19.96,50.27,
2022-10-18,30.5,36.11,34.65,31.31,116.88,145.79,112.13,50.68836665351856,1.69,4.95,19.19,49.12,
2022-10-19,30.76,36.37,34.76,30.43,117.26,147.73,112.98,51.295223948981814,1.7,4.97,19.41,47.78,
2022-10-20,29.98,35.77,34.48,37.35,117.41,155.61,112.88,52.14815217040903,1.69,4.89,19.23,47.98,
2022-10-21,29.69,35.25,34.36,29.35,116.19,156.95,112.01,57.68021170839493,1.71,4.99,19.05,47.19,-0.15
2022-10-24,29.85,35.5,34.53,32.4,114.97,154.02,111.99,58.75856251689025,1.68,4.91,19.58,47.78,
2022-10-25,28.46,34.14,33.3,32.96,114.64,147.78,110.95,61.42037117663246,1.69,4.88,19.33,47.3,
2022-10-26,27.28,33.28,32.08,29.22,113.86,140.2,109.7,59.52202963904688,1.67,4.8,18.67,48.58,
2022-10-27,27.39,33.82,32.17,28.94,113.23,142.78,110.59,59.07067721487006,1.68,4.76,18.51,49.02,
2022-10-28,25.75,31.86,30.28,28.56,112.06,144.6,110.67,64.83738364745102,1.66,4.54,18.01,47.81,-0.3
2022-10-31,25.88,31.16,30.77,28.67,111.96,147.92,111.53,62.45073417174958,1.66,4.63,18.27,47.41,
2022-11-01,25.81,31.99,30.57,28.48,111.44,148.42,111.48,59.564563173288235,1.64,4.61,18.45,47.04,
2022-11-02,25.86,32.1,30.77,29.21,111.99,141.17,111.35,55.93550607943004,1.62,4.62,17.84,47.75,
2022-11-03,25.3,31.79,30.47,28.93,110.34,136.28,112.93,55.46134085649084,1.64,4.81,18.03,46.47,
2022-11-04,24.55,30.86,29.67,31.84,111.62,128.44,110.88,60.2797051757263,1.61,4.77,18.03,47.5,-0.39
2022-11-07,24.35,30.84,29.44,29.79,111.67,128.33,110.12,62.28726455850854,1.59,4.71,18.12,45.11,
2022-11-08,25.54,31.53,30.23,29.05,113.55,126.33,109.62,61.280226799514466,1.6,4.79,18.91,45.04,
2022-11-09,26.09,32.49,30.9,30.33,114.36,124.4,110.55,56.830919699484454,1.6,4.99,18.91,45.38,
2022-11-10,23.53,30.35,28.53,28.37,111.42,111.69,108.21,64.01202441223201,1.58,4.8,17.69,43.48,
2022-11-11,22.52,28.97,27.46,27.27,114.09,,106.29,68.07256330699335,1.58,4.81,17.57,42.06,-0.32
2022-11-14,23.73,30.02,28.36,27.97,113.67,119.99,106.66,64.29062752818066,1.52,4.67,17.41,44.42,
2022-11-15,24.54,30.3,28.63,27.71,115.94,128.62,106.4,63.27357854268136,1.48,4.64,17.72,46.72,
2022-11-16,24.11,30.05,28.44,27.65,115.56,130.83,106.28,60.96797064499337,1.48,4.71,17.23,45.12,
2022-11-17,23.93,30.02,28.62,28.36,115.24,132.18,106.69,61.26716307906887,1.47,4.75,16.77,45.34,
2022-11-18,23.12,29.25,28.15,27.44,114.97,129.33,106.93,61.807986501013104,1.45,4.65,16.51,45.93,-0.23
2022-11-21,22.36,29.0,27.67,27.49,114.52,132.13,107.84,60.830454451908,1.44,4.64,16.68,47.11,
2022-11-22,21.29,27.79,26.31,25.95,116.24,133.53,107.22,62.443176897351464,1.43,4.57,16.07,46.3,
2022-11-23,20.35,26.66,24.97,24.74,118.65,136.2,106.08,63.881243237142904,1.42,4.51,15.84,51.56,
2022-11-24,,,,,,,,,1.42,4.51,,,
2022-11-25,20.5,26.79,25.05,24.2,128.11,129.6,105.96,63.84630232696513,1.4,4.52,15.23,50.16,-0.23
2022-11-28,22.21,28.31,26.8,26.37,118.47,131.73,106.68,58.692484628931034,1.4,4.63,15.77,50.53,
2022-11-29,21.89,28.36,26.15,24.76,120.38,131.23,106.82,60.05410140515563,1.42,4.63,15.71,47.91,
2022-11-30,20.58,26.46,24.7,24.34,118.47,127.27,105.95,66.0684375092276,1.42,4.55,15.45,46.15,
2022-12-01,19.84,26.09,24.19,24.13,117.79,119.77,104.73,65.90781705481261,1.41,4.48,15.92,45.61,
2022-12-02,19.06,24.78,23.14,24.76,118.11,118.62,104.55,66.18128281907792,1.4,4.5,15.42,45.76,-0.12
2022-12-05,20.75,26.16,24.92,25.48,117.75,126.5,105.29,61.64906377338097,1.39,4.43,15.81,45.41,
2022-12-06,22.17,27.53,26.1,25.9,117.11,129.09,105.58,56.80745426553687,1.39,4.57,16.19,46.36,
2022-12-07,22.68,28.11,25.89,26.87,117.81,131.1,105.1,54.4152888903489,1.4,4.68,16.55,47.91,
2022-12-08,22.29,27.59,25.97,25.15,117.54,129.54,104.77,57.25932520826252,1.38,4.55,16.45,47.17,
2022-12-09,22.83,27.94,26.06,25.68,119.24,132.79,104.81,55.13580814307261,1.37,4.46,16.26,46.93,0.12
2022-12-12,25.0,30.06,28.88,24.16,121.86,141.93,105.13,54.32012031892544,1.37,4.4,15.51,44.99,
2022-12-13,22.55,26.91,25.86,21.36,122.73,135.08,103.98,58.57574937791918,1.36,4.34,14.71,43.37,
2022-12-14,21.14,25.75,24.74,20.24,124.23,120.26,103.77,58.08655731588478,1.37,4.37,14.06,41.82,
2022-12-15,22.83,27.34,25.9,21.73,124.49,111.26,104.56,53.064321711057175,1.38,4.54,14.39,43.7,
2022-12-16,22.62,27.33,26.22,20.94,120.04,113.65,104.7,51.99261456905981,1.39,4.67,14.14,42.29,0.0
2022-12-19,22.42,27.41,26.04,21.17,117.09,118.32,104.72,51.65802206038041,1.4,4.67,14.49,42.47,
2022-12-20,21.48,26.65,25.52,21.65,115.57,119.92,103.97,54.24643387137707,1.41,4.68,15.03,41.79,
2022-12-21,20.07,25.15,23.89,20.77,114.25,115.0,104.16,57.41044685905934,1.4,4.56,14.78,41.18,
2022-12-22,21.97,27.35,25.66,22.1,114.42,112.05,104.43,52.14409068783179,1.39,4.61,14.88,41.8,
2022-12-23,20.87,26.33,24.45,22.22,114.57,113.17,104.31,55.177778542495815,1.38,4.59,14.86,41.21,0.03
2022-12-26,,,,,,,,,,,,,
2022-12-27,21.65,27.78,25.02,23.55,113.44,124.89,104.18,54.69914314560532,1.38,4.55,16.3,43.5,
2022-12-28,22.14,28.38,25.61,24.0,112.03,120.07,104.46,52.027239241337256,1.4,4.77,15.99,43.95,
2022-12-29,21.44,27.36,24.86,24.1,113.27,120.25,103.84,54.56324023910684,1.38,4.81,16.18,42.6,
2022-12-30,21.67,27.6,25.07,24.21,113.57,121.61,103.52,55.11795137452272,1.38,4.81,16.25,41.26,-0.04
2023-01-02,,,,,,,,,,,,,
2023-01-03,22.9,29.11,26.6,24.51,112.74,129.97,104.52,51.844669079404554,1.4,4.7,17.26,44.14,
2023-01-04,22.01,28.36,25.89,24.48,112.14,125.78,104.25,54.56040977001749,1.4,4.62,17.35,45.83,
2023-01-05,22.46,28.81,26.54,23.83,112.67,119.53,105.04,52.89668486308909,1.4,4.58,16.78,43.93,
2023-01-06,21.13,26.96,24.96,22.7,113.86,113.87,103.88,56.80141401874495,1.4,4.47,16.44,42.94,-0.17
2023-01-09,21.97,27.86,25.44,23.28,114.42,116.67,103.0,55.4069593858233,1.37,4.37,16.92,42.75,
2023-01-10,20.58,26.94,24.0,21.78,114.65,119.52,103.24,58.996754964863996,1.35,4.33,16.59,41.6,
2023-01-11,21.09,27.34,24.52,22.68,115.1,115.17,103.19,59.16754324481852,1.34,4.3,16.32,41.19,
2023-01-12,18.83,24.76,22.29,20.62,117.39,112.34,102.25,61.09304252891083,1.33,4.29,15.95,39.28,
2023-01-13,18.35,23.82,21.13,18.85,121.7,113.55,102.2,63.324632609022125,1.32,4.21,16.37,38.19,-0.43
2023-01-16,,,,,,,,,1.32,4.19,,,
2023-01-17,19.36,24.75,21.99,19.7,120.01,122.27,102.39,63.15235156195421,1.3,4.19,16.49,40.1,
2023-01-18,20.34,25.51,23.23,21.24,119.91,112.61,102.36,58.934008994204255,1.29,4.25,16.19,39.25,
2023-01-19,20.52,25.28,23.54,19.05,121.23,114.53,102.06,58.03465471969644,1.3,4.39,16.71,39.02,
2023-01-20,19.85,24.54,22.58,19.52,120.19,114.76,102.01,62.74071444754401,1.29,4.35,16.4,37.81,-0.39
2023-01-23,19.81,24.61,22.52,20.58,120.91,114.69,102.14,64.28852743728567,1.28,4.27,16.2,37.3,
2023-01-24,19.2,24.55,22.21,19.76,121.34,112.76,101.92,63.95901343988473,1.29,4.33,16.17,38.26,
2023-01-25,19.08,24.54,21.93,19.69,121.04,107.74,101.64,63.623546464276764,1.28,4.35,16.12,38.54,
2023-01-26,18.73,25.01,22.02,19.68,121.49,104.28,101.84,66.00564823479665,1.26,4.24,15.59,38.12,
2023-01-27,18.51,24.57,21.63,19.29,121.97,100.7,101.93,67.72754171094722,1.25,4.23,15.23,38.6,-0.51
2023-01-30,19.94,26.25,23.45,21.43,120.69,103.77,102.28,62.937000793352524,1.25,4.26,15.59,40.18,
2023-01-31,19.4,25.79,23.01,21.11,123.29,99.54,102.1,65.48507692273448,1.25,4.3,15.75,38.55,
2023-02-01,17.87,24.04,21.36,20.56,122.19,97.33,101.22,68.59509696416231,1.25,4.31,15.22,37.99,
2023-02-02,18.73,25.06,22.2,19.78,123.88,97.76,101.75,70.29364217955673,1.21,3.94,15.14,38.49,
2023-02-03,18.33,25.4,22.07,20.64,123.08,98.99,102.92,69.23890948257721,1.2,3.95,15.06,39.48,-0.55
2023-02-06,19.43,25.89,23.5,21.46,123.01,105.63,103.62,66.77082703151318,1.2,3.99,15.81,38.92,
2023-02-07,18.66,25.46,22.71,20.51,123.36,103.15,103.43,70.23578080066072,1.2,3.99,15.62,37.31,
2023-02-08,19.63,26.45,23.74,20.86,121.52,100.75,103.41,66.48235538709983,1.2,4.07,15.46,37.02,
2023-02-09,20.71,27.64,24.71,21.14,120.58,102.45,103.22,64.10628478505981,1.2,4.05,15.52,35.75,
2023-02-10,20.53,27.09,24.4,21.55,120.88,109.63,103.63,64.46058613952125,1.23,4.24,15.46,35.89,-0.61
2023-02-13,20.34,27.26,24.0,22.29,122.48,110.67,103.35,65.37022858565383,1.24,4.23,15.58,37.77,
2023-02-14,18.91,25.06,22.38,19.78,,110.59,103.23,68.1744068529371,1.23,4.15,14.88,36.67,
2023-02-15,18.23,24.09,22.01,19.14,121.36,108.64,103.92,70.88589373117718,1.23,4.18,14.9,35.7,
2023-02-16,20.17,26.06,23.88,19.77,123.09,111.01,103.86,67.27932999372169,1.23,4.24,14.92,35.03,
2023-02-17,20.02,25.82,23.1,19.47,122.89,110.11,103.86,65.67493168198642,1.26,4.38,14.69,36.04,-0.47
2023-02-20,,,,,,,,,1.26,4.38,,,
2023-02-21,22.87,28.57,26.47,22.48,124.09,119.62,104.18,59.257300054816675,1.28,4.49,15.48,37.05,
2023-02-22,22.29,28.02,26.05,21.51,122.81,118.21,104.59,59.89632847897084,1.28,4.41,15.05,38.36,
2023-02-23,21.14,26.83,24.98,19.52,121.85,117.45,104.6,61.652477897273364,1.28,4.3,14.84,36.69,
2023-02-24,21.67,27.18,25.64,21.63,121.22,122.84,105.21,59.76103615791838,1.28,4.28,14.56,37.25,-0.23
2023-02-27,20.95,26.65,25.09,20.23,120.54,120.03,104.67,61.6821588625473,1.28,4.21,14.35,37.55,
2023-02-28,20.7,26.4,24.74,20.18,120.01,123.6,104.87,61.67555026808198,1.3,4.22,14.17,35.42,
2023-03-01,20.58,26.48,24.5,20.12,118.89,121.08,104.48,61.27287885547746,1.29,4.17,14.16,36.63,
2023-03-02,19.59,25.7,23.59,20.04,,124.12,105.03,62.77173281789819,1.27,4.18,13.94,35.61,
2023-03-03,18.49,24.36,22.46,19.45,118.14,122.52,104.52,64.90993376250853,1.25,4.05,13.93,35.2,-0.45
2023-03-06,18.61,24.25,22.51,19.76,120.19,128.19,104.35,65.66939275953514,1.24,3.97,14.24,33.03,
2023-03-07,19.59,24.65,23.04,20.11,120.56,133.33,105.62,62.21700154889757,1.25,3.98,14.2,33.76,
2023-03-08,19.11,24.08,22.51,19.97,,129.76,105.66,61.94761032246917,1.27,4.09,13.79,33.39,
2023-03-09,22.61,26.55,26.06,23.21,122.22,129.28,105.31,55.642123119676526,1.3,4.27,14.3,34.86,
2023-03-10,24.8,27.94,29.74,24.3,130.27,140.06,104.58,49.01056654329352,1.37,4.61,16.57,36.76,-0.09
2023-03-13,26.52,29.39,32.58,22.7,132.14,173.59,103.6,46.10662063819308,1.51,5.03,20.0,38.13,
2023-03-14,23.73,26.72,29.18,16.99,132.72,169.65,103.6,52.81498386818752,1.5,4.74,17.95,47.41,
2023-03-15,26.14,28.69,32.35,24.71,136.62,169.65,104.65,47.082130884344394,1.64,5.2,19.75,49.78,
2023-03-16,22.99,26.62,29.09,20.05,134.53,167.96,104.42,53.79511573513817,1.61,4.93,17.38,48.65,
2023-03-17,25.51,28.35,32.56,22.46,131.34,180.11,103.71,48.36460825478965,1.62,5.17,22.83,51.48,1.09
2023-03-20,24.15,27.55,30.98,21.62,129.91,182.64,103.28,51.05507840637729,1.62,5.15,21.4,51.14,
2023-03-21,21.38,25.68,28.04,20.87,127.46,162.31,103.26,57.968739270244406,1.52,4.85,19.14,48.12,
2023-03-22,22.26,26.6,29.22,20.15,123.16,142.84,102.35,53.207412706847066,1.5,5.0,19.22,46.97,
2023-03-23,22.61,26.56,29.97,21.34,,151.4,102.53,52.440816721680015,1.52,5.1,20.95,46.9,
2023-03-24,21.74,25.78,28.36,20.84,126.88,173.66,103.12,53.24870291805669,1.54,5.22,19.96,48.36,0.26
2023-03-27,20.6,25.07,27.09,21.14,126.0,161.67,102.86,56.41128958507188,1.52,5.03,19.18,45.41,
2023-03-28,19.97,24.5,26.15,20.16,122.9,155.96,102.43,56.835237136908034,1.52,5.01,19.03,44.31,
2023-03-29,19.12,23.99,25.02,20.42,123.76,150.58,102.64,60.97585884001108,1.5,4.83,17.77,43.33,
2023-03-30,19.02,23.99,24.93,19.46,126.31,141.24,102.14,61.90271086239708,1.46,4.74,18.39,42.02,
2023-03-31,18.7,23.6,24.03,18.62,125.85,135.93,102.51,63.48137760454127,1.45,4.58,17.31,40.34,-0.27
2023-04-03,18.55,23.67,24.27,19.12,126.21,138.17,102.09,62.40998843669332,1.43,4.58,18.25,39.49,
2023-04-04,19.0,24.28,25.33,18.63,127.03,147.75,101.59,60.911151554794294,1.43,4.73,19.73,39.42,
2023-04-05,19.08,24.62,25.76,18.79,126.98,153.9,101.85,57.85086852683805,1.45,4.84,18.98,39.14,
2023-04-06,18.4,23.86,24.6,17.7,124.42,147.73,101.82,60.3347454250354,1.46,4.84,18.44,34.76,
2023-04-07,,,,,,,,,,,,,-0.1
2023-04-10,18.97,24.56,25.03,18.45,126.96,143.0,102.58,61.593597763854476,1.45,4.7,18.54,34.31,
2023-04-11,19.1,24.71,24.93,17.86,127.42,139.78,102.2,61.56706031404064,1.44,4.63,18.33,34.23,
2023-04-12,19.09,24.49,24.54,18.05,130.0,129.68,101.5,60.222765178803755,1.43,4.62,17.69,33.74,
2023-04-13,17.8,23.28,23.02,17.65,132.36,119.95,101.01,65.0240707940964,1.42,4.49,18.48,32.78,
2023-04-14,17.07,22.22,22.25,17.25,134.65,118.84,101.55,65.61078632562672,1.39,4.43,17.16,32.51,-0.48
2023-04-17,16.95,21.91,22.09,16.64,135.04,122.69,102.1,67.6906286467601,1.38,4.41,17.37,32.93,
2023-04-18,16.83,21.41,21.82,16.59,137.12,122.78,101.75,66.95515795504774,1.37,4.37,17.14,33.69,
2023-04-19,16.46,21.24,21.54,16.93,,124.02,101.97,66.62613202070222,1.37,4.41,17.21,34.44,
2023-04-20,17.17,21.77,22.08,17.24,133.49,120.61,101.84,64.21951887382626,1.38,4.54,17.21,36.41,
2023-04-21,16.77,21.29,21.75,16.67,132.94,120.84,101.82,65.2037869208027,1.38,4.46,16.42,35.17,-0.66
2023-04-24,16.89,21.52,21.83,16.87,132.4,126.28,101.35,63.99819399752777,1.38,4.48,16.88,34.28,
2023-04-25,18.76,22.97,24.65,19.36,130.29,137.13,101.86,57.89372450025674,1.4,4.64,17.72,36.64,
2023-04-26,18.84,22.77,24.79,18.89,130.5,130.39,101.47,58.05545507383142,1.41,4.63,17.74,39.25,
2023-04-27,17.03,21.05,22.27,18.13,136.6,122.43,101.5,63.70150261573487,1.39,4.48,17.28,37.76,
2023-04-28,15.78,20.12,20.81,16.8,138.44,122.46,101.67,64.3581311504451,1.41,4.53,16.47,35.63,-0.3
2023-05-01,16.08,20.19,21.08,17.16,135.66,128.18,102.15,65.65129648070244,1.4,4.45,16.63,35.94,
2023-05-02,17.78,21.63,23.79,20.67,131.09,137.55,101.96,59.559679634692465,1.44,4.7,18.69,39.48,
2023-05-03,18.34,22.03,24.28,19.34,130.41,134.5,101.34,57.74481044756283,1.45,4.79,18.7,43.23,
2023-05-04,20.09,23.14,26.71,18.86,130.54,140.71,101.4,55.483324759561654,1.51,4.95,20.35,43.75,
2023-05-05,17.19,20.36,23.71,17.57,134.32,130.21,101.21,62.38369610669006,1.48,4.77,18.5,37.35,-0.33
2023-05-08,16.98,20.31,23.77,17.36,132.32,135.07,101.37,63.77217524909449,1.49,4.72,18.67,35.54,
2023-05-09,17.71,20.85,24.14,18.11,133.88,133.93,101.64,62.319380661885546,1.49,4.74,18.73,35.13,
2023-05-10,16.94,19.76,22.76,17.76,138.63,125.6,101.48,63.50351039246358,1.49,4.78,18.37,34.13,
2023-05-11,16.93,19.4,22.9,17.82,,128.21,102.06,61.62064855152524,1.49,4.81,17.77,35.74,
2023-05-12,17.03,19.53,22.73,18.26,140.26,120.52,102.68,61.53431188811119,1.48,4.76,17.37,37.32,-0.51
2023-05-15,17.12,19.55,22.6,17.67,138.57,127.89,102.43,62.84765550540015,1.49,4.77,17.52,35.16,
2023-05-16,17.99,19.84,23.67,19.06,137.32,130.3,102.56,61.169747638607326,1.49,4.79,17.62,35.98,
2023-05-17,16.87,19.16,22.54,17.59,137.53,120.78,102.88,64.82471124441389,1.49,4.75,16.99,36.44,
2023-05-18,16.05,19.32,21.47,17.83,138.06,122.5,103.58,68.21548360751507,1.47,4.69,16.95,36.02,
2023-05-19,16.81,19.68,22.64,16.74,135.52,127.51,103.2,67.46633602811839,1.45,4.62,17.22,35.85,-0.44
2023-05-22,17.21,19.97,22.42,16.35,136.24,132.29,103.2,68.13902763174812,1.44,4.54,17.55,35.52,
2023-05-23,18.53,20.99,23.94,17.88,136.42,131.7,103.49,64.78927928813826,1.44,4.6,17.66,35.11,
2023-05-24,20.03,22.4,25.43,20.38,138.37,132.29,103.89,62.26395417853341,1.44,4.68,17.56,35.86,
2023-05-25,19.14,21.69,25.42,20.41,140.73,139.54,104.21,63.82388028683444,1.42,4.58,16.84,36.74,
2023-05-26,17.95,22.21,23.51,18.36,,145.37,104.21,66.11150049486197,1.41,4.53,16.3,35.95,-0.32
2023-05-29,,,,,,,,,1.41,4.54,,,
2023-05-30,17.46,22.42,23.49,18.91,145.14,141.36,104.17,66.04603785146725,1.4,4.58,15.88,39.68,
2023-05-31,17.94,22.12,23.95,19.33,158.3,136.02,104.32,63.96443764200675,1.42,4.69,15.63,40.68,
2023-06-01,15.65,20.46,21.6,17.92,151.98,124.63,103.56,68.28025719279817,1.42,4.65,15.5,40.5,
2023-06-02,14.6,19.29,20.88,16.61,142.61,120.95,104.02,73.50496539042712,1.39,4.37,14.32,39.6,-0.47
2023-06-05,14.73,19.42,21.57,17.22,143.18,119.08,104.0,72.5309247302757,1.39,4.39,14.27,37.45,
2023-06-06,13.96,18.54,20.74,17.02,146.27,114.42,104.13,73.74623662197547,1.39,4.39,13.94,36.07,
2023-06-07,13.94,19.21,21.26,15.87,151.01,120.5,104.1,73.89031352779092,1.39,4.33,13.81,34.13,
2023-06-08,13.65,18.66,21.05,15.54,155.53,115.11,103.34,74.42017592118472,1.4,4.39,13.94,35.18,
2023-06-09,13.83,18.89,20.31,14.86,152.78,115.77,103.56,74.971926819932,1.4,4.29,13.69,33.7,-0.7
2023-06-12,15.01,20.46,21.46,13.11,157.71,119.8,103.63,74.63922621934384,1.41,4.34,13.7,36.35,
2023-06-13,14.61,20.06,20.58,14.43,156.44,118.8,103.34,76.96877316146373,1.39,4.18,13.45,32.38,
2023-06-14,13.88,19.72,20.79,14.96,150.37,114.37,103.01,76.7825543106319,1.38,4.18,12.84,33.66,
2023-06-15,14.5,20.28,20.37,15.49,147.86,107.34,102.12,76.0051589655089,1.37,4.21,13.0,33.07,
2023-06-16,13.54,19.55,19.89,17.0,143.07,104.43,102.3,75.64558964686691,1.35,4.15,12.4,32.99,-0.61
2023-06-19,,,,,,,,,1.35,4.15,,,
2023-06-20,13.88,19.95,20.49,16.96,138.75,104.43,102.54,73.81400649050546,1.35,4.22,12.73,34.75,
2023-06-21,13.2,19.29,19.75,16.42,133.72,110.84,102.07,72.61700482089336,1.35,4.32,12.98,33.26,
2023-06-22,12.91,18.82,19.43,17.92,136.15,107.7,102.39,74.86335770384105,1.34,4.3,12.96,34.93,
2023-06-23,13.44,19.29,19.81,16.01,137.85,105.74,102.9,72.14304813748883,1.35,4.4,12.73,35.36,-0.59
2023-06-26,14.25,20.37,20.23,17.22,140.09,109.02,102.69,69.3095081070147,1.36,4.45,13.08,36.67,
2023-06-27,13.74,20.08,19.66,16.63,,110.85,102.49,71.81223221737564,1.34,4.3,12.88,39.3,
2023-06-28,13.43,20.02,19.23,16.82,138.37,108.3,102.91,72.1916823314251,1.34,4.27,12.53,36.86,
2023-06-29,13.54,19.98,19.44,16.65,143.05,113.45,103.34,74.24138457752598,1.31,4.14,12.21,35.42,
2023-06-30,13.59,19.55,18.79,15.48,149.96,110.64,102.91,74.67937141224394,1.3,4.05,12.04,33.28,-0.7
2023-07-03,13.57,19.87,19.09,15.96,,110.77,102.99,74.30945889533855,1.29,3.99,12.22,33.88,
2023-07-04,,,,,,,,,1.29,3.99,,,
2023-07-05,14.18,19.91,19.44,16.74,144.08,110.53,103.37,74.61354970077568,1.28,4.01,12.46,33.91,
2023-07-06,15.44,21.11,21.48,18.51,148.45,134.63,103.17,72.41540763501416,1.29,4.1,12.25,35.13,
2023-07-07,14.83,20.6,20.26,17.94,148.13,130.41,102.27,73.57107903273722,1.28,4.08,12.12,34.55,-0.75
2023-07-10,15.07,21.08,21.27,18.19,142.49,131.73,101.97,73.04306794943466,1.29,4.13,12.41,38.35,
2023-07-11,14.84,20.9,21.21,17.95,,127.07,101.73,73.90886043409361,1.28,4.05,12.64,32.43,
2023-07-12,13.54,19.48,19.86,17.91,148.32,114.07,100.52,75.28813467393766,1.27,3.95,13.12,32.69,
2023-07-13,13.61,19.78,19.54,18.23,147.08,111.75,99.77,75.24391969327661,1.27,3.97,12.73,30.04,
2023-07-14,13.34,19.65,19.45,18.92,149.48,112.48,99.91,75.34843901798347,1.28,3.9,12.05,30.0,-0.7
2023-07-17,13.48,19.43,19.97,18.38,142.24,113.5,99.84,75.28396214544028,1.29,3.97,12.34,31.34,
2023-07-18,13.3,19.29,19.81,19.08,141.86,112.45,99.94,76.42395549276891,1.28,3.9,12.62,30.66,
2023-07-19,13.76,19.68,19.85,18.47,141.25,107.19,100.28,74.85013643308119,1.28,3.89,12.89,31.06,
2023-07-20,13.99,20.2,19.77,18.87,142.82,112.85,100.88,72.86288608508727,1.27,3.9,12.67,30.15,
2023-07-21,13.6,19.61,19.31,18.05,142.55,106.66,101.07,72.88414611789385,1.26,3.89,12.23,29.65,-0.74
2023-07-24,13.91,19.83,19.62,18.99,143.75,109.95,101.35,73.59193658926014,1.25,3.82,12.35,30.11,
2023-07-25,13.86,19.71,19.65,19.63,142.18,113.02,101.35,74.18274618841131,1.24,3.84,12.42,30.63,
2023-07-26,13.19,18.99,19.22,18.3,143.58,104.88,100.89,73.85497111669034,1.23,3.91,12.11,29.97,
2023-07-27,14.41,19.83,20.09,17.39,147.93,111.15,101.77,73.10153950831602,1.2,3.78,12.29,29.12,
2023-07-28,13.33,18.92,18.96,17.88,143.48,109.76,101.62,74.87764159770289,1.19,3.82,11.78,29.41,-0.76
2023-07-31,13.63,19.32,19.29,18.32,145.47,112.03,101.86,74.1462630845191,1.19,3.79,12.16,28.48,
2023-08-01,13.93,19.67,19.79,19.66,142.57,116.38,102.3,74.40445281041409,1.19,3.82,11.83,28.35,
2023-08-02,16.09,22.13,21.15,21.82,145.75,115.15,102.59,70.10609357537277,1.21,3.96,12.45,28.74,
2023-08-03,15.92,22.08,21.17,22.0,147.38,124.6,102.54,71.80872429124251,1.22,3.98,12.79,28.54,
2023-08-04,17.1,22.02,21.62,20.78,153.35,115.91,102.02,70.10660369920514,1.22,4.01,12.22,28.06,-0.72
2023-08-07,15.77,20.82,20.52,21.47,148.54,120.94,102.05,73.32915880405054,1.22,3.97,12.24,27.73,
2023-08-08,15.99,21.07,21.03,23.37,142.3,118.74,102.53,71.11858878276264,1.23,4.0,12.21,27.14,
2023-08-09,15.96,21.5,21.16,20.5,137.12,112.55,102.49,68.60414285268429,1.23,3.94,12.33,28.56,
2023-08-10,15.85,21.03,20.74,19.77,136.58,108.64,102.52,70.21073654076875,1.22,3.83,11.84,27.27,
2023-08-11,14.84,20.45,19.75,20.15,135.16,112.13,102.84,70.87322607605353,1.22,3.83,11.54,28.04,-0.66
2023-08-14,14.82,20.2,19.73,20.03,136.9,119.94,103.19,71.72961315295673,1.22,3.79,11.97,27.55,
2023-08-15,16.46,21.37,20.78,20.53,136.69,121.8,103.21,68.64175119659235,1.23,3.85,12.11,28.3,
2023-08-16,16.78,22.08,21.27,20.16,132.09,117.24,103.42,66.99703708112526,1.25,3.81,12.43,28.54,
2023-08-17,17.89,22.71,22.37,19.36,132.51,121.14,103.44,64.94453101245381,1.26,3.95,12.89,29.3,
2023-08-18,17.3,22.01,21.79,21.5,134.77,120.51,103.38,64.61961825773639,1.27,4.02,12.63,28.43,-0.62
2023-08-21,17.13,21.89,21.59,19.96,133.59,130.69,103.33,67.19881586032518,1.26,3.97,12.91,28.9,
2023-08-22,16.97,21.82,21.36,18.46,134.06,126.65,103.56,66.12745241606021,1.25,3.93,12.58,28.56,
2023-08-23,15.98,21.36,20.59,18.5,131.82,118.4,103.36,66.372863189212,1.25,3.92,12.67,28.47,
2023-08-24,17.2,22.58,21.3,19.06,132.48,117.56,103.98,63.02920599885413,1.23,3.91,12.53,28.88,
2023-08-25,15.68,20.88,19.76,18.46,132.27,110.37,104.08,65.41839967680345,1.23,3.9,12.09,28.81,-0.68
2023-08-28,15.08,20.39,19.52,17.79,130.19,110.45,104.06,66.53195780665638,1.22,3.86,12.21,28.66,
2023-08-29,14.45,19.33,18.63,17.4,135.23,110.68,103.55,69.2801292742204,1.22,3.87,12.5,27.63,
2023-08-30,13.88,19.07,18.0,16.88,142.14,109.84,103.16,70.97276242302905,1.22,3.8,12.39,26.63,
2023-08-31,13.57,18.74,17.47,16.99,144.7,107.93,103.62,70.74808855532397,1.22,3.85,11.78,26.56,
2023-09-01,13.09,18.41,16.94,16.14,144.28,102.92,104.24,73.32974368536858,1.22,3.81,11.28,27.48,-0.7
2023-09-04,,,,,,,,,1.22,3.81,,,
2023-09-05,14.01,19.4,18.82,17.09,139.62,109.64,104.81,71.98162475847808,1.22,3.83,11.36,28.65,
2023-09-06,14.45,19.79,19.06,17.61,137.88,111.31,104.86,70.04386853890354,1.23,3.86,11.31,28.33,
2023-09-07,14.4,19.95,19.4,18.68,135.59,105.2,105.06,69.3974494175104,1.23,3.9,11.11,27.59,
2023-09-08,13.84,19.15,18.63,17.07,138.18,104.34,105.09,69.62157197424204,1.23,3.85,10.99,27.16,-0.71
2023-09-11,13.8,18.84,18.17,15.71,138.21,107.23,104.57,71.82693729146774,1.23,3.82,10.75,24.37,
2023-09-12,14.23,19.21,18.21,15.86,136.25,105.11,104.71,69.74833684433602,1.23,3.84,10.82,24.23,
2023-09-13,13.48,18.07,17.35,14.26,137.42,101.86,104.77,71.40097754380322,1.24,3.85,10.33,25.06,
2023-09-14,12.82,17.25,16.51,13.42,144.32,97.11,105.41,74.09164170692794,1.23,3.78,10.22,26.56,
2023-09-15,13.79,18.69,17.36,15.46,142.92,96.61,105.32,70.98455180081757,1.22,3.79,10.34,27.16,-0.71
2023-09-18,14.0,18.96,17.83,15.01,137.65,99.32,105.2,69.86597991773323,1.22,3.82,11.1,27.91,
2023-09-19,14.11,19.21,17.98,15.68,137.31,101.31,105.2,69.0053759256845,1.21,3.82,11.09,30.32,
2023-09-20,15.14,20.46,18.93,20.71,135.74,97.04,105.16,65.88850198328691,1.2,3.77,10.96,30.38,
2023-09-21,17.54,22.48,20.98,18.83,135.94,106.0,105.36,61.3420156319106,1.2,3.89,11.11,31.35,
2023-09-22,17.2,22.01,20.61,17.73,137.74,101.11,105.58,60.97994400914357,1.2,3.93,10.87,30.61,-0.72
2023-09-25,16.9,21.65,20.56,18.59,133.06,117.33,106.0,63.540793142560446,1.19,3.97,11.43,30.96,
2023-09-26,18.94,22.87,21.87,20.26,136.3,117.72,106.23,58.67054756481383,1.2,4.04,13.63,31.3,
2023-09-27,18.22,22.34,21.32,20.32,135.38,122.09,106.67,59.08289688839879,1.21,4.03,13.86,32.48,
2023-09-28,17.34,21.53,20.66,19.98,133.48,115.24,106.22,60.85627162256226,1.23,4.09,13.09,31.62,
2023-09-29,17.52,21.28,20.67,18.74,134.5,113.55,106.17,60.70932697576902,1.25,4.03,12.94,32.24,-0.5
2023-10-02,17.61,21.51,21.85,19.38,,127.59,106.9,61.2427406847141,1.26,4.11,14.13,32.0,
2023-10-03,19.78,23.77,23.66,21.56,129.78,141.67,107.0,56.89906663136657,1.28,4.26,15.31,33.25,
2023-10-04,18.58,22.68,23.07,20.68,130.68,128.23,106.8,58.83690533988104,1.29,4.37,14.58,35.35,
2023-10-05,18.49,22.76,22.79,20.07,129.75,130.18,106.33,59.59710741342828,1.29,4.38,14.7,36.59,
2023-10-06,17.45,21.41,21.48,19.23,129.36,126.64,106.04,63.776773712123976,1.29,4.33,14.03,35.68,-0.43
2023-10-09,17.7,21.82,21.96,20.05,133.64,,106.08,62.24895832379193,1.29,4.34,15.18,39.85,
2023-10-10,17.03,21.13,21.11,19.05,135.17,136.17,105.83,63.862535099315004,1.29,4.26,14.49,39.54,
2023-10-11,16.09,20.16,20.59,18.59,137.61,127.18,105.82,64.23770396928435,1.27,4.25,14.38,38.94,
2023-10-12,16.69,20.63,21.59,18.49,136.13,126.37,106.57,63.22764175398065,1.26,4.25,13.98,38.52,
2023-10-13,19.32,22.75,23.65,19.25,144.3,128.33,106.65,57.61045020017323,1.27,4.3,18.91,44.24,-0.54
2023-10-16,17.21,21.39,21.89,18.06,137.95,130.16,106.24,62.784769997771484,1.27,4.27,16.22,40.7,
2023-10-17,17.88,21.96,21.96,18.74,138.72,130.17,106.25,62.39496170403157,1.27,4.25,16.59,41.37,
2023-10-18,19.22,23.44,24.11,19.89,137.1,129.17,106.57,58.38803916340136,1.29,4.32,17.38,44.4,
2023-10-19,21.4,24.74,25.85,20.15,137.73,134.62,106.25,55.89913928494636,1.31,4.37,19.4,45.7,
2023-10-20,21.71,25.31,26.06,20.86,136.74,135.45,106.16,52.42911976408845,1.33,4.52,18.56,43.79,-0.33
2023-10-23,20.37,23.97,25.39,20.91,133.92,131.83,105.54,52.82535815149328,1.33,4.51,17.28,41.74,
2023-10-24,18.97,22.34,23.9,19.51,132.44,128.13,106.27,56.57234073666204,1.31,4.41,16.05,41.08,
2023-10-25,20.19,24.34,24.93,20.65,132.29,131.21,106.53,52.16790937856106,1.3,4.37,16.76,44.91,
2023-10-26,20.68,24.85,25.01,21.11,133.38,130.94,106.6,47.99341759348097,1.3,4.5,16.53,43.93,
2023-10-27,21.27,24.44,25.39,20.83,132.74,129.16,106.56,48.108663665702686,1.31,4.53,17.69,46.64,-0.35
2023-10-30,19.75,23.61,24.52,20.11,130.13,131.9,106.12,51.95579742425567,1.32,4.5,16.84,44.01,
2023-10-31,18.14,22.46,22.64,19.81,128.21,126.86,106.66,56.45622613522652,1.32,4.42,16.23,41.99,
2023-11-01,16.87,20.68,21.67,18.67,129.82,120.55,106.88,59.081866281621494,1.33,4.47,15.36,40.52,
2023-11-02,15.66,19.54,21.09,18.61,133.8,118.64,106.12,63.4411931355088,1.29,4.15,14.76,39.79,
2023-11-03,14.91,18.62,21.44,18.07,,118.74,105.02,65.89535314055549,1.29,4.04,14.04,38.53,-0.61
2023-11-06,14.89,18.65,21.11,18.68,137.89,121.74,105.22,65.98388379407749,1.28,4.0,13.25,36.31,
2023-11-07,14.81,18.45,20.54,17.8,139.52,120.09,105.54,65.10122876469954,1.29,4.08,13.33,38.72,
2023-11-08,14.45,18.16,20.84,17.52,139.41,117.1,105.59,64.3789081599521,1.28,4.08,14.07,40.44,
2023-11-09,15.29,19.01,21.39,17.37,139.28,117.05,105.91,62.6670077166038,1.27,4.04,14.06,41.23,
2023-11-10,14.17,17.95,19.91,16.67,,116.79,105.86,67.10049138885087,1.26,4.03,13.96,39.29,-0.73
2023-11-13,14.76,18.82,20.64,17.08,135.27,124.47,105.66,64.93145042900018,1.25,4.03,13.92,39.4,
2023-11-14,14.16,17.89,21.75,17.41,138.38,124.11,104.11,68.63507910832394,1.23,3.92,13.73,38.29,
2023-11-15,14.18,18.09,21.56,17.82,142.98,122.19,104.39,69.95123849582556,1.22,3.89,12.98,39.51,
2023-11-16,14.32,17.83,21.12,16.78,154.45,116.08,104.37,69.70051744298847,1.21,4.02,13.04,42.53,
2023-11-17,13.8,17.41,20.89,16.57,146.88,113.11,103.82,71.34475891901067,1.2,3.99,12.97,40.43,-0.63
2023-11-20,13.41,17.14,20.81,17.29,,115.09,103.47,72.78281804584638,1.18,3.92,12.59,39.0,
2023-11-21,13.35,17.55,20.2,17.42,140.8,112.79,103.59,71.32887602236333,1.17,3.95,14.09,38.52,
2023-11-22,12.85,16.66,19.6,17.33,141.55,111.57,103.92,73.38602698469369,1.15,3.9,13.35,42.76,
2023-11-23,,,,,,,,,1.15,3.9,,,
2023-11-24,12.46,16.12,19.24,16.49,,107.43,103.4,75.4521968828387,1.14,3.85,13.05,43.38,-0.74
2023-11-27,12.69,16.44,19.54,16.4,142.2,109.31,103.2,73.77782251515602,1.14,3.89,13.31,43.9,
2023-11-28,12.69,16.15,19.5,17.55,142.68,110.06,102.75,73.0698569315037,1.14,3.9,15.54,43.14,
2023-11-29,12.98,16.52,20.27,16.8,139.82,114.59,102.77,71.3191547011339,1.11,3.8,15.04,42.9,
2023-11-30,12.92,16.72,20.18,19.25,144.54,115.32,103.5,71.23006594349376,1.11,3.84,14.22,39.4,
2023-12-01,12.63,16.21,20.6,18.63,144.54,111.51,103.27,70.76840819765302,1.11,3.87,16.96,35.7,-0.54
2023-12-04,13.08,17.21,20.96,18.86,144.54,118.25,103.64,68.1820134804047,1.1,3.8,17.13,38.08,
2023-12-05,12.85,16.99,21.03,20.38,144.54,127.2,104.05,67.23846231056902,1.11,3.8,15.46,36.36,
2023-12-06,12.97,17.03,20.72,19.61,144.54,124.98,104.15,65.53870749191591,1.12,3.79,15.4,39.72,
2023-12-07,13.06,17.08,21.33,21.45,130.84,129.74,103.54,66.88610808027913,1.11,3.77,14.93,37.82,
2023-12-08,12.35,15.94,20.26,20.35,134.1,121.65,104.01,70.22083634474406,1.1,3.75,14.14,36.24,-0.5
2023-12-11,12.63,16.27,20.74,16.98,140.9,126.66,104.1,69.00585652710637,1.1,3.79,13.99,35.3,
2023-12-12,12.07,15.38,19.42,14.24,148.83,118.62,103.87,70.30310329068047,1.09,3.76,12.82,36.38,
2023-12-13,12.19,15.35,19.82,15.31,152.02,113.77,102.87,70.1610511923431,1.08,3.79,13.67,36.6,
2023-12-14,12.48,15.42,21.19,16.94,162.51,118.04,101.96,69.63519129371518,1.04,3.47,13.96,33.98,
2023-12-15,12.28,15.47,21.17,20.69,153.26,115.75,102.55,69.13245595524953,1.04,3.51,13.49,35.13,-0.61
2023-12-18,12.56,15.87,20.97,16.59,139.36,118.46,102.51,69.82286424489344,1.05,3.51,13.79,37.09,
2023-12-19,12.53,15.8,21.36,16.21,133.18,115.03,102.17,70.39874623929026,1.05,3.46,13.75,35.04,
2023-12-20,13.67,16.98,22.96,17.8,136.86,111.87,102.41,65.87595681305068,1.06,3.43,13.82,34.98,
2023-12-21,13.65,17.18,22.74,18.56,138.18,111.93,101.84,67.7896636803547,1.07,3.41,14.27,35.44,
2023-12-22,13.03,16.62,22.34,17.31,134.46,111.38,101.7,68.51675687219944,1.07,3.39,15.25,33.32,-0.44
2023-12-25,,,,,,,,,,,,,
2023-12-26,12.99,17.0,22.54,17.34,,116.0,101.47,68.82092456935912,1.06,3.37,15.83,34.53,
2023-12-27,12.43,16.22,21.66,17.29,135.64,114.53,100.99,68.8841281323018,1.05,3.34,16.96,35.41,
2023-12-28,12.47,16.36,21.68,18.64,136.9,113.78,101.23,68.61947539455461,1.04,3.32,16.05,36.45,
2023-12-29,12.45,16.2,21.48,21.14,138.05,114.62,101.33,67.76533348637135,1.04,3.39,15.85,36.22,-0.42
2024-01-01,,,,,,,,,,,,,
2024-01-02,13.2,17.59,22.59,18.67,134.8,127.02,102.2,64.48960883644739,1.06,3.54,15.73,39.05,
2024-01-03,14.04,18.02,24.48,18.23,134.23,124.57,102.46,61.796656924681336,1.09,3.71,14.85,38.22,
2024-01-04,14.13,17.89,23.65,17.71,136.6,121.12,102.42,61.52271419362582,1.09,3.69,14.2,37.58,
2024-01-05,13.35,17.13,22.42,17.07,132.68,116.19,102.41,63.856683827761856,1.09,3.68,13.81,36.07,-0.56
2024-01-08,13.08,16.86,21.67,16.31,137.05,117.72,102.21,65.87967557834962,1.08,3.63,13.56,36.79,
2024-01-09,12.76,16.55,21.7,16.22,140.95,114.92,102.57,65.57893317112028,1.06,3.59,13.16,36.09,
2024-01-10,12.69,16.6,21.72,16.44,137.4,109.63,102.36,66.89614013775146,1.04,3.5,13.26,36.35,
2024-01-11,12.44,16.4,20.82,16.77,140.36,103.45,102.29,66.19363602521449,1.03,3.55,12.8,36.78,
2024-01-12,12.7,16.54,20.95,16.47,143.81,106.51,102.4,64.37070072696987,1.02,3.56,13.49,40.64,-0.71
2024-01-15,,,,,,,,,1.02,3.54,,,
2024-01-16,13.84,17.87,22.37,18.07,139.94,113.44,103.36,62.4824768130981,1.02,3.58,13.55,38.34,
2024-01-17,14.79,18.7,22.69,23.75,147.76,105.86,103.45,59.71262750745707,1.02,3.62,13.53,37.06,
2024-01-18,14.13,17.95,22.11,19.01,148.15,107.22,103.54,62.70400920045978,1.01,3.58,13.09,35.98,
2024-01-19,13.3,17.4,21.54,18.5,,104.97,103.29,65.74792362630653,1.01,3.54,12.95,35.79,-0.81
2024-01-22,13.19,17.2,21.61,21.45,146.01,106.87,103.33,66.79864174126287,1.01,3.49,12.83,35.71,
2024-01-23,12.55,16.55,21.14,17.84,148.12,107.7,103.62,67.5318748271529,1.01,3.51,12.73,34.99,
2024-01-24,13.14,16.96,21.76,19.11,150.25,105.78,103.24,67.23334700001071,0.99,3.44,12.7,33.99,
2024-01-25,13.45,17.26,22.44,18.63,153.05,105.89,103.57,66.50670534231716,0.98,3.45,12.79,35.1,
2024-01-26,13.26,17.03,21.75,17.33,151.36,100.23,103.47,66.56572080611838,0.97,3.39,11.91,34.78,-0.83
2024-01-29,13.6,17.39,23.07,16.87,149.03,106.34,103.61,66.98528457820758,0.98,3.41,13.08,36.32,
2024-01-30,13.31,17.57,22.74,17.18,148.73,104.26,103.4,66.04666776623954,1.0,3.42,13.05,36.19,
2024-01-31,14.35,18.25,23.1,16.95,150.21,107.28,103.27,60.85818886627234,1.02,3.59,13.16,37.25,
2024-02-01,13.88,17.33,23.47,16.46,160.08,113.92,103.05,63.90355643076227,1.04,3.56,13.72,35.38,
2024-02-02,13.85,17.22,22.94,17.66,160.02,106.72,103.92,67.72770325623401,1.02,3.47,12.66,34.85,-0.76
2024-02-05,13.67,17.57,23.66,17.8,155.49,108.68,104.45,67.53969046172206,1.0,3.5,12.49,34.43,
2024-02-06,13.06,17.31,22.76,16.99,152.82,110.6,104.18,67.19514936629697,1.0,3.52,12.31,33.01,
2024-02-07,12.83,16.94,22.51,16.45,151.41,107.86,104.04,70.08412121343292,1.0,3.43,11.84,31.21,
2024-02-08,12.79,16.96,22.16,16.56,150.36,108.6,104.15,70.3768498490427,0.99,3.38,11.71,31.64,
2024-02-09,12.93,16.86,21.89,16.17,156.62,106.21,104.08,72.12432614900273,1.0,3.33,11.2,32.44,-0.6
2024-02-12,13.93,18.09,23.08,16.46,152.8,109.78,104.17,69.41121438891041,1.0,3.35,11.81,32.69,
2024-02-13,15.85,19.49,25.34,16.84,170.52,113.22,104.96,64.8028111948157,0.99,3.36,12.15,32.37,
2024-02-14,14.38,18.26,24.23,16.04,160.4,111.97,104.72,68.96092816280728,0.98,3.38,12.02,32.76,
2024-02-15,14.01,17.85,24.74,17.22,148.9,112.09,104.3,69.9283837822362,0.97,3.35,11.79,32.02,
2024-02-16,14.24,18.6,24.9,15.87,142.62,109.2,104.28,67.0976701034523,0.96,3.34,11.75,30.84,-0.64
2024-02-19,,,,,,,,,0.96,3.34,,,
2024-02-20,15.42,19.78,26.14,17.2,141.45,111.02,104.08,63.00896345878485,0.96,3.37,11.81,31.81,
2024-02-21,15.34,19.6,25.94,17.02,142.72,114.27,104.01,63.34217242105785,0.94,3.34,11.46,31.05,
2024-02-22,14.54,18.39,24.7,15.97,145.91,115.59,103.96,69.02063137166557,0.93,3.22,11.19,30.55,
2024-02-23,13.75,17.7,23.46,15.02,144.0,108.31,103.94,68.89662242483121,0.95,3.23,11.5,31.31,-0.67
2024-02-26,13.74,17.83,23.54,15.12,143.6,110.77,103.83,68.29463959159702,0.96,3.23,11.29,31.71,
2024-02-27,13.43,17.58,23.43,15.15,147.29,110.8,103.83,68.92414497899682,0.96,3.26,10.95,31.35,
2024-02-28,13.84,17.86,23.58,16.04,149.09,108.71,103.98,67.80299224438524,0.98,3.31,10.93,31.21,
2024-02-29,13.4,17.21,23.58,15.14,149.83,109.1,104.16,70.61300465974998,1.0,3.29,11.16,31.5,
2024-03-01,13.11,17.2,23.31,15.16,150.42,106.48,103.86,71.04280984073033,1.01,3.32,13.47,31.08,-0.79
2024-03-04,13.49,17.6,23.34,15.68,145.94,109.57,103.83,68.89706413620233,1.0,3.26,14.61,30.47,
2024-03-05,14.46,18.46,23.87,16.0,144.9,110.33,103.8,63.88378861911209,1.01,3.31,14.54,30.19,
2024-03-06,14.5,18.54,23.76,16.14,143.64,105.33,103.37,63.6438784440588,1.01,3.27,15.17,29.57,
2024-03-07,14.44,18.61,23.49,17.15,142.94,105.45,102.82,64.43882599268919,1.0,3.27,15.09,29.57,
2024-03-08,14.74,19.04,23.03,15.12,141.18,100.88,102.74,62.45062197210149,0.99,3.26,15.47,29.64,-0.79
2024-03-11,15.22,19.37,23.9,18.51,142.27,106.63,102.87,60.530627668455665,0.98,3.26,15.5,29.11,
2024-03-12,13.84,18.13,20.9,14.82,142.23,101.36,102.96,65.70251677328211,0.97,3.2,14.1,29.36,
2024-03-13,13.75,17.91,20.43,14.44,144.17,97.03,102.79,66.71382500139988,0.95,3.15,14.09,29.52,
2024-03-14,14.4,18.61,21.72,13.45,143.95,98.67,103.36,64.77308235532101,0.94,3.15,13.3,31.51,
2024-03-15,14.41,19.25,21.39,14.43,138.91,97.82,103.43,61.728034402505536,0.93,3.16,13.54,29.77,-0.92
2024-03-18,14.33,19.4,21.75,15.06,139.97,102.87,103.58,63.40295443179767,0.92,3.13,13.83,29.81,
2024-03-19,13.82,18.78,21.3,14.66,141.61,99.99,103.81,66.01106867136657,0.92,3.1,13.48,29.22,
2024-03-20,13.04,17.55,20.63,14.06,141.19,92.72,103.41,70.07292386787506,0.92,3.14,13.62,28.82,
2024-03-21,12.92,17.38,19.74,13.85,154.0,90.82,104.0,68.97986729967062,0.91,3.05,13.42,27.53,
2024-03-22,13.06,17.04,20.24,13.61,155.84,91.04,104.43,67.65777746338838,0.92,3.08,12.53,26.92,-0.94
2024-03-25,13.19,17.23,20.23,13.83,151.6,92.24,104.23,67.20004794295066,0.92,3.11,12.09,27.49,
2024-03-26,13.24,17.1,19.76,13.66,157.6,90.63,104.29,66.43206894602855,0.93,3.15,12.57,27.25,
2024-03-27,12.78,16.61,19.54,13.56,157.11,86.28,104.35,68.39650524542103,0.94,3.15,13.58,26.6,
2024-03-28,13.01,16.66,19.61,13.46,155.44,86.38,104.55,67.23188916701933,0.93,3.12,15.44,26.27,
2024-03-29,,,,,,,,,0.94,3.15,,,-0.93
2024-04-01,13.65,17.56,20.92,14.37,146.33,94.2,105.02,65.36969224982433,0.93,3.12,16.25,27.65,
2024-04-02,14.61,18.18,22.2,14.77,142.14,96.57,104.82,62.13148703497379,0.93,3.23,17.13,29.04,
2024-04-03,14.33,18.04,21.75,14.89,138.52,97.88,104.25,63.79035333319888,0.92,3.23,17.49,29.08,
2024-04-04,16.35,19.95,22.89,16.14,142.49,96.13,104.12,55.96151881246761,0.92,3.24,17.29,32.17,
2024-04-05,16.03,19.23,22.55,15.82,142.64,94.31,104.3,58.90079065951218,0.92,3.18,16.92,32.36,-0.84
2024-04-08,15.19,18.77,22.31,15.7,140.63,99.37,104.14,61.416547365220595,0.91,3.15,18.17,30.57,
2024-04-09,14.98,18.56,22.54,16.1,139.28,98.73,104.15,61.34701651220181,0.91,3.14,18.3,28.96,
2024-04-10,15.8,18.99,23.27,15.75,139.94,109.59,105.25,58.036605482817734,0.89,3.1,18.67,30.08,
2024-04-11,14.91,18.4,21.8,15.28,136.16,108.86,105.28,61.651217533807305,0.89,3.16,18.97,31.27,
2024-04-12,17.31,20.39,23.86,17.15,142.31,112.82,106.04,53.524312684164876,0.92,3.25,20.21,32.19,-0.79
2024-04-15,19.23,22.84,25.47,17.98,137.72,121.15,106.21,47.44338011692695,0.92,3.28,22.25,35.59,
2024-04-16,18.4,22.01,25.21,21.09,135.6,119.59,106.26,48.39693055762146,0.95,3.36,20.56,33.61,
2024-04-17,18.21,22.21,24.91,18.63,134.38,113.29,105.95,45.64173592151588,0.95,3.42,19.01,33.0,
2024-04-18,18.0,21.64,24.4,17.55,131.8,108.66,106.15,45.497270622616504,0.94,3.39,18.65,31.4,
2024-04-19,18.71,22.95,24.48,20.1,133.4,111.26,106.15,40.78914952373369,0.94,3.37,18.51,31.86,-0.41
2024-04-22,16.94,21.11,23.63,17.43,131.68,108.56,106.08,46.64032007429234,0.93,3.29,17.76,29.7,
2024-04-23,15.69,19.84,22.4,16.58,135.61,106.85,105.69,52.13016954271954,0.92,3.2,17.73,28.86,
2024-04-24,15.97,20.43,22.34,16.53,135.06,110.21,105.86,51.53777288060941,0.92,3.19,17.45,29.04,
2024-04-25,15.37,20.37,22.16,16.37,,108.55,105.6,51.33743810266921,0.92,3.24,17.32,28.34,
2024-04-26,15.03,19.33,21.04,15.18,140.86,104.4,105.94,54.522351322886784,0.9,3.16,16.92,27.81,-0.84
2024-04-29,14.67,19.22,20.63,15.39,138.3,105.42,105.58,56.02882990025724,0.9,3.12,16.92,27.84,
2024-04-30,15.65,18.43,21.48,16.11,132.4,107.46,106.22,52.603976061076295,0.91,3.18,16.54,27.87,
2024-05-01,15.39,19.43,21.05,15.43,133.35,100.64,105.76,50.93621102741242,0.91,3.21,16.25,28.7,
2024-05-02,14.68,18.73,20.69,17.48,132.12,100.7,105.3,54.8439078640358,0.9,3.16,16.05,27.65,
2024-05-03,13.49,17.4,20.01,14.74,135.18,95.96,105.03,58.34633647719126,0.89,3.08,15.83,28.09,-0.83
2024-05-06,13.49,17.42,20.22,15.9,130.08,94.5,105.05,59.96791500231416,0.88,3.03,16.23,28.58,
2024-05-07,13.23,16.91,20.03,14.78,133.64,98.04,105.41,59.64314262890192,0.88,3.06,15.75,27.83,
2024-05-08,13.0,16.8,19.57,15.58,133.24,95.58,105.55,60.7403904346221,0.89,3.1,15.29,27.91,
2024-05-09,12.69,16.67,18.94,14.59,136.46,93.85,105.23,61.029610869729346,0.89,3.14,16.27,27.95,
2024-05-10,12.55,16.46,18.99,14.95,137.3,94.23,105.31,62.26557153124827,0.89,3.12,16.2,27.88,-0.92
2024-05-13,13.6,17.4,21.06,14.63,139.65,105.35,105.22,60.61151831143295,0.9,3.14,16.52,28.04,
2024-05-14,13.42,17.29,21.01,14.5,140.18,106.55,105.01,61.62830697723207,0.9,3.14,16.61,28.01,
2024-05-15,12.45,16.34,18.93,14.15,140.64,93.78,104.35,65.41928522593388,0.9,3.13,16.99,28.07,
2024-05-16,12.42,16.26,18.37,14.84,147.85,91.83,104.46,63.80245545918031,0.89,3.08,16.26,27.08,
2024-05-17,11.99,15.85,18.42,14.5,143.05,89.35,104.45,66.36761981605305,0.89,3.09,17.4,28.06,-0.91
2024-05-20,12.15,15.92,18.05,15.54,144.54,88.13,104.57,65.49602729447908,0.88,3.07,17.58,27.89,
2024-05-21,11.86,15.51,17.57,14.46,149.52,85.34,104.66,65.05590804018463,0.89,3.07,16.76,27.38,
2024-05-22,12.29,16.4,18.07,14.67,150.14,82.49,104.94,62.284491601292636,0.89,3.11,16.45,27.71,
2024-05-23,12.77,16.46,18.92,16.05,153.33,86.15,105.11,60.448785024050416,0.89,3.1,16.03,28.66,
2024-05-24,11.93,15.66,17.73,14.1,155.86,83.57,104.72,62.95040172412069,0.89,3.11,15.26,27.56,-0.96
2024-05-27,,,,,,,,,0.89,3.12,,,
2024-05-28,12.92,16.57,18.88,14.72,152.23,89.67,104.61,61.452579724224314,0.88,3.09,15.92,27.53,
2024-05-29,14.28,17.49,20.2,17.71,151.8,93.45,105.1,59.362348709388606,0.88,3.15,15.83,26.77,
2024-05-30,14.47,17.77,20.17,16.18,,91.09,104.72,57.37671999680563,0.88,3.19,15.74,29.24,
2024-05-31,12.92,16.7,18.85,16.97,148.1,91.14,104.67,59.96365873254156,0.88,3.2,15.26,30.34,-0.85
2024-06-03,13.11,16.89,19.44,18.36,139.01,93.92,104.14,57.52788474757714,0.88,3.17,16.0,30.84,
2024-06-04,13.16,16.86,20.29,17.8,138.18,100.11,104.11,55.23505420055717,0.9,3.22,16.22,30.59,
2024-06-05,12.63,16.63,19.67,18.13,141.4,102.43,104.27,58.22353111195195,0.91,3.2,16.5,29.18,
2024-06-06,12.58,16.43,19.67,26.81,140.18,100.99,104.1,58.5284860823729,0.92,3.2,16.85,27.71,
2024-06-07,12.22,15.88,19.27,19.9,139.61,91.82,104.89,60.27885510840452,0.9,3.15,17.13,26.42,-0.85
2024-06-10,12.74,16.0,19.72,25.0,141.56,94.16,105.15,60.74287983478396,0.9,3.15,16.66,25.69,
2024-06-11,12.85,15.83,20.41,19.58,144.7,97.27,105.23,60.10565384586886,0.91,3.19,16.45,25.54,
2024-06-12,12.04,13.59,18.97,16.81,,91.73,104.65,65.39964277081671,0.9,3.09,15.92,24.8,
2024-06-13,11.94,15.1,19.17,18.95,,91.93,105.2,61.95878672596,0.92,3.2,15.71,24.45,
2024-06-14,12.66,16.05,20.72,20.12,156.18,100.16,105.55,58.53849460985037,0.95,3.29,16.07,24.71,-0.87
2024-06-17,12.75,16.83,20.46,16.15,153.84,99.07,105.32,60.47630638820172,0.95,3.26,15.63,24.17,
2024-06-18,12.3,16.7,19.62,14.6,142.9,97.99,105.26,60.44968084217585,0.96,3.24,15.64,23.73,
2024-06-19,,,,,,,,,0.96,3.24,,,
2024-06-20,13.28,17.26,19.74,16.66,148.6,94.14,105.59,58.80410949911676,0.96,3.23,16.4,24.23,
2024-06-21,13.2,16.95,19.12,16.47,151.79,94.09,105.8,59.787497173222604,0.96,3.21,15.86,24.74,-0.83
2024-06-24,13.33,17.24,19.41,15.9,147.13,95.2,105.47,57.5680224414274,0.96,3.19,15.49,25.42,
2024-06-25,12.84,16.7,19.08,16.01,146.64,96.97,105.61,59.131187936032916,0.96,3.19,14.88,25.75,
2024-06-26,12.55,16.5,18.86,18.29,143.49,97.91,106.05,61.988200273217366,0.97,3.18,14.88,26.24,
2024-06-27,12.24,16.29,18.56,18.78,143.06,95.69,105.91,63.816963248683194,0.96,3.21,15.01,26.28,
2024-06-28,12.44,16.24,18.22,15.65,141.79,98.59,105.87,64.0241464527935,0.96,3.21,14.72,26.54,-0.84
2024-07-01,12.22,16.08,18.36,16.05,145.82,106.23,105.9,66.32733213120193,0.94,3.21,14.86,27.29,
2024-07-02,12.03,16.07,18.25,16.74,147.16,107.51,105.72,67.6690959654927,0.93,3.23,14.35,25.82,
2024-07-03,12.09,16.28,18.25,17.97,148.83,102.83,105.4,67.49786745116944,0.93,3.25,14.89,24.62,
2024-07-04,,,,,,,,,0.93,3.25,,,
2024-07-05,12.48,16.76,17.9,18.29,150.2,98.78,104.88,65.4908703754263,0.92,3.27,15.62,23.78,-0.83
2024-07-08,12.37,17.03,18.15,25.13,148.53,97.96,105.01,65.42375128698798,0.92,3.2,15.13,23.81,
2024-07-09,12.51,17.02,18.49,24.06,151.09,95.62,105.12,66.11276920355026,0.92,3.21,14.64,24.19,
2024-07-10,12.85,17.28,18.89,15.36,156.96,92.97,105.05,66.93332358187864,0.92,3.17,14.89,24.01,
2024-07-11,12.92,17.92,20.88,14.03,152.23,89.67,104.44,62.90749164892872,0.93,3.18,15.74,24.01,
2024-07-12,12.46,17.26,20.71,15.01,150.86,86.79,104.09,64.80643664350269,0.92,3.19,15.12,24.12,-0.83
2024-07-15,13.12,18.35,21.78,18.93,147.4,94.5,104.19,64.85306218161246,0.92,3.13,15.98,23.83,
2024-07-16,13.19,18.35,23.98,15.28,151.53,93.87,104.27,65.45171494061042,0.92,3.08,17.15,24.41,
2024-07-17,14.48,20.46,23.95,15.26,146.39,91.0,103.75,55.78778846208152,0.93,3.09,16.7,25.28,
2024-07-18,15.93,21.26,24.33,15.97,151.12,91.97,104.17,51.91299044118938,0.93,3.09,16.25,25.68,
2024-07-19,16.52,21.51,24.4,16.29,146.99,94.29,104.4,50.22075003149956,0.93,3.09,16.34,26.83,-0.66
2024-07-22,14.91,19.97,23.76,17.06,141.38,94.45,104.31,57.11634668363648,0.93,3.05,15.74,26.83,
2024-07-23,14.72,20.02,23.86,16.8,137.0,95.04,104.45,57.24818004128409,0.93,3.02,15.44,26.74,
2024-07-24,18.04,23.06,25.8,17.74,136.84,94.81,104.39,43.67107474146552,0.96,3.1,15.98,26.85,
2024-07-25,18.46,24.11,26.85,17.7,134.17,99.08,104.36,39.97705493546091,0.95,3.08,15.54,26.49,
2024-07-26,16.39,22.41,25.11,17.16,131.73,97.76,104.32,45.15195703312079,0.95,3.1,15.2,29.77,-0.62
2024-07-29,16.6,22.83,25.9,16.93,128.93,98.65,104.56,45.34992266394446,0.95,3.13,15.64,30.82,
2024-07-30,17.69,23.94,26.21,17.85,127.31,100.42,104.55,41.84328019733243,0.96,3.2,16.3,31.49,
2024-07-31,16.36,22.29,26.02,17.08,136.69,99.41,104.1,47.84867279588401,0.97,3.25,17.88,33.69,
2024-08-01,18.59,24.71,27.35,19.35,,101.82,104.42,36.04498797703817,1.0,3.35,17.61,33.42,
2024-08-02,23.39,27.71,30.67,21.36,139.65,112.26,103.21,21.78975943319143,1.06,3.72,18.7,38.83,-0.34
2024-08-05,38.57,35.1,42.09,30.17,145.3,121.22,102.69,15.516101594055574,1.12,3.93,21.95,43.63,
2024-08-06,27.71,29.2,33.58,22.65,,119.24,102.97,20.07779237434809,1.08,3.67,19.1,40.42,
2024-08-07,27.85,29.02,33.8,23.65,,112.69,103.2,18.85115877923913,1.07,3.57,18.12,38.01,
2024-08-08,23.79,26.88,30.1,24.59,,110.42,103.21,25.31880562838522,1.05,3.48,18.45,34.77,
2024-08-09,20.37,24.94,27.33,23.52,144.52,108.26,103.14,28.89427922471625,1.05,3.49,17.8,33.37,-0.16
2024-08-12,20.71,24.93,28.11,22.93,140.82,118.26,103.14,28.4130955692786,1.05,3.52,20.61,35.17,
2024-08-13,18.12,23.26,26.89,20.38,143.87,118.44,102.56,34.81475554623958,1.04,3.54,19.18,33.26,
2024-08-14,16.19,21.19,24.21,14.65,141.82,106.34,102.57,38.057465699492056,1.02,3.46,18.49,31.51,
2024-08-15,15.23,20.28,23.33,16.35,143.56,103.74,102.98,45.37437845757257,0.98,3.31,18.16,31.14,
2024-08-16,14.8,19.94,22.06,17.11,142.55,102.81,102.46,46.63952075885638,0.98,3.29,20.09,31.0,-0.74
2024-08-19,14.65,19.93,22.11,15.35,141.5,110.13,101.89,47.88275374559819,0.97,3.21,18.77,32.03,
2024-08-20,15.88,21.11,23.7,15.92,146.26,111.57,101.44,44.30644060929224,0.98,3.25,18.47,32.05,
2024-08-21,16.27,21.22,24.48,21.24,149.67,111.38,101.04,46.46423949041181,0.98,3.27,18.63,32.7,
2024-08-22,17.55,22.83,25.2,19.92,154.16,108.5,101.51,42.949446464334294,0.97,3.21,17.89,31.73,
2024-08-23,15.86,21.11,23.91,16.59,153.95,105.63,100.72,47.43014117805614,0.96,3.19,17.49,30.54,-0.65
2024-08-26,16.15,21.57,24.71,18.32,151.5,106.66,100.85,45.20326535060555,0.96,3.15,17.9,30.99,
2024-08-27,15.43,20.91,24.12,17.16,151.83,109.22,100.55,46.857442434821046,0.96,3.17,17.69,31.25,
2024-08-28,17.11,22.58,24.92,18.81,151.68,108.76,101.09,41.97519272538993,0.96,3.19,17.18,32.12,
2024-08-29,15.65,20.58,24.03,18.26,153.01,106.7,101.34,46.83739240436995,0.96,3.15,17.22,31.81,
2024-08-30,15.0,19.29,23.09,17.44,159.0,107.77,101.7,52.85673006756448,0.96,3.17,16.4,33.36,-0.65
2024-09-02,,,,,,,,,0.96,3.17,,,
2024-09-03,20.72,23.59,27.08,19.42,163.6,114.2,101.83,40.17004368937413,0.98,3.31,16.55,35.36,
2024-09-04,21.32,24.2,27.57,22.03,160.9,119.15,101.36,37.134850871448876,0.99,3.35,16.19,37.95,
2024-09-05,19.9,23.54,27.39,22.0,156.71,114.81,101.11,39.299057651583425,0.99,3.29,16.48,36.61,
2024-09-06,22.38,25.64,28.2,21.98,148.98,107.24,101.18,29.59571613631234,0.99,3.39,16.49,37.58,-0.39
2024-09-09,19.45,23.92,26.48,20.29,140.33,104.61,101.55,35.11457943192913,0.99,3.36,16.16,37.0,
2024-09-10,19.08,23.62,26.93,20.67,139.75,108.36,101.63,35.89645506336146,1.01,3.46,16.08,40.23,
2024-09-11,17.69,22.16,25.03,20.09,139.73,103.79,101.68,40.13908405893423,1.01,3.44,15.52,37.76,
2024-09-12,17.07,21.73,24.47,21.44,145.88,98.03,101.37,43.04253824145169,0.99,3.39,16.74,36.07,
2024-09-13,16.56,21.28,25.43,17.01,149.99,100.6,101.11,43.182410628349515,0.99,3.37,16.88,35.22,-0.32
2024-09-16,17.14,22.51,25.86,17.03,152.17,101.22,100.76,40.73667568487464,0.98,3.32,17.03,34.71,
2024-09-17,17.61,22.69,26.1,19.8,157.54,101.58,100.89,40.738898897268264,0.97,3.25,17.49,35.29,
2024-09-18,18.23,22.71,25.81,16.47,167.42,98.61,100.6,41.44426687831129,0.95,3.21,17.13,36.19,
2024-09-19,16.33,21.09,23.24,20.97,171.72,92.64,100.61,49.242529195209144,0.93,3.1,16.76,33.72,
2024-09-20,16.15,20.35,21.75,17.89,165.75,91.0,100.72,49.878124468972075,0.93,3.15,17.08,32.22,-0.45
2024-09-23,15.89,19.54,21.05,17.33,165.6,93.87,100.92,50.693365510548674,0.92,3.15,17.72,34.39,
2024-09-24,15.39,19.25,20.78,19.98,,93.3,100.37,52.30255696584381,0.92,3.21,19.26,33.76,
2024-09-25,15.41,19.07,21.38,18.76,160.48,91.64,100.92,53.068137306814926,0.92,3.19,19.13,34.4,
2024-09-26,15.37,19.29,20.78,23.7,158.67,90.14,100.56,54.315539196972516,0.92,3.14,18.82,39.76,
2024-09-27,16.96,20.04,21.66,21.32,160.99,92.53,100.42,51.578585989929685,0.92,3.14,18.59,39.62,-0.27
2024-09-30,16.73,20.19,22.16,22.38,154.3,94.61,100.78,51.91619933241482,0.92,3.03,18.08,39.86,
2024-10-01,19.26,21.67,23.23,25.38,,104.14,101.19,47.13187205425251,0.92,3.07,18.57,42.87,
2024-10-02,18.9,21.35,22.89,25.64,161.5,102.17,101.68,48.555579312064076,0.91,3.06,18.07,46.52,
2024-10-03,20.49,22.48,24.06,25.06,162.78,101.16,101.99,47.26547835250562,0.9,3.04,18.28,54.5,
2024-10-04,19.21,21.64,23.19,24.86,156.43,100.15,102.52,53.94447520337047,0.87,2.89,17.48,46.37,-0.61
2024-10-07,22.64,24.34,26.01,28.35,155.57,124.23,102.54,46.50387782030211,0.86,2.95,17.71,48.32,
2024-10-08,21.42,23.62,25.87,26.08,156.28,123.77,102.55,49.693445186566805,0.87,2.99,17.64,52.35,
2024-10-09,20.86,23.42,26.44,26.65,156.93,122.39,102.93,51.2347381786088,0.85,2.94,17.62,48.8,
2024-10-10,20.93,23.6,26.31,30.32,154.09,116.56,102.99,50.13849207167232,0.84,2.99,17.27,52.36,
2024-10-11,20.46,23.29,26.07,25.15,159.43,118.47,102.89,51.45298952915874,0.84,2.98,17.27,52.68,-0.59
2024-10-14,19.7,23.32,26.92,23.13,153.08,,103.3,53.423665600576484,0.84,2.97,17.47,51.62,
2024-10-15,20.64,24.54,27.59,22.9,159.69,127.23,103.26,48.234631950276565,0.83,2.93,17.38,48.64,
2024-10-16,19.58,23.64,27.52,22.72,161.85,121.86,103.59,50.71001570066236,0.83,2.9,17.31,47.84,
2024-10-17,19.11,22.85,26.38,21.99,165.82,122.14,103.83,52.349228386737884,0.83,2.89,17.57,46.88,
2024-10-18,18.03,21.76,26.09,20.52,155.55,123.13,103.49,55.59511050953251,0.83,2.88,17.77,47.22,-0.54
2024-10-21,18.37,21.96,26.62,22.44,150.97,128.95,104.01,56.542799262033654,0.85,2.88,18.19,46.82,
2024-10-22,18.2,22.03,26.04,23.17,146.8,129.26,104.08,55.09395816734476,0.85,2.92,18.73,47.69,
2024-10-23,19.24,22.92,26.08,22.12,146.97,129.05,104.43,51.02247736251741,0.86,2.95,18.98,47.78,
2024-10-24,19.08,22.47,26.02,23.99,144.71,127.48,104.06,53.3869746049789,0.86,2.93,18.66,46.66,
2024-10-25,20.33,23.24,26.82,23.93,148.91,128.4,104.26,53.05583111943005,0.85,2.89,18.88,48.97,-0.38
2024-10-28,19.8,22.93,27.51,23.95,148.46,130.92,104.32,54.583169189259586,0.84,2.82,18.34,42.96,
2024-10-29,19.34,22.44,27.35,23.67,150.74,131.87,104.28,56.22094133310493,0.84,2.85,18.51,42.47,
2024-10-30,20.35,23.09,27.65,24.95,153.45,130.8,103.99,53.898482393038506,0.84,2.8,18.68,41.13,
2024-10-31,23.16,24.86,29.08,26.41,152.07,135.18,103.98,45.22869306356209,0.86,2.88,19.46,48.79,
2024-11-01,21.88,23.74,28.18,25.9,146.66,132.58,104.28,49.759817529558106,0.86,2.83,19.29,44.14,-0.3
2024-11-04,21.98,23.88,27.65,26.71,148.95,136.25,103.89,47.81736858780315,0.86,2.87,19.91,45.75,
2024-11-05,20.49,22.5,27.26,26.65,152.68,130.43,103.42,51.751014141602376,0.84,2.86,19.59,45.61,
2024-11-06,16.27,18.86,20.98,22.96,148.11,117.64,105.09,68.91488683552714,0.8,2.74,17.63,44.74,
2024-11-07,15.2,18.35,22.43,21.74,152.12,104.08,104.51,70.17717499252193,0.78,2.73,17.37,42.55,
2024-11-08,14.94,17.88,21.74,19.83,150.34,99.85,105.0,70.08221850620139,0.77,2.63,15.91,38.76,-0.57
2024-11-11,14.97,18.37,22.75,20.34,140.32,,105.54,69.298990035399,0.77,2.63,16.02,37.74,
2024-11-12,14.71,18.12,22.9,20.04,141.5,108.55,106.02,70.93915783609746,0.77,2.61,16.25,34.32,
2024-11-13,14.02,17.5,21.8,19.69,142.92,102.08,106.48,72.4671689762662,0.78,2.64,17.05,37.12,
2024-11-14,14.31,17.7,21.89,19.65,147.98,99.43,106.67,69.31850786488947,0.8,2.6,17.39,30.9,
2024-11-15,16.14,19.83,22.37,19.48,149.55,102.47,106.69,62.840875048957656,0.8,2.72,17.17,35.07,-0.8
2024-11-18,15.58,19.77,22.9,19.94,147.33,102.01,106.28,64.07197863443173,0.8,2.72,16.97,36.89,
2024-11-19,16.35,19.99,24.08,20.09,149.46,105.12,106.21,63.54223350858849,0.8,2.69,17.85,37.28,
2024-11-20,17.16,20.85,24.85,19.92,153.0,106.69,106.68,63.3820560293102,0.81,2.67,18.34,36.74,
2024-11-21,16.87,20.21,24.53,19.79,155.72,101.9,106.97,64.52823156801334,0.81,2.61,17.59,36.91,
2024-11-22,15.24,18.57,23.4,18.74,161.64,99.14,107.49,67.49062908069364,0.8,2.61,17.54,35.74,-0.61
2024-11-25,14.6,17.59,23.06,17.69,167.28,99.96,106.82,66.8151137219357,0.8,2.64,17.8,37.44,
2024-11-26,14.1,16.8,22.68,18.32,166.23,99.18,107.01,68.8075268213739,0.81,2.68,17.0,38.74,
2024-11-27,14.1,16.68,22.73,17.96,167.94,97.74,106.08,67.46340791724464,0.82,2.69,16.54,37.0,
2024-11-28,,,,,,,,,0.82,2.69,,,
2024-11-29,13.51,16.07,22.36,16.94,167.94,95.22,105.74,70.71974188966941,0.83,2.74,16.37,34.95,-0.62
2024-12-02,13.34,16.12,22.15,16.98,170.65,97.81,106.45,70.72764273431409,0.81,2.68,16.33,34.71,
2024-12-03,13.3,15.76,21.54,18.15,170.23,95.6,106.37,72.23412640962341,0.8,2.66,16.21,34.55,
2024-12-04,13.45,15.69,21.07,17.21,172.45,92.25,106.34,72.04771817107967,0.8,2.66,15.92,33.82,
2024-12-05,13.54,15.69,21.35,17.12,173.93,91.48,105.71,68.99509355139305,0.81,2.66,15.93,29.45,
2024-12-06,12.77,15.15,20.07,16.88,168.05,83.2,105.97,69.50794760663545,0.81,2.67,15.04,30.98,-0.53
2024-12-09,14.19,16.55,21.46,19.09,163.14,85.63,106.15,66.174223369238,0.81,2.67,15.75,27.7,
2024-12-10,14.18,16.54,21.57,19.23,165.12,90.1,106.4,65.74722651661814,0.8,2.67,16.34,28.61,
2024-12-11,13.58,15.88,21.16,17.75,169.06,82.4,106.71,69.47220618590289,0.78,2.64,16.86,31.99,
2024-12-12,13.92,16.36,21.33,16.69,167.43,82.66,106.96,68.34033150301991,0.79,2.66,15.43,33.64,
2024-12-13,13.81,16.61,21.32,16.02,169.91,85.66,107.0,69.45491052179021,0.78,2.68,15.63,34.92,-0.58
2024-12-16,14.69,18.44,23.02,16.64,166.79,90.88,106.86,69.46673605923738,0.78,2.69,15.38,33.41,
2024-12-17,15.87,19.44,24.01,14.69,173.04,90.42,106.96,65.84938468091356,0.79,2.75,15.64,30.71,
2024-12-18,27.62,27.63,32.76,19.79,168.92,87.21,108.03,45.909947927382,0.79,2.73,16.54,32.6,
2024-12-19,24.09,26.33,29.9,19.93,163.1,90.41,108.41,49.409782727210505,0.82,2.91,15.83,30.5,
2024-12-20,18.36,21.49,25.54,17.94,161.21,91.75,107.62,59.4017038584328,0.82,2.86,15.73,29.27,-0.49
2024-12-23,16.78,19.03,23.41,17.13,170.65,95.85,108.04,63.82245529594592,0.82,2.85,15.54,30.16,
2024-12-24,14.27,17.03,21.36,16.5,180.09,96.95,108.26,69.06817515447433,,2.86,14.71,30.35,
2024-12-25,,,,,,,,,,,,,
2024-12-26,14.73,17.53,21.64,16.88,173.72,95.2,108.13,67.99713497771619,0.81,2.86,15.19,30.01,
2024-12-27,15.95,18.54,22.35,17.55,167.92,94.8,108.0,64.09029429390044,0.81,2.84,14.67,30.21,-0.62
2024-12-30,17.4,19.79,23.59,16.92,161.08,99.08,108.13,57.72250390401248,0.82,2.94,15.02,30.77,
2024-12-31,17.35,19.92,23.57,17.57,169.16,98.8,108.49,56.67952788666089,0.82,2.92,14.62,30.02,
2025-01-01,,,,,,,,,,,,,
2025-01-02,17.93,20.5,23.72,17.27,157.2,96.67,109.39,54.99107173555281,0.83,2.88,15.07,29.54,
2025-01-03,16.13,19.12,21.9,15.88,157.32,93.35,108.95,60.99087452578489,0.83,2.81,14.49,29.98,-0.62
2025-01-06,16.04,19.0,21.72,16.67,152.64,97.89,108.26,63.75676681047341,0.84,2.76,14.76,29.31,
2025-01-07,17.82,20.73,22.53,17.2,155.1,102.78,108.54,58.10250856544897,0.84,2.79,14.68,31.09,
2025-01-08,17.7,20.69,23.27,17.48,154.34,100.76,109.09,58.81666736849289,0.83,2.84,14.82,31.56,
2025-01-09,,,,,,,109.18,,0.83,2.82,,,
2025-01-10,19.54,21.73,24.51,18.28,151.45,96.57,109.65,53.92428596478064,0.83,2.81,15.77,33.91,-0.8
2025-01-13,19.19,21.8,24.79,18.82,170.55,103.51,109.96,54.06262004602561,0.84,2.85,15.27,33.98,
2025-01-14,18.71,21.45,24.39,19.05,167.64,101.99,109.27,55.367415162519286,0.84,2.8,15.0,33.51,
2025-01-15,16.12,19.29,21.47,17.55,163.54,93.1,109.09,62.55685016400026,0.83,2.72,15.23,32.93,
2025-01-16,16.6,19.61,21.04,17.09,167.41,92.72,108.96,60.180670508011296,0.83,2.73,15.4,33.13,
2025-01-17,15.97,18.96,20.75,17.52,165.35,95.6,109.35,63.644523831385186,0.82,2.64,14.98,33.52,-0.83
2025-01-20,,,,,,,,,0.82,2.64,,,
2025-01-21,15.06,18.64,20.87,16.58,173.0,96.78,108.06,68.23763838132794,0.82,2.61,15.5,35.1,
2025-01-22,15.1,18.68,20.47,16.81,179.98,89.9,108.17,69.66320746869745,0.81,2.59,15.24,34.68,
2025-01-23,15.02,18.38,20.17,16.31,179.32,88.51,108.05,70.53068076850391,0.8,2.61,14.95,34.18,
2025-01-24,14.85,18.22,20.09,15.46,173.16,86.75,107.44,68.52232375715842,0.8,2.6,14.85,29.98,-0.98
2025-01-27,17.9,21.61,21.92,17.32,168.55,95.05,107.34,57.30577397983813,0.81,2.66,15.23,35.98,
2025-01-28,16.41,20.31,21.05,16.13,163.64,92.83,107.87,61.775924386726864,0.81,2.66,15.46,31.95,
2025-01-29,16.56,20.6,20.85,18.11,157.43,90.73,108.0,61.13130764590356,0.81,2.68,14.84,33.02,
2025-01-30,15.84,19.8,21.1,17.49,156.7,90.54,107.8,64.0419364574324,0.81,2.67,16.09,31.05,
2025-01-31,16.43,20.11,21.65,18.14,158.47,91.76,108.37,62.880006878743885,0.82,2.68,15.82,29.96,-0.76
2025-02-03,18.62,21.28,23.22,18.64,155.45,94.15,108.99,57.68500186678668,0.83,2.73,16.81,35.3,
2025-02-04,17.21,20.03,21.21,18.09,159.44,90.28,107.96,60.5495118211973,0.82,2.71,17.11,33.62,
2025-02-05,15.77,19.18,20.2,18.13,162.64,94.68,107.58,60.62581197254099,0.83,2.69,17.19,34.25,
2025-02-06,15.5,18.58,20.23,16.44,163.57,93.9,107.69,62.91654307998559,0.84,2.66,16.27,36.25,
2025-02-07,16.54,19.18,20.5,17.24,166.53,93.13,108.04,59.195473443912626,0.84,2.67,16.23,29.66,-0.78
2025-02-10,15.81,18.84,20.12,17.35,166.95,87.68,108.32,62.972430399204036,0.84,2.66,17.59,32.09,
2025-02-11,16.02,18.77,20.01,17.78,168.81,85.58,107.96,62.5667644797253,0.83,2.66,17.48,29.76,
2025-02-12,15.89,18.69,19.94,17.1,166.1,86.58,107.94,62.67312520207625,0.81,2.65,17.34,31.79,
2025-02-13,15.1,18.41,19.25,16.92,163.36,84.57,107.31,63.06211273404804,0.81,2.65,17.13,31.47,
2025-02-14,14.77,18.03,19.09,16.59,167.97,84.67,106.57,63.303033869267395,0.8,2.62,17.23,28.46,-0.83
2025-02-17,,,,,,,,,0.8,2.62,,,
2025-02-18,15.35,19.23,20.11,17.05,183.12,84.51,107.05,62.21824215905184,0.79,2.62,18.03,27.47,
2025-02-19,15.27,19.0,19.76,17.18,175.76,83.86,107.17,61.70900946146893,0.79,2.68,16.76,28.36,
2025-02-20,15.66,18.9,20.11,19.62,178.57,86.26,106.34,59.37803753763835,0.8,2.66,16.45,29.3,
2025-02-21,18.21,20.96,23.04,18.61,165.0,91.83,106.61,49.272419974343535,0.81,2.78,16.55,35.79,-0.76
2025-02-24,18.98,21.46,23.09,17.69,156.93,88.44,106.6,47.08173744998866,0.81,2.78,16.73,31.3,
2025-02-25,19.43,21.98,23.14,18.52,157.6,96.61,106.31,44.671919777376154,0.84,2.84,16.72,32.77,
2025-02-26,19.1,21.94,22.89,18.48,153.44,97.52,106.42,44.416354638474125,0.84,2.81,16.36,33.36,
2025-02-27,21.13,24.09,25.01,20.05,149.32,96.27,107.24,38.44806035840038,0.85,2.81,16.45,31.72,
2025-02-28,19.63,22.66,23.72,20.46,157.94,104.46,107.61,42.957380903624305,0.88,2.87,15.82,29.97,-0.46
2025-03-03,22.78,24.96,26.15,19.79,154.26,105.65,106.75,34.25618347467756,0.89,2.94,16.81,38.52,
2025-03-04,23.51,25.22,27.19,21.44,151.38,108.87,105.74,32.6557002517446,0.89,2.99,17.25,37.52,
2025-03-05,21.93,24.26,27.33,22.06,138.88,104.32,105.74,37.344032985273486,0.87,2.88,16.92,35.04,
2025-03-06,24.87,26.23,29.5,22.36,137.65,108.95,104.06,29.809391193910027,0.88,2.99,16.83,37.14,
2025-03-07,23.37,25.55,27.59,22.53,139.94,104.41,103.84,32.37739832805894,0.89,2.97,16.19,29.75,-0.35
2025-03-10,27.86,28.84,30.37,23.79,146.04,112.5,103.91,23.00754122326695,0.91,3.16,17.06,34.82,
2025-03-11,26.92,28.7,29.74,27.38,132.79,114.6,103.44,23.7418891093623,0.94,3.22,17.14,31.83,
2025-03-12,24.23,26.82,27.61,21.79,128.69,104.11,103.61,28.637633664968067,0.96,3.2,16.82,31.09,
2025-03-13,24.66,27.58,27.65,23.46,128.86,106.19,103.83,25.44111609949664,0.97,3.4,17.41,32.8,
2025-03-14,21.77,25.79,26.15,20.72,130.3,101.01,103.72,30.878204210431374,0.94,3.25,17.13,33.52,-0.21
2025-03-17,20.51,25.04,25.71,22.78,133.9,99.78,103.37,32.722143802035916,0.93,3.18,17.6,30.9,
2025-03-18,21.7,25.85,26.31,22.47,136.75,96.68,103.24,29.461368282508953,0.93,3.23,17.53,36.12,
2025-03-19,19.9,23.62,24.74,19.4,136.45,91.4,103.43,33.94738623802247,0.91,3.19,16.74,33.87,
2025-03-20,19.8,23.38,24.17,20.27,140.79,95.74,103.85,34.23958313744287,0.91,3.17,16.45,29.72,
2025-03-21,19.28,22.92,23.5,18.72,141.73,94.54,104.09,36.616542821873075,0.92,3.21,15.98,28.43,-0.64
2025-03-24,17.48,21.27,22.37,19.91,144.01,95.22,104.26,44.656400041374646,0.9,3.05,15.8,29.67,
2025-03-25,17.15,20.57,21.87,18.78,148.68,93.57,104.18,46.4604006754851,0.9,3.09,15.23,28.27,
2025-03-26,18.33,22.04,22.67,19.15,144.75,91.41,104.55,41.98625572582932,0.91,3.19,15.04,28.84,
2025-03-27,18.69,22.41,22.57,20.46,140.85,91.03,104.07,41.93790244611738,0.91,3.27,16.08,28.49,
2025-03-28,21.65,25.06,24.54,20.18,139.04,96.83,104.04,31.886339405014546,0.94,3.47,16.45,28.7,-0.62
2025-03-31,22.28,25.37,25.71,19.3,148.58,101.35,104.21,32.595869390750416,0.97,3.55,17.84,30.88,
2025-04-01,21.77,24.8,26.01,21.09,143.01,104.73,104.26,34.53960102596277,0.98,3.5,17.95,30.57,
2025-04-02,21.51,23.65,25.53,20.83,144.27,106.39,103.81,36.555972316302814,0.96,3.42,17.92,29.98,
2025-04-03,30.02,30.57,32.89,24.03,139.2,112.0,102.07,19.10160898662016,1.06,4.01,18.36,35.45,
2025-04-04,45.31,37.65,40.63,30.06,136.54,125.71,103.02,12.686708016853787,1.14,4.45,22.03,44.72,0.1
2025-04-07,46.98,38.64,44.07,43.08,133.82,137.3,103.26,15.112168594805198,1.2,4.61,19.68,52.81,
2025-04-08,52.33,39.56,45.22,40.42,135.68,139.88,102.96,16.007280936084175,1.18,4.57,23.73,55.26,
2025-04-09,33.62,34.8,35.76,28.83,142.23,128.83,102.9,28.687848239409377,1.21,4.37,24.53,42.9,
2025-04-10,40.72,43.25,41.26,35.1,127.54,128.35,100.87,24.290198474319318,1.18,4.42,26.59,49.0,
2025-04-11,37.56,39.95,39.98,28.22,128.64,137.26,99.78,24.912321243798083,1.18,4.26,28.44,50.88,0.59
2025-04-14,30.89,34.33,34.41,28.69,135.71,132.46,99.64,26.955153142418347,1.15,4.14,23.8,47.76,
2025-04-15,30.12,32.71,33.06,23.61,135.76,122.56,100.22,28.27679130916683,1.14,4.09,21.54,42.31,
2025-04-16,32.64,35.38,34.3,25.45,131.32,119.4,99.38,21.809306546013328,1.13,4.16,26.73,43.56,
2025-04-17,29.65,32.83,32.57,23.95,130.02,114.64,99.38,25.679095350203312,1.11,4.02,24.14,41.27,
2025-04-18,,,,,,,,,,,,,-0.2
2025-04-21,33.82,36.87,35.26,26.62,125.77,128.56,98.28,21.424789578553852,1.12,4.16,28.14,41.21,
2025-04-22,30.57,33.98,32.48,25.4,125.93,118.35,98.92,25.983305312863052,1.11,3.99,28.44,43.15,
2025-04-23,28.45,31.83,31.31,24.0,126.67,116.6,99.84,30.520998280638217,1.08,3.75,25.23,43.56,
2025-04-24,26.47,29.96,29.86,23.13,129.02,108.28,99.29,36.17200421972969,1.06,3.73,24.93,44.37,
2025-04-25,24.84,28.37,30.14,21.4,132.37,105.79,99.47,38.5392298428783,1.04,3.67,23.36,43.53,-0.27
2025-04-28,25.15,28.54,29.16,21.41,131.28,110.01,99.01,39.36791074527492,1.04,3.73,23.25,43.55,
2025-04-29,24.17,27.6,28.14,21.02,134.29,112.27,99.24,40.47593419187887,1.06,3.74,22.1,48.41,
2025-04-30,24.7,27.8,28.45,20.72,132.73,112.48,99.47,39.923477747697625,1.09,3.94,21.52,54.46,
2025-05-01,24.6,27.69,28.46,20.32,134.07,107.33,100.25,41.9082107590995,1.09,3.78,21.51,51.96,
2025-05-02,22.68,25.73,26.47,20.39,134.78,101.4,100.0,50.42984431312724,1.06,3.6,21.35,50.59,-0.34
2025-05-05,23.64,26.54,27.04,21.74,134.12,104.45,99.83,52.88100553484578,1.05,3.6,23.2,42.58,
2025-05-06,24.76,27.11,27.92,22.21,133.24,106.18,99.24,50.26486458567093,1.05,3.66,24.72,42.14,
2025-05-07,23.55,26.49,26.46,22.71,132.21,99.87,99.61,52.223363462802155,1.05,3.67,22.99,42.66,
2025-05-08,22.48,25.97,25.85,21.38,131.52,98.66,100.64,49.10011923610696,1.02,3.51,22.58,40.6,
2025-05-09,21.9,25.5,25.47,20.09,128.4,100.4,100.34,52.51046330675469,1.02,3.53,21.86,39.82,-0.47
2025-05-12,18.39,22.28,21.54,19.12,137.67,102.9,101.79,62.07671564338698,0.97,3.15,21.38,37.5,
2025-05-13,18.22,22.28,21.09,17.6,140.52,100.13,101.0,63.45351317797831,0.94,3.09,19.58,36.71,
2025-05-14,18.62,22.66,21.52,16.82,138.94,100.73,101.04,64.07794631285222,0.93,3.1,20.78,36.72,
2025-05-15,17.83,21.89,21.61,17.35,140.85,98.65,100.88,65.10317288614213,0.94,3.2,21.63,37.4,
2025-05-16,17.24,21.2,21.23,15.92,136.01,96.7,101.09,66.107889604417,0.93,3.16,21.47,37.88,-0.9
2025-05-19,18.14,21.95,22.44,18.87,135.94,103.81,100.43,65.7262699260923,0.92,3.21,21.37,38.0,
2025-05-20,18.09,22.07,22.42,16.37,137.27,101.37,100.12,64.71448846299283,0.9,3.2,21.95,34.62,
2025-05-21,20.87,24.2,26.64,17.08,137.28,102.1,99.56,60.045015914312486,0.91,3.25,22.23,39.12,
2025-05-22,20.28,23.63,25.71,17.28,139.04,99.47,99.96,58.9799945748983,0.92,3.32,21.55,41.44,
2025-05-23,22.29,25.29,27.07,16.98,139.34,100.91,99.11,55.37845086778243,0.93,3.4,22.28,43.13,-0.5
2025-05-26,,,,,,,98.93,,0.93,3.4,,,
2025-05-27,18.96,22.32,23.34,18.77,140.89,97.93,99.52,60.772244362578114,0.91,3.24,21.12,41.94,
2025-05-28,19.31,22.76,23.84,17.79,137.65,93.2,99.88,59.47895210921833,0.9,3.23,19.69,40.42,
2025-05-29,19.18,21.8,23.81,18.67,137.26,92.67,99.28,59.68343387145576,0.9,3.22,19.65,40.26,
2025-05-30,18.57,20.87,23.18,17.51,138.25,92.11,99.33,59.07943581031124,0.92,3.32,19.1,40.71,-0.54
2025-06-02,18.36,19.43,23.24,20.12,141.04,95.76,98.7,60.55838466961426,0.91,3.27,20.6,38.7,
2025-06-03,17.69,18.74,23.56,17.44,141.6,100.0,99.25,62.69104282662137,0.89,3.19,20.1,37.75,
2025-06-04,17.61,19.01,23.45,20.5,137.46,96.98,98.79,61.823784712805356,0.89,3.23,19.82,37.7,
2025-06-05,18.48,21.48,24.08,19.1,140.09,94.65,98.74,58.889161029994085,0.89,3.18,19.69,34.89,
2025-06-06,16.77,19.81,22.3,16.34,138.85,89.65,99.19,62.95065584949071,0.87,3.09,19.16,35.72,-0.81
2025-06-09,17.16,20.17,22.92,17.34,139.18,92.62,98.94,62.68640717867035,0.87,3.12,19.45,34.42,
2025-06-10,16.95,19.82,22.65,14.87,141.22,91.22,99.05,61.97938988602431,0.87,3.12,19.0,35.05,
2025-06-11,17.26,20.38,22.47,15.86,141.39,89.36,98.63,60.09245935870713,0.87,3.12,19.16,43.24,
2025-06-12,18.02,20.69,22.59,15.72,145.6,88.99,97.92,58.77258947991939,0.88,3.17,19.7,45.37,
2025-06-13,20.82,22.41,25.3,19.04,149.65,95.31,98.18,55.66965020125688,0.88,3.18,21.16,57.23,-0.78
2025-06-16,19.11,21.09,23.53,18.43,156.6,93.48,98.0,59.0989699572431,0.87,3.1,19.87,56.6,
2025-06-17,21.6,23.31,26.44,18.69,154.36,97.18,98.82,54.357943127513366,0.88,3.17,20.41,71.56,
2025-06-18,20.14,22.14,24.73,18.03,148.41,93.64,98.91,55.76469114014736,0.88,3.16,19.58,66.86,
2025-06-19,,,,,,,,,0.88,3.16,,,
2025-06-20,20.62,22.23,25.18,17.16,149.19,90.1,98.71,56.288680643798386,0.88,3.13,19.27,64.67,-0.65
2025-06-23,19.83,21.15,24.25,17.88,154.78,95.03,98.42,58.57749272963279,0.89,3.12,19.02,53.65,
2025-06-24,17.48,19.46,22.58,16.63,154.97,92.62,97.86,62.04342181997061,0.88,3.06,18.28,48.8,
2025-06-25,16.76,19.0,22.34,16.59,152.24,91.24,97.68,61.582039030479045,0.88,3.04,17.33,42.75,
2025-06-26,16.59,18.99,22.11,15.99,147.46,89.47,97.15,63.07951903184262,0.89,3.04,16.65,41.86,
2025-06-27,16.32,18.89,22.15,16.82,143.44,87.93,97.4,64.42849624530389,0.88,3.02,16.49,41.23,-0.71
2025-06-30,16.73,19.56,22.96,14.77,139.65,90.26,96.88,63.70388431737241,0.86,2.96,17.31,38.89,
2025-07-01,16.83,19.88,23.28,16.66,140.07,93.48,96.82,62.42874398867123,0.84,2.91,16.76,38.0,
2025-07-02,16.64,19.74,23.43,17.45,139.28,91.37,96.78,63.485421672699076,0.83,2.88,16.87,40.24,
2025-07-03,16.38,19.47,22.45,16.46,141.36,86.09,97.18,65.60964656412753,0.8,2.8,16.19,37.75,
2025-07-04,,,,,,,,,0.8,2.8,,,-0.88
2025-07-07,17.79,20.68,24.24,18.07,137.96,88.53,97.48,63.790413530198414,0.81,2.86,16.91,41.23,
2025-07-08,16.81,19.53,23.52,17.24,140.8,88.05,97.51,64.45130539820485,0.82,2.92,16.2,35.71,
2025-07-09,15.94,18.71,22.54,17.19,141.75,84.31,97.47,65.58150600576748,0.83,2.94,15.86,34.17,
2025-07-10,15.78,18.76,22.34,16.81,143.32,81.58,97.65,65.67026031074589,0.83,2.92,16.04,32.8,
2025-07-11,16.4,19.04,23.11,16.48,144.96,85.48,97.85,66.02283336887128,0.83,2.97,16.94,37.06,-0.75
2025-07-14,17.2,19.78,24.07,17.0,147.0,90.73,98.08,65.53293893576078,0.82,2.95,16.99,33.53,
2025-07-15,17.38,19.74,24.47,17.19,143.72,88.95,98.62,65.55688997576986,0.81,2.95,16.37,34.38,
2025-07-16,17.16,19.54,24.18,17.97,146.71,89.52,98.39,65.60828790549212,0.81,3.0,17.27,33.16,
2025-07-17,16.52,18.67,23.4,17.04,151.12,85.57,98.73,67.21425543433375,0.8,2.91,16.91,32.84,
2025-07-18,16.41,18.61,23.92,17.22,150.45,83.29,98.48,67.29834188912962,0.8,2.93,16.73,32.17,-0.72
2025-07-21,16.65,18.71,24.52,17.71,154.83,86.62,97.85,66.91733836810592,0.8,2.89,17.78,31.38,
2025-07-22,16.5,18.95,24.04,18.18,153.44,89.89,97.39,65.91236804867678,0.81,2.9,19.08,32.26,
2025-07-23,15.37,17.94,22.9,17.8,159.29,85.95,97.21,67.99388015514599,0.79,2.83,18.44,32.39,
2025-07-24,15.39,17.72,22.85,17.16,159.41,82.75,97.38,67.65361539546508,0.79,2.82,17.82,32.37,
2025-07-25,14.93,17.16,22.46,16.32,145.57,82.09,97.65,67.86421582242838,0.78,2.84,17.05,32.88,-0.8
2025-07-28,15.03,17.27,22.65,17.26,147.65,83.73,98.66,68.19632582827816,0.78,2.82,16.79,35.37,
2025-07-29,15.98,18.21,23.18,17.32,149.12,85.07,98.91,64.77388057194356,0.79,2.86,16.61,38.04,
2025-07-30,15.48,17.32,23.34,18.26,154.08,81.88,99.94,65.62340663952723,0.78,2.89,16.48,37.75,
2025-07-31,16.72,19.23,24.67,17.92,152.29,79.84,100.03,63.237727286653545,0.79,2.86,16.04,36.78,
2025-08-01,20.38,21.54,26.92,18.29,155.49,83.83,98.69,55.18674710184773,0.82,3.13,17.3,39.37,-0.68
2025-08-04,17.52,19.24,24.47,17.75,159.31,87.95,98.78,60.38489342784938,0.82,3.02,17.07,38.79,
2025-08-05,17.85,19.87,24.57,17.68,149.91,89.2,98.78,58.952192384280366,0.82,2.98,16.68,35.3,
2025-08-06,16.77,18.77,24.01,17.19,149.71,83.89,98.18,61.19675473162508,0.81,2.98,16.42,36.67,
2025-08-07,16.57,18.82,23.94,17.43,147.03,80.15,98.4,60.70483629943498,0.8,2.95,16.95,35.01,
2025-08-08,15.15,17.29,22.9,16.3,147.53,79.2,98.18,63.82385096413813,0.8,2.94,16.36,34.06,-0.57
2025-08-11,16.25,18.17,23.93,16.84,148.55,81.76,98.52,62.24933456064901,0.8,2.94,16.94,31.4,
2025-08-12,14.73,16.84,21.85,15.53,151.45,77.42,98.1,65.82675437947536,0.79,2.93,16.35,30.31,
2025-08-13,14.49,16.73,21.3,15.71,153.13,77.31,97.84,65.95253747373418,0.78,2.9,15.95,33.82,
2025-08-14,14.83,17.08,22.34,16.19,150.62,76.77,98.25,65.78932066156129,0.77,2.89,15.33,35.96,
2025-08-15,15.09,17.5,22.2,15.31,153.79,76.66,97.85,65.40729062358945,0.75,2.88,15.22,37.22,-0.82
2025-08-18,14.99,17.75,22.43,15.48,153.95,81.82,98.17,65.47096456914008,0.75,2.88,14.9,32.15,
2025-08-19,15.57,19.39,23.26,15.96,153.17,82.15,98.27,62.65846496264686,0.76,2.9,14.82,33.04,
2025-08-20,15.69,20.0,23.45,15.43,144.56,80.75,98.22,60.63342214830255,0.77,2.94,15.4,32.51,
2025-08-21,16.6,20.55,24.03,16.33,144.32,80.52,98.62,59.78848886644506,0.77,2.95,15.44,31.54,
2025-08-22,14.22,18.06,22.32,15.68,146.39,78.1,97.72,64.68069277616844,0.77,2.88,15.15,30.35,-0.76
2025-08-25,14.79,18.42,22.38,16.15,149.99,77.56,98.43,64.19724327358993,0.76,2.8,15.09,31.24,
2025-08-26,14.62,18.19,22.24,16.41,156.53,79.36,98.23,65.60523017483575,0.78,2.78,15.88,33.73,
2025-08-27,14.85,18.69,22.33,16.02,150.88,77.66,98.23,65.57313200280376,0.78,2.78,15.9,31.94,
2025-08-28,14.43,17.62,21.94,15.62,152.5,77.55,97.81,66.78231143327322,0.79,2.75,16.34,33.98,
2025-08-29,15.36,19.11,22.05,15.89,152.1,79.39,97.77,65.48344193931293,0.81,2.84,17.39,32.63,-0.61
2025-09-01,,,,,,,,,0.81,2.84,,,
2025-09-02,17.17,20.36,23.83,16.83,151.48,85.28,98.4,62.38112083789586,0.82,2.92,19.81,34.28,
2025-09-03,16.35,19.69,23.37,16.15,150.22,89.67,98.14,63.34578503678291,0.81,2.88,19.53,35.22,
2025-09-04,15.3,18.79,22.84,16.05,153.96,88.26,98.35,64.66376533805102,0.79,2.84,18.33,35.03,
2025-09-05,15.18,18.44,21.44,15.89,148.16,85.29,97.77,62.909168553970716,0.79,2.83,18.3,33.33,-0.43
2025-09-08,15.11,18.35,21.79,16.12,148.82,84.0,97.45,62.06694330544608,0.8,2.84,19.09,35.03,
2025-09-09,15.04,18.22,22.29,16.55,150.93,82.2,97.79,62.65565798729557,0.8,2.87,17.99,33.44,
2025-09-10,15.35,18.62,22.12,16.35,151.92,79.58,97.78,61.38923106562178,0.79,2.84,17.37,33.35,
2025-09-11,14.71,18.23,21.61,16.42,147.63,75.07,97.54,62.54384821738968,0.78,2.78,16.48,33.96,
2025-09-12,14.76,18.18,21.82,16.26,149.49,73.37,97.55,62.916521325188995,0.77,2.79,16.38,31.77,-0.57
2025-09-15,15.69,19.12,23.19,16.49,152.11,76.88,97.3,63.37428421503061,0.75,2.75,17.9,30.98,
2025-09-16,16.36,19.57,23.58,17.3,148.21,77.09,96.63,62.481570420505776,0.76,2.79,18.37,33.17,
2025-09-17,15.72,19.02,22.77,17.73,146.37,75.95,96.87,62.883213065484554,0.76,2.79,17.41,31.05,
2025-09-18,15.7,18.86,22.18,17.63,148.19,71.91,97.35,64.86237711464906,0.75,2.71,16.45,31.88,
2025-09-19,15.45,18.74,21.71,16.46,146.97,72.51,97.64,66.26780413141027,0.74,2.72,16.76,30.53,-0.6
2025-09-22,16.1,19.42,22.6,16.96,145.46,75.8,97.33,66.19062560243044,0.74,2.69,18.43,30.88,
2025-09-23,16.64,20.13,23.15,17.41,146.53,75.66,97.26,63.588207737162044,0.75,2.71,19.06,32.58,
2025-09-24,16.18,19.93,23.06,17.04,145.87,75.13,97.87,63.788632052693316,0.75,2.7,18.3,34.08,
2025-09-25,16.74,20.54,23.12,16.83,145.89,75.44,98.55,61.91333014614548,0.76,2.76,19.07,36.85,
2025-09-26,15.29,19.33,21.63,16.23,141.51,74.38,98.15,64.19296411278759,0.75,2.75,18.59,35.85,-0.54
2025-09-29,16.12,19.87,22.43,17.23,143.03,75.51,97.91,63.58976432758481,0.75,2.74,19.19,35.54,
2025-09-30,16.28,20.0,22.62,17.21,143.44,77.93,97.77,64.18420094991451,0.76,2.8,19.95,35.58,
2025-10-01,16.29,19.87,22.31,16.88,143.68,73.5,97.71,64.02266618869562,0.76,2.81,19.05,36.39,
2025-10-02,16.63,20.01,22.3,17.71,145.93,71.21,97.85,62.6726138102129,0.75,2.81,18.05,37.62,
2025-10-03,16.65,20.08,22.07,17.29,144.65,69.53,97.72,62.39013677710388,0.75,2.8,17.66,36.5,-0.5
2025-10-06,16.37,20.4,22.16,17.35,142.5,72.99,98.11,64.09063519810401,0.74,2.76,19.51,32.44,
2025-10-07,17.24,20.82,22.78,18.1,145.22,75.43,98.58,60.7888607544871,0.75,2.82,19.94,31.82,
2025-10-08,16.3,20.02,22.02,17.75,145.76,74.87,98.85,62.323936514539376,0.75,2.84,21.81,31.53,
2025-10-09,16.43,20.04,22.08,18.26,145.34,74.12,99.54,60.70642767787543,0.77,2.95,21.85,32.48,
2025-10-10,21.66,25.23,25.67,23.99,138.86,81.65,98.98,48.29012111878441,0.81,3.18,23.78,37.73,-0.49
2025-10-13,19.03,22.8,24.12,20.36,142.81,,99.27,53.88031859101385,0.81,3.18,24.53,35.92,
2025-10-14,20.81,24.28,25.51,23.53,146.48,79.95,99.05,51.03261512933103,0.81,3.11,26.11,37.9,
2025-10-15,20.64,24.42,25.04,23.55,144.98,75.11,98.79,52.34881904462667,0.78,2.95,27.12,36.62,
2025-10-16,25.31,28.26,28.81,25.96,147.14,81.23,98.39,45.249378331688895,0.8,3.04,32.78,38.26,
2025-10-17,20.78,24.97,26.19,22.91,147.63,78.62,98.43,50.1016451277142,0.8,3.04,31.2,37.24,-0.37
2025-10-20,18.23,22.64,24.13,21.68,151.31,77.22,98.59,53.326303622249995,0.79,2.99,31.43,36.77,
2025-10-21,17.87,22.59,23.83,21.08,149.95,77.18,98.93,53.670676464124085,0.79,2.97,29.82,35.87,
2025-10-22,18.6,23.3,24.85,21.42,152.85,75.49,98.9,51.353615960972576,0.8,3.01,27.19,38.09,
2025-10-23,17.3,21.72,23.56,19.52,154.34,74.05,98.94,55.11857401608658,0.78,2.96,26.68,40.46,
2025-10-24,16.37,20.61,22.42,19.3,153.49,68.94,98.95,57.03387324888739,0.77,2.88,24.75,38.7,-0.51
2025-10-27,15.79,20.5,22.8,18.3,148.5,66.87,98.78,59.240101789142166,0.76,2.8,23.94,38.96,
2025-10-28,16.42,21.31,23.15,18.81,140.37,67.3,98.69,58.5891827854993,0.76,2.82,24.03,37.18,
2025-10-29,16.92,21.76,23.25,20.16,139.45,65.75,99.22,59.45136070908667,0.75,2.76,24.7,37.14,
2025-10-30,16.91,21.66,23.14,20.07,141.15,66.88,99.53,57.94047991944376,0.77,2.85,24.82,34.74,
2025-10-31,17.44,21.99,23.41,19.69,142.78,66.61,99.8,59.99033798773349,0.8,2.94,22.66,36.2,-0.46
2025-11-03,17.17,21.73,23.76,19.83,141.99,67.23,99.87,60.76451034644667,0.83,3.04,21.38,34.31,
2025-11-04,19.0,23.3,24.82,21.71,144.01,68.02,100.22,56.3434309889076,0.83,3.13,21.43,34.27,
2025-11-05,18.01,22.6,23.85,21.25,143.64,72.42,100.2,59.00441185318864,0.81,3.05,20.15,33.69,
2025-11-06,19.5,24.64,25.02,21.78,143.54,72.44,99.73,53.5845121830088,0.82,3.13,20.13,33.76,
2025-11-07,19.08,24.58,24.88,21.36,141.27,74.41,99.6,55.691076843525465,0.84,3.15,20.36,33.33,-0.31
2025-11-10,17.6,22.62,24.02,20.93,142.94,78.86,99.62,59.87708464204616,0.82,3.02,23.34,32.12,
2025-11-11,17.28,22.67,23.64,20.54,143.45,,99.46,59.02603235815562,0.82,3.02,23.33,32.02,
2025-11-12,17.51,23.06,23.88,20.36,138.57,81.12,99.48,57.924628535746926,0.83,3.02,25.82,33.0,
2025-11-13,20.0,25.88,26.23,22.35,142.49,79.1,99.18,52.978510395568144,0.84,3.09,24.82,32.63,
2025-11-14,19.83,26.15,25.69,21.89,137.93,79.71,99.27,53.31902034231699,0.83,3.07,24.13,33.12,-0.51
2025-11-17,22.38,28.16,28.1,25.43,140.9,82.58,99.59,48.47353910065683,0.84,3.13,24.07,32.38,
2025-11-18,24.69,30.51,29.03,25.21,142.98,83.18,99.55,44.28056677816914,0.85,3.2,23.9,33.33,
2025-11-19,23.66,29.3,27.82,24.49,143.05,84.32,100.23,46.58963061536071,0.84,3.17,23.89,34.12,
2025-11-20,26.42,32.72,29.59,25.63,144.96,77.81,100.16,39.85025494602404,0.85,3.17,22.93,36.38,
2025-11-21,23.43,28.95,27.1,25.29,148.34,78.81,100.18,44.11402474194583,0.86,3.19,21.93,35.97,-0.13
2025-11-24,20.52,25.57,24.94,22.49,148.6,76.82,100.14,48.75597074258313,0.85,3.15,22.55,36.3,
2025-11-25,18.56,23.67,23.36,21.32,151.68,72.82,99.66,52.01671061690445,0.84,3.1,22.4,37.57,
2025-11-26,17.19,22.26,22.07,20.24,145.04,71.9,99.6,53.325075590732446,0.82,3.0,21.95,35.7,
2025-11-27,,,,,,,,,0.82,3.0,,,
2025-11-28,16.35,21.17,21.48,18.38,143.0,68.95,99.46,56.32382200815783,0.82,2.92,22.87,35.95,-0.4
2025-12-01,17.24,22.06,22.33,19.78,144.86,71.35,99.41,56.01794500554762,0.82,2.94,23.34,35.82,
2025-12-02,16.59,21.28,21.56,19.37,144.94,69.91,99.36,57.21897525273321,0.81,2.92,22.49,35.89,
2025-12-03,16.08,20.65,21.1,18.93,149.23,66.46,98.85,58.668066979023116,0.81,2.89,21.96,33.72,
2025-12-04,15.78,20.19,21.29,18.9,148.91,65.69,98.99,59.73557112664231,0.8,2.88,20.57,33.3,
2025-12-05,15.41,19.62,20.79,19.17,148.83,67.28,98.99,61.59008681199265,0.79,2.85,19.92,32.06,-0.43
2025-12-08,16.66,20.75,22.0,18.86,150.63,72.3,99.09,59.69464694825152,0.78,2.89,19.58,33.03,
2025-12-09,16.93,20.76,22.11,19.87,150.32,75.38,99.22,58.373564645025866,0.79,2.89,20.35,30.82,
2025-12-10,15.77,19.67,20.67,17.85,147.55,68.62,98.79,60.070122791183785,0.78,2.91,20.2,30.78,
2025-12-11,14.85,18.4,20.14,17.6,148.32,69.24,98.35,61.599746991697444,0.78,2.88,20.97,31.88,
2025-12-12,15.74,20.62,20.35,17.79,153.59,69.25,98.4,60.733975490213524,0.8,2.91,21.46,29.93,-0.36
2025-12-15,16.5,20.71,21.21,19.2,161.86,73.31,98.15,60.01760366323281,0.8,2.91,21.2,32.85,
2025-12-16,16.48,20.19,20.73,19.26,156.99,67.14,98.15,59.86743227319921,0.81,2.98,20.18,36.23,
2025-12-17,17.62,21.78,21.61,20.0,153.49,62.74,98.37,56.81742225618628,0.81,2.99,21.22,36.74,
2025-12-18,16.87,20.72,20.49,18.34,155.38,60.01,98.43,58.68620514489282,0.81,2.95,21.31,33.6,
2025-12-19,14.91,18.52,18.92,17.81,155.87,59.41,98.6,63.53724180661931,0.8,2.9,20.72,33.62,-0.34
2025-12-22,14.08,17.85,18.69,16.55,159.93,61.7,98.29,65.11309784479921,0.8,2.88,23.8,33.03,
2025-12-23,14.0,17.47,18.42,16.54,160.53,61.17,97.94,64.98659513499307,0.79,2.83,24.53,33.02,
2025-12-24,13.47,17.2,18.13,16.29,160.53,59.48,97.98,64.24847763679266,0.79,2.84,23.81,31.71,
2025-12-25,,,,,,,,,,,,,
2025-12-26,13.6,17.38,18.52,16.08,151.45,58.5,98.02,63.374646182084135,0.79,2.86,25.78,32.22,-0.58
2025-12-29,14.2,18.39,19.18,16.57,150.47,59.21,98.04,60.909389772755304,0.79,2.87,25.71,32.16,
2025-12-30,14.33,18.95,19.3,16.87,148.33,63.98,98.24,61.16803358141155,0.79,2.84,24.83,30.76,
2025-12-31,14.95,19.56,19.43,17.3,148.7,63.96,98.28,60.48067554048834,0.79,2.81,23.92,30.17,
2026-01-01,,,,,,,,,,,,,
2026-01-02,14.51,19.75,19.31,17.16,141.86,62.36,98.42,60.52076603332435,0.79,2.83,23.8,28.4,-0.56
2026-01-05,14.9,20.01,19.91,17.55,142.45,64.71,98.27,61.425377098555416,0.79,2.81,24.25,29.41,
2026-01-06,14.75,19.53,19.97,17.98,146.23,65.82,98.58,62.66041553625678,0.79,2.79,24.82,30.06,
2026-01-07,15.38,20.03,20.06,18.0,143.57,66.15,98.68,61.56655543248109,0.79,2.79,24.13,32.98,
2026-01-08,15.45,20.15,20.33,17.23,147.08,66.94,98.93,62.361334756772735,0.79,2.76,24.07,35.8,
2026-01-09,14.49,19.06,19.33,17.15,146.04,61.55,99.13,62.80832607222896,0.78,2.74,23.43,36.8,-0.66
2026-01-12,15.12,19.53,19.92,17.54,149.75,62.9,98.86,62.50164048616568,0.78,2.74,25.03,38.85,
2026-01-13,15.98,20.05,20.22,17.81,151.6,60.79,99.13,60.99796777341234,0.77,2.75,23.76,40.43,
2026-01-14,16.75,20.96,20.59,17.67,152.52,58.11,99.13,57.692834057534796,0.77,2.76,23.57,44.19,
2026-01-15,15.84,20.2,20.09,18.45,151.57,56.14,99.32,59.37757812179574,0.76,2.71,22.06,42.06,
2026-01-16,15.86,20.29,20.23,17.66,153.59,58.05,99.39,60.962708853865834,0.75,2.65,22.23,43.19,-0.65
2026-01-19,,,,,,,,,0.75,2.65,,,
2026-01-20,20.09,24.26,23.83,19.21,154.96,66.67,98.64,54.273266873683355,0.75,2.73,24.79,42.78,
2026-01-21,16.9,21.19,21.88,18.53,144.41,59.56,98.76,57.713423826666045,0.74,2.69,26.27,45.45,
2026-01-22,15.64,20.08,21.29,18.23,141.31,56.5,98.36,59.048909668740755,0.73,2.64,28.11,44.7,
2026-01-23,16.09,20.37,21.58,18.48,144.02,56.25,97.6,57.93932542519919,0.73,2.68,30.01,47.64,-0.71
2026-01-26,16.15,20.43,21.82,19.46,148.1,55.77,97.04,57.9502203787074,0.74,2.69,32.7,47.78,
2026-01-27,16.35,20.55,21.39,22.21,147.25,56.12,96.22,58.77792790912808,0.73,2.71,33.13,49.61,
2026-01-28,16.35,20.37,21.35,21.66,144.98,57.43,96.45,59.11669497942318,0.73,2.72,39.67,50.39,
2026-01-29,16.88,21.44,22.41,20.69,143.74,60.73,96.28,57.878109652702264,0.74,2.77,46.02,55.37,
2026-01-30,17.44,22.52,22.85,21.64,143.65,59.2,96.99,57.29663092171346,0.75,2.88,44.08,55.91,-0.68
2026-02-02,16.34,21.23,22.0,21.73,146.56,59.3,97.61,59.36659370472869,0.74,2.81,37.38,48.7,
2026-02-03,18.0,23.45,23.03,22.37,143.85,57.54,97.44,54.77106506842717,0.74,2.85,41.04,52.34,
2026-02-04,18.64,26.01,24.12,23.22,143.16,57.51,97.62,51.624333456856334,0.75,2.86,36.93,55.13,
2026-02-05,21.77,29.19,26.48,23.6,137.16,62.16,97.82,44.458258625375116,0.76,2.97,35.53,54.97,
2026-02-06,20.37,24.3,23.41,21.67,140.31,63.62,97.63,50.75347667325759,0.76,2.87,33.96,53.18,-0.66
2026-02-09,17.36,23.42,23.22,22.43,145.23,62.74,96.82,53.21376159589332,0.76,2.84,32.84,50.79,
2026-02-10,17.79,23.46,23.13,21.1,145.71,64.55,96.8,51.44777731992292,0.77,2.86,28.86,48.02,
2026-02-11,17.65,23.26,22.99,21.61,143.78,61.35,96.83,51.58632217124793,0.77,2.84,29.38,44.33,
2026-02-12,20.82,26.87,26.15,23.98,142.5,68.57,96.93,43.96662943832003,0.78,2.92,30.23,42.0,
2026-02-13,20.6,26.37,25.64,23.76,139.35,70.1,96.88,43.29568005392684,0.79,2.95,30.84,42.18,-0.62
2026-02-16,,,,,,,,,0.79,2.94,,,
2026-02-17,20.29,25.98,25.93,23.99,140.28,68.84,97.16,43.7884178336889,0.8,2.94,33.24,42.54,
2026-02-18,19.62,24.96,25.3,22.88,139.17,64.19,97.7,47.466302296766386,0.78,2.86,33.75,51.49,
2026-02-19,20.23,25.64,26.4,23.25,141.19,68.03,97.93,45.56807520979593,0.79,2.88,33.56,56.73,
2026-02-20,19.09,24.23,,,145.52,64.27,97.8,48.165512551814686,,,36.44,56.12,
