date,vix,vxn,gvz,ovx,stlfsi,hy_oas,ig_oas,move
2007-01-01,,,,,,,,
2007-01-02,,,,,,,,
2007-01-03,,,,,,,,
2007-01-04,,,,,,,,
2007-01-05,,,,,,,,
2007-01-08,,,,,,,,
2007-01-09,,,,,,,,
2007-01-10,,,,,,,,
2007-01-11,,,,,,,,
2007-01-12,,,,,,,,
2007-01-15,,,,,,,,
2007-01-16,,,,,,,,
2007-01-17,,,,,,,,
2007-01-18,,,,,,,,
2007-01-19,,,,,,,,
2007-01-22,,,,,,,,
2007-01-23,,,,,,,,
2007-01-24,,,,,,,,
2007-01-25,,,,,,,,
2007-01-26,,,,,,,,
2007-01-29,,,,,,,,
2007-01-30,,,,,,,,
2007-01-31,,,,,,,,
2007-02-01,,,,,,,,
2007-02-02,,,,,,,,
2007-02-05,,,,,,,,
2007-02-06,,,,,,,,
2007-02-07,,,,,,,,
2007-02-08,,,,,,,,
2007-02-09,,,,,,,,
2007-02-12,,,,,,,,
2007-02-13,,,,,,,,
2007-02-14,,,,,,,,
2007-02-15,,,,,,,,
2007-02-16,,,,,,,,
2007-02-19,,,,,,,,
2007-02-20,,,,,,,,
2007-02-21,,,,,,,,
2007-02-22,,,,,,,,
2007-02-23,,,,,,,,
2007-02-26,,,,,,,,
2007-02-27,,,,,,,,
2007-02-28,,,,,,,,
2007-03-01,,,,,,,,
2007-03-02,,,,,,,,
2007-03-05,,,,,,,,
2007-03-06,,,,,,,,
2007-03-07,,,,,,,,
2007-03-08,,,,,,,,
2007-03-09,,,,,,,,
2007-03-12,,,,,,,,
2007-03-13,,,,,,,,
2007-03-14,,,,,,,,
2007-03-15,,,,,,,,
2007-03-16,,,,,,,,
2007-03-19,,,,,,,,
2007-03-20,,,,,,,,
2007-03-21,,,,,,,,
2007-03-22,,,,,,,,
2007-03-23,,,,,,,,
2007-03-26,,,,,,,,
2007-03-27,,,,,,,,
2007-03-28,,,,,,,,
2007-03-29,,,,,,,,
2007-03-30,,,,,,,,
2007-03-31,,,,,,,,
2007-04-02,,,,,,,,
2007-04-03,,,,,,,,
2007-04-04,,,,,,,,
2007-04-05,,,,,,,,
2007-04-06,,,,,,,,
2007-04-09,,,,,,,,
2007-04-10,,,,,,,,
2007-04-11,,,,,,,,
2007-04-12,,,,,,,,
2007-04-13,,,,,,,,
2007-04-16,,,,,,,,
2007-04-17,,,,,,,,
2007-04-18,,,,,,,,
2007-04-19,,,,,,,,
2007-04-20,,,,,,,,
2007-04-23,,,,,,,,
2007-04-24,,,,,,,,
2007-04-25,,,,,,,,
2007-04-26,,,,,,,,
2007-04-27,,,,,,,,
2007-04-30,,,,,,,,
2007-05-01,,,,,,,,
2007-05-02,,,,,,,,
2007-05-03,,,,,,,,
2007-05-04,,,,,,,,
2007-05-07,,,,,,-0.48,1.16,
2007-05-08,,,,,,-0.46,1.14,
2007-05-09,,,,,,-0.87,1.12,
2007-05-10,,,,,,-0.77,1.1,
2007-05-11,0.11,-0.79,,,,-0.92,0.74,-1.84
2007-05-14,0.57,-0.37,,,,-1.08,0.73,-1.78
2007-05-15,0.58,-0.23,,,,-1.4,0.72,-1.97
2007-05-16,0.34,-0.65,,,,-1.28,0.71,-1.84
2007-05-17,0.33,-0.4,,,,-1.51,0.69,-1.59
2007-05-18,-0.02,-0.85,,,,-1.8,0.34,-0.85
2007-05-21,0.22,-0.77,,,,-1.83,0.67,-1.07
2007-05-22,0.1,-0.74,,,,-2.09,0.32,-1.19
2007-05-23,0.17,-0.27,,,,-2.17,0.3,-0.92
2007-05-24,0.55,0.32,,,,-2.01,0.29,-0.82
2007-05-25,0.19,-0.2,,,,-1.95,0.28,-0.74
2007-05-28,,,,,,,,
2007-05-29,0.27,0.07,,,,-2.1,0.27,-0.81
2007-05-30,-0.08,-0.33,,,,-1.9,0.61,-0.61
2007-05-31,0.01,-0.31,,,,-1.71,0.95,-0.39
2007-06-01,-0.13,-0.46,,,,-2.02,0.93,-0.55
2007-06-04,0.1,-0.45,,,,-1.77,0.91,-1.12
2007-06-05,0.26,-0.53,,,,-1.93,0.89,-1.0
2007-06-06,0.85,-0.11,,,,-1.42,0.87,-0.37
2007-06-07,1.88,1.02,,,,-1.39,1.21,1.66
2007-06-08,0.77,-0.16,,,,-1.17,1.54,2.91
2007-06-11,0.69,-0.6,,,,-1.21,1.51,1.31
2007-06-12,1.62,0.16,,,,-1.25,1.47,3.53
2007-06-13,0.65,-0.86,,,,-0.97,1.44,3.2
2007-06-14,0.09,-1.05,,,,-1.21,1.05,2.22
2007-06-15,0.22,-0.77,,,,-1.07,1.03,1.13
2007-06-18,-0.06,-0.81,,,,-0.99,1.01,0.77
2007-06-19,-0.38,-0.98,,,,-0.48,1.0,0.8
2007-06-20,0.57,-0.36,,,,-0.55,0.98,1.18
2007-06-21,0.31,-0.61,,,,-0.1,1.36,1.79
2007-06-22,1.11,-0.04,,,,0.09,1.74,1.74
2007-06-25,1.57,0.36,,,,0.78,1.73,2.02
2007-06-26,2.68,1.15,,,,0.7,2.14,1.74
2007-06-27,0.87,-0.06,,,,1.25,2.14,1.95
2007-06-28,0.86,-0.31,,,,0.91,2.56,1.43
2007-06-29,1.23,0.19,,,,1.27,2.55,1.63
2007-06-30,,,,,,1.79,2.98,
2007-07-02,0.75,-0.29,,,,2.03,3.39,1.41
2007-07-03,0.45,-0.47,,,,1.74,2.81,1.08
2007-07-04,,,,,,1.7,2.69,
2007-07-05,0.77,-0.26,,,,1.27,2.61,1.41
2007-07-06,0.35,-0.57,,,,1.15,2.51,1.15
2007-07-09,0.62,-0.22,,,,1.34,2.41,1.14
2007-07-10,2.07,0.74,,,,2.42,2.7,1.55
2007-07-11,1.56,0.13,,,,2.56,2.93,1.42
2007-07-12,0.96,-0.01,,,,2.04,2.78,1.24
2007-07-13,0.71,-0.66,,,,1.87,2.67,0.95
2007-07-16,1.0,-0.55,,,,1.88,2.88,0.72
2007-07-17,1.01,-0.17,,,,1.74,2.73,0.57
2007-07-18,1.23,-0.32,,,,2.45,2.89,0.74
2007-07-19,0.71,-0.51,,,,2.37,3.02,0.45
2007-07-20,1.9,0.49,,,,3.03,3.61,0.83
2007-07-23,1.82,0.95,,,,3.14,3.57,1.17
2007-07-24,2.88,2.57,,,,3.59,3.52,1.31
2007-07-25,2.53,2.18,,,,3.66,3.66,1.47
2007-07-26,3.82,2.75,,,,4.56,5.38,2.96
2007-07-27,4.92,5.5,,,,4.42,4.99,2.72
2007-07-30,3.06,3.1,,,,3.87,4.37,3.04
2007-07-31,3.9,4.69,,,,3.44,4.03,2.74
2007-08-01,3.62,4.28,,,,3.38,3.67,2.44
2007-08-02,2.5,2.48,,,,2.95,3.38,2.15
2007-08-03,3.68,4.02,,,,2.9,3.24,2.34
2007-08-06,2.72,2.74,,,,2.82,3.21,2.41
2007-08-07,2.17,1.94,,,,2.53,3.0,1.52
2007-08-08,2.05,1.83,,,,1.94,2.67,1.93
2007-08-09,3.4,4.11,,,,2.07,2.54,3.59
2007-08-10,3.61,3.95,,,,2.13,2.58,3.19
2007-08-13,2.93,2.8,,,,1.99,2.46,2.72
2007-08-14,3.03,2.8,,,,2.06,2.49,2.3
2007-08-15,3.48,3.63,,,,2.16,2.59,1.97
2007-08-16,3.26,3.66,,,,2.56,2.92,2.31
2007-08-17,2.89,2.82,,,,2.28,2.82,2.06
2007-08-20,2.04,2.15,,,,2.22,2.73,2.13
2007-08-21,1.76,1.62,,,,2.18,2.65,2.31
2007-08-22,1.25,1.09,,,,1.95,2.53,2.13
2007-08-23,1.17,1.07,,,,1.77,2.31,1.99
2007-08-24,0.76,0.65,,,,1.65,2.16,1.57
2007-08-27,1.15,1.21,,,,1.62,2.08,1.51
2007-08-28,1.82,2.12,,,,1.76,2.11,1.6
2007-08-29,1.29,1.41,,,,1.7,2.04,1.6
2007-08-30,1.5,1.86,,,,1.71,2.07,1.7
2007-08-31,1.14,1.57,,,,1.75,1.85,1.69
2007-09-03,,,,,,1.7,1.79,
2007-09-04,1.0,1.53,,,,1.63,1.84,1.6
2007-09-05,1.32,2.19,,,,1.67,1.83,1.72
2007-09-06,1.18,1.98,,,,1.57,1.86,1.53
2007-09-07,1.57,2.55,,,,1.73,1.99,1.79
2007-09-10,1.74,2.6,,,,1.75,2.01,1.89
2007-09-11,1.31,1.92,,,,1.65,1.99,1.97
2007-09-12,1.22,1.98,,,,1.54,1.97,1.95
2007-09-13,1.16,1.78,,,,1.37,1.9,1.79
2007-09-14,1.16,1.62,,,,1.35,1.84,1.8
2007-09-17,1.42,1.97,,0.57,,1.25,1.79,1.68
2007-09-18,0.25,0.69,,0.58,,1.15,1.74,1.32
2007-09-19,0.18,0.5,,0.19,,0.94,1.61,0.94
2007-09-20,0.25,0.36,,0.9,,0.82,1.45,1.47
2007-09-21,-0.04,0.06,,0.77,,0.74,1.33,0.75
2007-09-24,0.02,0.07,,0.27,,0.65,1.26,0.71
2007-09-25,-0.14,0.05,,0.07,,0.72,1.23,0.86
2007-09-26,-0.35,-0.01,,-0.12,,0.66,1.16,0.77
2007-09-27,-0.48,-0.02,,-0.44,,0.66,1.14,0.68
2007-09-28,-0.3,0.07,,0.27,,0.65,1.07,0.68
2007-09-30,,,,,,0.69,1.09,
2007-10-01,-0.34,0.08,,0.82,,0.66,1.07,0.72
2007-10-02,-0.22,0.11,,0.9,,0.65,1.04,0.64
2007-10-03,-0.17,0.17,,0.83,,0.58,0.98,0.53
2007-10-04,-0.26,0.14,,0.58,,0.55,0.92,0.53
2007-10-05,-0.59,-0.29,,0.31,,0.37,0.81,0.31
2007-10-08,-0.49,-0.18,,1.0,,0.35,0.8,
2007-10-09,-0.79,-0.39,,0.76,,0.24,0.73,-0.06
2007-10-10,-0.69,-0.33,,0.58,,0.17,0.63,-0.34
2007-10-11,-0.23,0.33,,0.07,,0.08,0.53,-0.6
2007-10-12,-0.49,0.01,,-0.22,,0.02,0.51,-0.79
2007-10-15,-0.16,0.58,,-0.34,,-0.03,0.45,-0.83
2007-10-16,-0.01,0.58,,0.33,,0.09,0.48,-0.64
2007-10-17,-0.34,0.18,,1.22,,0.31,0.55,-0.03
2007-10-18,-0.36,0.2,,1.38,,0.49,0.58,-0.12
2007-10-19,0.62,1.16,,1.52,,0.73,0.66,0.08
2007-10-22,0.31,0.96,,1.43,,0.76,0.74,0.17
2007-10-23,0.01,0.65,,1.34,,0.67,0.67,0.09
2007-10-24,0.08,0.8,,0.92,,0.78,0.75,0.59
2007-10-25,0.15,1.04,,0.78,,0.73,0.73,0.51
2007-10-26,-0.25,0.82,,1.57,,0.7,0.72,0.38
2007-10-29,-0.19,1.02,,1.46,,0.67,0.7,0.18
2007-10-30,0.09,1.14,,2.38,,0.65,0.68,-0.0
2007-10-31,-0.54,0.24,,3.44,,0.6,0.77,-0.41
2007-11-01,0.59,1.08,,4.0,,0.91,0.97,0.22
2007-11-02,0.53,0.67,,3.74,,1.13,1.12,0.43
2007-11-05,0.83,1.0,,3.49,,1.19,1.27,0.34
2007-11-06,0.09,0.37,,3.55,,1.12,1.36,0.05
2007-11-07,1.34,1.26,,3.34,,1.32,1.57,0.67
2007-11-08,1.23,1.92,,2.98,,1.64,1.72,0.93
2007-11-09,1.77,2.63,,1.81,,1.87,1.87,0.91
2007-11-12,2.34,3.11,,2.45,,1.85,1.85,
2007-11-13,0.6,1.68,,2.1,,1.94,1.94,0.24
2007-11-14,1.04,2.04,,1.27,,1.86,1.92,-0.27
2007-11-15,1.53,2.37,,0.91,,2.33,2.08,0.19
2007-11-16,0.87,1.29,,0.39,,2.58,2.18,-0.05
2007-11-19,0.98,1.6,,0.03,,3.08,2.39,0.07
2007-11-20,0.68,1.51,,0.7,,3.2,2.48,0.65
2007-11-21,1.16,1.66,,0.81,,3.42,2.67,0.86
2007-11-22,,,,,,3.25,2.61,
2007-11-23,0.82,1.61,,1.26,,2.96,2.49,0.84
2007-11-26,1.66,2.32,,1.19,,3.05,2.61,1.97
2007-11-27,0.94,1.59,,0.73,,2.82,2.66,2.43
2007-11-28,0.35,1.06,,0.87,,2.4,2.61,1.94
2007-11-29,0.3,0.89,,1.28,,2.3,2.67,2.4
2007-11-30,-0.02,0.98,,1.47,,2.25,2.5,2.19
2007-12-03,0.18,1.22,,1.77,,2.28,2.51,2.49
2007-12-04,0.23,0.98,,1.42,,2.3,2.51,2.83
2007-12-05,-0.12,0.44,,1.01,,2.16,2.51,2.59
2007-12-06,-0.55,-0.12,,0.56,,1.96,2.51,2.35
2007-12-07,-0.57,-0.43,,0.71,,1.66,2.36,2.35
2007-12-10,-0.6,-0.27,,0.95,,1.49,2.27,1.37
2007-12-11,0.19,0.3,,0.73,,1.65,2.29,2.26
2007-12-12,-0.11,0.15,,0.54,,1.5,2.12,2.32
2007-12-13,-0.09,0.01,,0.76,,1.42,2.09,2.0
2007-12-14,0.1,0.11,,0.47,,1.32,1.98,1.95
2007-12-17,0.45,0.66,,0.18,,1.35,1.93,1.86
2007-12-18,-0.05,0.35,,-0.29,,1.44,1.87,1.97
2007-12-19,-0.31,-0.19,,-0.4,,1.48,1.81,2.29
2007-12-20,-0.6,-0.67,,-1.03,,1.56,1.8,2.59
2007-12-21,-1.19,-1.27,,-1.63,,1.36,1.7,1.97
2007-12-24,-1.14,-1.1,,-1.44,,1.28,1.66,1.82
2007-12-25,,,,,,,,
2007-12-26,-1.11,-1.11,,-1.41,,1.17,1.61,1.62
2007-12-27,-0.61,-0.78,,-0.13,,1.21,1.57,1.56
2007-12-28,-0.45,-0.46,,0.26,,1.32,1.53,1.68
2007-12-31,0.1,0.16,,1.03,,1.55,1.49,1.71
2008-01-01,,,,,,,,
2008-01-02,0.3,0.49,,1.24,,1.76,1.53,1.83
2008-01-03,0.09,0.32,,1.01,,1.81,1.53,1.62
2008-01-04,0.53,0.88,,0.46,,2.0,1.61,1.2
2008-01-07,0.5,1.08,,0.63,,2.05,1.65,0.81
2008-01-08,0.99,1.43,,0.46,,2.05,1.64,0.44
2008-01-09,0.59,0.7,,0.26,,2.25,1.79,0.63
2008-01-10,0.39,0.58,,0.12,,2.04,1.74,0.48
2008-01-11,0.45,0.85,,-0.27,,2.03,1.69,0.76
2008-01-14,0.22,0.64,,-0.11,,1.94,1.6,0.73
2008-01-15,0.36,0.47,,0.13,,1.97,1.63,0.78
2008-01-16,0.69,0.86,,0.11,,2.0,1.63,0.82
2008-01-17,1.95,1.47,,-0.3,,2.1,1.69,0.92
2008-01-18,1.53,1.2,,-0.49,,2.08,1.71,1.0
2008-01-21,,,,,,2.02,1.66,
2008-01-22,2.6,2.55,,1.1,,2.28,1.85,1.49
2008-01-23,1.96,2.06,,-0.09,,2.28,1.86,2.29
2008-01-24,1.57,1.56,,-0.11,,1.85,1.71,2.5
2008-01-25,1.91,1.92,,-0.4,,1.68,1.66,2.68
2008-01-28,1.5,1.56,,-0.06,,1.67,1.58,2.21
2008-01-29,1.34,1.59,,-0.4,,1.46,1.51,1.79
2008-01-30,1.39,1.3,,-0.82,,1.36,1.5,1.11
2008-01-31,0.97,1.11,,-0.94,,1.49,1.5,1.38
2008-02-01,0.35,0.41,,-1.08,,1.46,1.46,0.98
2008-02-04,0.88,0.93,,-0.85,,1.39,1.46,0.84
2008-02-05,1.48,1.38,,-0.57,,1.49,1.43,0.99
2008-02-06,1.64,1.41,,-0.55,,1.48,1.39,0.98
2008-02-07,1.25,1.11,,-0.85,,1.46,1.43,1.13
2008-02-08,1.32,0.73,,-0.69,,1.56,1.43,1.21
2008-02-11,1.18,0.46,,-0.5,,1.64,1.46,1.05
2008-02-12,0.8,0.22,,-0.29,,1.6,1.46,0.98
2008-02-13,0.38,-0.53,,-0.67,,1.58,1.46,0.86
2008-02-14,0.55,-0.25,,-0.88,,1.42,1.43,0.76
2008-02-15,0.38,-0.23,,-1.07,,1.44,1.43,0.84
2008-02-18,,,,,,1.42,1.41,
2008-02-19,0.53,0.1,,-0.02,,1.35,1.38,0.86
2008-02-20,0.15,-0.18,,0.79,,1.33,1.4,1.12
2008-02-21,0.36,-0.25,,0.31,,1.41,1.41,1.36
2008-02-22,-0.0,-0.45,,0.2,,1.39,1.42,1.38
2008-02-25,-0.36,-0.36,,-0.01,,1.22,1.4,1.22
2008-02-26,-0.74,-0.58,,-0.02,,1.16,1.41,0.81
2008-02-27,-0.5,-0.87,,-0.13,,1.15,1.42,0.52
2008-02-28,-0.24,-0.43,,0.45,,1.33,1.51,0.6
2008-02-29,0.78,0.14,,0.26,,1.61,1.66,1.05
2008-03-03,0.68,0.45,,0.79,,1.67,1.75,0.89
2008-03-04,0.4,0.06,,0.25,,1.65,1.9,1.04
2008-03-05,0.06,-0.19,,1.14,,1.54,2.01,1.46
2008-03-06,1.08,0.58,,1.32,,1.63,2.26,1.73
2008-03-07,1.04,0.33,,1.16,,1.75,2.32,1.75
2008-03-10,1.67,0.99,,1.72,,1.89,2.44,1.57
2008-03-11,0.58,0.08,,2.04,,1.71,2.51,0.86
2008-03-12,0.88,0.54,,2.21,,1.87,2.5,0.79
2008-03-13,0.88,0.47,,2.0,,1.98,2.62,1.21
2008-03-14,2.21,1.14,,2.0,,2.06,2.69,1.42
2008-03-17,2.48,1.42,,3.49,,2.26,2.77,1.48
2008-03-18,0.23,-0.06,,2.18,,1.95,2.62,0.95
2008-03-19,1.61,0.85,,3.18,,1.88,2.55,0.98
2008-03-20,0.5,0.13,,2.43,,1.87,2.51,0.89
2008-03-21,,,,,,,,
2008-03-24,0.21,0.02,,1.54,,1.48,2.31,1.01
2008-03-25,0.23,0.17,,1.35,,1.34,2.17,0.97
2008-03-26,0.35,0.4,,1.2,,1.34,2.08,0.79
2008-03-27,0.28,0.34,,1.33,,1.25,2.04,0.46
2008-03-28,0.23,0.13,,0.96,,1.28,1.98,0.03
2008-03-31,0.19,0.19,,1.14,,1.49,1.95,-0.03
2008-04-01,-0.84,-0.65,,1.21,,1.25,1.84,-0.33
2008-04-02,-0.56,-0.39,,1.25,,1.05,1.68,-0.05
2008-04-03,-0.63,-0.5,,1.42,,0.94,1.58,-0.58
2008-04-04,-0.88,-0.93,,1.11,,0.9,1.46,-0.59
2008-04-07,-0.87,-0.71,,1.7,,0.63,1.31,-1.2
2008-04-08,-0.87,-0.75,,1.45,,0.66,1.26,-1.57
2008-04-09,-0.71,-0.54,,1.49,,0.79,1.28,-1.53
2008-04-10,-0.99,-0.82,,1.46,,0.76,1.26,-1.59
2008-04-11,-0.47,-0.2,,0.62,,0.81,1.26,-1.45
2008-04-14,-0.34,0.06,,1.0,,0.77,1.23,-1.59
2008-04-15,-0.71,-0.22,,1.14,,0.65,1.14,-1.37
2008-04-16,-1.48,-0.88,,1.16,,0.41,1.09,-0.26
2008-04-17,-1.53,-1.33,,1.15,,0.27,1.01,0.19
2008-04-18,-1.6,-1.55,,0.98,,-0.01,0.85,-0.26
2008-04-21,-1.47,-1.37,,0.14,,-0.06,0.74,-0.99
2008-04-22,-1.32,-1.2,,0.93,,-0.16,0.67,-1.45
2008-04-23,-1.5,-1.01,,0.53,,-0.21,0.59,-1.69
2008-04-24,-1.55,-1.45,,0.42,,-0.41,0.52,-1.39
2008-04-25,-1.67,-1.55,,0.47,,-0.56,0.47,-1.23
2008-04-28,-1.61,-1.42,,0.82,,-0.57,0.39,-1.28
2008-04-29,-1.39,-1.32,,0.76,,-0.59,0.32,-1.53
2008-04-30,-1.21,-1.14,,0.56,,-0.63,0.21,-2.01
2008-05-01,-1.8,-1.69,,0.61,,-0.75,0.09,-2.21
2008-05-02,-2.02,-2.13,,0.59,,-1.07,-0.05,-2.35
2008-05-05,-1.79,-1.81,,0.9,,-1.11,-0.1,-2.44
2008-05-06,-2.0,-2.0,,0.55,,-1.08,-0.12,-2.25
2008-05-07,-1.51,-1.47,,0.49,,-1.1,-0.14,-1.82
2008-05-08,-1.6,-1.58,,0.34,,-0.93,-0.13,-1.55
2008-05-09,-1.57,-1.45,,0.18,,-0.84,-0.15,-1.43
2008-05-12,-2.01,-1.74,,0.21,,-0.86,-0.17,-1.56
2008-05-13,-1.9,-1.99,,0.34,,-1.15,-0.26,-1.37
2008-05-14,-1.93,-1.93,,0.01,,-1.37,-0.32,-0.98
2008-05-15,-2.24,-2.25,,0.5,,-1.29,-0.34,-1.08
2008-05-16,-2.11,-2.2,,0.33,,-1.41,-0.39,-1.25
2008-05-19,-1.9,-1.82,,0.41,,-1.46,-0.41,-1.53
2008-05-20,-1.7,-1.69,,0.13,,-1.31,-0.39,-1.57
2008-05-21,-1.4,-1.22,,0.43,,-1.38,-0.41,-1.58
2008-05-22,-1.51,-1.32,,0.78,,-1.46,-0.39,-1.27
2008-05-23,-1.1,-1.06,,0.38,,-1.24,-0.37,-1.29
2008-05-26,,,,,,-1.22,-0.39,
2008-05-27,-1.05,-1.13,,0.91,,-1.17,-0.37,-1.23
2008-05-28,-1.17,-1.31,,0.83,,-1.35,-0.42,-0.9
2008-05-29,-1.38,-1.53,,1.03,,-1.42,-0.52,-0.61
2008-05-30,-1.43,-1.63,,1.25,,-1.36,-0.53,-0.68
2008-05-31,,,,,,-1.41,-0.63,
2008-06-02,-0.9,-1.05,,1.42,,-1.14,-0.6,-0.65
2008-06-03,-0.77,-0.75,,1.05,,-0.94,-0.58,-0.5
2008-06-04,-0.61,-0.7,,0.78,,-0.93,-0.55,-0.53
2008-06-05,-1.16,-1.02,,0.91,,-1.2,-0.61,-0.4
2008-06-06,0.16,-0.06,,3.45,,-1.1,-0.63,-0.03
2008-06-09,0.06,0.16,,1.81,,-1.26,-0.73,0.67
2008-06-10,0.08,0.14,,2.37,,-1.4,-0.7,0.58
2008-06-11,0.33,0.37,,2.37,,-1.25,-0.68,0.28
2008-06-12,0.13,0.41,,2.7,,-1.45,-0.74,0.54
2008-06-13,-0.43,-0.23,,2.38,,-1.48,-0.75,0.82
2008-06-16,-0.48,-0.3,,2.57,,-1.48,-0.77,0.2
2008-06-17,-0.42,-0.38,,2.07,,-1.4,-0.82,0.13
2008-06-18,-0.09,0.0,,1.5,,-1.16,-0.74,0.02
2008-06-19,-0.26,-0.32,,1.58,,-1.13,-0.75,-0.19
2008-06-20,0.12,0.35,,1.67,,-0.84,-0.57,-0.12
2008-06-23,0.06,0.61,,0.98,,-0.73,-0.53,-0.18
2008-06-24,0.01,0.81,,1.02,,-0.32,-0.39,-0.29
2008-06-25,-0.35,0.21,,0.88,,-0.3,-0.36,-0.59
2008-06-26,0.47,1.12,,1.04,,0.1,-0.01,-0.34
2008-06-27,0.33,0.97,,0.81,,0.33,0.07,-0.4
2008-06-30,0.49,1.32,,1.11,,0.23,0.37,-0.79
2008-07-01,0.4,0.96,,1.42,,0.43,0.51,-0.62
2008-07-02,1.06,1.65,,1.3,,0.51,0.5,-0.31
2008-07-03,0.71,1.27,,0.85,,0.66,0.59,-0.8
2008-07-04,,,,,,0.66,0.57,
2008-07-07,0.99,1.41,,1.35,,0.87,0.56,-0.92
2008-07-08,0.22,0.77,,1.84,,1.04,0.7,-1.15
2008-07-09,0.84,1.35,,1.45,,0.96,0.8,-1.3
2008-07-10,0.95,1.4,,1.39,,1.08,0.84,-1.11
2008-07-11,1.49,1.75,,1.56,,1.05,0.99,-0.43
2008-07-14,1.74,2.15,,1.41,,1.08,0.98,-0.62
2008-07-15,1.74,2.05,,2.29,,1.35,1.28,-0.61
2008-07-16,0.77,1.18,,2.47,,1.27,1.47,-0.77
2008-07-17,0.78,1.11,,2.77,,0.94,1.41,-0.34
2008-07-18,0.51,1.28,,2.6,,0.77,1.41,-0.21
2008-07-21,0.23,1.05,,2.0,,0.66,1.37,-0.18
2008-07-22,-0.32,0.28,,1.82,,0.72,1.43,-0.62
2008-07-23,-0.26,0.4,,1.89,,0.51,1.29,-0.69
2008-07-24,0.48,0.56,,1.68,,0.86,1.41,-0.68
2008-07-25,0.31,0.18,,1.25,,0.81,1.42,-0.69
2008-07-28,0.81,0.55,,1.33,,1.17,1.53,-0.74
2008-07-29,0.06,0.06,,1.12,,1.23,1.53,-0.85
2008-07-30,-0.22,-0.13,,0.85,,1.22,1.54,0.29
2008-07-31,0.42,0.11,,0.8,,1.58,1.64,0.13
2008-08-01,0.3,0.03,,0.74,,1.83,1.64,-1.14
2008-08-04,0.66,0.57,,0.96,,1.84,1.64,-1.23
2008-08-05,-0.2,-0.05,,1.04,,1.76,1.62,-1.88
2008-08-06,-0.53,-0.47,,1.0,,1.63,1.61,-1.64
2008-08-07,-0.17,-0.33,,0.69,,1.8,1.64,-0.97
2008-08-08,-0.35,-0.49,,0.41,,1.73,1.61,-1.9
2008-08-11,-0.54,-0.49,,0.37,,1.58,1.58,-2.0
2008-08-12,-0.14,-0.38,,0.43,,1.62,1.66,-1.61
2008-08-13,0.01,-0.36,,0.62,,1.57,1.63,-1.44
2008-08-14,-0.44,-0.99,,0.57,,1.58,1.65,-1.45
2008-08-15,-0.72,-1.0,,0.9,,1.58,1.67,-1.39
2008-08-18,-0.18,-0.64,,0.52,,1.63,1.68,-1.3
2008-08-19,-0.05,-0.42,,0.12,,1.69,1.74,-1.51
2008-08-20,-0.37,-0.63,,-0.05,,1.76,1.83,-1.42
2008-08-21,-0.59,-0.74,,0.18,,1.69,1.82,-1.5
2008-08-22,-0.97,-0.98,,-0.15,,1.59,1.77,-1.43
2008-08-25,-0.14,-0.35,,0.02,,1.65,1.81,-1.43
2008-08-26,-0.33,-0.44,,0.54,,1.61,1.8,-1.53
2008-08-27,-0.6,-0.66,,0.8,,1.59,1.74,-1.85
2008-08-28,-0.72,-0.72,,0.97,,1.48,1.73,-1.89
2008-08-29,-0.26,-0.43,,1.19,,1.42,1.68,-1.83
2008-08-31,,,,,,1.5,1.67,
2008-09-01,,,,,,1.46,1.63,
2008-09-02,0.25,0.26,,0.39,,1.51,1.66,-1.82
2008-09-03,0.03,0.12,,0.02,,1.56,1.65,-1.48
2008-09-04,1.01,0.7,,-0.06,,1.61,1.64,-0.68
2008-09-05,0.62,0.39,,-0.06,,1.57,1.64,-0.95
2008-09-08,0.45,0.63,,-0.0,,1.41,1.56,-0.56
2008-09-09,1.5,1.0,,0.09,,1.47,1.63,0.06
2008-09-10,1.11,0.7,,0.0,,1.46,1.73,0.04
2008-09-11,1.04,0.54,,0.38,,1.51,2.06,0.23
2008-09-12,1.49,0.82,,0.06,,1.37,2.16,0.16
2008-09-15,3.48,2.05,,0.04,,2.0,3.22,2.98
2008-09-16,2.82,1.63,,1.47,,2.23,3.87,3.37
2008-09-17,4.26,3.0,,1.67,,2.57,3.96,2.72
2008-09-18,3.11,2.0,,2.16,,2.68,3.89,2.68
2008-09-19,2.68,2.34,,1.66,2.86,1.86,3.04,2.47
2008-09-22,2.99,2.58,,2.79,,1.81,2.74,2.11
2008-09-23,3.28,2.76,,2.05,,1.96,2.77,2.12
2008-09-24,2.97,2.62,,1.82,,2.21,2.82,2.3
2008-09-25,2.31,2.13,,1.4,,2.35,2.87,2.9
2008-09-26,2.64,2.56,,1.47,3.03,2.65,3.13,3.11
2008-09-29,4.69,4.98,,4.11,,3.02,3.05,3.72
2008-09-30,3.0,3.18,,2.84,,3.05,2.71,3.73
2008-10-01,2.9,3.05,,2.39,,3.13,2.68,3.12
2008-10-02,3.59,3.95,,2.28,,3.56,2.96,3.17
2008-10-03,3.31,3.65,,1.9,4.49,3.49,2.86,2.9
2008-10-06,3.99,4.12,,3.6,,3.8,2.95,3.17
2008-10-07,3.83,4.12,,3.19,,3.57,2.87,3.09
2008-10-08,3.92,4.24,2.13,2.73,,3.51,2.88,3.46
2008-10-09,4.18,4.41,2.21,2.42,,3.48,2.84,3.49
2008-10-10,4.28,4.12,3.27,3.81,5.13,3.97,3.23,3.6
2008-10-13,2.64,2.81,2.77,3.52,,3.64,3.04,
2008-10-14,2.53,2.87,2.1,3.27,,2.98,2.51,2.49
2008-10-15,3.52,3.49,2.08,3.06,,3.1,2.46,2.14
2008-10-16,3.14,3.2,1.93,3.45,,3.16,2.56,2.03
2008-10-17,3.13,2.92,1.91,2.6,4.46,3.07,2.58,1.68
2008-10-20,1.75,1.96,1.33,2.4,,2.82,2.51,1.25
2008-10-21,1.71,1.93,1.18,2.57,,2.72,2.43,1.26
2008-10-22,2.77,2.59,2.0,3.71,,2.66,2.35,1.5
2008-10-23,2.52,2.4,1.63,3.24,,2.64,2.28,2.07
2008-10-24,3.08,2.84,1.89,3.28,3.4,2.63,2.29,2.22
2008-10-27,2.95,2.71,1.96,2.88,,2.55,2.25,2.08
2008-10-28,2.06,1.84,1.95,3.56,,2.39,2.17,1.86
2008-10-29,2.15,1.95,1.85,2.29,,2.15,2.12,1.53
2008-10-30,1.69,1.55,1.68,2.24,,1.98,2.04,1.32
2008-10-31,1.47,1.34,1.43,2.17,3.04,2.0,1.88,1.25
2008-11-03,1.09,1.07,1.18,2.36,,1.97,1.82,1.16
2008-11-04,0.74,0.76,0.98,2.2,,1.87,1.75,1.1
2008-11-05,1.1,0.99,0.73,2.15,,1.78,1.63,1.39
2008-11-06,1.58,1.38,0.64,2.54,,1.76,1.58,0.75
2008-11-07,1.13,0.92,0.44,2.11,2.24,1.75,1.52,0.51
2008-11-10,1.31,1.09,0.46,2.15,,1.71,1.44,0.39
2008-11-11,1.36,1.2,0.42,2.08,,1.66,1.4,0.38
2008-11-12,1.59,1.39,0.5,1.5,,1.75,1.38,0.37
2008-11-13,1.2,0.99,0.7,1.63,,1.76,1.37,0.53
2008-11-14,1.51,1.41,0.84,1.42,2.06,1.74,1.32,0.69
2008-11-17,1.62,1.51,0.68,1.44,,1.76,1.33,0.65
2008-11-18,1.5,1.46,0.48,1.09,,1.85,1.34,0.71
2008-11-19,1.79,1.75,0.37,0.79,,1.96,1.37,0.7
2008-11-20,2.05,2.0,0.44,1.27,,2.11,1.46,1.1
2008-11-21,1.59,1.46,1.0,1.28,2.68,2.15,1.52,1.1
2008-11-24,1.17,1.01,1.08,1.16,,2.06,1.49,0.57
2008-11-25,0.96,0.82,0.88,1.35,,1.99,1.47,0.93
2008-11-26,0.65,0.57,0.66,0.35,,1.9,1.44,1.07
2008-11-27,,,,,,1.85,1.4,
2008-11-28,0.68,0.6,0.57,1.22,2.23,1.8,1.39,1.05
2008-11-30,,,,,,1.77,1.35,
2008-12-01,1.28,1.11,0.64,1.5,,1.79,1.35,1.01
2008-12-02,0.98,0.89,0.47,1.53,,1.74,1.36,1.06
2008-12-03,0.85,0.83,0.38,1.62,,1.73,1.35,0.99
2008-12-04,0.97,0.86,0.3,1.63,,1.72,1.34,1.02
2008-12-05,0.77,0.65,0.26,1.8,2.18,1.71,1.31,0.98
2008-12-08,0.68,0.54,0.17,1.72,,1.64,1.28,0.9
2008-12-09,0.68,0.5,0.06,2.03,,1.59,1.25,0.91
2008-12-10,0.51,0.34,0.14,1.8,,1.57,1.22,0.98
2008-12-11,0.5,0.23,0.22,2.0,,1.58,1.18,1.05
2008-12-12,0.4,0.2,0.15,1.53,1.95,1.62,1.15,1.01
2008-12-15,0.52,0.34,0.38,1.49,,1.69,1.12,0.82
2008-12-16,0.27,0.08,0.19,1.46,,1.57,1.1,0.38
2008-12-17,0.12,-0.06,0.19,1.53,,1.45,1.01,0.08
2008-12-18,-0.02,-0.18,-0.06,1.27,,1.35,0.94,0.34
2008-12-19,-0.17,-0.34,-0.32,1.01,1.67,1.26,0.88,0.35
2008-12-22,-0.21,-0.45,-0.41,1.04,,1.18,0.85,0.31
2008-12-23,-0.2,-0.39,-0.63,1.25,,1.08,0.8,0.27
2008-12-24,-0.26,-0.4,-0.66,1.14,,1.05,0.75,0.25
2008-12-25,,,,,,,,
2008-12-26,-0.33,-0.44,-0.43,1.06,1.17,0.98,0.73,0.23
2008-12-29,-0.32,-0.42,-0.18,1.41,,0.89,0.7,0.18
2008-12-30,-0.47,-0.57,-0.29,1.37,,0.71,0.63,0.17
2008-12-31,-0.59,-0.64,-0.4,0.96,,0.61,0.54,0.08
2009-01-01,,,,,,,,
2009-01-02,-0.66,-0.77,-0.55,0.86,1.2,0.53,0.51,-0.11
2009-01-05,-0.69,-0.79,-0.77,0.52,,0.42,0.43,-0.46
2009-01-06,-0.75,-0.78,-0.86,0.35,,0.23,0.28,-0.77
2009-01-07,-0.47,-0.55,-0.92,0.69,,0.15,0.18,-1.05
2009-01-08,-0.55,-0.6,-0.98,0.67,,0.19,0.09,-1.15
2009-01-09,-0.56,-0.58,-1.27,0.36,0.7,0.17,0.01,-1.54
2009-01-12,-0.39,-0.56,-1.43,0.34,,0.15,-0.05,-1.68
2009-01-13,-0.59,-0.67,-1.7,0.38,,0.17,-0.11,-2.17
2009-01-14,-0.2,-0.36,-1.77,0.04,,0.16,-0.11,-2.18
2009-01-15,-0.1,-0.35,-1.78,-0.01,,0.17,-0.12,-1.9
2009-01-16,-0.48,-0.68,-1.9,-0.16,0.71,0.1,-0.26,-2.0
2009-01-19,,,,,,0.08,-0.31,
2009-01-20,0.29,0.08,-1.43,0.34,,0.05,-0.31,-1.72
2009-01-21,-0.53,-0.5,-1.71,0.18,,0.0,-0.35,-1.3
2009-01-22,-0.49,-0.65,-1.82,0.3,,-0.03,-0.38,-1.26
2009-01-23,-0.51,-0.61,-1.17,0.24,0.9,-0.04,-0.43,-1.22
2009-01-26,-0.67,-0.77,-1.07,0.19,,-0.06,-0.52,-1.53
2009-01-27,-0.97,-0.94,-1.48,0.4,,-0.09,-0.68,-1.64
2009-01-28,-1.2,-1.29,-1.37,0.2,,-0.25,-0.87,-1.75
2009-01-29,-0.98,-1.02,-1.21,-0.01,,-0.35,-0.97,-1.38
2009-01-30,-0.81,-0.84,-1.01,-0.23,0.77,-0.39,-1.1,-0.9
2009-01-31,,,,,,-0.42,-1.24,
2009-02-02,-0.77,-0.72,-0.95,-0.19,,-0.4,-1.27,-0.89
2009-02-03,-1.0,-1.05,-1.08,-0.68,,-0.49,-1.37,-0.96
2009-02-04,-0.96,-1.08,-1.12,-0.93,,-0.6,-1.49,-0.61
2009-02-05,-0.99,-1.05,-1.14,-1.15,,-0.65,-1.55,-0.57
2009-02-06,-1.02,-1.15,-1.21,-1.08,0.56,-0.73,-1.67,-0.3
2009-02-09,-1.0,-1.02,-1.27,-1.24,,-0.8,-1.8,-0.66
2009-02-10,-0.73,-0.81,-1.27,-1.18,,-0.79,-1.83,-0.58
2009-02-11,-0.93,-0.92,-0.95,-1.27,,-0.77,-1.9,-1.05
2009-02-12,-1.23,-1.14,-0.89,-1.43,,-0.75,-1.81,-1.21
2009-02-13,-1.06,-1.02,-1.14,-1.71,0.55,-0.79,-1.76,-0.95
2009-02-16,,,,,,-0.88,-1.71,
2009-02-17,-0.52,-0.62,-0.39,-0.6,,-0.69,-1.6,-0.79
2009-02-18,-0.53,-0.67,-0.34,-0.55,,-0.63,-1.44,-0.9
2009-02-19,-0.64,-0.79,-0.86,-0.6,,-0.7,-1.37,-0.8
2009-02-20,-0.42,-0.59,-0.64,-0.83,0.77,-0.55,-1.12,-0.66
2009-02-23,-0.11,-0.32,-0.4,-0.67,,-0.51,-1.03,-0.92
2009-02-24,-0.76,-0.85,-0.59,-1.15,,-0.32,-0.79,-1.0
2009-02-25,-0.82,-0.84,-0.53,-1.57,,-0.35,-0.78,-0.65
2009-02-26,-0.8,-0.83,-0.7,-1.71,,-0.35,-0.72,-0.67
2009-02-27,-0.63,-0.68,-0.82,-1.6,0.75,-0.24,-0.67,-0.54
2009-02-28,,,,,,-0.25,-0.87,
2009-03-02,-0.03,-0.14,-0.43,-0.63,,0.0,-0.68,-0.61
2009-03-03,-0.19,-0.28,-0.91,-1.07,,0.13,-0.49,-0.57
2009-03-04,-0.49,-0.61,-1.09,-1.17,,0.22,-0.23,-0.51
2009-03-05,-0.22,-0.36,-0.95,-1.09,,0.39,-0.09,-0.63
2009-03-06,-0.28,-0.35,-0.76,-1.09,0.99,0.41,0.05,-0.72
2009-03-09,-0.23,-0.25,-0.95,-1.19,,0.51,0.28,-0.66
2009-03-10,-0.77,-0.76,-1.27,-0.37,,0.41,0.32,-0.9
2009-03-11,-0.84,-0.85,-1.34,-1.41,,0.21,0.34,-1.12
2009-03-12,-1.08,-1.06,-1.68,-1.33,,0.14,0.34,-1.12
2009-03-13,-0.93,-0.98,-1.71,-1.83,0.62,-0.01,0.33,-1.19
2009-03-16,-0.76,-0.71,-1.37,-1.25,,-0.27,0.24,-1.26
2009-03-17,-1.07,-1.04,-3.67,-1.45,,-0.3,0.22,-1.17
2009-03-18,-1.12,-1.08,-2.89,-1.67,,-0.07,0.26,-1.14
2009-03-19,-0.72,-0.77,0.04,-0.05,,-0.22,0.26,-1.73
2009-03-20,-0.46,-0.51,-0.44,-1.87,0.34,-0.22,0.3,-1.74
2009-03-23,-0.74,-0.79,-2.06,-1.45,,-0.32,0.3,-1.86
2009-03-24,-0.75,-0.75,-0.86,-2.0,,-0.38,0.28,-1.8
2009-03-25,-0.81,-0.83,-0.84,-1.92,,-0.48,0.33,-1.78
2009-03-26,-1.0,-0.9,-1.01,-2.04,,-0.57,0.3,-1.65
2009-03-27,-0.9,-0.78,-1.34,-1.96,0.27,-0.75,0.27,-1.69
2009-03-30,-0.37,-0.36,-1.25,-1.41,,-0.65,0.35,-1.67
2009-03-31,-0.52,-0.43,-1.61,-0.04,,-0.55,0.06,-1.61
2009-04-01,-0.74,-0.64,-1.41,-1.32,,-0.48,0.08,-1.72
2009-04-02,-0.8,-0.69,-1.01,-1.49,,-0.67,-0.0,-1.7
2009-04-03,-1.15,-0.96,-0.63,-1.56,0.17,-0.81,-0.01,-1.42
2009-04-06,-0.96,-0.8,-1.28,-1.82,,-0.85,-0.07,-1.28
2009-04-07,-1.03,-0.86,-1.44,-1.77,,-0.83,-0.12,-1.39
2009-04-08,-1.25,-0.94,-1.73,-1.89,,-0.86,-0.2,-1.33
2009-04-09,-1.59,-1.32,-2.16,-1.99,,-0.95,-0.38,-1.3
2009-04-10,,,,,0.06,,,
2009-04-13,-1.42,-1.15,-1.91,-1.68,,-0.95,-0.44,-1.38
2009-04-14,-1.45,-1.15,-1.91,-0.78,,-1.14,-0.58,-1.63
2009-04-15,-1.71,-1.4,-2.13,-1.81,,-1.19,-0.75,-1.66
2009-04-16,-1.8,-1.77,-2.08,-0.53,,-1.38,-0.93,-1.53
2009-04-17,-2.14,-2.14,-2.02,-2.21,-0.06,-1.63,-1.14,-1.29
2009-04-20,-1.12,-1.1,-1.77,-1.25,,-1.55,-1.25,-1.29
2009-04-21,-1.53,-1.43,-1.62,-1.75,,-1.44,-1.29,-1.25
2009-04-22,-1.32,-1.21,-1.65,-1.82,,-1.52,-1.37,-1.08
2009-04-23,-1.51,-1.54,-1.38,-1.77,,-1.62,-1.45,-1.08
2009-04-24,-1.57,-1.83,-1.33,-1.82,0.04,-1.88,-1.55,-0.87
2009-04-27,-1.24,-1.29,-1.28,-1.44,,-1.85,-1.59,-0.86
2009-04-28,-1.3,-1.35,-1.6,-1.53,,-1.96,-1.69,-0.96
2009-04-29,-1.7,-1.76,-1.68,-1.66,,-2.24,-1.91,-1.01
2009-04-30,-1.56,-1.79,-1.89,-1.71,,-3.08,-2.32,-0.86
2009-05-01,-1.78,-2.16,-1.89,-1.89,-0.2,-3.06,-2.43,-0.65
2009-05-04,-1.89,-2.09,-1.49,-1.94,,-3.02,-2.45,-0.69
2009-05-05,-2.07,-2.42,-1.59,-2.03,,-2.99,-2.56,-0.77
2009-05-06,-2.18,-2.35,-1.69,-2.02,,-2.93,-2.65,-0.76
2009-05-07,-1.91,-1.98,-1.65,-1.93,,-3.06,-2.82,-0.58
2009-05-08,-2.11,-2.09,-1.76,-2.11,-0.55,-2.96,-2.91,-0.5
2009-05-11,-1.89,-1.88,-2.15,-2.05,,-2.69,-2.75,-0.75
2009-05-12,-2.04,-2.1,-2.05,-2.03,,-2.52,-2.66,-0.66
2009-05-13,-1.64,-1.63,-1.7,-1.82,,-2.28,-2.53,-0.65
2009-05-14,-2.02,-2.1,-2.06,-1.87,,-2.15,-2.4,-0.77
2009-05-15,-1.66,-1.93,-2.07,-1.78,-0.34,-2.07,-2.32,-0.81
2009-05-18,-2.11,-2.45,-2.03,-2.06,,-2.05,-2.26,-0.8
2009-05-19,-2.27,-2.47,-1.97,-2.08,,-2.07,-2.3,-0.76
2009-05-20,-2.14,-2.3,-1.52,-2.06,,-2.12,-2.32,-0.75
2009-05-21,-1.7,-1.97,-0.95,-1.93,,-2.11,-2.29,-0.39
2009-05-22,-1.45,-1.78,-0.86,-1.92,-0.56,-2.13,-2.25,0.47
2009-05-25,,,,,,-2.05,-2.16,
2009-05-26,-1.73,-1.85,-1.18,-1.78,,-2.0,-2.19,0.41
2009-05-27,-1.42,-1.63,-1.24,-1.73,,-2.05,-2.23,1.27
2009-05-28,-1.49,-1.7,-1.07,-1.77,,-2.04,-2.26,1.42
2009-05-29,-1.92,-2.06,-0.76,-1.69,-0.66,-1.96,-2.3,1.29
2009-05-31,,,,,,-1.92,-2.32,
2009-06-01,-1.69,-1.77,-0.57,-1.56,,-2.01,-2.3,2.41
2009-06-02,-1.71,-1.74,-0.69,-1.55,,-2.02,-2.37,2.05
2009-06-03,-1.45,-1.55,-0.85,-1.28,,-1.96,-2.35,1.06
2009-06-04,-1.54,-1.58,-0.75,-1.18,,-1.96,-2.29,1.32
2009-06-05,-1.59,-1.59,-0.95,-1.19,-0.73,-2.03,-2.29,1.92
2009-06-08,-1.53,-1.48,-0.89,-1.11,,-2.0,-2.25,1.84
2009-06-09,-1.71,-1.69,-1.21,-1.14,,-1.93,-2.19,1.47
2009-06-10,-1.63,-1.63,-1.22,-1.03,,-1.94,-2.18,1.58
2009-06-11,-1.64,-1.59,-1.25,-0.99,,-1.87,-2.15,1.28
2009-06-12,-1.59,-1.64,-1.17,-1.04,-0.82,-1.82,-2.09,1.27
2009-06-15,-1.17,-1.05,-1.05,-0.98,,-1.77,-2.04,1.05
2009-06-16,-0.87,-1.06,-1.39,-0.91,,-1.69,-1.99,1.09
2009-06-17,-1.02,-1.18,-1.41,-0.89,,-1.55,-1.91,1.23
2009-06-18,-1.21,-1.38,-1.44,-0.93,,-1.51,-1.87,1.95
2009-06-19,-1.47,-1.63,-1.53,-1.03,-0.56,-1.46,-1.85,1.72
2009-06-22,-0.99,-1.09,-1.42,-0.86,,-1.36,-1.78,1.31
2009-06-23,-1.05,-1.18,-1.42,-0.96,,-1.3,-1.74,1.28
2009-06-24,-1.24,-1.42,-1.25,-1.03,,-1.27,-1.69,0.93
2009-06-25,-1.6,-1.67,-1.24,-1.29,,-1.22,-1.63,0.77
2009-06-26,-1.62,-1.74,-1.35,-1.33,-0.54,-1.19,-1.57,0.69
2009-06-29,-1.66,-1.7,-1.37,-1.22,,-1.17,-1.53,0.67
2009-06-30,-1.49,-1.63,-1.48,-1.07,,-1.32,-1.51,0.84
2009-07-01,-1.49,-1.58,-1.57,-1.04,,-1.31,-1.47,0.8
2009-07-02,-1.21,-1.35,-1.61,-0.78,,-1.27,-1.45,0.28
2009-07-03,,,,,-0.75,-1.24,-1.41,
2009-07-06,-1.04,-1.14,-1.47,-0.44,,-1.19,-1.37,0.25
2009-07-07,-0.74,-0.8,-1.43,-0.34,,-1.15,-1.34,-0.14
2009-07-08,-0.66,-0.81,-0.89,-0.11,,-1.06,-1.3,-0.22
2009-07-09,-0.88,-0.97,-1.35,-0.19,,-1.06,-1.28,-0.21
2009-07-10,-0.99,-1.07,-1.37,-0.23,-0.64,-1.0,-1.25,-0.22
2009-07-13,-1.4,-1.51,-1.63,-0.34,,-0.97,-1.24,-0.13
2009-07-14,-1.6,-1.59,-1.69,-0.48,,-1.02,-1.23,0.19
2009-07-15,-1.44,-1.7,-1.56,-0.58,,-1.09,-1.25,0.5
2009-07-16,-1.52,-1.77,-1.75,-0.68,,-1.05,-1.25,0.38
2009-07-17,-1.67,-1.82,-1.74,-0.76,-0.86,-1.09,-1.29,0.7
2009-07-20,-1.63,-1.69,-1.62,-0.76,,-1.09,-1.28,0.41
2009-07-21,-1.67,-1.66,-1.68,-0.79,,-1.1,-1.29,0.16
2009-07-22,-1.7,-1.57,-1.75,-0.76,,-1.13,-1.29,0.18
2009-07-23,-1.67,-1.39,-1.52,-0.97,,-1.23,-1.29,0.3
2009-07-24,-1.69,-1.56,-1.57,-1.13,-0.97,-1.25,-1.3,0.14
2009-07-27,-1.45,-1.35,-1.41,-0.91,,-1.29,-1.31,0.12
2009-07-28,-1.3,-1.38,-1.31,-0.86,,-1.31,-1.33,-0.02
2009-07-29,-1.19,-1.21,-1.29,-0.45,,-1.34,-1.35,-0.05
2009-07-30,-1.2,-1.11,-1.36,-0.5,,-1.37,-1.41,-0.08
2009-07-31,-1.09,-1.18,-1.01,-0.47,-1.08,-1.39,-1.44,-0.12
2009-08-03,-1.14,-1.13,-0.87,-0.16,,-1.48,-1.45,-0.02
2009-08-04,-1.24,-1.31,-0.31,-0.24,,-1.51,-1.48,-0.03
2009-08-05,-1.22,-1.23,-0.62,-0.29,,-1.54,-1.49,0.15
2009-08-06,-1.07,-1.06,-0.83,-0.37,,-1.54,-1.51,0.24
2009-08-07,-1.24,-1.31,-0.85,-0.45,-1.24,-1.59,-1.52,0.49
2009-08-10,-1.18,-1.17,-0.98,-0.38,,-1.57,-1.52,0.28
2009-08-11,-0.96,-1.06,-1.14,-0.27,,-1.52,-1.49,0.3
2009-08-12,-1.06,-1.13,-1.09,-0.39,,-1.44,-1.46,0.17
2009-08-13,-1.21,-1.24,-1.04,-0.49,,-1.36,-1.45,0.08
2009-08-14,-1.29,-1.2,-1.14,-0.27,-0.93,-1.33,-1.42,0.01
2009-08-17,-0.46,-0.66,-1.05,-0.06,,-1.2,-1.35,-0.02
2009-08-18,-0.83,-0.96,-1.26,-0.5,,-1.18,-1.31,-0.4
2009-08-19,-0.8,-0.94,-1.11,-0.36,,-1.13,-1.29,-0.45
2009-08-20,-1.06,-1.21,-1.42,-0.22,,-1.1,-1.27,-0.67
2009-08-21,-1.06,-1.26,-1.13,-0.21,-0.85,-1.17,-1.28,-0.68
2009-08-24,-1.0,-1.1,-0.96,-0.25,,-1.16,-1.28,-0.77
2009-08-25,-1.03,-1.11,-0.97,-0.21,,-1.16,-1.29,-0.83
2009-08-26,-1.02,-0.99,-0.93,-0.05,,-1.17,-1.29,-1.09
2009-08-27,-1.07,-1.12,-0.94,-0.59,,-1.19,-1.29,-1.11
2009-08-28,-1.04,-1.13,-0.97,-0.8,-1.03,-1.2,-1.29,-0.92
2009-08-31,-0.7,-0.53,-0.65,0.38,,-1.15,-1.26,-0.85
2009-09-01,0.18,0.07,-0.35,0.23,,-1.1,-1.23,-0.63
2009-09-02,0.14,0.13,0.91,0.05,,-1.05,-1.22,-0.5
2009-09-03,-0.36,-0.22,1.89,-0.34,,-1.06,-1.2,-0.7
2009-09-04,-0.9,-0.89,1.41,-0.45,-0.94,-1.12,-1.2,-1.07
2009-09-07,,,,,,-1.1,-1.19,
2009-09-08,-0.78,-0.7,1.33,0.22,,-1.13,-1.21,-1.31
2009-09-09,-1.19,-0.89,0.66,0.42,,-1.15,-1.2,-1.75
2009-09-10,-1.42,-1.19,0.53,-0.18,,-1.17,-1.23,-1.58
2009-09-11,-1.2,-1.01,0.99,-0.07,-1.09,-1.27,-1.26,-1.7
2009-09-14,-1.27,-1.12,0.73,0.06,,-1.42,-1.28,-1.59
2009-09-15,-1.4,-1.21,0.63,-0.52,,-1.58,-1.31,-1.41
2009-09-16,-1.28,-1.39,0.84,-1.12,,-1.78,-1.35,-1.18
2009-09-17,-1.28,-1.29,0.35,-1.12,,-1.76,-1.35,-1.28
2009-09-18,-1.16,-1.12,0.07,-1.37,-1.22,-1.83,-1.38,-1.29
2009-09-21,-1.1,-1.03,0.27,-1.44,,-1.79,-1.38,-1.44
2009-09-22,-1.42,-1.33,0.68,-1.79,,-1.82,-1.4,-1.45
2009-09-23,-1.26,-1.16,0.5,-1.42,,-1.83,-1.37,-1.74
2009-09-24,-0.7,-0.59,-0.12,-0.26,,-1.81,-1.36,-1.82
2009-09-25,-0.45,-0.63,-0.19,-0.28,-1.15,-1.76,-1.35,-1.75
2009-09-28,-0.7,-0.44,-0.61,-0.44,,-1.68,-1.32,-1.77
2009-09-29,-0.57,-0.46,-0.58,-0.52,,-1.68,-1.29,-1.48
2009-09-30,-0.39,-0.29,-0.21,0.06,,-1.63,-1.23,-1.51
2009-10-01,0.66,0.72,-0.22,0.19,,-1.44,-1.16,-1.53
2009-10-02,0.86,0.78,-0.23,0.02,-1.03,-1.33,-1.12,-1.71
2009-10-05,0.14,0.47,0.25,-0.03,,-1.35,-1.13,-1.76
2009-10-06,-0.32,-0.09,1.16,0.09,,-1.42,-1.18,-1.64
2009-10-07,-0.72,-0.5,0.74,-0.02,,-1.33,-1.16,-1.72
2009-10-08,-0.91,-0.57,1.1,-0.85,,-1.41,-1.16,-1.83
2009-10-09,-1.34,-1.21,0.51,-0.73,-1.08,-1.5,-1.17,-1.2
2009-10-12,-1.36,-1.37,0.27,-0.89,,-1.45,-1.15,
2009-10-13,-1.34,-1.32,0.24,-1.56,,-1.37,-1.13,-1.34
2009-10-14,-1.36,-1.44,-0.45,-1.3,,-1.49,-1.15,-1.12
2009-10-15,-1.8,-1.85,-0.52,-2.07,,-1.52,-1.16,-0.99
2009-10-16,-1.86,-1.92,-0.33,-3.15,-1.13,-1.48,-1.16,-0.99
2009-10-19,-1.78,-1.92,-0.26,-2.45,,-1.46,-1.16,-1.11
2009-10-20,-1.96,-2.07,-0.58,-2.12,,-1.44,-1.19,-1.38
2009-10-21,-1.41,-1.4,0.04,-1.73,,-1.47,-1.19,-1.2
2009-10-22,-2.03,-2.09,-0.71,-1.51,,-1.49,-1.22,-1.21
2009-10-23,-1.36,-1.6,-0.59,-1.8,-1.1,-1.52,-1.25,-1.08
2009-10-26,-0.45,-0.69,-0.2,-1.39,,-1.58,-1.28,-0.8
2009-10-27,-0.21,-0.25,-0.35,-1.61,,-1.44,-1.28,-1.03
2009-10-28,1.23,1.2,-0.06,-1.09,,-1.31,-1.26,-1.07
2009-10-29,-0.21,-0.22,-0.25,-1.68,,-1.32,-1.24,-0.87
2009-10-30,2.59,2.05,-0.04,-1.07,-0.99,-1.21,-1.22,-1.05
2009-10-31,,,,,,-1.24,-1.2,
2009-11-02,2.09,2.03,0.44,-0.85,,-1.22,-1.15,-1.02
2009-11-03,1.6,1.5,1.67,-0.93,,-1.19,-1.14,-0.98
2009-11-04,1.09,0.99,1.58,-1.26,,-1.22,-1.12,-0.83
2009-11-05,0.06,-0.02,0.58,-1.77,,-1.19,-1.14,-1.03
2009-11-06,-0.49,-0.63,0.02,-1.81,-0.99,-1.13,-1.12,-1.51
2009-11-09,-0.94,-1.12,0.21,-1.65,,-1.14,-1.14,-1.82
2009-11-10,-1.06,-1.18,0.25,-1.91,,-1.18,-1.17,-2.03
2009-11-11,-0.96,-1.34,0.42,-1.94,,-1.17,-1.16,
2009-11-12,-0.37,-0.82,0.68,-1.65,,-1.14,-1.16,-1.57
2009-11-13,-0.8,-1.42,0.19,-1.68,-1.14,-1.15,-1.15,-1.83
2009-11-16,-1.03,-1.29,1.18,-2.04,,-1.11,-1.19,-2.06
2009-11-17,-1.25,-1.79,0.62,-2.18,,-1.1,-1.19,-2.06
2009-11-18,-1.61,-1.79,1.05,-2.54,,-1.14,-1.19,-2.11
2009-11-19,-1.07,-1.09,0.97,-2.03,,-1.08,-1.19,-2.16
2009-11-20,-1.27,-1.49,1.23,-2.02,-1.08,-1.09,-1.2,-2.06
2009-11-23,-1.74,-1.7,1.61,-2.29,,-1.11,-1.2,-1.99
2009-11-24,-2.02,-1.91,0.72,-1.79,,-1.05,-1.15,-2.14
2009-11-25,-1.95,-1.94,1.46,-1.88,,-1.02,-1.16,-2.14
2009-11-26,,,,,,-1.0,-1.16,
2009-11-27,0.12,0.11,2.14,0.22,-1.06,-0.89,-1.01,-1.75
2009-11-30,-0.04,-0.23,1.73,-0.45,,-0.86,-0.9,-1.86
2009-12-01,-1.27,-0.94,1.86,-0.74,,-0.94,-0.89,-1.73
2009-12-02,-1.61,-1.27,1.83,-0.71,,-1.06,-1.0,-1.66
2009-12-03,-0.96,-0.55,1.81,-0.62,,-1.18,-1.11,-1.35
2009-12-04,-1.49,-0.98,2.88,-0.41,-1.08,-1.39,-1.22,-1.21
2009-12-07,-1.07,-0.67,2.49,0.0,,-1.33,-1.32,-1.48
2009-12-08,-0.33,-0.12,2.41,-0.08,,-1.23,-1.3,-1.64
2009-12-09,-0.79,-0.85,2.24,0.22,,-1.27,-1.34,-1.39
2009-12-10,-0.93,-0.91,1.78,0.18,,-1.36,-1.43,-1.31
2009-12-11,-1.23,-1.25,1.71,0.24,-1.09,-1.46,-1.52,-1.12
2009-12-14,-1.4,-1.38,0.88,-0.03,,-1.6,-1.73,-1.13
2009-12-15,-1.22,-1.15,1.05,-0.22,,-1.71,-1.81,-0.92
2009-12-16,-1.6,-1.36,0.63,-0.75,,-1.73,-1.82,-1.04
2009-12-17,-0.72,-0.92,1.39,-1.0,,-1.56,-1.78,-1.13
2009-12-18,-1.06,-1.39,1.17,-0.48,-1.14,-1.63,-1.86,-1.05
2009-12-21,-1.54,-1.78,0.9,-0.91,,-1.76,-1.88,-0.51
2009-12-22,-1.88,-2.21,0.65,-1.36,,-1.83,-1.96,-0.17
2009-12-23,-1.77,-2.15,-0.02,-1.92,,-1.87,-1.92,-0.49
2009-12-24,-1.81,-2.15,-0.13,-2.11,,-1.91,-2.0,-0.3
2009-12-25,,,,,-1.16,,,
2009-12-28,-1.58,-1.68,0.9,-1.64,,-1.93,-2.02,-0.06
2009-12-29,-1.51,-1.64,0.46,-1.82,,-1.9,-2.09,0.01
2009-12-30,-1.49,-1.56,0.33,-2.02,,-1.85,-2.09,-0.29
2009-12-31,-0.78,-1.07,-0.0,-1.56,,-1.97,-2.04,-0.05
2010-01-01,,,,,-1.13,,,
2010-01-04,-1.4,-1.23,0.32,-1.77,,-2.0,-2.1,-0.11
2010-01-05,-1.63,-1.48,-0.18,-2.07,,-2.02,-2.22,-0.38
2010-01-06,-1.66,-1.55,0.02,-1.97,,-2.17,-2.28,-0.03
2010-01-07,-1.65,-1.59,-0.24,-2.12,,-2.33,-2.33,-0.21
2010-01-08,-1.94,-1.95,-0.77,-2.69,-1.19,-2.3,-2.43,-0.82
2010-01-11,-2.11,-2.08,-1.21,-2.92,,-2.3,-2.47,-1.05
2010-01-12,-1.82,-1.73,-0.78,-2.38,,-2.14,-2.39,-1.06
2010-01-13,-1.92,-2.02,-1.31,-2.0,,-2.16,-2.32,-0.82
2010-01-14,-1.93,-2.03,-0.99,-2.4,,-2.11,-2.25,-1.18
2010-01-15,-1.78,-1.77,-0.91,-2.57,-1.15,-1.99,-2.13,-1.29
2010-01-18,,,,,,-1.95,-2.07,
2010-01-19,-1.84,-1.72,-0.97,-2.77,,-1.9,-1.96,-1.43
2010-01-20,-1.41,-1.22,-0.32,-2.04,,-1.77,-1.9,-1.37
2010-01-21,-0.12,-0.04,0.51,-1.67,,-1.61,-1.8,-1.4
2010-01-22,1.63,1.82,1.0,-1.07,-1.03,-1.39,-1.7,-1.3
2010-01-25,0.95,1.32,0.47,-1.41,,-1.27,-1.55,-1.29
2010-01-26,0.65,0.75,0.31,-1.27,,-1.21,-1.51,-1.2
2010-01-27,0.16,0.29,0.2,-1.13,,-1.23,-1.47,-1.39
2010-01-28,0.37,0.54,-0.11,-1.33,,-1.2,-1.39,-1.23
2010-01-29,0.67,0.86,0.1,-1.12,-0.96,-1.1,-1.35,-1.35
2010-01-31,,,,,,-0.95,-1.42,
2010-02-01,-0.03,0.33,0.09,-1.47,,-0.93,-1.24,-1.41
2010-02-02,-0.41,-0.13,-0.36,-1.43,,-0.91,-1.31,-1.53
2010-02-03,-0.36,-0.36,-0.63,-0.89,,-1.01,-1.29,-0.93
2010-02-04,1.2,0.95,1.46,0.04,,-0.79,-1.11,-0.83
2010-02-05,1.2,0.94,1.59,0.41,-1.0,-0.43,-0.93,-0.98
2010-02-08,1.33,1.27,1.27,0.31,,-0.35,-0.86,-1.05
2010-02-09,1.15,0.8,0.66,0.14,,-0.29,-0.79,-1.02
2010-02-10,0.97,0.7,0.88,-0.05,,-0.18,-0.77,-0.81
2010-02-11,0.5,0.07,0.64,-0.5,,-0.08,-0.7,-0.88
2010-02-12,0.07,-0.08,0.13,-0.49,-0.92,0.02,-0.68,-1.07
2010-02-15,,,,,,-0.0,-0.72,
2010-02-16,-0.09,-0.47,0.59,-0.44,,0.03,-0.65,-1.18
2010-02-17,-0.27,-0.65,0.37,-0.63,,-0.34,-0.69,-1.12
2010-02-18,-0.66,-0.92,0.01,-1.16,,-0.59,-0.79,-0.97
2010-02-19,-0.87,-0.84,0.03,-0.79,-1.05,-0.73,-0.89,-1.16
2010-02-22,-0.88,-0.97,-0.19,-1.04,,-0.82,-0.93,-1.45
2010-02-23,-0.35,-0.53,-0.05,-0.68,,-0.62,-0.97,-1.19
2010-02-24,-0.74,-0.87,-0.57,-1.06,,-0.64,-0.95,-1.23
2010-02-25,-0.79,-0.9,-0.94,-1.01,,-0.5,-0.87,-1.3
2010-02-26,-1.0,-1.16,-1.18,-1.2,-1.04,-0.47,-0.92,-1.37
2010-02-28,,,,,,-0.36,-0.83,
2010-03-01,-1.07,-1.21,-1.26,-0.77,,-0.44,-0.75,-1.52
2010-03-02,-1.12,-1.23,-1.01,-0.59,,-0.57,-0.92,-1.58
2010-03-03,-1.18,-1.26,-1.18,-0.67,,-0.63,-0.9,-1.5
2010-03-04,-1.21,-1.33,-1.75,-0.93,,-0.71,-0.88,-1.72
2010-03-05,-1.62,-1.71,-2.07,-1.15,-1.04,-0.92,-1.06,-1.43
2010-03-08,-1.45,-1.41,-1.79,-0.97,,-1.09,-1.16,-1.52
2010-03-09,-1.37,-1.34,-1.78,-0.96,,-1.14,-1.2,-1.63
2010-03-10,-1.14,-1.21,-1.33,-0.92,,-1.25,-1.24,-1.64
2010-03-11,-1.28,-1.18,-1.64,-1.05,,-1.24,-1.28,-1.65
2010-03-12,-1.46,-1.16,-1.63,-1.19,-1.15,-1.3,-1.32,-1.55
2010-03-15,-1.32,-1.2,-1.31,-0.82,,-1.25,-1.36,-1.45
2010-03-16,-1.43,-1.48,-1.51,-0.85,,-1.15,-1.4,-1.47
2010-03-17,-1.72,-1.76,-1.68,-1.04,,-1.22,-1.44,-1.75
2010-03-18,-1.79,-1.84,-1.86,-1.22,,-1.38,-1.54,-1.56
2010-03-19,-1.61,-1.55,-1.64,-1.16,-1.08,-1.43,-1.57,-1.16
2010-03-22,-1.61,-1.45,-1.85,-1.76,,-1.32,-1.54,-1.24
2010-03-23,-1.75,-1.64,-2.01,-1.8,,-1.34,-1.51,-1.2
2010-03-24,-1.27,-1.37,-1.12,-1.71,,-1.61,-1.61,0.12
2010-03-25,-0.92,-1.04,-1.3,-1.46,,-1.72,-1.7,0.07
2010-03-26,-1.14,-1.07,-1.48,-1.43,-1.05,-1.65,-1.73,-0.17
2010-03-29,-1.18,-1.07,-1.68,-1.38,,-1.64,-1.7,-0.2
2010-03-30,-1.32,-1.19,-1.95,-1.5,,-1.66,-1.67,-0.29
2010-03-31,-1.12,-1.13,-1.89,-1.45,,-1.49,-1.77,-0.39
2010-04-01,-1.14,-0.94,-2.05,-1.51,,-1.51,-1.74,0.13
2010-04-02,,,,,-1.02,,,
2010-04-05,-1.28,-1.01,-1.79,-1.37,,-1.86,-1.85,0.16
2010-04-06,-1.53,-1.25,-1.78,-1.55,,-1.85,-1.96,-0.02
2010-04-07,-1.36,-1.27,-1.35,-1.45,,-1.68,-1.88,0.39
2010-04-08,-1.38,-1.39,-1.4,-1.36,,-1.7,-1.86,0.16
2010-04-09,-1.47,-1.63,-1.2,-1.37,-1.05,-1.73,-1.91,0.1
2010-04-12,-1.63,-1.65,-1.53,-1.85,,-1.7,-1.96,-0.09
2010-04-13,-1.37,-1.74,-1.73,-1.75,,-1.71,-2.01,-0.26
2010-04-14,-1.55,-1.67,-1.74,-1.73,,-1.9,-2.12,-0.42
2010-04-15,-1.41,-1.45,-1.66,-1.75,,-1.98,-2.16,-0.58
2010-04-16,-0.54,-0.99,-1.2,-1.65,-1.03,-1.82,-2.05,-0.68
2010-04-19,-0.87,-0.93,-1.15,-1.18,,-1.74,-2.01,-0.73
2010-04-20,-1.4,-1.42,-1.55,-1.46,,-1.82,-2.04,-1.18
2010-04-21,-1.17,-1.43,-1.49,-1.48,,-1.74,-2.06,-0.98
2010-04-22,-1.09,-1.21,-1.48,-1.48,,-1.81,-1.94,-0.94
2010-04-23,-1.02,-1.26,-1.41,-1.73,-1.0,-1.9,-1.97,-0.34
2010-04-26,-0.71,-0.82,-1.44,-1.36,,-1.9,-1.85,-0.58
2010-04-27,1.12,-0.8,-1.4,-1.35,,-1.55,-1.66,0.11
2010-04-28,0.52,0.15,-0.56,-0.57,,-1.6,-1.54,-0.08
2010-04-29,-0.37,-0.38,-0.81,-0.89,,-1.49,-1.51,-0.52
2010-04-30,0.87,0.71,-0.42,-0.66,-0.9,-1.3,-1.48,-0.26
2010-05-03,0.24,0.39,-0.22,-0.67,,-1.36,-1.3,-0.46
2010-05-04,1.46,2.05,0.08,0.14,,-1.08,-1.04,0.17
2010-05-05,1.77,2.05,0.12,1.08,,-0.55,-0.72,1.06
2010-05-06,3.95,3.41,1.74,2.32,,0.24,0.23,3.47
2010-05-07,5.25,5.37,1.71,3.05,-0.66,0.71,0.87,2.94
2010-05-10,2.14,2.4,1.03,2.22,,0.22,0.32,2.01
2010-05-11,1.94,2.13,1.6,1.83,,0.41,0.49,1.15
2010-05-12,1.25,1.47,1.36,1.28,,0.05,0.33,0.76
2010-05-13,1.49,1.67,1.03,1.13,,-0.04,0.25,0.33
2010-05-14,2.44,2.38,1.64,2.19,-0.68,0.38,0.49,1.67
2010-05-17,2.25,2.33,1.69,2.29,,0.44,0.49,1.31
2010-05-18,2.7,2.95,1.59,2.64,,0.65,0.64,1.43
2010-05-19,2.89,3.19,1.81,2.76,,0.93,1.02,1.54
2010-05-20,4.37,4.33,2.87,3.13,,1.62,1.76,3.07
2010-05-21,3.13,3.38,1.87,2.56,-0.44,1.78,1.79,2.66
2010-05-24,2.68,2.73,1.19,2.51,,1.63,1.81,2.38
2010-05-25,2.01,2.1,1.17,2.57,,2.12,2.32,2.88
2010-05-26,2.0,2.03,0.85,2.01,,1.72,2.1,2.45
2010-05-27,1.15,1.1,0.3,1.41,,1.31,1.9,2.5
2010-05-28,1.48,1.27,0.08,1.33,-0.41,1.33,1.85,2.45
2010-05-31,,,,,,1.46,1.8,
2010-06-01,1.94,1.89,0.36,2.35,,1.54,1.95,2.18
2010-06-02,1.13,1.12,-0.12,1.69,,1.51,2.01,1.63
2010-06-03,1.01,0.89,-0.07,1.43,,1.28,1.84,1.5
2010-06-04,1.85,1.54,0.39,2.35,-0.49,1.64,1.96,1.66
2010-06-07,1.94,1.92,0.96,2.2,,1.68,1.91,1.59
2010-06-08,1.5,1.59,0.96,1.63,,1.8,2.02,1.78
2010-06-09,1.47,1.51,0.83,1.37,,1.74,2.02,1.54
2010-06-10,1.02,1.01,0.43,0.72,,1.58,2.01,1.21
2010-06-11,0.76,0.67,-0.09,0.78,-0.42,1.69,1.95,1.41
2010-06-14,0.72,0.68,-0.04,0.83,,1.48,1.8,1.12
2010-06-15,0.35,0.33,-0.19,0.49,,1.25,1.76,0.82
2010-06-16,0.36,0.27,-0.3,0.43,,1.14,1.67,0.49
2010-06-17,0.24,0.17,0.35,0.25,,1.04,1.59,0.41
2010-06-18,0.09,0.04,0.12,0.08,-0.58,0.89,1.51,0.34
2010-06-21,0.22,0.23,0.2,0.1,,0.66,1.34,-0.25
2010-06-22,0.51,0.39,0.26,0.12,,0.79,1.32,-0.41
2010-06-23,0.49,0.35,0.27,0.35,,0.91,1.35,-0.47
2010-06-24,0.86,0.68,0.24,0.46,,1.03,1.38,-0.45
2010-06-25,0.68,0.6,0.18,0.18,-0.53,1.04,1.35,-0.51
2010-06-28,0.73,0.69,0.45,0.33,,1.07,1.37,-0.55
2010-06-29,1.39,1.4,0.89,0.74,,1.28,1.39,-0.06
2010-06-30,1.41,1.38,0.68,0.79,,1.38,1.36,-0.08
2010-07-01,1.16,1.28,1.24,1.07,,1.42,1.34,0.27
2010-07-02,0.78,0.95,0.49,0.71,-0.37,1.33,1.27,-0.23
2010-07-05,,,,,,1.32,1.29,
2010-07-06,0.71,0.87,0.74,0.87,,1.31,1.18,-0.73
2010-07-07,0.33,0.39,0.15,0.43,,1.23,1.2,-0.41
2010-07-08,0.17,0.25,-0.44,0.09,,1.02,1.09,-0.48
2010-07-09,0.07,0.11,-0.63,-0.11,-0.52,0.84,0.98,-0.53
2010-07-12,-0.01,0.04,-1.02,-0.34,,0.78,0.92,-0.8
2010-07-13,-0.01,0.01,-0.85,-0.4,,0.53,0.77,-0.98
2010-07-14,0.03,0.08,-1.09,-0.35,,0.49,0.67,-1.1
2010-07-15,0.05,0.14,-1.43,-0.34,,0.56,0.66,-1.18
2010-07-16,0.19,0.17,-0.44,-0.19,-0.6,0.61,0.65,-0.91
2010-07-19,0.14,0.21,-0.38,-0.2,,0.6,0.64,-1.08
2010-07-20,-0.15,-0.07,-0.34,-0.48,,0.62,0.62,-1.15
2010-07-21,0.07,0.12,-0.32,-0.23,,0.55,0.57,-1.19
2010-07-22,-0.07,-0.09,-0.54,-0.28,,0.41,0.51,-1.15
2010-07-23,-0.24,-0.24,-0.39,-0.48,-0.52,0.27,0.36,-1.15
2010-07-26,-0.36,-0.26,-0.16,-0.37,,0.18,0.27,-1.31
2010-07-27,-0.31,-0.24,0.22,-0.4,,-0.01,0.08,-1.33
2010-07-28,-0.17,-0.16,-0.07,-0.26,,0.05,0.07,-1.39
2010-07-29,-0.2,-0.15,-0.59,-0.64,,0.06,0.01,-1.42
2010-07-30,-0.31,-0.25,-0.89,-0.66,-0.66,0.19,0.09,-1.21
2010-07-31,,,,,,0.21,0.13,
2010-08-02,-0.53,-0.41,-0.91,-0.65,,0.11,0.07,-1.24
2010-08-03,-0.45,-0.4,-1.02,-0.57,,0.12,0.05,-0.91
2010-08-04,-0.52,-0.47,-1.11,-0.63,,0.0,-0.0,-0.47
2010-08-05,-0.55,-0.47,-1.14,-0.71,,0.03,-0.02,-0.64
2010-08-06,-0.61,-0.54,-1.2,-0.79,-0.63,0.11,-0.03,-0.95
2010-08-09,-0.57,-0.53,-1.26,-0.73,,0.04,-0.1,-1.0
2010-08-10,-0.54,-0.46,-1.1,-0.6,,0.13,-0.02,-1.26
2010-08-11,-0.1,0.02,-0.81,-0.24,,0.43,0.06,-1.27
2010-08-12,-0.07,0.11,-0.9,-0.13,,0.5,0.1,-0.8
2010-08-13,-0.01,0.16,-1.02,-0.19,-0.51,0.56,0.03,-0.54
2010-08-16,-0.04,-0.01,-0.98,-0.06,,0.62,0.01,0.21
2010-08-17,-0.34,-0.2,-1.33,-0.4,,0.43,-0.07,0.04
2010-08-18,-0.32,-0.21,-1.19,-0.36,,0.34,-0.14,-0.26
2010-08-19,-0.04,-0.09,-1.08,-0.33,,0.4,-0.17,0.05
2010-08-20,-0.22,-0.29,-0.85,-0.43,-0.48,0.34,-0.19,0.24
2010-08-23,-0.22,-0.2,-1.01,-0.49,,0.36,-0.22,0.43
2010-08-24,0.08,0.11,-0.78,-0.26,,0.57,-0.14,0.6
2010-08-25,-0.07,-0.02,-0.62,-0.59,,0.54,-0.17,0.86
2010-08-26,0.02,0.15,-0.89,-0.64,,0.54,-0.14,1.16
2010-08-27,-0.54,-0.33,-1.04,-0.86,-0.46,0.24,-0.17,1.54
2010-08-30,-0.05,-0.07,-1.0,-0.7,,0.42,-0.14,1.55
2010-08-31,-0.29,-0.18,-0.72,-0.41,,0.48,0.04,1.0
2010-09-01,-0.74,-0.68,-1.2,-0.71,,0.13,-0.07,1.52
2010-09-02,-0.89,-0.91,-1.25,-0.86,,-0.14,-0.19,0.9
2010-09-03,-1.26,-1.31,-1.34,-0.99,-0.56,-0.52,-0.41,0.22
2010-09-06,,,,,,-0.6,-0.56,
2010-09-07,-0.79,-0.93,-1.24,-0.75,,-0.44,-0.61,0.46
2010-09-08,-0.91,-1.03,-1.18,-0.86,,-0.81,-0.74,0.67
2010-09-09,-1.01,-1.09,-1.31,-1.1,,-1.28,-0.85,0.99
2010-09-10,-1.17,-1.14,-1.32,-1.19,-0.69,-1.68,-0.98,1.17
2010-09-13,-1.31,-1.25,-1.48,-1.09,,-1.73,-1.2,1.01
2010-09-14,-1.21,-1.36,-0.96,-0.99,,-1.76,-1.33,0.77
2010-09-15,-1.1,-1.25,-1.16,-0.99,,-2.0,-1.26,0.82
2010-09-16,-1.15,-1.29,-0.91,-1.03,,-2.23,-1.38,0.91
2010-09-17,-1.07,-1.17,-0.95,-1.14,-0.71,-2.24,-1.4,0.89
2010-09-20,-1.16,-1.12,-0.98,-0.96,,-2.15,-1.52,0.87
2010-09-21,-0.97,-0.94,-0.96,-0.73,,-1.84,-1.51,0.26
2010-09-22,-0.92,-0.85,-1.13,-0.96,,-1.67,-1.37,-0.32
2010-09-23,-0.62,-0.7,-1.05,-1.0,,-1.56,-1.34,-0.41
2010-09-24,-1.04,-0.99,-0.94,-1.31,-0.64,-1.69,-1.31,-0.83
2010-09-27,-0.85,-0.79,-0.79,-1.07,,-1.51,-1.28,-0.64
2010-09-28,-0.87,-0.76,-0.81,-1.07,,-1.48,-1.25,-0.72
2010-09-29,-0.71,-0.62,-0.62,-1.06,,-1.68,-1.22,-0.61
2010-09-30,-0.6,-0.49,-0.6,-1.23,,-1.74,-1.19,-0.64
2010-10-01,-0.89,-0.73,-0.69,-1.12,-0.61,-1.82,-1.17,-0.5
2010-10-04,-0.6,-0.4,-0.47,-0.88,,-1.74,-1.14,0.44
2010-10-05,-1.06,-0.85,-0.14,-0.73,,-1.85,-1.22,-0.23
2010-10-06,-1.11,-0.81,-0.01,-0.96,,-1.89,-1.29,-0.1
2010-10-07,-1.08,-0.93,0.73,-0.59,,-1.91,-1.36,-0.33
2010-10-08,-1.3,-1.21,0.38,-0.6,-0.67,-1.89,-1.33,-1.05
2010-10-11,-1.74,-1.62,0.14,-0.29,,-1.88,-1.3,
2010-10-12,-1.75,-1.56,0.11,-0.27,,-1.94,-1.38,-1.2
2010-10-13,-1.74,-1.61,0.54,-0.26,,-2.08,-1.36,-0.89
2010-10-14,-1.49,-1.56,1.45,-0.5,,-2.19,-1.24,-0.54
2010-10-15,-1.75,-1.63,0.71,-0.12,-0.82,-2.19,-1.12,-0.18
2010-10-18,-1.7,-1.34,0.65,-0.58,,-1.9,-1.1,-0.02
2010-10-19,-1.18,-1.1,0.8,0.16,,-1.79,-1.08,-0.09
2010-10-20,-1.42,-1.16,0.47,-0.48,,-1.67,-0.96,-0.23
2010-10-21,-1.55,-1.29,0.79,0.08,,-1.81,-1.05,0.05
2010-10-22,-1.66,-1.49,0.44,-0.43,-0.7,-1.87,-1.14,0.36
2010-10-25,-1.29,-1.13,0.25,-0.15,,-1.98,-1.35,0.14
2010-10-26,-1.15,-1.01,0.32,-0.65,,-2.22,-1.44,0.91
2010-10-27,-0.98,-1.07,0.48,-0.58,,-2.3,-1.64,1.17
2010-10-28,-0.91,-1.02,0.71,-0.76,,-2.11,-1.5,1.02
2010-10-29,-0.79,-0.82,0.96,-0.5,-0.82,-1.91,-1.49,1.11
2010-10-31,,,,,,-1.57,-1.47,
2010-11-01,-0.58,-0.59,1.64,-0.15,,-1.46,-1.22,0.97
2010-11-02,-0.64,-0.58,1.32,0.09,,-1.49,-1.34,0.91
2010-11-03,-1.26,-1.34,0.67,-0.56,,-1.51,-1.34,-0.69
2010-11-04,-1.63,-1.65,1.18,-1.09,,-1.57,-1.48,-0.79
2010-11-05,-1.78,-1.99,0.98,-1.57,-0.73,-1.81,-1.61,-0.82
2010-11-08,-1.81,-2.03,1.89,-1.13,,-1.86,-1.77,-0.72
2010-11-09,-1.5,-1.93,3.21,-1.1,,-2.13,-1.92,0.11
2010-11-10,-1.74,-1.76,2.81,-1.66,,-1.77,-1.76,0.23
2010-11-11,-1.64,-1.75,2.27,-1.7,,-1.72,-1.75,
2010-11-12,-0.81,-0.45,2.44,-1.19,-0.81,-1.67,-1.57,0.85
2010-11-15,-0.96,-0.78,2.15,-1.01,,-1.83,-1.55,1.46
2010-11-16,0.03,0.06,2.2,0.84,,-1.22,-1.53,1.11
2010-11-17,-0.29,-0.13,1.35,1.03,,-1.19,-1.34,0.52
2010-11-18,-1.51,-1.33,0.91,-0.71,,-1.4,-1.66,0.86
2010-11-19,-1.75,-1.49,0.25,-1.35,-0.58,-1.34,-1.64,0.42
2010-11-22,-1.58,-1.47,0.3,-1.17,,-1.08,-1.62,0.01
2010-11-23,-0.64,-0.63,0.9,-0.55,,-0.69,-1.25,0.01
2010-11-24,-1.06,-0.98,0.49,-1.75,,-0.96,-1.23,1.06
2010-11-25,,,,,,-0.94,-1.2,
2010-11-26,0.05,-0.97,-2.0,-2.58,-0.57,-0.89,-1.35,1.02
2010-11-29,-0.22,0.06,0.99,-1.08,,-0.64,-0.79,0.95
2010-11-30,0.62,0.93,1.54,-0.21,,-0.14,-0.23,1.09
2010-12-01,-0.28,-0.02,1.53,-0.74,,-0.65,-0.4,1.9
2010-12-02,-1.09,-0.7,1.04,-0.93,,-0.87,-0.57,1.77
2010-12-03,-1.62,-1.36,0.65,-0.31,-0.61,-0.87,-0.74,1.06
2010-12-06,-1.57,-1.27,0.54,-0.46,,-0.78,-0.72,0.57
2010-12-07,-1.54,-1.14,0.65,0.05,,-1.43,-1.24,1.83
2010-12-08,-1.6,-1.3,0.71,-0.87,,-1.57,-1.57,1.96
2010-12-09,-1.74,-1.52,0.14,-1.27,,-1.57,-1.87,1.59
2010-12-10,-1.56,-1.59,-0.09,-1.28,-0.91,-1.68,-1.98,1.75
2010-12-13,-1.54,-1.74,-1.27,-2.05,,-1.54,-1.91,1.66
2010-12-14,-1.48,-1.64,-1.56,-2.17,,-1.88,-2.02,2.4
2010-12-15,-1.33,-1.43,-1.49,-2.45,,-1.88,-2.12,2.92
2010-12-16,-1.49,-1.61,-1.26,-2.67,,-1.72,-1.9,2.56
2010-12-17,-1.91,-1.91,-1.68,-3.19,-0.81,-1.47,-2.0,2.15
2010-12-20,-1.76,-1.91,-1.69,-3.14,,-1.49,-1.94,1.51
2010-12-21,-1.69,-2.0,-1.49,-3.38,,-1.51,-1.88,0.69
2010-12-22,-2.02,-2.04,-1.62,-3.36,,-1.61,-1.98,0.88
2010-12-23,-1.61,-1.68,-1.65,-3.18,,-1.77,-2.21,0.9
2010-12-24,,,,,-0.88,-1.73,-2.13,
2010-12-27,-1.15,-1.11,-1.12,-2.03,,-1.64,-1.92,0.82
2010-12-28,-1.19,-1.11,-0.46,-1.78,,-1.92,-2.01,1.19
2010-12-29,-1.25,-1.31,-0.06,-1.78,,-1.59,-1.82,1.27
2010-12-30,-1.14,-1.14,0.0,-0.99,,-1.77,-1.92,1.24
2010-12-31,-1.05,-0.83,-0.07,-0.87,-0.88,-1.52,-1.88,1.13
2011-01-03,-1.09,-0.98,-0.35,-1.49,,-1.75,-1.86,0.68
2011-01-04,-1.19,-1.05,-0.4,-0.42,,-1.87,-2.12,0.38
2011-01-05,-1.31,-1.26,-0.41,-0.89,,-2.26,-2.23,1.62
2011-01-06,-1.16,-1.23,-0.21,-0.41,,-2.15,-2.31,1.29
2011-01-07,-1.27,-1.1,-0.57,-0.69,-1.0,-1.84,-2.1,0.79
2011-01-10,-1.07,-1.1,-0.66,-0.96,,-1.67,-1.91,0.33
2011-01-11,-1.34,-1.35,-1.04,-1.5,,-1.81,-2.01,0.12
2011-01-12,-1.59,-1.6,-1.32,-1.7,,-1.91,-1.96,-0.05
2011-01-13,-1.49,-1.55,-0.58,-1.55,,-1.83,-1.91,-0.23
2011-01-14,-1.87,-1.93,-0.47,-2.11,-1.0,-1.94,-1.85,-0.23
2011-01-17,,,,,,-1.89,-1.94,
2011-01-18,-1.64,-1.9,-0.98,-2.03,,-1.89,-1.88,-0.11
2011-01-19,-0.97,-0.98,-0.85,-1.6,,-1.81,-1.96,-0.5
2011-01-20,-0.65,-0.44,-0.58,-1.51,,-1.97,-1.9,-0.08
2011-01-21,-0.42,-0.19,-0.33,-1.86,-1.04,-1.86,-1.98,-0.3
2011-01-24,-0.77,-0.77,-0.37,-1.55,,-1.86,-2.04,-0.44
2011-01-25,-0.78,-0.75,-0.5,-0.19,,-1.74,-1.85,-0.45
2011-01-26,-1.19,-1.13,-0.44,-1.1,,-1.9,-1.93,-0.46
2011-01-27,-1.38,-1.15,-0.44,-0.25,,-1.83,-1.87,-0.46
2011-01-28,0.41,0.56,-0.56,1.37,-0.93,-1.69,-1.7,-0.72
2011-01-31,0.19,0.63,-0.73,2.19,,-1.53,-1.41,-0.15
2011-02-01,-0.68,-0.17,-1.05,1.35,,-1.73,-1.5,-0.06
2011-02-02,-0.82,-0.22,-1.28,0.64,,-1.94,-1.72,0.44
2011-02-03,-1.09,-0.54,-1.02,0.79,,-2.03,-1.8,0.4
2011-02-04,-1.44,-1.07,-1.37,0.8,-1.14,-2.34,-2.12,0.66
2011-02-07,-1.25,-0.91,-1.76,0.49,,-2.35,-2.29,0.28
2011-02-08,-1.47,-1.16,-1.96,0.27,,-2.52,-2.32,0.25
2011-02-09,-1.42,-1.12,-1.8,-0.08,,-2.26,-2.23,0.05
2011-02-10,-1.3,-1.02,-1.91,-0.26,,-2.29,-2.26,0.15
2011-02-11,-1.48,-1.37,-1.69,-0.38,-1.27,-2.13,-2.29,-0.2
2011-02-14,-1.32,-1.21,-1.78,-0.13,,-2.08,-2.2,-0.36
2011-02-15,-1.07,-0.92,-1.86,0.03,,-2.03,-2.23,-0.46
2011-02-16,-0.86,-0.77,-1.85,0.47,,-2.03,-2.15,-0.38
2011-02-17,-0.92,-0.76,-1.72,0.31,,-1.92,-2.18,-0.51
2011-02-18,-0.98,-0.91,-1.32,0.22,-0.98,-1.93,-2.11,-0.55
2011-02-21,,,,,,-1.89,-2.05,
2011-02-22,1.35,1.96,-1.02,3.5,,-1.56,-1.89,-0.26
2011-02-23,2.01,2.37,-0.51,4.37,,-1.52,-1.74,-0.35
2011-02-24,1.55,1.96,-1.07,4.15,,-1.34,-1.6,-0.35
2011-02-25,0.46,0.46,-1.43,3.74,-0.54,-1.33,-1.56,-0.79
2011-02-28,0.03,0.43,-1.28,2.54,,-1.18,-1.52,-1.09
2011-03-01,1.4,1.54,-0.65,3.18,,-1.19,-1.39,-0.3
2011-03-02,1.22,1.48,-0.45,3.09,,-1.25,-1.45,-0.43
2011-03-03,0.14,0.19,-0.58,2.48,,-1.46,-1.61,0.0
2011-03-04,0.38,0.38,-0.59,3.38,-0.81,-1.24,-1.57,-0.68
2011-03-07,1.2,1.7,-0.46,3.21,,-1.22,-1.53,-0.69
2011-03-08,0.78,1.45,-0.63,2.82,,-1.29,-1.59,-1.08
2011-03-09,1.0,1.75,-0.9,2.44,,-1.12,-1.46,-1.09
2011-03-10,1.84,2.1,-0.66,2.31,,-0.81,-1.23,-0.7
2011-03-11,0.94,1.28,-0.45,1.94,-0.81,-0.73,-1.21,-0.98
2011-03-14,1.49,1.56,-0.31,1.81,,-0.61,-1.18,-1.06
2011-03-15,2.99,3.08,0.17,2.01,,-0.26,-0.78,-0.62
2011-03-16,4.72,4.24,0.05,2.03,,-0.1,-0.56,0.39
2011-03-17,3.18,3.11,-0.19,2.01,,-0.22,-0.55,0.39
2011-03-18,2.29,2.33,-0.2,1.73,-0.1,-0.37,-0.73,-0.05
2011-03-21,0.78,1.29,-0.67,1.2,,-0.55,-0.81,-0.67
2011-03-22,0.61,0.75,-0.83,0.96,,-0.58,-0.89,-1.14
2011-03-23,0.2,0.6,-0.72,0.67,,-0.56,-0.87,-1.17
2011-03-24,-0.25,0.12,-0.32,0.59,,-0.7,-0.95,-1.35
2011-03-25,-0.27,0.19,-0.65,0.35,-1.01,-0.79,-1.13,-0.9
2011-03-28,0.35,0.72,-0.56,0.27,,-0.84,-1.11,-0.85
2011-03-29,-0.15,0.41,-0.93,0.13,,-0.9,-1.19,-1.09
2011-03-30,-0.33,0.06,-1.19,0.05,,-0.81,-1.06,-1.34
2011-03-31,-0.31,-0.17,-0.45,0.32,,-0.77,-1.04,-1.17
2011-04-01,-0.44,-0.29,-0.96,0.19,-1.06,-0.88,-1.02,-1.57
2011-04-04,-0.39,-0.05,-1.19,0.08,,-0.87,-1.01,-1.8
2011-04-05,-0.48,-0.26,-0.82,-0.14,,-1.05,-1.22,-1.78
2011-04-06,-0.61,-0.31,-1.04,-0.1,,-1.26,-1.32,-1.21
2011-04-07,-0.5,-0.28,-1.21,-0.04,,-1.28,-1.43,-1.29
2011-04-08,-0.17,-0.11,-1.31,0.45,-1.23,-1.36,-1.54,-1.3
2011-04-11,-0.69,-0.35,-1.54,0.15,,-1.36,-1.53,-1.57
2011-04-12,-0.47,-0.22,-1.28,0.25,,-1.04,-1.39,-1.59
2011-04-13,-0.54,-0.55,-1.9,-0.06,,-0.97,-1.37,-1.69
2011-04-14,-0.8,-0.84,-1.65,-0.13,,-1.11,-1.35,-1.83
2011-04-15,-1.18,-0.91,-1.13,-0.27,-1.12,-0.83,-1.33,-1.85
2011-04-18,-0.49,-0.53,-0.41,-0.43,,-0.62,-1.18,-1.67
2011-04-19,-0.95,-1.35,-0.72,-0.56,,-0.57,-1.03,-1.89
2011-04-20,-1.24,-1.23,-0.65,-0.49,,-0.86,-1.15,-2.12
2011-04-21,-1.37,-1.44,-1.17,-0.53,,-0.88,-1.26,-2.13
2011-04-22,,,,,-1.14,,,
2011-04-25,-0.92,-0.94,0.91,-0.35,,-0.72,-1.24,-2.26
2011-04-26,-0.97,-0.73,0.09,-0.45,,-0.64,-1.23,-1.6
2011-04-27,-1.06,-0.99,0.45,-0.51,,-0.77,-1.21,-1.82
2011-04-28,-1.34,-1.28,0.49,-0.55,,-0.53,-1.19,-2.07
2011-04-29,-1.27,-1.15,2.32,-0.53,-1.4,-0.59,-1.17,-2.02
2011-04-30,,,,,,-0.37,-1.0,
2011-05-02,-0.77,-0.59,2.82,-0.28,,-0.43,-0.84,-2.01
2011-05-03,-0.5,-0.43,1.66,-0.3,,-0.33,-0.97,-1.55
2011-05-04,-0.35,-0.44,1.74,-0.31,,-0.31,-0.96,-1.5
2011-05-05,0.09,-0.25,3.14,1.69,,-0.12,-0.78,-1.13
2011-05-06,0.17,-0.2,2.58,1.45,-0.93,-0.05,-0.77,-1.03
2011-05-09,-0.32,-0.52,1.62,1.53,,0.03,-0.76,-1.2
2011-05-10,-0.81,-0.97,1.1,1.2,,-0.24,-0.74,-1.45
2011-05-11,-0.4,-0.85,1.32,1.6,,-0.07,-0.55,-1.07
2011-05-12,-0.75,-0.99,1.16,1.47,,-0.16,-0.53,-1.2
2011-05-13,-0.34,-0.48,1.49,0.97,-0.96,0.02,-0.51,-1.15
2011-05-16,0.12,-0.09,1.2,1.09,,-0.0,-0.31,-1.37
2011-05-17,-0.16,-0.23,0.99,0.73,,0.19,-0.29,-1.63
2011-05-18,-0.67,-0.75,0.44,0.7,,0.05,-0.27,-1.63
2011-05-19,-0.94,-0.95,-0.01,0.45,,0.13,-0.25,-1.36
2011-05-20,-0.19,-0.56,0.06,0.41,-0.85,0.27,-0.23,-1.33
2011-05-23,0.13,-0.2,0.53,0.68,,0.61,0.01,-1.52
2011-05-24,-0.05,-0.14,0.24,0.26,,0.76,0.04,-1.64
2011-05-25,-0.36,-0.59,0.05,0.04,,0.98,0.53,-1.7
2011-05-26,-0.75,-0.92,-0.51,-0.27,,1.57,0.81,-1.83
2011-05-27,-0.78,-1.05,-0.53,-0.4,-0.73,1.58,0.85,-1.82
2011-05-30,,,,,,1.58,0.88,
2011-05-31,-0.98,-1.19,-0.44,-0.41,,2.09,1.43,-2.03
2011-06-01,0.15,-0.18,0.23,-0.17,,2.41,1.72,-1.81
2011-06-02,0.06,-0.37,0.0,-0.51,,2.35,2.24,-1.35
2011-06-03,0.0,-0.3,-0.37,-0.7,-0.52,2.8,2.5,-1.39
2011-06-06,0.21,-0.07,0.51,-0.37,,2.78,2.55,-1.37
2011-06-07,0.04,-0.23,-0.32,-0.47,,2.82,2.58,-1.58
2011-06-08,0.33,0.08,-0.5,-0.64,,3.17,3.03,-1.12
2011-06-09,-0.07,-0.31,-0.82,-0.78,,2.97,2.93,-1.11
2011-06-10,0.36,0.04,-0.5,-0.5,-0.34,3.02,2.8,-1.0
2011-06-13,0.64,0.18,-0.21,-0.24,,3.01,2.88,-1.17
2011-06-14,0.1,-0.36,-1.26,-0.7,,2.45,2.52,-0.47
2011-06-15,1.29,0.9,0.06,-0.02,,2.93,3.0,-0.07
2011-06-16,1.79,1.64,0.24,-0.07,,3.24,3.01,0.18
2011-06-17,1.41,1.29,-0.16,0.08,-0.31,3.0,2.84,-0.1
2011-06-20,0.67,0.74,-0.43,-0.03,,2.94,2.85,-0.42
2011-06-21,0.23,0.13,-0.87,-0.08,,2.72,2.54,-0.6
2011-06-22,0.08,0.06,-0.8,-0.42,,2.5,2.58,-0.81
2011-06-23,0.37,0.25,-0.23,-0.39,,2.78,2.76,-0.23
2011-06-24,1.06,0.88,0.32,-0.27,-0.25,2.79,2.76,-0.06
2011-06-27,0.83,0.65,0.11,-0.37,,2.6,2.76,-0.18
2011-06-28,0.27,0.19,-0.38,-0.79,,2.12,2.35,0.55
2011-06-29,-0.48,-0.48,-1.11,-0.94,,1.71,1.99,0.28
2011-06-30,-0.75,-0.82,-1.4,-1.13,,1.36,1.52,0.52
2011-07-01,-0.99,-0.97,-1.55,-1.28,-0.97,1.1,1.08,0.74
2011-07-04,,,,,,1.07,1.06,
2011-07-05,-0.89,-0.81,-1.47,-1.21,,1.14,1.17,0.79
2011-07-06,-0.77,-0.76,-1.02,-1.13,,1.22,1.28,0.57
2011-07-07,-0.9,-0.8,-1.36,-1.12,,0.8,0.99,0.76
2011-07-08,-0.88,-0.88,-1.4,-1.12,-0.87,1.12,1.1,0.16
2011-07-11,0.09,0.14,-0.64,-0.37,,1.57,1.34,0.53
2011-07-12,0.67,0.76,0.25,-0.52,,1.63,1.56,0.83
2011-07-13,0.68,0.71,0.64,-0.43,,1.51,1.52,0.54
2011-07-14,1.03,0.74,0.42,-0.42,,1.26,1.36,0.7
2011-07-15,0.53,0.41,-0.23,-0.83,0.06,1.28,1.57,0.89
2011-07-18,1.09,0.98,1.11,-0.56,,1.33,1.65,0.77
2011-07-19,0.42,0.25,0.56,-0.92,,1.31,1.61,0.67
2011-07-20,0.37,0.49,0.4,-0.98,,1.08,1.57,0.14
2011-07-21,-0.22,-0.01,0.07,-0.99,,0.8,1.42,0.72
2011-07-22,-0.22,-0.19,-0.19,-1.1,-0.66,0.76,1.27,0.04
2011-07-25,0.69,0.63,0.95,-0.92,,0.69,1.24,0.47
2011-07-26,1.26,1.04,0.87,-0.93,,0.73,1.1,0.2
2011-07-27,2.81,2.67,1.29,-0.56,,0.64,1.08,0.98
2011-07-28,3.07,2.82,1.1,-0.29,,0.75,0.94,0.56
2011-07-29,3.57,3.13,1.42,-0.12,-0.58,1.1,1.04,0.84
2011-07-31,,,,,,1.25,1.13,
2011-08-01,2.66,2.21,1.42,0.1,,1.35,1.1,0.15
2011-08-02,2.99,2.73,1.7,0.42,,1.74,1.3,0.71
2011-08-03,2.27,2.22,1.57,0.02,,1.86,1.27,0.44
2011-08-04,4.93,4.57,2.84,2.74,,2.48,1.79,1.5
2011-08-05,4.41,4.63,2.41,2.44,1.07,2.55,1.85,3.17
2011-08-08,6.67,6.17,5.1,5.33,,3.65,3.37,5.21
2011-08-09,3.42,3.36,5.31,5.42,,3.99,3.66,3.42
2011-08-10,4.45,4.39,4.86,4.34,,3.83,3.77,2.1
2011-08-11,3.41,3.31,3.67,2.57,,3.66,4.03,3.13
2011-08-12,2.78,2.66,2.34,2.27,3.44,3.27,3.62,3.07
2011-08-15,1.96,1.72,1.94,1.5,,2.78,3.42,1.87
2011-08-16,2.05,1.86,2.39,1.35,,2.66,3.19,0.91
2011-08-17,1.79,1.74,1.87,1.12,,2.5,3.0,0.4
2011-08-18,3.27,3.31,2.27,3.25,,2.59,3.11,1.25
2011-08-19,3.1,3.34,2.71,2.76,1.41,2.57,3.08,1.84
2011-08-22,2.84,2.93,3.53,2.25,,2.48,2.9,2.21
2011-08-23,1.95,1.9,3.34,1.54,,2.54,3.08,2.26
2011-08-24,1.85,1.86,3.1,1.53,,2.42,3.04,2.2
2011-08-25,2.24,2.3,3.12,1.95,,2.3,2.78,2.31
2011-08-26,1.68,1.58,2.68,1.46,2.18,2.29,2.73,1.61
2011-08-29,1.24,1.22,2.46,1.1,,2.09,2.6,1.21
2011-08-30,1.28,1.18,2.28,0.96,,2.02,2.4,1.31
2011-08-31,1.1,1.07,1.89,0.89,,1.85,2.15,1.15
2011-09-01,1.1,1.05,1.41,0.66,,1.76,2.03,1.21
2011-09-02,1.32,1.24,1.75,0.99,1.29,1.78,2.0,1.24
2011-09-05,,,,,,1.74,1.94,
2011-09-06,1.65,1.58,2.38,1.24,,1.91,1.99,1.58
2011-09-07,1.19,1.19,2.27,0.88,,1.71,1.93,1.3
2011-09-08,1.27,1.23,2.23,0.97,,1.68,1.87,1.15
2011-09-09,1.72,1.75,2.62,1.43,2.15,1.73,1.93,1.25
2011-09-12,1.68,1.69,2.44,1.23,,1.81,2.05,1.08
2011-09-13,1.44,1.41,1.66,0.82,,1.74,2.01,0.89
2011-09-14,1.15,1.05,1.23,0.63,,1.62,1.95,0.78
2011-09-15,0.84,0.69,1.15,0.41,,1.52,1.89,0.83
2011-09-16,0.71,0.51,1.04,0.36,1.78,1.46,1.8,0.84
2011-09-19,0.89,0.75,1.28,0.91,,1.57,1.88,1.02
2011-09-20,0.88,0.72,1.25,0.89,,1.52,1.83,1.03
2011-09-21,1.36,1.13,1.08,1.07,,1.5,1.84,0.37
2011-09-22,1.76,1.79,1.41,2.07,,1.8,2.21,1.33
2011-09-23,1.7,1.69,2.32,1.89,2.43,1.81,2.25,1.41
2011-09-26,1.42,1.57,2.32,1.79,,1.75,2.17,1.65
2011-09-27,1.24,1.34,1.81,1.25,,1.63,2.04,1.59
2011-09-28,1.57,1.68,2.18,1.62,,1.69,2.0,1.16
2011-09-29,1.3,1.68,1.75,1.25,,1.77,1.94,0.88
2011-09-30,1.69,2.06,1.69,1.79,2.41,1.96,1.96,0.88
2011-10-03,1.9,2.17,1.63,2.06,,2.18,2.04,1.35
2011-10-04,1.38,1.65,1.68,1.82,,2.43,2.25,1.64
2011-10-05,1.04,1.24,1.54,1.31,,2.23,2.17,1.6
2011-10-06,0.86,1.01,1.3,0.98,,1.93,2.04,1.55
2011-10-07,0.83,0.96,1.02,0.92,2.76,1.73,1.84,1.3
2011-10-10,0.48,0.64,0.77,0.63,,1.7,1.79,
2011-10-11,0.44,0.58,0.68,0.6,,1.47,1.61,1.32
2011-10-12,0.26,0.35,0.53,0.64,,1.2,1.44,1.45
2011-10-13,0.18,0.1,0.38,0.65,,1.16,1.38,1.27
2011-10-14,-0.1,-0.11,0.14,0.36,0.86,1.0,1.27,1.5
2011-10-17,0.45,0.39,0.41,0.88,,0.97,1.18,1.39
2011-10-18,0.24,0.08,0.43,0.6,,0.94,1.16,1.28
2011-10-19,0.54,0.47,0.66,0.83,,0.77,0.98,0.99
2011-10-20,0.56,0.57,0.76,0.76,,0.7,0.93,1.07
2011-10-21,0.16,0.14,0.34,0.57,1.24,0.53,0.8,1.22
2011-10-24,-0.08,-0.23,0.08,0.29,,0.38,0.68,0.77
2011-10-25,0.24,0.14,0.45,0.58,,0.35,0.61,0.59
2011-10-26,-0.04,-0.0,0.55,0.49,,0.25,0.56,0.92
2011-10-27,-0.56,-0.55,0.11,0.04,,-0.09,0.22,1.22
2011-10-28,-0.68,-0.72,-0.14,-0.23,0.49,-0.08,0.16,1.12
2011-10-31,-0.06,-0.24,0.06,-0.04,,0.1,0.28,1.08
2011-11-01,0.5,0.35,0.35,0.34,,0.41,0.46,2.05
2011-11-02,0.24,0.14,0.4,0.2,,0.33,0.42,1.54
2011-11-03,-0.05,-0.23,0.38,-0.02,,0.22,0.37,1.21
2011-11-04,-0.11,-0.24,0.11,-0.2,1.58,0.21,0.38,0.88
2011-11-07,-0.17,-0.34,0.36,-0.11,,0.22,0.39,0.83
2011-11-08,-0.49,-0.57,0.19,-0.13,,0.14,0.41,0.73
2011-11-09,0.61,0.43,0.27,0.55,,0.38,0.57,1.43
2011-11-10,0.15,0.14,0.09,0.39,,0.34,0.58,1.61
2011-11-11,-0.25,-0.38,-0.08,0.22,1.39,0.32,0.57,
2011-11-14,-0.13,-0.2,-0.1,0.17,,0.28,0.61,1.5
2011-11-15,-0.14,-0.33,-0.31,-0.29,,0.32,0.66,0.96
2011-11-16,0.18,-0.05,-0.3,-0.28,,0.35,0.74,0.65
2011-11-17,0.3,0.32,0.01,-0.34,,0.42,0.85,1.29
2011-11-18,-0.09,-0.11,-0.23,-0.36,1.82,0.39,0.86,1.04
2011-11-21,0.02,0.05,0.18,-0.12,,0.58,1.04,0.74
2011-11-22,-0.14,-0.28,-0.29,-0.42,,0.7,1.23,0.26
2011-11-23,0.15,0.04,-0.27,-0.11,,0.84,1.31,0.37
2011-11-24,,,,,,0.83,1.29,
2011-11-25,0.21,0.01,-1.67,3.28,2.15,0.78,1.31,0.06
2011-11-28,-0.22,-0.29,-0.54,-0.3,,0.71,1.33,0.11
2011-11-29,-0.53,-0.42,-0.75,-0.6,,0.7,1.36,0.12
2011-11-30,-1.1,-1.09,-0.87,-0.91,,0.45,1.31,-0.34
2011-12-01,-1.23,-1.24,-1.07,-0.97,,0.28,1.23,-0.23
2011-12-02,-1.24,-1.16,-1.32,-1.19,1.06,0.19,1.07,-0.56
2011-12-05,-1.2,-1.14,-1.05,-1.3,,0.0,0.9,-1.26
2011-12-06,-1.16,-1.14,-1.18,-1.53,,-0.15,0.9,-1.42
2011-12-07,-1.08,-1.06,-1.3,-1.54,,-0.12,0.9,-1.28
2011-12-08,-0.71,-0.75,-1.11,-1.23,,-0.11,0.99,-1.21
2011-12-09,-1.63,-1.61,-1.62,-1.52,0.94,-0.22,1.05,-0.51
2011-12-12,-1.74,-1.86,-1.5,-1.22,,-0.08,1.15,-1.22
2011-12-13,-1.75,-1.66,-1.42,-1.39,,-0.09,1.14,-2.19
2011-12-14,-1.62,-1.49,-0.33,-0.58,,-0.03,1.18,-1.96
2011-12-15,-1.77,-1.71,-0.64,-0.34,,-0.06,1.16,-2.59
2011-12-16,-1.9,-1.93,-1.21,-0.96,1.42,0.0,1.14,-2.19
2011-12-19,-1.72,-1.74,-1.51,-1.02,,-0.01,1.12,-2.38
2011-12-20,-2.0,-2.0,-1.95,-1.44,,-0.29,1.1,-1.6
2011-12-21,-2.28,-1.98,-1.94,-1.88,,-0.42,1.09,-1.63
2011-12-22,-2.24,-1.99,-2.1,-1.93,,-0.53,0.95,-1.82
2011-12-23,-2.23,-2.02,-2.17,-1.89,0.92,-0.72,0.93,-1.19
2011-12-26,,,,,,,,
2011-12-27,-1.97,-1.77,-1.87,-1.65,,-0.72,0.91,-1.11
2011-12-28,-1.64,-1.56,-1.1,-1.3,,-0.65,0.77,-1.1
2011-12-29,-1.77,-1.61,-1.32,-1.28,,-0.74,0.69,-1.25
2011-12-30,-1.58,-1.56,-1.26,-1.24,0.91,-0.69,0.61,-1.68
2011-12-31,,,,,,-1.04,0.65,
2012-01-02,,,,,,,,
2012-01-03,-1.61,-1.54,-1.3,-0.97,,-1.43,0.45,-1.69
2012-01-04,-1.71,-1.69,-1.44,-1.14,,-1.54,0.37,-1.9
2012-01-05,-1.79,-1.74,-1.35,-1.17,,-1.52,0.28,-1.98
2012-01-06,-1.88,-1.84,-1.53,-1.42,0.67,-1.5,0.2,-2.73
2012-01-09,-1.75,-1.67,-1.45,-1.49,,-1.5,0.11,-2.96
2012-01-10,-1.76,-1.67,-1.41,-1.64,,-1.63,-0.05,-2.62
2012-01-11,-1.66,-1.59,-1.22,-1.59,,-1.46,0.0,-2.72
2012-01-12,-1.7,-1.61,-1.34,-1.38,,-1.54,-0.16,-2.71
2012-01-13,-1.59,-1.47,-1.38,-1.5,0.7,-1.32,-0.11,-2.36
2012-01-16,,,,,,-1.38,-0.2,
2012-01-17,-1.34,-1.3,-1.27,-1.73,,-1.33,-0.29,-2.63
2012-01-18,-1.51,-1.42,-1.33,-1.89,,-1.43,-0.46,-2.56
2012-01-19,-1.64,-1.54,-1.47,-1.69,,-1.72,-0.78,-1.97
2012-01-20,-1.84,-1.71,-1.59,-1.67,0.42,-1.83,-0.94,-1.46
2012-01-23,-1.73,-1.59,-1.43,-1.65,,-1.91,-1.26,-1.31
2012-01-24,-1.65,-1.5,-1.41,-1.6,,-1.85,-1.33,-1.69
2012-01-25,-1.69,-1.52,-0.97,-1.75,,-1.78,-1.4,-2.09
2012-01-26,-1.6,-1.46,-1.05,-1.7,,-1.82,-1.6,-2.09
2012-01-27,-1.57,-1.46,-1.2,-1.71,0.21,-1.78,-1.64,-2.06
2012-01-30,-1.4,-1.36,-1.09,-1.64,,-1.59,-1.59,-2.25
2012-01-31,-1.36,-1.3,-1.13,-1.51,,-1.62,-1.48,-2.18
2012-02-01,-1.47,-1.41,-0.99,-1.5,,-1.69,-1.58,-2.06
2012-02-02,-1.53,-1.4,-0.9,-1.52,,-1.63,-1.68,-2.18
2012-02-03,-1.63,-1.48,-1.07,-1.64,0.15,-1.81,-1.96,-1.61
2012-02-06,-1.49,-1.38,-1.02,-1.53,,-1.73,-1.96,-1.9
2012-02-07,-1.49,-1.34,-1.18,-1.34,,-1.85,-2.03,-1.31
2012-02-08,-1.38,-1.29,-1.12,-1.32,,-1.98,-2.1,-1.3
2012-02-09,-1.3,-1.31,-1.26,-1.28,,-2.04,-2.17,-0.95
2012-02-10,-0.96,-0.98,-1.32,-1.22,-0.22,-1.85,-1.98,-1.12
2012-02-13,-1.24,-1.21,-1.48,-1.14,,-1.98,-1.98,-1.24
2012-02-14,-1.14,-1.1,-1.45,-1.07,,-1.96,-1.98,-1.2
2012-02-15,-0.84,-0.68,-1.43,-0.86,,-1.92,-1.86,-1.35
2012-02-16,-1.16,-0.94,-1.43,-0.98,,-1.89,-1.74,-1.06
2012-02-17,-1.38,-1.14,-1.56,-1.1,0.01,-1.96,-1.86,-0.93
2012-02-20,,,,,,-1.9,-1.81,
2012-02-21,-1.28,-1.08,-1.18,-0.82,,-1.96,-1.81,-1.08
2012-02-22,-1.25,-1.1,-1.18,-0.96,,-1.88,-1.81,-1.03
2012-02-23,-1.46,-1.32,-1.18,-1.01,,-1.9,-1.76,-1.05
2012-02-24,-1.34,-1.32,-1.35,-0.9,-0.24,-2.01,-1.81,-1.17
2012-02-27,-1.16,-1.07,-1.29,-0.83,,-1.88,-1.76,-1.32
2012-02-28,-1.17,-1.03,-1.0,-0.91,,-1.89,-1.82,-1.36
2012-02-29,-1.07,-0.95,-0.24,-1.05,,-1.88,-1.92,-1.18
2012-03-01,-1.26,-1.16,-1.15,-0.92,,-1.88,-1.97,-1.04
2012-03-02,-1.22,-1.23,-1.28,-0.95,-0.27,-1.78,-1.98,-1.12
2012-03-05,-1.06,-0.94,-1.13,-0.86,,-1.68,-1.94,-1.17
2012-03-06,-0.55,-0.55,-0.88,-0.67,,-1.25,-1.75,-1.09
2012-03-07,-0.85,-0.73,-1.16,-0.89,,-1.33,-1.71,-1.11
2012-03-08,-1.03,-0.99,-1.11,-1.01,,-1.41,-1.72,-0.98
2012-03-09,-1.16,-1.16,-1.05,-1.1,-0.01,-1.41,-1.73,-1.21
2012-03-12,-1.38,-1.41,-1.08,-1.31,,-1.42,-1.73,-1.43
2012-03-13,-1.51,-1.44,-0.7,-1.37,,-1.52,-1.78,-1.11
2012-03-14,-1.39,-1.18,-0.65,-1.36,,-1.69,-1.9,0.14
2012-03-15,-1.34,-1.22,-1.34,-1.31,,-1.58,-1.88,-0.34
2012-03-16,-1.48,-1.35,-1.09,-1.4,-0.76,-1.56,-1.91,-0.2
2012-03-19,-1.34,-1.31,-1.44,-1.66,,-1.61,-1.89,0.43
2012-03-20,-1.22,-1.31,-1.24,-1.46,,-1.56,-1.87,0.53
2012-03-21,-1.29,-1.33,-1.35,-1.59,,-1.45,-1.81,0.23
2012-03-22,-1.19,-1.19,-1.18,-1.46,,-1.33,-1.68,0.05
2012-03-23,-1.3,-1.22,-1.24,-1.33,-0.48,-1.27,-1.63,-0.0
2012-03-26,-1.38,-1.33,-0.91,-1.35,,-1.27,-1.59,-0.03
2012-03-27,-1.11,-1.07,-1.1,-1.38,,-1.21,-1.55,-0.48
2012-03-28,-1.12,-1.0,-1.23,-1.27,,-1.19,-1.47,-0.78
2012-03-29,-1.11,-1.0,-1.49,-1.09,,-1.04,-1.4,-0.99
2012-03-30,-1.1,-1.01,-1.63,-1.06,-0.26,-1.13,-1.41,-0.63
2012-03-31,,,,,,-1.05,-1.38,
2012-04-02,-1.06,-1.12,-1.62,-1.13,,-1.03,-1.35,-0.94
2012-04-03,-1.04,-1.08,-1.24,-1.19,,-1.14,-1.32,0.04
2012-04-04,-0.87,-0.8,-0.9,-1.03,,-1.0,-1.22,0.1
2012-04-05,-0.81,-0.79,-1.23,-1.39,,-0.88,-1.12,0.02
2012-04-06,,,,,-0.16,,,
2012-04-09,-0.29,-0.15,-0.73,-0.97,,-0.56,-0.98,-0.86
2012-04-10,0.14,0.31,-0.4,-0.54,,-0.41,-0.85,-0.99
2012-04-11,0.07,0.25,-0.34,-0.74,,-0.43,-0.79,-0.82
2012-04-12,-0.67,-0.35,-0.94,-1.03,,-0.51,-0.85,-1.17
2012-04-13,-0.0,0.37,-1.01,-0.96,0.3,-0.46,-0.79,-1.27
2012-04-16,0.02,0.8,-0.83,-0.9,,-0.49,-0.77,-1.21
2012-04-17,-0.27,0.15,-1.16,-1.13,,-0.6,-0.79,-1.05
2012-04-18,-0.19,0.43,-1.37,-1.19,,-0.58,-0.74,-1.22
2012-04-19,-0.26,0.4,-1.45,-1.18,,-0.55,-0.76,-1.24
2012-04-20,-0.56,0.09,-1.69,-1.45,-0.22,-0.59,-0.7,-1.35
2012-04-23,0.01,0.62,-1.48,-1.47,,-0.46,-0.64,-1.4
2012-04-24,-0.29,0.53,-1.2,-1.63,,-0.56,-0.63,-1.23
2012-04-25,-0.76,-0.64,-1.36,-1.74,,-0.74,-0.65,-1.39
2012-04-26,-0.98,-0.94,-1.68,-2.02,,-0.7,-0.64,-2.1
2012-04-27,-0.94,-1.08,-1.87,-2.07,-0.3,-0.78,-0.62,-2.18
2012-04-30,-0.58,-0.43,-1.65,-1.84,,-0.72,-0.56,-2.26
2012-05-01,-0.8,-0.47,-1.86,-1.81,,-0.89,-0.59,-1.66
2012-05-02,-0.66,-0.58,-1.76,-1.78,,-0.88,-0.62,-1.88
2012-05-03,-0.34,-0.16,-1.22,-1.1,,-0.98,-0.65,-2.06
2012-05-04,0.39,0.87,-1.81,-0.45,-0.41,-0.92,-0.64,-2.71
2012-05-07,0.31,0.87,-1.72,-0.63,,-0.89,-0.57,-2.76
2012-05-08,0.4,1.02,-0.87,-0.62,,-0.73,-0.5,-2.55
2012-05-09,0.92,1.44,-0.06,-0.54,,-0.6,-0.43,-2.36
2012-05-10,0.35,1.1,-0.66,-0.72,,-0.7,-0.41,-2.42
2012-05-11,0.93,1.39,-0.52,-0.65,-0.04,-0.63,-0.33,-1.88
2012-05-14,1.98,2.32,0.47,0.05,,-0.33,-0.07,-0.73
2012-05-15,2.02,2.31,0.93,0.46,,-0.18,0.02,-1.05
2012-05-16,2.13,2.52,1.82,0.27,,0.08,0.31,-1.11
2012-05-17,3.11,3.49,2.03,0.69,,0.87,0.69,-0.63
2012-05-18,3.21,3.67,2.4,0.9,0.69,1.22,1.09,-0.61
2012-05-21,1.75,2.1,0.85,-0.19,,1.69,1.22,-0.8
2012-05-22,1.93,2.13,0.47,-0.27,,1.47,1.21,-0.56
2012-05-23,1.83,1.89,1.54,0.18,,1.98,1.43,-0.18
2012-05-24,1.49,1.91,1.62,-0.1,,1.85,1.49,-0.25
2012-05-25,1.57,1.77,1.12,-0.06,0.5,1.9,1.46,-0.49
2012-05-28,,,,,,1.9,1.49,
2012-05-29,1.23,1.47,1.47,0.15,,1.74,1.44,-0.78
2012-05-30,2.5,2.21,2.41,1.15,,2.22,1.73,-0.23
2012-05-31,2.36,2.33,2.13,1.69,,3.1,1.99,-0.03
2012-06-01,3.2,3.16,3.16,3.89,0.68,3.62,2.32,0.79
2012-06-04,2.82,2.82,3.04,2.69,,3.44,2.29,1.54
2012-06-05,2.2,2.11,2.27,1.99,,3.42,2.27,1.27
2012-06-06,1.25,1.18,1.8,1.6,,2.74,2.0,1.63
2012-06-07,1.08,1.18,1.66,1.96,,2.31,1.73,0.89
2012-06-08,0.89,0.74,1.21,2.1,0.62,2.23,1.63,1.36
2012-06-11,1.68,1.4,1.28,3.3,,2.02,1.53,1.39
2012-06-12,1.14,0.9,1.61,2.38,,1.96,1.59,1.59
2012-06-13,1.84,1.32,2.06,2.18,,1.93,1.56,1.65
2012-06-14,0.93,1.13,2.06,1.37,,1.71,1.45,1.85
2012-06-15,0.72,0.41,1.5,1.37,0.16,1.64,1.35,2.23
2012-06-18,-0.23,-0.32,0.45,1.03,,1.52,1.33,1.09
2012-06-19,-0.21,-0.47,0.38,0.47,,1.07,1.08,0.98
2012-06-20,-0.58,-0.91,0.1,0.92,,0.76,0.99,0.18
2012-06-21,0.38,0.06,0.63,1.64,,0.7,0.83,0.01
2012-06-22,-0.28,-0.48,0.27,1.0,-0.18,0.69,0.74,-0.11
2012-06-25,0.49,0.23,0.34,1.43,,0.89,0.81,-0.37
2012-06-26,0.27,0.1,0.34,0.81,,0.79,0.81,-0.56
2012-06-27,0.17,0.03,0.1,0.56,,0.65,0.8,-0.65
2012-06-28,0.25,0.3,0.37,0.85,,0.63,0.86,-0.63
2012-06-29,-0.64,-0.63,-0.1,0.95,-0.04,0.2,0.55,-0.28
2012-06-30,,,,,,0.4,0.54,
2012-07-02,-0.74,-0.67,-0.18,1.29,,0.42,0.38,-0.46
2012-07-03,-0.78,-0.67,2.39,1.27,,0.25,0.29,-0.36
2012-07-04,,,,,,0.21,0.28,
2012-07-05,-0.49,-0.7,-0.38,1.7,,0.25,0.2,-0.48
2012-07-06,-0.62,-0.63,-0.15,1.49,-0.23,0.34,0.19,-0.98
2012-07-09,-0.32,-0.32,-0.32,1.41,,0.34,0.18,-1.34
2012-07-10,-0.08,0.02,0.23,1.48,,0.22,0.1,-1.32
2012-07-11,-0.34,-0.09,-0.25,1.05,,0.14,0.02,-1.24
2012-07-12,-0.21,0.11,-0.21,0.69,,0.23,0.01,-1.26
2012-07-13,-0.74,-0.5,-0.55,0.55,-0.03,0.22,-0.15,-1.24
2012-07-16,-0.6,-0.35,-0.76,0.58,,0.16,-0.32,-1.27
2012-07-17,-0.81,-0.55,-0.89,0.89,,0.06,-0.49,-1.1
2012-07-18,-0.91,-0.75,-1.03,0.77,,-0.04,-0.66,-1.32
2012-07-19,-1.15,-1.02,-1.24,1.17,,-0.28,-0.91,-1.37
2012-07-20,-0.88,-0.8,-1.19,0.83,-0.37,-0.21,-0.84,-1.33
2012-07-23,-0.1,-0.02,-0.55,1.24,,0.06,-0.7,-1.27
2012-07-24,0.51,0.7,-0.01,1.0,,0.1,-0.72,-1.11
2012-07-25,0.11,0.22,0.0,0.66,,0.09,-0.74,-1.07
2012-07-26,-0.54,-0.24,-0.12,0.46,,-0.08,-0.84,-1.1
2012-07-27,-0.84,-0.78,-0.24,0.19,-0.09,-0.48,-1.27,-0.33
2012-07-30,-0.38,-0.4,-0.1,0.2,,-0.56,-1.37,-0.45
2012-07-31,-0.07,-0.22,-0.07,0.53,,-0.69,-1.37,-0.28
2012-08-01,-0.08,-0.28,-0.3,0.38,,-0.88,-1.46,0.22
2012-08-02,-0.61,-0.7,-0.71,0.28,,-0.8,-1.38,-0.3
2012-08-03,-1.33,-1.29,-1.3,0.18,-0.6,-1.18,-1.55,0.0
2012-08-06,-1.22,-1.26,-1.41,-0.12,,-1.21,-1.72,-0.24
2012-08-07,-1.21,-1.32,-1.34,-0.11,,-1.49,-1.79,0.25
2012-08-08,-1.46,-1.48,-1.43,-0.29,,-1.54,-1.85,0.41
2012-08-09,-1.47,-1.68,-1.44,-0.46,,-1.47,-1.83,0.23
2012-08-10,-1.66,-1.85,-1.43,-0.52,-0.68,-1.23,-1.87,-0.17
2012-08-13,-1.99,-2.29,-1.81,-0.8,,-1.27,-1.75,-0.5
2012-08-14,-1.55,-1.93,-1.83,-0.72,,-1.36,-1.86,-0.4
2012-08-15,-1.59,-2.07,-1.82,-0.38,,-1.46,-1.82,0.23
2012-08-16,-1.67,-1.99,-1.65,-0.25,,-1.4,-1.77,0.72
2012-08-17,-1.9,-2.24,-1.78,-0.38,-0.53,-1.37,-1.8,0.35
2012-08-20,-1.66,-1.91,-1.7,-0.56,,-1.44,-1.83,-0.11
2012-08-21,-1.3,-1.63,-1.12,-0.53,,-1.5,-1.79,-0.13
2012-08-22,-1.24,-1.52,-0.79,-0.43,,-1.33,-1.75,-0.51
2012-08-23,-0.94,-1.16,-0.49,-0.26,,-1.29,-1.7,-0.66
2012-08-24,-1.18,-1.16,-0.88,-0.21,-0.65,-1.32,-1.66,-0.54
2012-08-27,-0.79,-0.96,-0.87,0.14,,-1.3,-1.62,-0.54
2012-08-28,-0.73,-0.81,-1.0,0.03,,-1.26,-1.59,-0.77
2012-08-29,-0.54,-0.66,-1.01,-0.11,,-1.36,-1.56,-0.69
2012-08-30,-0.29,-0.38,-0.77,-0.31,,-1.29,-1.46,-0.31
2012-08-31,-0.41,-0.58,-0.5,-0.48,-0.47,-0.96,-1.37,-0.22
2012-09-03,,,,,,-0.96,-1.34,
2012-09-04,-0.25,-0.36,-0.48,0.1,,-1.07,-1.38,-0.42
2012-09-05,-0.33,-0.39,-0.41,0.09,,-1.15,-1.36,-0.26
2012-09-06,-1.03,-0.99,-0.55,0.19,,-1.44,-1.46,0.03
2012-09-07,-1.4,-1.43,-0.13,-0.24,-0.74,-1.58,-1.55,-0.28
2012-09-10,-0.79,-0.73,-0.1,-0.3,,-1.71,-1.57,-0.31
2012-09-11,-0.74,-0.66,0.09,-0.44,,-1.77,-1.59,-0.36
2012-09-12,-0.92,-0.89,0.29,-0.13,,-2.05,-1.67,-0.13
2012-09-13,-1.45,-1.17,-0.15,-0.28,,-2.02,-1.68,-0.71
2012-09-14,-1.27,-1.22,-0.6,0.09,-1.31,-2.42,-1.97,-0.37
2012-09-17,-1.22,-1.22,-0.51,0.63,,-2.28,-2.01,-0.89
2012-09-18,-1.32,-1.4,-0.58,0.67,,-2.17,-1.94,-1.49
2012-09-19,-1.38,-1.42,-0.66,0.94,,-2.07,-1.93,-1.77
2012-09-20,-1.29,-1.46,-0.8,-0.19,,-1.92,-1.82,-1.45
2012-09-21,-1.29,-1.46,-0.85,-0.33,-1.4,-1.77,-1.82,-1.44
2012-09-24,-1.21,-1.18,-0.89,0.04,,-1.56,-1.77,-1.67
2012-09-25,-0.8,-0.79,-0.95,0.08,,-1.4,-1.67,-1.61
2012-09-26,-0.35,-0.41,-1.09,0.37,,-0.87,-1.53,-1.47
2012-09-27,-0.96,-0.83,-0.8,-0.44,,-1.0,-1.49,-1.14
2012-09-28,-0.66,-0.65,-0.88,-0.69,-0.76,-0.99,-1.55,-1.19
2012-09-30,,,,,,-0.93,-1.47,
2012-10-01,-0.45,-0.41,-0.81,-0.54,,-0.97,-1.48,-1.28
2012-10-02,-0.63,-0.53,-1.0,-0.69,,-0.93,-1.5,-1.14
2012-10-03,-0.71,-0.68,-0.89,0.33,,-1.0,-1.48,-1.25
2012-10-04,-0.98,-0.7,-0.61,-0.39,,-1.12,-1.6,-1.16
2012-10-05,-1.04,-0.73,-1.13,-0.64,-1.21,-1.27,-1.67,-1.07
2012-10-08,-0.76,-0.38,-1.01,-0.12,,-1.27,-1.69,
2012-10-09,-0.3,0.1,-1.17,0.1,,-1.21,-1.66,-1.17
2012-10-10,-0.31,0.0,-1.25,0.38,,-1.08,-1.67,-1.11
2012-10-11,-0.58,-0.02,-1.33,0.14,,-1.16,-1.69,-0.89
2012-10-12,-0.32,-0.19,-1.13,-0.21,-1.27,-1.16,-1.7,-0.87
2012-10-15,-0.69,-0.29,-1.23,-0.14,,-1.35,-1.77,-0.67
2012-10-16,-0.69,-0.43,-1.36,-0.25,,-1.53,-1.93,-0.44
2012-10-17,-0.76,-0.54,-1.55,-0.84,,-1.83,-2.09,0.07
2012-10-18,-0.76,-0.2,-1.49,-1.52,,-1.87,-2.13,0.14
2012-10-19,0.3,1.0,-1.32,-0.98,-1.53,-1.66,-2.03,0.1
2012-10-22,0.1,0.64,-1.43,-0.34,,-1.69,-1.97,0.33
2012-10-23,1.4,1.4,-0.97,0.27,,-1.33,-1.83,0.25
2012-10-24,1.11,1.88,-1.0,-0.07,,-1.35,-1.78,0.03
2012-10-25,0.99,1.17,-1.15,-0.77,,-1.48,-1.79,1.15
2012-10-26,0.81,0.8,-1.35,-0.78,-1.0,-1.25,-1.7,1.23
2012-10-29,,,,,,-1.1,-1.67,
2012-10-30,,,,,,,,
2012-10-31,1.3,1.18,-1.29,-0.78,,-0.62,-1.54,0.96
2012-11-01,0.18,0.24,-1.52,-1.23,,-0.77,-1.56,1.09
2012-11-02,0.76,1.02,-0.6,-0.61,-0.98,-0.83,-1.53,1.17
2012-11-05,1.29,0.82,0.11,-0.77,,-0.73,-1.45,0.43
2012-11-06,0.8,0.61,0.4,-0.8,,-0.94,-1.47,0.58
2012-11-07,1.77,1.31,-0.3,0.25,,-0.52,-1.24,-1.12
2012-11-08,1.37,1.15,-0.1,0.01,,-0.39,-1.17,-1.45
2012-11-09,1.41,0.77,-0.62,-1.03,-0.93,-0.08,-1.04,-1.42
2012-11-12,0.21,0.36,-0.91,-1.82,,-0.06,-1.02,
2012-11-13,0.19,0.57,-1.6,-1.13,,0.11,-0.9,-1.73
2012-11-14,0.98,0.8,-1.31,-0.99,,0.2,-0.83,-1.77
2012-11-15,1.02,0.66,-1.71,-1.52,,0.54,-0.7,-1.95
2012-11-16,0.05,0.11,-2.29,-1.19,-0.69,0.7,-0.68,-2.0
2012-11-19,-0.67,-1.01,-2.01,-1.25,,0.3,-0.72,-1.99
2012-11-20,-0.75,-0.86,-2.01,-1.88,,0.12,-0.71,-2.11
2012-11-21,-0.6,-0.83,-2.12,-2.01,,-0.1,-0.69,-2.0
2012-11-22,,,,,,-0.08,-0.67,
2012-11-23,-0.69,-0.81,-0.7,-1.94,-1.38,-0.1,-0.65,
2012-11-26,-0.45,-0.48,-2.06,-1.95,,-0.18,-0.7,
2012-11-27,-0.18,-0.42,-1.7,-2.27,,-0.28,-0.68,-2.3
2012-11-28,-0.45,-0.5,-1.64,-2.2,,-0.21,-0.6,-2.12
2012-11-29,-0.72,-0.67,-2.17,-2.34,,-0.53,-0.59,-2.15
2012-11-30,-0.19,-0.36,-1.78,-2.63,-1.25,-0.21,-0.64,-2.06
2012-12-03,0.35,0.06,-1.66,-2.16,,-0.41,-0.62,-2.11
2012-12-04,0.71,0.47,-1.32,-1.86,,-0.48,-0.6,-1.95
2012-12-05,0.26,0.64,-1.27,-1.66,,-0.79,-0.59,-1.81
2012-12-06,0.34,0.56,-1.21,-1.23,,-0.92,-0.57,-1.62
2012-12-07,-0.11,0.49,-1.31,-1.32,-1.31,-1.18,-0.63,
2012-12-10,0.02,0.74,-1.09,-0.95,,-1.21,-0.61,-1.73
2012-12-11,-0.31,0.3,-1.1,-1.13,,-1.46,-0.59,-1.77
2012-12-12,-0.02,0.67,-1.56,-1.51,,-1.71,-0.65,-1.45
2012-12-13,0.43,1.18,-1.71,-1.22,,-1.75,-0.63,
2012-12-14,0.74,1.57,-1.89,-1.35,-1.42,-1.67,-0.7,-1.52
2012-12-17,0.25,1.13,-2.17,-1.5,,-1.49,-0.76,-0.9
2012-12-18,-0.32,0.63,-1.17,-1.66,,-2.0,-0.83,-0.07
2012-12-19,0.98,0.98,-1.12,-2.05,,-1.94,-0.89,-0.78
2012-12-20,1.19,0.98,-0.66,-2.01,,-1.89,-0.96,-1.23
2012-12-21,1.29,1.45,-1.04,-1.39,-1.37,-1.53,-0.94,-1.08
2012-12-24,1.26,1.41,-1.36,-1.38,,-1.58,-0.92,-1.11
2012-12-25,,,,,,,,
2012-12-26,2.37,1.96,-1.15,-1.42,,-1.54,-0.82,-1.15
2012-12-27,2.27,2.12,-0.45,-1.68,,-1.33,-0.8,-1.06
2012-12-28,4.13,3.0,-0.19,-1.29,-0.98,-1.21,-0.87,-0.79
2012-12-31,1.06,1.42,-0.7,-1.46,,-1.01,-0.76,-0.38
2013-01-01,,,,,,,,
2013-01-02,-1.11,-0.65,-1.19,-1.71,,-1.78,-1.12,-0.13
2013-01-03,-1.18,-0.57,-1.01,-2.07,,-2.17,-1.3,0.24
2013-01-04,-1.62,-1.48,-0.96,-2.31,-1.49,-2.18,-1.47,0.03
2013-01-07,-1.61,-0.88,-0.55,-2.59,,-2.19,-1.55,-0.26
2013-01-08,-1.67,-0.94,-0.76,-2.73,,-2.14,-1.55,-0.45
2013-01-09,-1.52,-1.13,-0.71,-2.49,,-2.21,-1.44,-0.79
2013-01-10,-1.66,-1.1,-1.17,-2.38,,-2.35,-1.54,-0.47
2013-01-11,-1.69,-1.2,-0.86,-2.29,-1.45,-2.31,-1.54,-0.3
2013-01-14,-1.56,-1.03,-0.85,-1.83,,-2.31,-1.54,-0.83
2013-01-15,-1.5,-1.01,-0.84,-1.78,,-2.03,-1.31,-1.24
2013-01-16,-1.53,-1.42,-0.42,-2.14,,-2.0,-1.3,-1.19
2013-01-17,-1.42,-1.53,-0.18,-2.19,,-2.19,-1.3,-0.59
2013-01-18,-2.01,-1.99,-0.78,-2.69,-1.48,-2.07,-1.29,-0.74
2013-01-21,,,,,,-2.04,-1.42,
2013-01-22,-1.96,-1.97,-1.4,-2.65,,-1.98,-1.26,0.24
2013-01-23,-1.88,-1.81,-1.55,-2.23,,-2.02,-1.24,-1.07
2013-01-24,-1.71,-1.81,-1.21,-2.22,,-2.05,-1.21,-0.78
2013-01-25,-1.58,-1.83,-0.52,-2.12,-1.52,-2.27,-1.45,1.0
2013-01-28,-1.21,-1.64,-0.3,-1.93,,-2.22,-1.56,0.62
2013-01-29,-1.33,-1.79,-0.83,-1.88,,-1.96,-1.53,0.41
2013-01-30,-0.8,-1.6,-1.08,-1.86,,-1.71,-1.36,1.09
2013-01-31,-0.83,-1.38,-0.67,-1.91,,-1.34,-0.93,0.97
2013-02-01,-1.53,-1.82,-0.98,-1.88,-1.32,-1.34,-1.05,0.89
2013-02-04,-0.62,-0.95,-0.62,-1.43,,-1.09,-0.75,0.57
2013-02-05,-1.1,-1.38,-1.16,-1.63,,-1.07,-0.89,0.87
2013-02-06,-1.24,-1.73,-0.74,-1.51,,-0.96,-0.72,0.53
2013-02-07,-1.17,-1.34,-0.7,-1.5,,-0.81,-0.71,0.03
2013-02-08,-1.39,-1.61,-1.04,-1.52,-1.23,-0.79,-0.69,0.3
2013-02-11,-1.4,-1.58,-0.04,-1.82,,-0.84,-0.84,0.04
2013-02-12,-1.51,-1.99,-0.27,-2.01,,-0.88,-0.82,0.0
2013-02-13,-1.31,-1.36,0.27,-1.87,,-1.08,-0.97,0.32
2013-02-14,-1.44,-1.65,0.31,-2.01,,-1.05,-0.95,-0.13
2013-02-15,-1.51,-1.69,1.37,-1.39,-1.47,-1.06,-0.93,-0.13
2013-02-18,,,,,,-1.07,-0.91,
2013-02-19,-1.55,-1.67,1.24,-1.39,,-1.14,-0.89,-0.25
2013-02-20,-0.43,-0.87,3.49,-0.75,,-1.11,-0.87,-0.33
2013-02-21,-0.17,-0.35,2.05,-0.2,,-0.87,-0.85,-0.02
2013-02-22,-0.65,-0.68,1.51,-0.82,-1.37,-0.92,-0.84,-0.21
2013-02-25,1.58,0.86,2.4,-0.39,,-0.9,-0.84,0.04
2013-02-26,0.59,0.26,0.94,-0.45,,-0.74,-0.5,-0.31
2013-02-27,-0.4,-0.4,0.91,-0.85,,-0.85,-0.5,-0.23
2013-02-28,-0.04,-0.41,1.07,-1.02,,-0.83,-0.51,-0.66
2013-03-01,-0.11,-0.68,1.02,-0.98,-1.14,-0.76,-0.51,-0.81
2013-03-04,-0.73,-0.77,1.22,-0.8,,-0.8,-0.51,-0.98
2013-03-05,-0.95,-1.08,0.78,-1.28,,-0.97,-0.68,-0.52
2013-03-06,-0.91,-1.05,0.46,-1.22,,-1.06,-0.85,
2013-03-07,-1.1,-1.18,0.31,-1.53,,-1.24,-1.02,0.17
2013-03-08,-1.29,-1.37,-0.67,-1.64,-1.56,-1.36,-1.17,-0.23
2013-03-11,-1.72,-1.88,-1.1,-1.96,,-1.35,-1.15,-0.73
2013-03-12,-1.36,-1.65,-1.73,-2.07,,-1.29,-1.14,-0.96
2013-03-13,-1.53,-1.69,-1.56,-1.93,,-1.29,-1.12,-0.78
2013-03-14,-1.72,-1.76,-1.27,-2.06,,-1.38,-1.26,-0.51
2013-03-15,-1.68,-1.83,-1.36,-1.9,-1.59,-1.32,-1.07,-0.53
2013-03-18,-0.74,-1.14,-0.7,-1.68,,-1.15,-0.89,
2013-03-19,-0.26,-0.81,0.27,-1.21,,-1.1,-0.87,
2013-03-20,-1.02,-1.21,-0.66,-1.61,,-1.14,-0.68,
2013-03-21,-0.39,-0.85,-0.62,-1.54,,-1.12,-0.67,
2013-03-22,-0.57,-0.98,-1.0,-1.67,-1.19,-1.05,-0.48,
2013-03-25,-0.48,-0.77,-0.9,-1.64,,-1.13,-0.64,-0.17
2013-03-26,-0.92,-1.13,-1.3,-1.93,,-1.04,-0.27,-0.44
2013-03-27,-0.72,-1.04,-1.39,-1.85,,-0.93,-0.07,
2013-03-28,-0.92,-1.14,-1.3,-1.74,,-0.95,-0.05,-0.18
2013-03-29,,,,,-1.28,,,
2013-03-31,,,,,,-0.73,0.16,
2013-04-01,-0.48,-0.62,-0.69,-1.44,,-0.68,0.18,-0.39
2013-04-02,-0.85,-0.8,-0.19,-1.38,,-0.78,0.21,-0.42
2013-04-03,-0.15,-0.41,1.02,-0.71,,-0.65,0.44,0.05
2013-04-04,-0.3,-0.27,1.65,-0.67,,-0.55,0.26,-0.16
2013-04-05,-0.28,-0.16,0.38,-0.78,-1.12,-0.28,0.29,-0.69
2013-04-08,-0.62,-0.41,0.17,-0.86,,-0.48,0.11,-0.65
2013-04-09,-0.78,-0.58,-0.39,-0.94,,-0.6,-0.09,-1.21
2013-04-10,-0.99,-0.88,0.92,-0.95,,-1.03,-0.3,-0.87
2013-04-11,-1.03,-0.71,1.02,-0.75,,-1.28,-0.28,-1.19
2013-04-12,-1.09,-0.78,5.01,-0.34,-1.41,-1.17,-0.26,-1.05
2013-04-15,1.41,0.58,7.8,1.71,,-0.95,-0.23,-1.24
2013-04-16,-0.16,-0.0,5.06,1.0,,-1.0,-0.21,-1.32
2013-04-17,1.07,1.04,3.68,2.06,,-0.88,0.11,-1.28
2013-04-18,1.57,1.26,2.8,1.34,,-0.87,0.15,-1.44
2013-04-19,0.33,0.61,2.6,1.08,-0.98,-0.97,0.19,-1.42
2013-04-22,0.06,0.19,2.21,0.4,,-1.14,-0.11,-1.58
2013-04-23,-0.37,0.03,2.23,0.23,,-1.37,-0.45,-1.71
2013-04-24,-0.3,-0.1,1.61,-0.1,,-1.68,-0.43,-1.74
2013-04-25,-0.28,-0.11,1.77,-0.25,,-1.95,-0.41,-1.82
2013-04-26,-0.27,-0.02,2.16,-0.29,-1.3,-1.97,-0.39,-1.61
2013-04-29,-0.21,-0.07,1.84,0.02,,-2.34,-0.37,-1.74
2013-04-30,-0.29,-0.05,1.54,0.4,,-2.17,-0.35,-1.8
2013-05-01,0.21,0.28,1.69,1.09,,-2.42,-0.34,-1.81
2013-05-02,-0.23,-0.08,1.45,0.4,,-2.65,-0.31,-1.78
2013-05-03,-0.59,-0.31,1.03,0.26,-1.25,-3.25,-1.28,
2013-05-06,-0.68,-0.32,1.01,0.67,,-3.29,-1.78,-1.65
2013-05-07,-0.57,-0.48,1.37,0.43,,-3.49,-2.32,-1.62
2013-05-08,-0.67,-0.34,1.02,-0.15,,-3.28,-2.24,-1.6
2013-05-09,-0.39,-0.33,1.22,0.08,,-3.13,-2.15,-1.69
2013-05-10,-0.79,-0.42,1.69,-0.04,-1.4,-2.94,-2.09,-0.25
2013-05-13,-0.8,-0.22,1.88,0.28,,-2.25,-2.04,0.02
2013-05-14,-0.61,-0.06,1.82,0.47,,-2.16,-2.45,0.29
2013-05-15,-0.57,-0.72,2.35,0.62,,-2.04,-2.35,
2013-05-16,-0.36,-0.82,2.1,0.59,,-1.71,-1.85,
2013-05-17,-0.83,-1.11,2.24,-0.01,-1.1,-1.88,-2.24,1.06
2013-05-20,-0.38,-0.92,1.84,0.24,,-1.95,-2.57,0.87
2013-05-21,-0.11,-0.24,1.88,0.12,,-1.84,-2.07,0.7
2013-05-22,0.24,0.01,1.9,0.63,,-2.12,-2.38,1.88
2013-05-23,0.43,0.14,1.57,0.2,,-1.43,-1.91,2.38
2013-05-24,0.36,-0.16,1.32,-0.07,-0.93,-1.27,-1.85,1.69
2013-05-27,,,,,,-1.28,-1.8,
2013-05-28,0.73,0.24,1.28,0.09,,-1.62,-2.1,3.54
2013-05-29,0.98,0.38,0.87,0.51,,-0.76,-1.32,4.16
2013-05-30,0.74,0.23,0.62,0.57,,-0.79,-0.94,3.26
2013-05-31,2.03,0.98,0.82,0.64,-0.61,-0.45,0.16,3.4
2013-06-03,1.94,1.56,0.63,0.77,,0.13,0.51,3.07
2013-06-04,1.87,1.55,0.73,0.7,,0.25,0.86,3.32
2013-06-05,2.63,1.97,0.77,0.64,,1.23,2.25,3.19
2013-06-06,1.95,1.84,0.7,0.4,,1.43,2.81,3.1
2013-06-07,0.91,0.73,0.91,-0.17,-0.08,0.65,2.36,2.59
2013-06-10,1.1,0.7,0.72,-0.43,,0.54,2.28,2.79
2013-06-11,2.13,1.4,0.81,-0.4,,1.44,3.31,2.41
2013-06-12,2.95,2.56,0.57,-0.05,,1.19,3.11,2.27
2013-06-13,1.54,1.46,0.67,-0.52,,1.56,3.17,2.23
2013-06-14,1.94,1.53,0.33,-0.6,-0.18,1.27,2.51,1.78
2013-06-17,1.67,1.27,0.38,-0.66,,1.0,2.4,1.73
2013-06-18,1.52,0.94,0.64,-0.8,,0.96,2.53,1.91
2013-06-19,1.5,0.04,0.59,-1.04,,0.51,2.2,2.38
2013-06-20,3.45,3.09,1.94,1.19,,1.62,3.71,3.02
2013-06-21,2.47,2.58,1.39,0.34,-0.1,1.48,3.59,3.4
2013-06-24,2.92,2.67,1.44,0.57,,2.41,4.23,3.65
2013-06-25,2.02,2.0,1.08,0.3,,2.33,3.68,3.21
2013-06-26,1.36,1.16,2.04,-0.01,,2.07,3.26,2.71
2013-06-27,1.17,0.76,2.32,0.12,,1.81,2.78,2.19
2013-06-28,1.14,0.61,1.95,-0.18,0.33,1.52,2.51,2.28
2013-06-30,,,,,,1.68,2.4,
2013-07-01,0.9,0.43,1.4,-0.23,,1.51,2.3,2.27
2013-07-02,0.91,0.31,1.26,-0.05,,1.42,1.96,
2013-07-03,0.83,0.26,1.07,1.15,,1.41,2.02,2.63
2013-07-04,,,,,,1.39,1.95,
2013-07-05,0.2,-0.25,1.03,1.55,-0.12,1.0,1.66,2.95
2013-07-08,0.14,-0.33,0.95,1.01,,1.23,1.61,2.28
2013-07-09,-0.06,-0.62,0.74,0.94,,0.97,1.34,1.77
2013-07-10,-0.13,-0.79,0.82,1.3,,0.75,1.31,1.69
2013-07-11,-0.23,-0.83,0.4,0.67,,0.47,1.16,1.36
2013-07-12,-0.32,-0.77,0.42,0.63,-0.44,0.12,1.02,1.38
2013-07-15,-0.34,-0.72,0.32,0.33,,0.01,0.88,1.09
2013-07-16,-0.03,-0.59,0.25,0.61,,-0.16,0.63,1.0
2013-07-17,-0.36,-0.79,0.3,0.14,,-0.3,0.61,0.67
2013-07-18,-0.39,-1.07,0.09,0.03,,-0.68,0.37,0.43
2013-07-19,-1.01,-0.92,-0.17,0.41,-0.85,-0.7,0.24,0.34
2013-07-22,-1.15,-1.15,-0.08,0.46,,-0.79,0.11,0.16
2013-07-23,-0.98,-1.18,-0.12,0.2,,-0.88,-0.02,0.23
2013-07-24,-0.73,-1.27,0.04,0.24,,-0.7,-0.02,0.53
2013-07-25,-0.84,-1.23,-0.15,0.06,,-0.35,0.09,0.64
2013-07-26,-0.95,-1.45,-0.08,-0.12,-0.79,-0.15,0.08,0.57
2013-07-29,-0.61,-1.01,0.01,-0.21,,-0.21,0.08,0.64
2013-07-30,-0.6,-0.87,0.18,0.06,,-0.31,0.07,0.63
2013-07-31,-0.57,-0.64,0.43,-0.19,,-0.13,0.07,0.58
2013-08-01,-0.83,-0.86,0.33,-0.51,,-0.4,-0.17,1.02
2013-08-02,-1.32,-1.53,0.23,-0.56,-0.5,-0.02,0.07,0.06
2013-08-05,-1.37,-1.48,0.03,-0.31,,-0.01,-0.06,0.03
2013-08-06,-0.92,-1.16,0.08,-0.46,,0.06,-0.06,0.3
2013-08-07,-0.78,-1.09,-0.02,-0.54,,0.24,0.06,0.14
2013-08-08,-0.91,-1.19,-0.51,-0.73,,0.21,0.06,0.13
2013-08-09,-0.56,-0.96,-0.6,-0.53,-0.58,0.21,0.05,0.12
2013-08-12,-0.85,-1.38,-0.6,-0.52,,0.15,0.05,0.04
2013-08-13,-1.09,-1.56,-0.71,-0.55,,-0.06,-0.08,0.44
2013-08-14,-0.72,-1.07,-0.8,-0.29,,-0.16,0.04,0.38
2013-08-15,0.12,-0.15,-0.5,0.23,,0.01,0.15,0.68
2013-08-16,-0.07,-0.26,-0.38,0.12,-0.48,-0.12,0.02,1.09
2013-08-19,0.29,0.2,0.0,-0.18,,-0.09,0.14,1.32
2013-08-20,0.17,-0.03,-0.15,0.21,,0.23,0.25,1.09
2013-08-21,0.72,0.47,-0.32,0.35,,0.12,0.24,1.23
2013-08-22,0.1,0.15,-0.52,-0.28,,-0.01,0.24,1.17
2013-08-23,-0.3,-0.31,-0.53,-0.65,-0.03,0.06,0.1,1.23
2013-08-26,0.25,0.13,-0.13,-0.1,,0.05,0.1,0.99
2013-08-27,1.19,1.54,-0.04,2.83,,0.29,0.21,0.92
2013-08-28,1.02,1.39,0.7,4.31,,0.11,0.2,
2013-08-29,1.16,1.36,0.12,2.54,,0.07,0.19,1.11
2013-08-30,1.24,1.41,0.14,2.83,0.05,,,1.34
2013-09-02,,,,,,0.13,0.18,
2013-09-03,1.01,1.58,0.42,3.38,,-0.19,0.17,1.43
2013-09-04,0.62,0.91,0.19,2.81,,-0.37,0.03,
2013-09-05,0.55,0.75,0.57,2.0,,-0.55,0.15,1.7
2013-09-06,0.58,0.63,-0.21,2.28,-0.12,-0.43,0.01,1.35
2013-09-09,0.45,0.54,-0.8,2.15,,-0.34,0.12,1.06
2013-09-10,-0.12,0.0,-0.6,1.67,,-0.58,0.11,1.11
2013-09-11,-0.5,-0.29,-0.59,0.19,,-0.5,0.09,0.88
2013-09-12,-0.26,-0.28,0.33,-0.2,,-0.6,0.07,0.77
2013-09-13,-0.34,-0.32,0.24,-0.4,-0.31,-0.67,-0.08,0.74
2013-09-16,-0.24,-0.05,0.32,-0.48,,-0.92,-0.1,0.62
2013-09-17,-0.16,-0.31,0.4,-0.41,,-0.74,-0.12,0.38
2013-09-18,-0.68,-0.64,-0.45,-0.6,,-0.44,0.14,-0.15
2013-09-19,-0.91,-0.85,-1.01,-1.26,,-1.1,-0.44,-0.33
2013-09-20,-0.94,-1.29,-0.79,-1.3,-0.64,-1.0,-0.47,-0.54
2013-09-23,-0.31,-0.34,-0.6,-0.82,,-0.77,-0.5,-0.75
2013-09-24,-0.44,-0.5,-0.53,-0.69,,-0.59,-0.53,-0.83
2013-09-25,-0.49,-0.34,-0.86,-0.78,,-0.41,-0.56,-0.83
2013-09-26,-0.47,-0.53,-0.91,-1.05,,-0.47,-0.59,-0.7
2013-09-27,0.29,0.22,-0.58,-1.0,-0.32,-0.22,-0.46,-0.7
2013-09-30,0.9,0.83,-0.09,-0.41,,0.12,0.01,-0.56
2013-10-01,0.3,0.38,0.64,-0.61,,-0.13,-0.2,-0.0
2013-10-02,0.87,0.8,0.04,-1.14,,-0.15,-0.23,-0.47
2013-10-03,1.43,1.67,0.25,-1.07,,-0.3,-0.44,-0.65
2013-10-04,0.9,1.09,0.34,-1.12,-0.04,-0.55,-0.46,-0.48
2013-10-07,2.26,2.41,0.34,-0.84,,-0.59,-0.67,-0.71
2013-10-08,2.62,3.36,0.59,-0.85,,-0.63,-0.88,-0.64
2013-10-09,2.17,2.98,0.73,-0.21,,-0.66,-0.88,-0.67
2013-10-10,0.63,1.38,0.53,-1.1,,-0.93,-1.06,-0.74
2013-10-11,0.26,0.78,0.71,-1.0,-0.43,-0.86,-1.23,-1.0
2013-10-14,0.44,0.91,0.95,-0.52,,-0.94,-1.22,
2013-10-15,1.68,1.5,0.77,-0.03,,-1.2,-1.37,-1.11
2013-10-16,-0.25,0.37,0.2,-0.91,,-1.13,-1.52,-1.32
2013-10-17,-0.83,-0.53,-0.79,-1.16,,-1.2,-1.48,-1.56
2013-10-18,-1.03,-0.89,-1.15,-1.66,-0.92,-1.5,-1.8,-1.33
2013-10-21,-0.95,-0.54,-1.1,-1.27,,-1.69,-1.91,-1.39
2013-10-22,-0.85,-0.25,-1.42,-0.93,,-1.51,-1.85,-2.05
2013-10-23,-0.78,-0.07,-1.5,-0.14,,-1.47,-1.8,-2.07
2013-10-24,-0.87,-0.46,-1.42,-0.84,,-1.62,-1.75,-1.92
2013-10-25,-0.91,-0.26,-1.7,-1.63,-0.97,-1.49,-1.72,-2.01
2013-10-28,-0.79,-0.21,-1.51,-1.45,,-1.4,-1.72,-2.15
2013-10-29,-0.72,-0.26,-1.35,-1.38,,-1.36,-1.9,-2.06
2013-10-30,-0.59,-0.3,-1.26,-1.21,,-1.46,-1.72,-1.87
2013-10-31,-0.51,-0.19,-1.32,-1.35,,-1.82,-1.71,-1.74
2013-11-01,-0.76,-0.24,-1.29,-1.0,-0.79,-2.06,-1.88,-1.15
2013-11-04,-0.94,-0.44,-1.53,-0.78,,-1.94,-1.68,-1.5
2013-11-05,-0.73,-0.41,-1.65,-0.57,,-1.93,-1.68,-1.16
2013-11-06,-1.05,-0.21,-2.02,-1.12,,-1.81,-1.46,-1.25
2013-11-07,-0.32,0.29,-1.71,-1.19,,-1.87,-1.46,-1.27
2013-11-08,-0.89,-0.25,-2.01,-1.66,-0.72,-1.64,-1.46,-0.99
2013-11-11,-1.08,-0.41,-2.08,-1.62,,-1.62,-1.46,
2013-11-12,-0.9,-0.53,-0.97,-1.3,,-1.82,-1.46,-0.99
2013-11-13,-1.05,-0.79,-1.34,-1.58,,-1.36,-1.44,-1.25
2013-11-14,-1.12,-1.0,-1.86,-1.41,,-1.42,-1.43,-1.51
2013-11-15,-1.2,-1.06,-2.5,-1.61,-0.87,-1.59,-1.66,-1.48
2013-11-18,-0.68,-0.39,-1.67,-1.43,,-1.75,-1.88,-1.75
2013-11-19,-0.51,-0.31,-1.65,-1.34,,-1.95,-2.08,-1.41
2013-11-20,-0.5,-0.36,0.17,-1.29,,-2.02,-2.02,-1.06
2013-11-21,-0.9,-0.59,-0.7,-1.76,,-1.76,-1.96,-0.9
2013-11-22,-1.11,-0.79,-1.17,-1.94,-1.11,-1.84,-2.13,-1.0
2013-11-25,-0.82,-0.74,-1.31,-1.43,,-1.96,-2.28,-1.1
2013-11-26,-0.81,-0.82,-1.45,-1.63,,-1.91,-1.97,-1.06
2013-11-27,-0.72,-0.95,-1.39,-1.2,,-2.02,-2.12,-0.86
2013-11-28,,,,,,-1.96,-2.04,
2013-11-29,-0.32,-0.64,-1.56,-1.02,-0.87,-1.95,-1.97,-0.83
2013-11-30,,,,,,-1.67,-1.91,
2013-12-02,-0.04,-0.18,-0.54,-0.89,,-2.05,-2.04,-0.44
2013-12-03,0.13,-0.12,-0.7,-1.19,,-1.82,-1.97,-0.52
2013-12-04,0.21,-0.05,-0.81,-1.33,,-1.92,-1.91,-0.24
2013-12-05,0.41,0.51,-0.34,-1.48,,-2.0,-1.85,-0.21
2013-12-06,-0.32,-0.2,-0.94,-1.68,-0.46,-2.08,-1.97,-0.72
2013-12-09,-0.49,-0.23,-0.85,-1.58,,-2.11,-2.09,-0.81
2013-12-10,-0.27,-0.24,-1.31,-1.6,,-1.85,-2.01,-0.6
2013-12-11,0.58,0.35,-1.1,-1.54,,-1.99,-2.11,
2013-12-12,0.63,0.4,-0.03,-1.43,,-1.93,-2.2,-0.41
2013-12-13,0.74,0.38,-0.19,-1.32,-0.6,-1.83,-2.28,-0.42
2013-12-16,0.88,0.68,-0.18,-1.61,,-1.91,-2.35,-0.61
2013-12-17,0.96,0.62,-0.24,-1.5,,-1.59,-2.25,-0.71
2013-12-18,-0.44,-0.24,-0.43,-1.61,,-1.59,-2.31,-0.96
2013-12-19,-0.25,-0.31,-0.1,-1.75,,-1.86,-2.5,-0.75
2013-12-20,-0.47,-0.59,-0.61,-1.97,-0.79,-1.93,-2.53,-0.77
2013-12-23,-0.9,-0.8,-0.72,-2.04,,-2.04,-2.42,-0.84
2013-12-24,-1.2,-0.91,-1.03,-2.02,,-2.15,-2.45,-0.71
2013-12-25,,,,,,,,
2013-12-26,-1.26,-0.89,-1.12,-1.97,,-2.08,-2.35,-0.78
2013-12-27,-1.16,-0.54,-1.43,-1.75,-1.13,-2.01,-2.26,-0.84
2013-12-30,-0.52,-0.15,-0.64,-1.46,,-1.91,-2.3,-0.58
2013-12-31,-0.42,0.02,-0.21,-1.06,,-1.74,-2.21,-0.25
2014-01-01,,,,,,,,
2014-01-02,-0.13,0.27,-0.78,-0.29,,-1.7,-2.25,-0.24
2014-01-03,-0.39,0.25,-1.32,-0.17,-0.73,-1.74,-2.17,-0.28
2014-01-06,-0.5,0.25,-1.15,-0.11,,-1.78,-2.21,-0.47
2014-01-07,-0.84,-0.17,-1.3,-0.42,,-1.89,-2.24,-0.15
2014-01-08,-0.85,-0.29,-1.13,-0.24,,-2.03,-2.16,-0.02
2014-01-09,-0.82,-0.14,-1.55,-0.44,,-1.92,-2.19,-0.12
2014-01-10,-1.24,-0.74,-2.05,-0.44,-0.97,-1.6,-2.01,-1.12
2014-01-13,-0.55,-0.13,-2.24,-0.32,,-1.48,-1.95,-1.28
2014-01-14,-1.12,-1.07,-2.25,-0.27,,-1.64,-1.99,-1.04
2014-01-15,-1.09,-0.98,-2.19,-0.72,,-1.78,-2.04,-1.1
2014-01-16,-0.92,-0.66,-2.52,-1.07,,-1.69,-1.97,-1.1
2014-01-17,-0.96,-0.6,-2.8,-1.44,-0.97,-1.65,-1.92,-1.17
2014-01-20,,,,,,-1.6,-1.86,
2014-01-21,-0.7,-0.51,-2.06,-0.89,,-1.63,-1.91,-1.26
2014-01-22,-0.7,-0.45,-2.13,-0.91,,-1.73,-1.85,-1.16
2014-01-23,-0.15,0.1,-1.92,-0.59,,-1.33,-1.52,-0.99
2014-01-24,2.31,2.19,-1.31,-0.24,-0.56,-0.73,-1.29,-0.84
2014-01-27,1.85,2.12,-0.96,0.5,,-0.68,-1.26,-0.76
2014-01-28,0.93,1.37,-0.81,0.49,,-0.7,-1.23,-0.72
2014-01-29,1.73,1.91,-1.28,0.48,,-0.42,-1.11,-0.71
2014-01-30,1.65,1.84,-1.05,-0.05,,-0.51,-1.08,
2014-01-31,2.17,1.95,-0.78,0.27,0.11,-0.16,-0.86,-0.68
2014-02-03,3.46,3.1,-0.56,0.96,,0.14,-0.64,
2014-02-04,2.23,2.3,-0.79,0.87,,0.29,-0.73,-0.35
2014-02-05,2.5,2.68,-0.77,0.45,,0.19,-0.71,
2014-02-06,1.24,1.81,-0.98,-0.07,,-0.07,-0.9,-0.28
2014-02-07,0.37,0.48,-1.47,-0.39,0.06,-0.09,-0.89,-0.64
2014-02-10,0.36,0.39,-1.26,-0.29,,-0.25,-0.98,-0.98
2014-02-11,0.03,0.06,-1.34,-0.35,,-0.6,-1.07,-1.08
2014-02-12,-0.05,0.12,-1.53,-0.23,,-0.91,-1.16,-1.13
2014-02-13,-0.11,-0.08,-1.54,-0.35,,-0.61,-1.14,-1.53
2014-02-14,-0.36,-0.4,-1.47,-0.92,-1.15,-0.79,-1.23,-1.61
2014-02-17,,,,,,-0.78,-1.2,
2014-02-18,-0.19,-0.16,-1.44,-0.63,,-0.87,-1.18,-1.77
2014-02-19,0.68,0.48,-1.35,-0.66,,-1.16,-1.27,-1.58
2014-02-20,0.32,0.27,-1.51,-1.08,,-1.3,-1.25,-1.35
2014-02-21,0.27,0.22,-1.65,-0.88,-0.71,-1.39,-1.22,-1.38
2014-02-24,0.04,-0.1,-1.57,-0.71,,-1.63,-1.31,-1.53
2014-02-25,-0.24,-0.13,-1.62,-0.51,,-1.64,-1.4,-1.61
2014-02-26,0.14,-0.04,-1.33,-0.49,,-1.61,-1.25,-1.43
2014-02-27,-0.03,-0.34,-1.64,-0.27,,-1.63,-1.23,-1.37
2014-02-28,-0.06,-0.22,-1.45,-0.32,-1.05,-1.69,-1.31,-1.44
2014-03-03,1.03,0.87,-0.95,1.06,,-1.34,-1.17,-1.4
2014-03-04,-0.03,0.0,-1.07,0.43,,-1.74,-1.26,-0.39
2014-03-05,-0.15,-0.11,-1.13,0.74,,-1.76,-1.24,-0.82
2014-03-06,0.02,-0.28,-1.23,0.55,,-1.72,-1.33,-0.76
2014-03-07,-0.04,-0.11,-1.43,0.58,-0.92,-1.63,-1.3,-1.27
2014-03-10,0.01,0.06,-1.39,0.8,,-1.43,-1.27,-1.7
2014-03-11,0.33,0.21,-1.21,1.03,,-1.4,-1.13,-1.69
2014-03-12,0.14,0.06,-0.94,1.19,,-1.1,-0.99,-1.73
2014-03-13,1.1,1.19,-0.63,1.13,,-0.81,-0.85,-1.27
2014-03-14,1.92,1.97,-0.13,1.71,-0.61,-0.57,-0.71,-0.3
2014-03-17,0.72,1.12,-0.34,0.82,,-0.89,-0.82,-0.5
2014-03-18,0.1,0.21,-0.56,0.79,,-1.04,-0.81,-0.97
2014-03-19,0.42,0.38,-0.45,0.55,,-1.75,-1.18,0.19
2014-03-20,0.08,0.35,-0.75,0.43,,-1.44,-1.17,-0.69
2014-03-21,0.33,1.01,-0.96,0.27,-0.81,-1.6,-1.29,-0.67
2014-03-24,0.37,1.42,-0.43,0.31,,-1.63,-1.28,-1.04
2014-03-25,-0.23,0.82,-0.59,0.09,,-1.72,-1.4,-1.08
2014-03-26,0.26,1.38,-0.5,0.08,,-1.57,-1.38,-1.16
2014-03-27,0.08,1.54,-0.36,0.16,,-1.42,-1.36,-0.85
2014-03-28,-0.06,1.28,-0.41,0.07,-0.9,-1.63,-1.64,-0.38
2014-03-31,-0.36,1.27,-0.45,0.15,,-1.36,-1.32,-0.39
2014-04-01,-0.8,0.47,-0.78,0.4,,-1.58,-1.6,-0.43
2014-04-02,-0.81,0.25,-0.99,0.53,,-1.96,-1.73,0.43
2014-04-03,-0.65,0.57,-1.06,-0.42,,-2.02,-1.71,0.23
2014-04-04,-0.33,1.59,-1.13,-0.54,-0.84,-1.74,-1.69,-0.94
2014-04-07,0.58,2.23,-1.04,-0.28,,-1.46,-1.82,-0.93
2014-04-08,0.17,1.66,-1.0,-0.11,,-1.38,-1.8,-1.42
2014-04-09,-0.45,0.86,-1.53,-0.34,,-1.29,-1.78,-1.6
2014-04-10,0.74,2.38,-1.38,-0.21,,-1.08,-1.76,-1.43
2014-04-11,1.37,3.27,-1.3,-0.43,-0.34,-0.75,-1.58,-0.85
2014-04-14,0.82,2.63,-1.2,-0.2,,-1.11,-1.57,-0.73
2014-04-15,0.53,2.6,-0.81,-0.19,,-1.15,-1.56,-0.72
2014-04-16,-0.28,1.82,-1.12,-0.06,,-1.24,-1.73,-0.91
2014-04-17,-0.75,1.31,-0.84,-0.05,,-1.52,-1.9,-0.63
2014-04-18,,,,,-0.8,,,
2014-04-21,-0.81,0.88,-0.69,-0.51,,-1.55,-2.05,-1.09
2014-04-22,-0.84,0.23,-0.68,-0.14,,-1.63,-2.02,-1.02
2014-04-23,-0.77,0.1,-0.96,-0.4,,-1.41,-1.99,-1.11
2014-04-24,-0.73,0.22,-0.82,-0.47,,-1.5,-1.95,-0.86
2014-04-25,-0.3,0.87,-0.7,-0.1,-1.33,-1.28,-1.72,
2014-04-28,-0.34,0.93,-0.97,0.08,,-1.32,-1.69,-0.6
2014-04-29,-0.47,0.72,-1.11,0.1,,-1.41,-1.66,-0.43
2014-04-30,-0.64,0.41,-0.98,0.22,,-1.07,-1.62,-0.6
2014-05-01,-0.73,0.15,-1.21,-0.49,,-0.81,-1.58,-0.6
2014-05-02,-0.91,0.08,-1.4,-1.02,-1.0,-0.91,-1.54,-1.29
2014-05-05,-0.7,-0.06,-0.95,-0.49,,-0.84,-1.69,-1.27
2014-05-06,-0.42,0.08,-1.27,-1.05,,-0.94,-1.65,-0.56
2014-05-07,-0.66,0.21,-0.99,-1.36,,-0.8,-1.61,-0.82
2014-05-08,-0.65,0.21,-1.34,-1.65,,-0.72,-1.57,
2014-05-09,-0.94,-0.25,-1.42,-2.15,-1.0,-0.77,-1.53,-1.05
2014-05-12,-1.32,-0.76,-2.01,-2.42,,-0.99,-1.49,-1.01
2014-05-13,-1.35,-0.82,-2.33,-2.14,,-0.97,-1.45,-1.0
2014-05-14,-1.3,-0.91,-2.16,-2.19,,-0.77,-1.42,
2014-05-15,-0.74,-0.47,-1.5,-2.75,,-0.46,-1.38,-1.06
2014-05-16,-1.14,-0.87,-1.9,-3.0,-1.16,-0.51,-1.35,-0.42
2014-05-19,-1.15,-0.95,-1.73,-2.49,,-0.56,-1.32,-0.51
2014-05-20,-0.85,-0.83,-1.83,-2.16,,-0.49,-1.29,-0.1
2014-05-21,-1.43,-1.26,-1.54,-1.95,,-0.48,-1.26,-0.28
2014-05-22,-1.34,-1.39,-1.8,-2.12,,-0.41,-1.23,-0.48
2014-05-23,-1.69,-1.76,-1.33,-2.15,-1.19,-0.4,-1.2,-0.46
2014-05-26,,,,,,-0.4,-1.17,
2014-05-27,-1.59,-1.63,0.03,-1.94,,-0.51,-1.32,-0.82
2014-05-28,-1.49,-1.47,-0.3,-1.94,,-0.26,-1.12,-1.33
2014-05-29,-1.53,-1.56,-0.95,-2.21,,-0.38,-1.26,-1.01
2014-05-30,-1.6,-1.59,-0.68,-2.1,-1.51,-0.55,-1.4,-0.36
2014-05-31,,,,,,-1.01,-1.2,
2014-06-02,-1.48,-1.31,-0.5,-2.09,,-1.35,-1.18,0.11
2014-06-03,-1.3,-1.29,-0.9,-2.01,,-1.44,-1.15,0.52
2014-06-04,-1.18,-1.32,-1.08,-2.01,,-1.42,-1.13,1.83
2014-06-05,-1.36,-1.55,-1.57,-2.11,,-1.39,-1.11,1.84
2014-06-06,-1.81,-1.71,-2.27,-2.4,-1.53,-1.75,-1.44,-0.05
2014-06-09,-1.56,-1.4,-2.51,-2.22,,-1.95,-1.6,-0.69
2014-06-10,-1.61,-1.47,-2.7,-2.1,,-2.23,-1.76,-0.81
2014-06-11,-1.27,-1.52,-2.61,-2.07,,-2.26,-1.57,-1.27
2014-06-12,-0.78,-1.29,-2.17,0.51,,-1.98,-1.55,
2014-06-13,-1.01,-1.37,-2.39,0.71,-1.61,-2.21,-1.53,-0.28
2014-06-16,-0.72,-1.31,-2.4,0.76,,-2.49,-1.51,
2014-06-17,-1.12,-1.38,-2.24,-0.49,,-2.72,-1.68,-0.26
2014-06-18,-2.06,-1.74,-2.44,-0.55,,-2.48,-1.46,0.09
2014-06-19,-1.98,-1.76,-0.73,-0.08,,-2.57,-1.63,-1.21
2014-06-20,-1.77,-1.81,-1.88,0.39,-1.63,-2.7,-1.59,-1.39
2014-06-23,-1.64,-1.75,-1.73,-0.07,,-2.68,-1.76,-1.49
2014-06-24,-0.87,-1.58,-1.66,-0.14,,-2.46,-1.92,-1.75
2014-06-25,-1.2,-1.58,-1.64,-0.28,,-1.98,-1.68,-1.66
2014-06-26,-1.15,-1.68,-1.69,-0.7,,-1.65,-1.64,-1.92
2014-06-27,-1.35,-1.71,-1.72,-1.0,-1.54,-1.54,-1.41,-1.84
2014-06-30,-1.13,-1.59,-0.8,-0.94,,-1.16,-1.19,-1.99
2014-07-01,-1.36,-1.64,-0.96,-1.09,,-1.34,-1.16,-1.74
2014-07-02,-1.53,-1.76,-0.85,-1.28,,-1.58,-1.34,0.49
2014-07-03,-1.79,-1.8,-1.4,-1.41,,-1.68,-1.32,-0.47
2014-07-04,,,,,-1.34,-1.63,-1.3,
2014-07-07,-1.14,-1.34,-1.36,-0.95,,-1.59,-1.48,-1.11
2014-07-08,-0.72,-0.82,-1.43,-0.95,,-1.28,-1.45,-1.11
2014-07-09,-0.91,-1.01,-1.26,-0.91,,-1.05,-1.22,-1.02
2014-07-10,-0.31,-0.65,-1.32,-0.83,,-0.29,-0.98,-0.86
2014-07-11,-0.62,-0.82,-1.07,-0.36,-1.06,-0.35,-1.17,-1.13
2014-07-14,-0.76,-0.84,-0.45,0.14,,-0.61,-1.15,-1.24
2014-07-15,-0.66,-0.55,-0.13,0.08,,-0.38,-1.13,-1.35
2014-07-16,-1.23,-0.9,-0.16,-0.55,,-0.16,-1.12,-1.67
2014-07-17,0.96,0.05,0.39,0.06,,0.64,-0.88,-1.12
2014-07-18,-0.56,-0.88,-0.35,-0.21,-0.74,0.97,-0.88,-1.13
2014-07-21,-0.08,-0.58,-0.12,-0.45,,1.14,-0.88,-1.29
2014-07-22,-0.42,-0.91,-0.14,-0.35,,1.08,-0.88,-1.27
2014-07-23,-0.88,-1.02,-0.48,-0.57,,0.93,-0.86,-1.37
2014-07-24,-0.65,-0.93,-0.29,-1.07,,0.56,-0.85,-1.08
2014-07-25,-0.05,-0.81,-0.03,-0.57,-0.86,0.79,-0.84,-1.02
2014-07-28,-0.12,-0.62,-0.1,-0.76,,0.71,-1.13,-1.12
2014-07-29,0.4,-0.47,0.28,-0.45,,1.15,-0.81,-1.19
2014-07-30,0.46,-0.56,0.15,-0.21,,1.07,-0.8,-0.5
2014-07-31,2.96,0.55,0.62,0.99,,2.8,-0.46,-0.3
2014-08-01,2.86,0.72,-0.17,1.42,-0.16,3.89,0.23,-1.64
2014-08-04,1.58,0.27,-0.31,1.09,,3.53,0.26,-1.62
2014-08-05,2.64,0.65,0.19,1.22,,2.92,0.29,-0.14
2014-08-06,2.25,0.67,0.01,1.02,,2.96,1.03,-0.05
2014-08-07,2.35,0.8,0.3,1.05,,2.74,1.05,0.83
2014-08-08,1.75,0.66,0.35,1.09,0.79,2.61,1.07,1.79
2014-08-11,0.81,-0.02,0.05,0.14,,2.12,1.08,1.05
2014-08-12,0.75,-0.07,-0.06,0.15,,1.82,1.09,0.74
2014-08-13,0.02,-0.57,-0.78,-0.11,,1.59,1.1,0.57
2014-08-14,-0.25,-0.89,-1.64,0.4,,1.29,1.11,0.49
2014-08-15,0.2,-0.7,-0.91,0.95,-0.72,1.27,1.13,1.14
2014-08-18,-0.3,-0.89,-0.77,1.62,,0.88,0.77,1.68
2014-08-19,-0.35,-0.96,-0.78,1.5,,0.69,0.8,1.86
2014-08-20,-0.6,-0.96,-0.69,0.46,,0.41,0.82,2.09
2014-08-21,-0.6,-1.04,-0.38,-0.05,,0.49,0.42,1.14
2014-08-22,-0.78,-1.18,-0.71,-0.59,-1.01,0.39,0.43,0.99
2014-08-25,-0.61,-1.07,-0.61,-0.27,,0.29,0.44,0.03
2014-08-26,-0.64,-1.12,-0.88,-0.43,,0.34,0.04,-0.24
2014-08-27,-0.53,-1.11,-1.35,-0.57,,0.47,0.05,-0.07
2014-08-28,-0.33,-0.92,-1.16,-0.52,,0.51,0.47,0.97
2014-08-29,-0.37,-0.87,-1.19,-0.39,-0.67,0.41,0.48,1.21
2014-08-31,,,,,,0.58,0.5,
2014-09-01,,,,,,0.57,0.51,
2014-09-02,-0.18,-0.7,0.01,0.89,,0.39,0.53,1.48
2014-09-03,-0.09,-0.37,-0.59,1.01,,0.52,0.54,2.62
2014-09-04,0.12,-0.22,0.01,1.37,,0.6,0.55,2.49
2014-09-05,-0.26,-0.52,-0.73,1.05,-0.36,0.95,0.55,0.97
2014-09-08,0.15,-0.24,0.53,2.48,,0.9,0.56,0.85
2014-09-09,0.74,0.33,1.46,1.87,,0.93,0.57,1.31
2014-09-10,0.3,0.09,1.97,2.38,,1.26,1.01,1.82
2014-09-11,0.25,0.05,2.46,2.4,,1.41,1.44,1.66
2014-09-12,0.61,0.51,3.6,1.58,0.16,1.29,1.43,2.43
2014-09-15,1.17,1.59,2.27,1.97,,1.39,1.41,2.47
2014-09-16,0.2,0.74,2.26,1.1,,1.53,1.81,2.62
2014-09-17,0.15,-0.01,2.64,1.24,,1.29,1.37,1.24
2014-09-18,-0.28,-0.24,1.2,1.09,,0.98,1.36,1.14
2014-09-19,-0.23,-0.01,2.3,0.79,0.13,0.92,0.94,0.52
2014-09-22,0.87,1.26,1.85,1.69,,1.11,1.35,0.01
2014-09-23,1.7,1.95,1.96,2.1,,1.53,1.34,-0.16
2014-09-24,0.54,1.06,2.31,1.47,,1.69,1.72,0.09
2014-09-25,2.1,3.01,2.75,1.6,,2.21,2.08,0.3
2014-09-26,1.53,2.06,2.51,1.16,1.01,2.38,2.38,1.76
2014-09-29,2.19,2.73,1.97,1.4,,2.65,2.99,1.13
2014-09-30,2.3,2.73,2.93,2.35,,2.17,3.14,1.61
2014-10-01,2.44,3.11,2.71,2.73,,2.25,3.24,1.6
2014-10-02,2.03,2.62,2.31,3.09,,2.07,3.31,2.03
2014-10-03,1.05,1.93,2.75,3.32,1.24,1.59,2.83,1.06
2014-10-06,1.55,2.1,1.79,3.28,,1.45,2.42,0.51
2014-10-07,2.45,2.61,1.72,3.28,,1.76,2.32,1.71
2014-10-08,1.23,1.56,1.65,3.15,,2.04,2.72,1.59
2014-10-09,3.07,2.72,1.81,3.85,,2.09,2.59,1.9
2014-10-10,3.94,3.75,1.89,4.25,1.3,2.42,2.69,2.34
2014-10-13,4.77,4.49,1.61,4.21,,2.32,2.56,
2014-10-14,3.65,3.8,1.72,5.16,,2.69,2.66,3.45
2014-10-15,4.38,4.06,2.66,4.33,,3.18,3.49,6.62
2014-10-16,3.66,3.61,2.38,3.47,,2.76,3.24,4.29
2014-10-17,2.51,2.39,1.55,2.64,3.42,1.91,2.86,3.06
2014-10-20,1.43,1.52,1.12,2.14,,1.86,2.71,2.45
2014-10-21,0.65,0.88,0.97,1.61,,1.37,2.58,2.31
2014-10-22,1.17,1.36,0.74,2.28,,1.19,2.31,2.02
2014-10-23,0.75,0.99,0.88,2.41,,1.02,2.22,2.31
2014-10-24,0.61,0.73,0.53,2.21,0.39,1.0,2.14,2.35
2014-10-27,0.57,0.72,0.65,2.34,,1.05,2.07,1.83
2014-10-28,0.06,0.32,0.53,1.83,,0.98,2.0,1.47
2014-10-29,0.28,0.36,0.74,1.56,,0.78,1.79,1.25
2014-10-30,0.08,0.3,1.39,1.79,,0.84,1.89,0.85
2014-10-31,-0.08,0.05,2.98,1.75,0.26,0.68,1.83,0.73
2014-11-03,0.12,0.22,2.63,1.92,,0.64,1.78,0.58
2014-11-04,0.16,0.25,2.09,2.07,,0.79,1.87,0.69
2014-11-05,-0.07,0.17,3.35,1.72,,0.69,1.81,1.14
2014-11-06,-0.24,-0.04,3.05,1.5,,0.61,1.9,0.7
2014-11-07,-0.42,-0.35,2.21,1.32,0.42,0.77,1.98,0.41
2014-11-10,-0.58,-0.48,2.45,1.49,,0.64,1.79,0.4
2014-11-11,-0.51,-0.49,2.06,1.47,,0.62,1.74,
2014-11-12,-0.48,-0.49,1.95,1.42,,0.63,1.83,0.41
2014-11-13,-0.24,-0.42,1.78,1.77,,0.74,1.91,0.42
2014-11-14,-0.4,-0.24,2.56,1.7,0.46,0.91,1.98,0.41
2014-11-17,-0.18,-0.13,2.45,1.86,,0.98,2.05,0.38
2014-11-18,-0.24,-0.18,2.54,1.62,,1.19,2.11,0.63
2014-11-19,-0.21,-0.09,2.52,1.57,,1.29,2.16,0.7
2014-11-20,-0.35,-0.36,1.55,1.61,,1.38,2.09,0.6
2014-11-21,-0.56,-0.4,1.42,1.75,1.07,1.13,1.9,0.33
2014-11-24,-0.66,-0.55,1.2,1.9,,1.11,1.85,0.01
2014-11-25,-0.78,-0.59,1.19,2.01,,1.08,1.8,0.02
2014-11-26,-0.84,-0.74,1.34,1.74,,1.13,1.75,0.02
2014-11-27,,,,,,1.11,1.59,
2014-11-28,-0.43,-0.41,2.48,1.75,0.55,1.34,1.67,0.23
2014-11-30,,,,,,1.41,1.74,
2014-12-01,-0.12,0.16,1.56,1.85,,1.86,1.81,0.3
2014-12-02,-0.6,-0.14,1.21,1.94,,1.8,1.76,
2014-12-03,-0.73,-0.33,0.98,1.56,,1.72,1.83,0.1
2014-12-04,-0.75,-0.36,0.86,1.42,,1.73,1.77,-0.06
2014-12-05,-0.93,-0.56,0.76,1.22,1.13,1.5,1.72,-0.05
2014-12-08,-0.13,-0.03,0.62,1.93,,1.76,1.78,-0.31
2014-12-09,0.1,0.11,0.73,1.59,,2.24,1.95,0.15
2014-12-10,1.29,1.06,0.48,2.14,,2.55,2.09,0.34
2014-12-11,1.76,1.33,0.42,2.4,,2.53,2.12,
2014-12-12,2.02,1.93,0.57,2.86,2.41,2.95,2.24,
2014-12-15,1.77,1.75,0.95,3.52,,2.9,2.35,1.51
2014-12-16,2.62,2.26,1.28,3.1,,3.14,2.62,1.86
2014-12-17,1.35,1.29,0.89,3.01,,2.48,2.42,0.79
2014-12-18,0.56,0.23,0.37,2.91,,1.68,2.06,0.61
2014-12-19,0.45,0.12,0.17,2.53,2.72,1.51,1.9,0.53
2014-12-22,0.08,0.01,0.65,2.42,,1.35,1.67,0.44
2014-12-23,-0.06,0.07,0.47,2.25,,1.12,1.54,0.26
2014-12-24,-0.2,-0.04,0.33,2.24,,1.07,1.5,0.26
2014-12-25,,,,,,,,
2014-12-26,-0.17,-0.11,0.16,2.14,0.06,1.05,1.47,-1.51
2014-12-29,-0.01,0.03,0.56,1.98,,1.1,1.44,0.29
2014-12-30,0.24,0.07,0.31,1.72,,1.12,1.41,0.25
2014-12-31,1.21,0.87,0.5,1.6,,1.24,1.46,0.23
2015-01-01,,,,,,,,
2015-01-02,0.76,0.71,0.54,1.88,1.76,1.31,1.52,0.36
2015-01-05,1.38,1.16,0.89,2.1,,1.58,1.57,0.55
2015-01-06,1.69,1.48,0.7,1.94,,1.91,1.71,2.26
2015-01-07,1.12,0.93,0.52,1.63,,1.73,1.76,2.21
2015-01-08,0.42,0.29,0.06,1.41,,1.37,1.54,2.13
2015-01-09,0.56,0.35,-0.27,1.31,2.78,1.42,1.6,1.52
2015-01-12,1.16,0.8,-0.63,1.52,,1.55,1.65,1.64
2015-01-13,1.41,1.05,-0.67,1.54,,1.54,1.7,1.73
2015-01-14,1.65,1.24,-0.33,1.46,,1.76,1.84,1.95
2015-01-15,1.86,1.62,1.13,1.78,,1.79,1.88,1.89
2015-01-16,1.4,1.12,1.48,1.63,2.65,,,2.64
2015-01-19,,,,,,1.68,1.83,
2015-01-20,1.07,0.93,1.79,1.71,,1.64,1.79,2.3
2015-01-21,0.75,0.7,1.26,1.44,,1.53,1.66,1.97
2015-01-22,0.02,-0.26,0.75,1.51,,1.29,1.54,1.58
2015-01-23,0.09,-0.27,0.45,1.57,1.88,1.34,1.42,2.03
2015-01-26,-0.26,-0.31,0.16,1.46,,1.22,1.31,1.5
2015-01-27,0.23,0.41,0.21,1.24,,1.27,1.38,1.55
2015-01-28,1.17,1.1,-0.22,1.29,,1.3,1.45,1.53
2015-01-29,0.65,0.45,0.22,1.23,,1.2,1.42,1.51
2015-01-30,1.28,1.13,-0.09,1.51,1.92,1.39,1.49,
2015-01-31,,,,,,1.1,1.56,
2015-02-02,0.8,0.85,0.23,1.42,,1.07,1.53,1.62
2015-02-03,0.16,0.18,0.2,1.53,,0.68,1.31,2.02
2015-02-04,0.46,0.29,0.21,1.74,,0.52,1.19,1.92
2015-02-05,0.0,-0.04,0.05,1.73,,0.36,1.08,1.93
2015-02-06,0.13,0.03,0.3,1.52,1.15,-0.18,0.77,1.93
2015-02-09,0.5,0.27,0.15,1.1,,-0.14,0.65,2.01
2015-02-10,0.1,-0.28,-0.16,1.35,,-0.29,0.64,1.98
2015-02-11,0.02,-0.3,0.01,1.4,,-0.28,0.62,1.82
2015-02-12,-0.47,-0.72,-0.39,1.24,,-0.34,0.4,1.54
2015-02-13,-0.66,-1.02,-0.82,0.96,0.77,-0.42,0.38,1.48
2015-02-16,,,,,,-0.48,0.36,
2015-02-17,-0.32,-0.74,-0.25,1.01,,-0.79,0.12,1.48
2015-02-18,-0.43,-0.75,-0.3,0.96,,-0.65,-0.01,1.41
2015-02-19,-0.47,-0.88,-0.8,0.92,,-0.74,-0.13,2.0
2015-02-20,-0.75,-1.11,-0.47,0.75,0.83,-0.85,-0.26,1.92
2015-02-23,-0.65,-1.04,-0.41,1.13,,-0.77,-0.28,1.82
2015-02-24,-0.91,-1.24,-0.76,0.9,,-0.72,-0.29,1.46
2015-02-25,-0.86,-1.21,-1.47,0.77,,-0.82,-0.19,1.2
2015-02-26,-0.83,-1.25,-1.83,0.88,,-1.11,-0.45,1.09
2015-02-27,-1.02,-1.12,-2.16,0.81,0.92,-1.11,-0.35,1.14
2015-02-28,,,,,,-1.04,-1.1,
2015-03-02,-1.1,-1.23,-1.9,0.71,,-1.24,-1.24,1.01
2015-03-03,-0.8,-0.93,-1.69,0.53,,-1.24,-1.38,1.13
2015-03-04,-0.65,-0.67,-1.75,0.15,,-1.09,-1.27,1.06
2015-03-05,-0.71,-0.8,-1.62,-0.03,,-1.05,-1.29,0.94
2015-03-06,-0.29,-0.19,-0.86,0.12,0.76,-1.16,-1.56,0.69
2015-03-09,-0.34,-0.31,-1.33,0.11,,-0.94,-1.44,0.45
2015-03-10,0.23,0.31,-0.62,0.27,,-0.55,-1.2,0.48
2015-03-11,0.29,0.46,-0.08,0.08,,-0.7,-1.22,0.53
2015-03-12,-0.23,-0.04,-0.61,0.11,,-0.69,-1.1,0.57
2015-03-13,-0.03,0.11,-0.69,0.58,1.41,-0.54,-0.98,0.61
2015-03-16,-0.18,-0.15,-0.54,0.8,,-0.45,-0.86,0.49
2015-03-17,-0.16,-0.27,0.39,1.07,,-0.27,-0.61,0.61
2015-03-18,-0.76,-0.9,-0.8,0.42,,0.05,-0.5,0.54
2015-03-19,-0.73,-1.0,-1.56,0.42,,-0.31,-0.51,0.71
2015-03-20,-1.1,-1.35,-1.54,0.08,1.33,-0.27,-0.53,0.58
2015-03-23,-0.97,-1.1,-1.47,-0.11,,-0.26,-0.54,0.42
2015-03-24,-0.9,-1.04,-1.66,-0.29,,-0.3,-0.55,0.3
2015-03-25,-0.26,0.02,-1.85,-0.43,,-0.46,-0.55,0.34
2015-03-26,-0.14,0.07,-1.98,-0.15,,-0.52,-0.56,0.5
2015-03-27,-0.41,-0.18,-2.03,0.22,1.06,-0.47,-0.57,0.49
2015-03-30,-0.62,-0.51,-1.57,0.09,,-0.57,-0.58,0.49
2015-03-31,-0.34,-0.03,-1.71,0.29,,-0.31,-0.88,0.45
2015-04-01,-0.41,-0.01,-1.86,-0.11,,-0.2,-0.74,0.38
2015-04-02,-0.58,-0.28,-1.82,-0.29,,-0.33,-0.9,0.25
2015-04-03,,,,,1.12,,,
2015-04-06,-0.57,-0.34,-1.91,-0.54,,-0.4,-0.9,-0.27
2015-04-07,-0.56,-0.44,-2.12,-0.88,,-0.65,-1.2,-0.4
2015-04-08,-0.88,-0.83,-2.24,-0.64,,-0.8,-1.19,-0.2
2015-04-09,-1.23,-1.16,-2.06,-0.91,,-0.95,-1.33,-0.33
2015-04-10,-1.41,-1.4,-2.43,-1.53,0.37,-1.0,-1.45,-0.45
2015-04-13,-0.89,-0.83,-2.09,-1.39,,-0.99,-1.43,-0.67
2015-04-14,-1.0,-0.83,-1.83,-1.35,,-0.92,-1.41,-0.8
2015-04-15,-1.32,-1.16,-2.05,-1.16,,-1.02,-1.25,-1.0
2015-04-16,-1.42,-1.21,-2.01,-1.72,,-0.91,-1.23,-1.08
2015-04-17,-0.95,-0.59,-1.97,-2.1,0.41,-0.74,-1.2,-0.89
2015-04-20,-1.17,-1.07,-1.5,-2.12,,-0.9,-1.18,-1.01
2015-04-21,-1.17,-1.03,-1.61,-2.38,,-0.98,-1.29,-1.1
2015-04-22,-1.34,-1.11,-1.24,-2.73,,-1.08,-1.39,-1.13
2015-04-23,-1.4,-1.27,-1.18,-2.82,,-1.01,-1.23,-1.13
2015-04-24,-1.45,-1.26,-0.92,-2.91,0.22,-0.97,-1.2,-1.33
2015-04-27,-1.11,-0.83,-0.89,-2.62,,-0.98,-1.17,-1.42
2015-04-28,-1.39,-0.96,-0.97,-2.52,,-1.05,-1.15,-1.18
2015-04-29,-0.97,-0.68,-1.06,-2.5,,-1.0,-1.12,-1.05
2015-04-30,-0.49,-0.21,-0.67,-2.45,,-0.79,-0.84,-0.9
2015-05-01,-1.22,-0.85,-0.42,-2.44,0.3,-0.96,-0.95,-0.5
2015-05-04,-1.14,-0.8,-0.26,-2.25,,-1.01,-0.93,-0.26
2015-05-05,-0.55,-0.12,-0.46,-2.16,,-1.08,-0.91,0.5
2015-05-06,-0.22,0.38,-0.27,-1.99,,-1.0,-0.9,0.87
2015-05-07,-0.23,0.19,-0.09,-1.76,,-0.82,-0.88,0.68
2015-05-08,-1.12,-0.7,-1.03,-2.1,0.54,-0.86,-0.73,-0.45
2015-05-11,-0.72,-0.61,-0.96,-2.06,,-1.1,-0.97,-0.05
2015-05-12,-0.7,-0.42,-1.08,-2.13,,-0.73,-0.82,0.38
2015-05-13,-0.72,-0.55,-0.92,-1.98,,-0.87,-0.8,0.11
2015-05-14,-1.11,-1.13,-0.78,-2.11,,-0.82,-0.78,-0.26
2015-05-15,-1.24,-1.31,-1.09,-2.34,0.66,-0.7,-0.77,-0.29
2015-05-18,-1.07,-1.25,-0.92,-2.17,,-0.88,-0.88,0.45
2015-05-19,-1.0,-1.13,-0.87,-1.64,,-0.97,-0.86,0.37
2015-05-20,-0.97,-1.18,-1.14,-1.71,,-0.85,-0.71,0.36
2015-05-21,-1.26,-1.43,-1.4,-1.89,,-0.77,-0.55,0.12
2015-05-22,-1.24,-1.48,-1.56,-1.86,0.67,-0.91,-0.54,0.35
2015-05-25,,,,,,,,
2015-05-26,-0.4,-0.56,-1.07,-1.46,,-0.74,-0.52,-0.0
2015-05-27,-0.75,-1.15,-1.56,-1.35,,-0.85,-0.35,-0.2
2015-05-28,-0.73,-1.01,-1.35,-1.44,,-0.76,-0.18,-0.39
2015-05-29,-0.45,-0.72,-1.59,-1.45,1.1,-0.66,0.01,-0.38
2015-05-31,,,,,,-0.39,0.19,
2015-06-01,-0.36,-0.57,-1.16,-1.25,,-0.64,0.22,-0.24
2015-06-02,-0.2,-0.29,-1.15,-1.18,,-0.78,0.25,0.36
2015-06-03,-0.5,-0.52,-0.98,-0.98,,-0.93,0.29,0.99
2015-06-04,0.07,-0.09,-0.53,-0.85,,-0.4,0.52,1.04
2015-06-05,-0.18,-0.08,-0.97,-1.34,1.08,-0.38,0.38,0.54
2015-06-08,0.46,0.66,-0.94,-1.26,,-0.03,0.45,0.34
2015-06-09,0.02,0.41,-1.08,-1.33,,0.36,0.74,0.28
2015-06-10,-0.75,-0.46,-1.29,-1.43,,-0.04,1.06,0.66
2015-06-11,-1.0,-0.76,-1.31,-1.4,,0.15,1.15,0.37
2015-06-12,-0.33,-0.36,-1.45,-1.39,1.0,0.25,1.21,0.36
2015-06-15,0.89,0.56,-1.24,-1.26,,0.93,1.8,0.12
2015-06-16,0.48,0.32,-1.21,-1.26,,1.42,2.11,0.09
2015-06-17,0.27,-0.12,-1.62,-1.19,,1.34,2.15,-0.4
2015-06-18,-0.78,-1.37,-1.63,-1.3,,0.93,2.41,-0.35
2015-06-19,-0.09,-0.74,-1.75,-1.4,1.18,1.09,2.39,-0.01
2015-06-22,-1.17,-1.38,-1.39,-1.41,,0.19,2.11,-0.04
2015-06-23,-1.71,-1.6,-1.34,-1.42,,0.18,2.08,-0.05
2015-06-24,-0.64,-0.97,-1.35,-1.4,,0.51,2.29,-0.28
2015-06-25,0.06,-0.45,-1.73,-1.41,,0.59,2.23,-0.17
2015-06-26,0.09,-0.03,-1.64,-1.41,0.54,0.41,1.91,0.0
2015-06-29,4.15,3.47,-0.87,-0.88,,2.45,2.57,0.95
2015-06-30,3.35,2.91,-0.35,-0.99,,2.98,2.9,1.41
2015-07-01,1.62,1.53,-0.63,-0.79,,1.99,2.34,1.11
2015-07-02,2.09,1.56,-0.88,-0.8,,2.14,2.25,0.72
2015-07-03,,,,,2.08,2.07,2.17,
2015-07-06,2.17,1.7,-0.97,-0.07,,3.04,2.29,0.41
2015-07-07,1.45,1.25,-0.34,0.02,,3.24,2.59,1.19
2015-07-08,3.7,3.02,0.01,0.24,,3.5,2.67,1.0
2015-07-09,3.58,3.0,-0.18,0.24,,2.73,2.54,0.99
2015-07-10,1.57,1.39,-0.83,0.16,1.68,1.84,2.26,1.16
2015-07-13,-0.25,-0.48,-1.42,-0.23,,1.56,2.01,0.17
2015-07-14,-0.57,-0.96,-1.49,-0.44,,1.58,2.13,-0.53
2015-07-15,-0.64,-1.0,-0.79,-0.3,,1.48,2.22,-0.83
2015-07-16,-1.3,-1.95,-0.96,-0.46,,1.33,2.14,-1.37
2015-07-17,-1.37,-1.69,0.51,-0.6,0.37,1.52,2.07,-1.65
2015-07-20,-1.16,-0.98,2.75,-0.36,,1.54,1.99,-1.85
2015-07-21,-1.16,-0.67,2.61,-0.53,,2.03,2.08,-1.86
2015-07-22,-1.19,-0.86,2.59,-0.15,,2.47,2.16,-1.85
2015-07-23,-0.85,-0.86,2.45,-0.02,,2.63,2.23,-1.71
2015-07-24,-0.16,0.24,2.47,0.1,0.97,3.0,2.29,-1.6
2015-07-27,0.98,1.27,2.9,0.46,,3.52,2.34,-1.68
2015-07-28,-0.35,0.0,1.8,0.3,,3.08,2.38,-1.68
2015-07-29,-0.92,-0.36,1.05,0.11,,2.5,2.28,-1.96
2015-07-30,-1.14,-0.69,0.96,-0.08,,2.13,2.19,-1.68
2015-07-31,-1.12,-0.6,0.78,0.19,1.3,2.42,2.35,-0.95
2015-08-03,-0.84,-0.2,1.27,0.57,,2.63,2.26,-1.09
2015-08-04,-0.55,0.13,1.04,0.46,,2.37,2.17,-0.2
2015-08-05,-0.84,-0.21,1.33,0.52,,1.88,2.09,-0.15
2015-08-06,-0.06,0.93,1.01,0.82,,2.19,2.13,-0.21
2015-08-07,-0.28,0.94,0.6,0.82,1.09,2.48,2.16,-0.82
2015-08-10,-0.97,0.28,0.49,0.84,,2.35,2.18,-0.94
2015-08-11,-0.06,1.31,0.56,1.14,,2.71,2.21,-0.5
2015-08-12,-0.11,1.16,0.72,1.25,,2.89,2.32,0.02
2015-08-13,-0.18,0.96,0.12,1.46,,2.4,2.23,-0.21
2015-08-14,-0.58,0.61,-0.04,0.98,1.42,1.93,2.15,-0.66
2015-08-17,-0.46,0.04,-0.16,0.89,,2.03,2.08,-0.8
2015-08-18,0.01,0.32,0.1,0.7,,1.91,2.01,0.2
2015-08-19,0.89,1.18,0.17,1.16,,2.14,2.13,0.01
2015-08-20,3.06,3.59,0.72,1.5,,2.23,2.14,0.47
2015-08-21,6.14,6.36,1.67,2.04,2.2,2.4,2.24,1.05
2015-08-24,7.29,7.36,3.14,3.25,,2.9,2.41,1.93
2015-08-25,5.01,5.07,2.42,2.85,,2.24,2.31,1.38
2015-08-26,3.39,3.22,2.23,2.29,,2.18,2.23,1.48
2015-08-27,2.36,2.47,1.49,2.66,,1.87,1.99,1.36
2015-08-28,2.25,2.41,1.48,3.02,3.71,1.65,1.85,1.28
2015-08-31,2.6,2.52,1.72,3.33,,1.57,1.8,0.74
2015-09-01,2.99,2.92,1.83,3.6,,1.69,1.83,0.88
2015-09-02,1.93,2.01,1.29,2.76,,1.54,1.7,1.55
2015-09-03,1.78,1.89,1.22,2.12,,1.44,1.58,1.25
2015-09-04,2.1,1.96,1.22,1.86,2.27,1.49,1.54,0.5
2015-09-07,,,,,,1.45,1.5,
2015-09-08,1.54,1.51,1.05,1.94,,1.22,1.39,0.22
2015-09-09,1.72,1.63,0.8,1.78,,1.09,1.36,0.2
2015-09-10,1.37,1.41,0.35,1.81,,1.04,1.33,-0.05
2015-09-11,1.15,1.15,0.59,1.69,1.85,1.1,1.3,-0.01
2015-09-14,1.3,1.2,0.72,1.67,,1.08,1.27,-0.18
2015-09-15,0.99,0.94,0.75,1.81,,0.89,1.17,0.21
2015-09-16,0.78,0.69,0.91,1.63,,0.98,1.15,0.19
2015-09-17,0.73,0.69,0.2,0.91,,1.2,1.12,-1.0
2015-09-18,0.9,0.83,0.12,0.96,1.84,1.35,1.1,-1.28
2015-09-21,0.53,0.64,0.18,1.17,,1.26,1.08,-1.46
2015-09-22,0.89,0.96,0.54,1.34,,1.66,1.14,-1.26
2015-09-23,0.82,0.81,0.53,1.61,,1.62,1.2,-2.2
2015-09-24,1.02,0.94,1.44,1.34,,1.89,1.35,-1.05
2015-09-25,1.02,0.99,0.97,1.07,2.47,1.86,1.32,-1.1
2015-09-28,1.63,1.57,0.92,1.29,,2.43,1.63,-0.92
2015-09-29,1.46,1.52,0.61,1.24,,2.55,1.85,0.08
2015-09-30,1.07,1.16,0.5,0.69,,2.49,1.88,-0.18
2015-10-01,0.74,0.94,0.22,0.55,,2.48,1.92,-0.19
2015-10-02,0.47,0.63,0.11,0.29,3.12,2.64,1.95,-0.58
2015-10-05,0.23,0.47,0.08,0.3,,2.19,1.74,-0.79
2015-10-06,0.2,0.43,0.49,0.44,,1.96,1.62,-0.35
2015-10-07,0.03,0.28,0.28,0.31,,1.58,1.42,-0.39
2015-10-08,-0.13,0.13,0.16,0.3,,1.44,1.31,-0.46
2015-10-09,-0.19,0.06,0.15,0.22,1.22,1.19,1.2,-0.64
2015-10-12,-0.34,-0.19,-0.19,0.51,,1.17,1.18,
2015-10-13,-0.11,-0.02,0.25,0.57,,1.33,1.16,-0.92
2015-10-14,-0.05,0.07,0.84,0.16,,1.43,1.22,-1.13
2015-10-15,-0.38,-0.36,0.6,0.05,,1.31,1.12,-1.14
2015-10-16,-0.55,-0.51,-0.07,-0.33,1.41,1.15,1.01,-1.1
2015-10-19,-0.57,-0.57,0.09,-0.17,,1.09,0.99,-1.64
2015-10-20,-0.44,-0.4,-0.0,-0.04,,0.89,0.88,-1.58
2015-10-21,-0.29,-0.24,-0.48,-0.05,,0.89,0.77,-1.75
2015-10-22,-0.66,-0.79,-0.65,-0.31,,0.92,0.66,-1.65
2015-10-23,-0.66,-0.63,-0.67,-0.12,1.03,0.66,0.45,-1.49
2015-10-26,-0.53,-0.45,-0.6,0.1,,0.7,0.34,-1.61
2015-10-27,-0.51,-0.43,-0.88,0.37,,0.82,0.42,-1.56
2015-10-28,-0.69,-0.6,-0.72,0.27,,0.61,0.3,-1.44
2015-10-29,-0.65,-0.57,-0.66,0.13,,0.43,0.18,-1.02
2015-10-30,-0.58,-0.56,-0.9,-0.19,0.91,0.4,0.16,-1.0
2015-10-31,,,,,,0.42,0.25,
2015-11-02,-0.74,-0.69,-1.0,-0.23,,0.28,0.12,-0.96
2015-11-03,-0.67,-0.66,0.1,-0.39,,0.11,-0.02,-0.93
2015-11-04,-0.5,-0.58,0.59,-0.36,,0.01,-0.16,-0.31
2015-11-05,-0.57,-0.57,0.45,-0.84,,0.14,-0.3,-0.42
2015-11-06,-0.69,-0.71,0.15,-0.75,0.67,0.17,-0.45,-0.75
2015-11-09,-0.32,-0.43,0.25,-0.47,,0.42,-0.48,
2015-11-10,-0.52,-0.55,0.11,-0.89,,0.59,-0.5,-1.28
2015-11-11,-0.4,-0.48,0.44,-0.35,,0.57,-0.53,
2015-11-12,-0.01,-0.28,0.8,0.07,,0.81,-0.43,
2015-11-13,0.27,0.11,0.67,0.55,1.27,1.06,-0.32,-1.56
2015-11-16,-0.05,-0.3,0.79,0.78,,1.14,-0.36,-1.61
2015-11-17,0.06,-0.22,1.89,0.59,,0.9,-0.53,-0.92
2015-11-18,-0.28,-0.5,1.37,-0.08,,0.92,-0.42,-0.99
2015-11-19,-0.27,-0.48,0.39,-0.05,,1.11,-0.61,-1.15
2015-11-20,-0.53,-0.65,-0.21,0.19,1.16,1.21,-0.65,-1.13
2015-11-23,-0.52,-0.61,0.11,0.37,,1.27,-0.69,-1.06
2015-11-24,-0.47,-0.59,-0.62,0.66,,1.42,-0.56,-1.02
2015-11-25,-0.61,-0.69,-0.85,0.94,,1.28,-0.59,-1.13
2015-11-26,,,,,,1.26,-0.63,
2015-11-27,-0.63,-0.67,-0.24,0.88,0.98,1.26,-0.66,-1.17
2015-11-30,-0.46,-0.51,-0.42,0.82,,1.29,-0.87,-1.11
2015-12-01,-0.72,-0.69,-0.63,1.07,,1.27,-0.9,-0.95
2015-12-02,-0.51,-0.56,-0.01,1.67,,1.08,-0.74,-0.75
2015-12-03,-0.13,-0.23,0.33,1.33,,1.0,-0.95,-0.42
2015-12-04,-0.72,-0.79,-1.15,0.08,1.18,1.13,-0.97,-0.9
2015-12-07,-0.55,-0.63,-0.91,0.91,,1.51,-0.79,-1.01
2015-12-08,-0.25,-0.42,-0.99,1.22,,1.9,-0.42,-0.69
2015-12-09,0.09,-0.14,0.04,1.47,,2.06,-0.23,-0.74
2015-12-10,0.03,-0.21,-0.21,1.37,,1.97,-0.04,-0.76
2015-12-11,0.92,0.57,0.67,2.04,2.08,2.96,0.78,-0.37
2015-12-14,0.61,0.32,1.36,2.21,,3.35,1.38,0.1
2015-12-15,0.27,0.01,0.58,0.94,,2.58,1.35,0.3
2015-12-16,-0.31,-0.51,-1.56,0.36,,2.21,1.12,-1.07
2015-12-17,-0.12,-0.23,-1.03,0.31,,2.21,1.09,-1.41
2015-12-18,0.19,-0.01,-1.78,0.76,2.22,2.56,1.27,-1.36
2015-12-21,-0.19,-0.26,-1.56,0.68,,2.57,1.44,-1.52
2015-12-22,-0.6,-0.62,-1.67,0.59,,2.24,1.21,-1.42
2015-12-23,-0.81,-0.76,-1.83,0.22,,1.95,1.18,-1.51
2015-12-24,-0.78,-0.75,-1.74,-0.43,,1.88,1.16,-1.54
2015-12-25,,,,,1.72,,,
2015-12-28,-0.56,-0.55,-0.95,0.1,,1.87,1.15,-1.28
2015-12-29,-0.71,-0.73,-1.56,-0.34,,1.58,0.95,-1.25
2015-12-30,-0.46,-0.52,-1.5,-0.16,,1.52,0.75,-1.21
2015-12-31,-0.26,-0.36,-1.7,-0.01,,1.48,0.94,-1.12
2016-01-01,,,,,1.51,,,
2016-01-04,0.34,0.32,-0.85,0.8,,1.75,0.92,-0.96
2016-01-05,0.05,0.15,-1.53,0.76,,1.56,0.91,-0.6
2016-01-06,0.37,0.4,-0.62,1.41,,1.68,1.09,-0.54
2016-01-07,1.47,1.5,0.3,2.29,,1.89,1.26,-0.17
2016-01-08,1.99,1.92,0.49,2.25,2.45,1.82,1.61,-0.61
2016-01-11,1.39,1.51,-0.49,3.72,,1.92,1.74,-0.6
2016-01-12,0.94,0.93,-0.31,3.89,,2.0,2.04,
2016-01-13,1.67,1.76,0.03,2.77,,2.16,1.97,-0.05
2016-01-14,1.38,1.47,-0.68,2.07,,2.22,2.56,-0.16
2016-01-15,2.18,2.32,0.45,2.81,2.76,2.71,3.18,0.59
2016-01-18,,,,,,2.61,2.98,
2016-01-19,1.92,2.34,-0.65,2.99,,2.47,3.07,0.51
2016-01-20,2.28,2.66,-0.3,3.41,,2.99,3.71,1.37
2016-01-21,2.0,2.42,-0.11,2.88,,2.64,3.42,1.26
2016-01-22,0.88,1.26,-0.86,2.17,2.88,2.13,2.97,0.65
2016-01-25,1.34,1.69,0.24,2.64,,2.03,3.01,0.3
2016-01-26,0.91,1.38,0.37,2.54,,1.94,2.93,0.28
2016-01-27,1.06,1.56,-0.13,2.39,,1.8,2.86,-0.37
2016-01-28,0.88,1.31,-1.28,2.33,,1.71,2.79,-0.56
2016-01-29,0.31,0.64,-0.98,1.72,1.73,1.64,2.73,0.13
2016-01-31,,,,,,1.64,2.6,
2016-02-01,0.26,0.5,-0.02,2.26,,1.63,2.48,0.04
2016-02-02,0.78,1.0,-0.55,2.41,,1.85,2.68,1.03
2016-02-03,0.7,0.99,0.95,2.21,,1.86,2.7,1.53
2016-02-04,0.76,1.06,0.55,2.02,,1.81,2.58,2.42
2016-02-05,1.2,1.64,2.49,1.94,2.09,1.85,2.53,1.88
2016-02-08,1.91,2.54,3.02,2.07,,2.32,2.68,3.34
2016-02-09,2.03,2.56,3.78,2.4,,2.36,2.68,3.53
2016-02-10,1.92,2.33,3.25,2.32,,2.15,2.67,2.38
2016-02-11,2.31,2.38,6.21,2.73,,2.47,2.77,3.88
2016-02-12,1.58,1.85,3.54,2.7,3.18,2.11,2.57,3.19
2016-02-15,,,,,,1.98,2.45,
2016-02-16,1.23,1.58,3.58,1.9,,1.76,2.29,2.03
2016-02-17,0.77,1.23,3.19,1.66,,1.44,2.1,1.68
2016-02-18,0.59,1.08,3.65,1.43,,1.36,1.98,1.86
2016-02-19,0.31,0.71,2.86,0.93,1.58,1.39,1.86,2.4
2016-02-22,0.02,0.46,2.17,0.95,,1.2,1.75,1.6
2016-02-23,0.4,0.77,2.22,1.13,,1.19,1.7,1.4
2016-02-24,0.33,0.48,2.32,1.2,,1.24,1.65,1.55
2016-02-25,-0.08,0.18,1.94,0.96,,1.11,1.61,1.43
2016-02-26,0.09,0.26,1.32,0.59,1.5,0.78,1.42,1.13
2016-02-29,0.26,0.35,1.6,0.58,,0.7,1.1,1.24
2016-03-01,-0.47,-0.25,1.35,0.26,,0.35,0.94,1.33
2016-03-02,-0.63,-0.3,1.33,-0.08,,0.16,0.77,1.22
2016-03-03,-0.74,-0.28,1.78,-0.18,,0.11,0.71,0.93
2016-03-04,-0.71,-0.28,1.35,-0.26,0.75,-0.14,0.55,0.39
2016-03-07,-0.59,-0.11,1.25,-0.18,,-0.22,0.44,0.35
2016-03-08,-0.26,0.12,1.53,-0.07,,-0.11,0.42,0.75
2016-03-09,-0.36,-0.07,1.25,-0.31,,-0.12,0.31,0.68
2016-03-10,-0.45,-0.18,1.48,-0.29,,-0.28,0.15,0.74
2016-03-11,-0.87,-0.6,1.06,-0.48,0.82,-0.59,-0.01,0.8
2016-03-14,-0.77,-0.63,0.8,-0.5,,-0.72,-0.23,0.45
2016-03-15,-0.81,-0.67,0.33,-0.64,,-0.61,-0.29,0.35
2016-03-16,-1.31,-1.05,0.43,-1.16,,-0.49,-0.3,-0.28
2016-03-17,-1.45,-1.09,0.09,-0.95,,-0.68,-0.42,-0.53
2016-03-18,-1.56,-1.2,-0.18,-1.09,0.53,-0.86,-0.54,-0.69
2016-03-21,-1.6,-1.2,-0.42,-1.09,,-0.96,-0.65,-0.75
2016-03-22,-1.49,-1.24,-0.35,-1.21,,-0.91,-0.77,-0.69
2016-03-23,-1.27,-1.07,-0.23,-1.17,,-0.79,-0.78,-0.69
2016-03-24,-1.3,-1.16,-0.2,-1.13,,-0.6,-0.73,-0.45
2016-03-25,,,,,0.52,,,
2016-03-28,-1.15,-0.9,-0.37,-1.02,,-0.53,-0.75,-0.17
2016-03-29,-1.49,-1.23,0.26,-0.95,,-0.32,-0.76,-0.48
2016-03-30,-1.52,-1.3,-0.03,-0.98,,-0.51,-0.82,-0.79
2016-03-31,-1.4,-1.22,-0.07,-1.03,,-0.5,-0.94,-1.03
2016-04-01,-1.59,-1.43,-0.2,-0.84,1.03,-0.51,-1.01,-1.28
2016-04-04,-1.32,-1.21,-0.24,-0.51,,-0.56,-1.07,-1.49
2016-04-05,-1.0,-0.95,-0.17,-0.6,,-0.42,-1.02,-1.06
2016-04-06,-1.32,-1.25,-0.28,-1.04,,-0.59,-1.03,-0.86
2016-04-07,-0.81,-0.82,0.19,-1.0,,-0.49,-0.99,-0.67
2016-04-08,-1.01,-0.85,-0.0,-0.89,0.91,-0.65,-0.99,-0.7
2016-04-11,-0.79,-0.83,0.26,-0.72,,-0.72,-1.06,-0.86
2016-04-12,-1.14,-1.08,0.09,-0.74,,-0.97,-1.13,-0.99
2016-04-13,-1.37,-1.35,-0.28,-0.74,,-1.26,-1.25,-1.16
2016-04-14,-1.38,-1.26,-0.32,-0.99,,-1.45,-1.36,-1.14
2016-04-15,-1.39,-1.37,-0.46,-0.47,0.28,-1.41,-1.36,-1.26
2016-04-18,-1.44,-1.37,-0.5,-0.99,,-1.4,-1.41,-1.27
2016-04-19,-1.44,-1.27,-0.47,-1.25,,-1.64,-1.5,-1.24
2016-04-20,-1.4,-1.27,-0.71,-1.26,,-1.84,-1.64,-1.05
2016-04-21,-1.21,-1.2,-0.31,-1.23,,-1.83,-1.72,-0.92
2016-04-22,-1.35,-1.16,-0.54,-1.39,-0.02,-1.79,-1.74,-1.02
2016-04-25,-1.13,-1.01,-0.38,-1.13,,-1.7,-1.76,-0.99
2016-04-26,-1.13,-0.99,-0.46,-1.19,,-1.75,-1.77,-1.07
2016-04-27,-1.16,-1.02,-0.79,-1.17,,-1.72,-1.73,-1.36
2016-04-28,-0.81,-0.8,-0.32,-1.24,,-1.77,-1.74,-1.35
2016-04-29,-0.69,-0.53,0.43,-1.26,0.2,-1.65,-1.7,-1.3
2016-04-30,,,,,,-1.66,-1.67,
2016-05-02,-0.91,-0.74,0.11,-0.98,,-1.69,-1.63,-1.32
2016-05-03,-0.69,-0.59,-0.1,-0.91,,-1.45,-1.56,-0.84
2016-05-04,-0.59,-0.53,0.14,-1.01,,-1.31,-1.48,-0.89
2016-05-05,-0.63,-0.57,-0.22,-1.0,,-1.25,-1.41,-0.82
2016-05-06,-0.89,-0.91,-0.16,-1.23,0.7,-1.15,-1.34,-1.28
2016-05-09,-0.91,-0.94,-0.18,-1.06,,-1.06,-1.32,-1.4
2016-05-10,-1.11,-1.16,-0.41,-1.23,,-1.14,-1.3,-1.41
2016-05-11,-0.86,-0.96,-0.31,-1.25,,-1.2,-1.24,-1.41
2016-05-12,-0.9,-0.93,-0.51,-1.28,,-1.24,-1.26,-1.39
2016-05-13,-0.75,-0.95,-0.36,-1.25,0.45,-1.14,-1.2,-1.35
2016-05-16,-0.81,-1.08,-0.3,-1.19,,-1.27,-1.22,-0.98
2016-05-17,-0.6,-0.8,-0.42,-1.1,,-1.29,-1.2,-0.94
2016-05-18,-0.5,-0.82,-0.41,-1.06,,-1.39,-1.22,-0.59
2016-05-19,-0.4,-0.71,-0.55,-1.08,,-1.19,-1.15,-0.5
2016-05-20,-0.64,-1.0,-0.86,-1.27,0.15,-1.25,-1.13,-0.76
2016-05-23,-0.48,-0.88,-0.94,-1.31,,-1.24,-1.1,-0.84
2016-05-24,-0.79,-1.18,-0.99,-1.41,,-1.31,-1.12,-0.62
2016-05-25,-0.9,-1.22,-1.23,-1.56,,-1.4,-1.09,-0.84
2016-05-26,-1.0,-1.26,-1.47,-1.47,,-1.31,-1.11,-0.99
2016-05-27,-1.06,-1.28,-1.42,-1.49,-0.08,-1.28,-1.09,-0.9
2016-05-30,,,,,,-1.25,-1.06,
2016-05-31,-0.78,-1.11,-1.26,-1.26,,-1.36,-1.04,-0.74
2016-06-01,-0.76,-1.06,-1.22,-1.06,,-1.28,-1.02,-0.62
2016-06-02,-0.89,-1.09,-1.17,-1.34,,-1.26,-1.0,-0.51
2016-06-03,-0.92,-1.09,-0.66,-1.48,0.26,-1.12,-0.89,-0.74
2016-06-06,-0.85,-1.02,-0.56,-1.37,,-1.21,-0.91,-0.89
2016-06-07,-0.72,-1.0,-0.74,-1.29,,-1.28,-0.93,
2016-06-08,-0.7,-0.98,-0.22,-1.35,,-1.38,-0.91,-0.69
2016-06-09,-0.53,-0.86,0.33,-1.26,,-1.3,-0.89,
2016-06-10,0.15,-0.4,0.4,-0.87,0.32,-1.12,-0.79,0.19
2016-06-13,1.26,0.3,0.61,-0.59,,-0.99,-0.73,0.72
2016-06-14,1.14,0.27,0.42,-0.54,,-0.82,-0.62,0.66
2016-06-15,1.07,0.24,0.43,-0.57,,-0.83,-0.56,0.61
2016-06-16,0.9,0.19,0.9,-0.36,,-0.62,-0.5,1.21
2016-06-17,0.99,0.35,1.1,-0.67,1.44,-0.77,-0.53,1.09
2016-06-20,0.73,0.14,0.54,-0.9,,-1.09,-0.61,0.47
2016-06-21,0.88,0.29,0.47,-0.75,,-1.08,-0.65,0.46
2016-06-22,1.98,1.03,1.13,-0.41,,-1.14,-0.69,0.81
2016-06-23,0.53,-0.09,0.29,-0.8,,-1.35,-0.78,0.14
2016-06-24,3.79,2.38,1.19,-0.36,0.56,-0.48,-0.38,0.73
2016-06-27,2.96,2.26,1.4,-0.41,,-0.02,-0.18,1.27
2016-06-28,1.05,0.68,0.41,-0.79,,-0.16,-0.22,0.87
2016-06-29,0.26,0.07,0.02,-1.06,,-0.58,-0.26,-0.11
2016-06-30,-0.11,-0.27,-0.31,-1.1,,-0.68,-0.23,0.04
2016-07-01,-0.43,-0.57,-0.32,-1.45,1.44,-0.88,-0.28,0.34
2016-07-04,,,,,,-0.87,-0.26,
2016-07-05,-0.09,-0.07,0.51,-0.77,,-0.77,-0.23,0.96
2016-07-06,-0.33,-0.24,1.06,-0.51,,-0.8,-0.3,0.66
2016-07-07,-0.39,-0.32,0.77,-0.13,,-1.09,-0.37,0.8
2016-07-08,-1.03,-1.03,-0.11,-0.49,0.39,-1.42,-0.54,0.07
2016-07-11,-0.86,-1.3,-0.02,-0.23,,-1.94,-0.73,-0.34
2016-07-12,-0.84,-1.28,-0.52,-0.84,,-2.37,-1.06,-0.03
2016-07-13,-1.03,-1.18,-0.68,-0.05,,-2.02,-1.07,0.04
2016-07-14,-1.1,-1.44,-0.91,-1.14,,-2.29,-1.32,0.42
2016-07-15,-1.14,-1.6,-1.03,-1.51,-0.49,-2.25,-1.45,0.66
2016-07-18,-1.21,-1.38,-0.99,-1.14,,-2.12,-1.45,0.32
2016-07-19,-1.37,-1.43,-1.13,-1.36,,-2.03,-1.57,-0.12
2016-07-20,-1.42,-1.54,-0.81,-1.38,,-2.08,-1.57,-0.08
2016-07-21,-1.0,-1.15,-0.45,-1.08,,-1.99,-1.57,0.19
2016-07-22,-1.26,-1.32,-0.54,-0.88,0.04,-1.97,-1.7,-0.19
2016-07-25,-0.9,-0.8,-0.45,-0.32,,-1.91,-1.82,-0.42
2016-07-26,-0.82,-0.62,-0.62,-0.23,,-1.72,-1.64,-0.4
2016-07-27,-0.9,-1.0,-0.93,-0.14,,-1.55,-1.47,-0.84
2016-07-28,-0.94,-1.13,-1.29,0.22,,-1.46,-1.31,-0.82
2016-07-29,-1.26,-1.52,-1.57,-0.26,0.44,-1.28,-1.14,-1.33
2016-07-31,,,,,,-1.09,-1.13,
2016-08-01,-1.01,-1.22,-1.26,0.56,,-1.07,-1.13,-1.4
2016-08-02,-0.64,-0.78,-1.14,0.95,,-0.96,-1.11,-0.51
2016-08-03,-0.82,-0.87,-1.28,0.68,,-0.97,-0.93,-0.51
2016-08-04,-0.99,-1.19,-1.32,0.28,,-1.12,-0.91,-0.64
2016-08-05,-1.37,-1.49,-1.55,-0.12,0.77,-1.56,-1.26,-0.73
2016-08-08,-1.3,-1.33,-1.57,-0.21,,-1.64,-1.61,-0.94
2016-08-09,-1.23,-1.25,-2.11,-0.56,,-1.78,-1.6,-1.17
2016-08-10,-1.06,-1.06,-1.79,-0.67,,-1.71,-1.79,-1.35
2016-08-11,-1.18,-1.15,-1.49,-0.66,,-1.87,-1.97,-0.94
2016-08-12,-1.21,-1.27,-1.64,-1.08,0.33,-1.77,-1.96,-1.12
2016-08-15,-1.09,-1.23,-1.77,-1.2,,-2.01,-2.12,-1.23
2016-08-16,-0.77,-0.8,-0.98,-1.13,,-2.1,-2.26,-1.22
2016-08-17,-0.91,-0.86,-1.12,-1.79,,-2.0,-2.39,-1.22
2016-08-18,-1.17,-1.11,-1.52,-1.29,,-1.92,-2.32,-1.17
2016-08-19,-1.18,-1.4,-1.3,-1.84,0.26,-1.99,-2.6,-0.93
2016-08-22,-0.84,-1.13,-1.04,-1.34,,-1.85,-2.3,-0.32
2016-08-23,-0.79,-1.02,-1.12,-1.0,,-1.89,-2.38,-0.56
2016-08-24,-0.4,-0.56,-0.48,-1.01,,-1.85,-2.28,-0.58
2016-08-25,-0.34,-0.51,-0.56,-1.21,,-1.78,-2.35,-0.03
2016-08-26,-0.33,-0.59,-0.84,-1.42,0.47,-1.95,-2.41,0.34
2016-08-29,-0.59,-0.65,-0.93,-1.17,,-1.76,-2.31,-0.19
2016-08-30,-0.52,-0.59,-0.9,-0.72,,-1.77,-2.22,-0.09
2016-08-31,-0.41,-0.48,-0.88,-0.21,,-1.65,-2.0,-0.1
2016-09-01,-0.39,-0.45,-0.75,0.38,,-1.57,-1.93,0.13
2016-09-02,-0.92,-0.9,-1.54,-0.48,0.5,-1.59,-1.87,-0.62
2016-09-05,,,,,,-1.55,-1.81,
2016-09-06,-0.89,-0.88,-1.03,-0.06,,-1.51,-1.62,-1.2
2016-09-07,-0.9,-1.04,-1.29,-0.46,,-1.52,-1.58,-1.08
2016-09-08,-0.68,-0.77,-1.27,-0.59,,-1.66,-1.54,-0.71
2016-09-09,1.08,0.74,-1.0,-0.04,0.53,-1.39,-1.5,-0.1
2016-09-12,0.26,-0.39,-1.12,-0.22,,-1.19,-1.2,-0.15
2016-09-13,1.19,0.77,-0.82,0.51,,-1.03,-1.17,0.18
2016-09-14,1.27,0.92,-1.02,1.02,,-0.97,-1.01,-0.09
2016-09-15,0.62,0.09,-1.11,0.46,,-0.95,-0.99,-0.11
2016-09-16,0.29,-0.45,-1.22,0.08,1.12,-0.91,-0.97,-0.11
2016-09-19,0.34,-0.02,-0.79,0.01,,-0.93,-1.08,-0.12
2016-09-20,0.47,0.17,-0.77,0.52,,-0.94,-1.06,-0.13
2016-09-21,-0.43,-0.51,-1.21,0.09,,-0.96,-1.03,-1.25
2016-09-22,-0.86,-1.07,-1.6,0.75,,-1.24,-1.14,-1.75
2016-09-23,-0.75,-0.91,-1.47,1.63,0.6,-1.19,-1.11,-1.99
2016-09-26,0.01,0.17,-0.98,1.97,,-1.03,-0.96,-2.1
2016-09-27,-0.46,-0.41,-1.16,1.57,,-0.96,-0.81,-1.97
2016-09-28,-0.69,-0.43,-1.37,2.01,,-1.03,-0.79,-2.19
2016-09-29,-0.12,0.1,-1.39,0.84,,-1.12,-0.78,-1.9
2016-09-30,-0.37,-0.24,-1.36,-0.16,0.53,-1.37,-0.76,-1.55
2016-10-03,-0.27,-0.07,-1.22,-0.64,,-1.43,-0.87,-1.54
2016-10-04,-0.25,0.1,-0.52,-0.78,,-1.58,-0.98,-1.22
2016-10-05,-0.47,-0.08,-0.77,-1.16,,-1.69,-1.09,-1.12
2016-10-06,-0.52,-0.15,-0.42,-1.41,,-1.72,-1.19,-0.82
2016-10-07,-0.29,-0.17,-0.56,-1.14,-0.14,-1.65,-1.29,-1.05
2016-10-10,-0.33,-0.24,-0.6,-1.15,,-1.6,-1.26,
2016-10-11,0.35,0.42,-0.58,-0.62,,-1.58,-1.36,
2016-10-12,0.53,0.5,-0.58,-0.28,,-1.54,-1.32,-0.85
2016-10-13,0.78,0.67,-0.56,-0.98,,-1.35,-1.29,
2016-10-14,0.58,0.55,-0.75,-1.61,0.26,-1.54,-1.39,-0.67
2016-10-17,0.6,0.62,-0.7,-1.84,,-1.42,-1.24,-0.75
2016-10-18,0.29,0.36,-0.89,-1.26,,-1.48,-1.34,-0.95
2016-10-19,0.02,0.13,-0.94,-2.5,,-1.59,-1.44,-1.19
2016-10-20,-0.19,-0.2,-0.88,-2.47,,-1.65,-1.41,-1.5
2016-10-21,-0.32,-0.3,-0.92,-2.36,0.13,-1.61,-1.39,-1.86
2016-10-24,-0.42,-0.49,-0.73,-2.19,,-1.62,-1.36,
2016-10-25,-0.24,-0.01,-0.91,-1.76,,-1.58,-1.33,-1.77
2016-10-26,0.09,0.32,-0.93,-1.25,,-1.41,-1.17,-1.4
2016-10-27,0.55,0.75,-0.65,-1.07,,-1.33,-1.15,
2016-10-28,0.94,1.27,0.22,-0.43,-0.11,-1.18,-1.01,-0.58
2016-10-31,1.31,1.82,1.07,0.62,,-0.81,-0.87,-0.37
2016-11-01,2.26,2.8,1.66,0.35,,-0.45,-0.71,0.06
2016-11-02,2.93,3.45,1.97,0.62,,-0.17,-0.55,0.35
2016-11-03,4.09,3.93,2.39,0.82,,-0.14,-0.38,0.99
2016-11-04,3.93,3.96,2.49,1.52,1.05,0.03,-0.36,1.41
2016-11-07,2.13,2.06,1.46,1.64,,-0.51,-0.52,
2016-11-08,2.07,2.26,1.1,1.4,,-0.59,-0.69,0.25
2016-11-09,0.18,0.67,0.37,0.64,,-0.71,-1.07,1.79
2016-11-10,0.34,1.65,1.63,1.02,,-0.59,-1.26,2.98
2016-11-11,0.09,1.56,4.42,1.91,-0.51,-0.57,-1.26,
2016-11-14,0.22,1.89,2.64,3.23,,-0.07,-1.24,3.96
2016-11-15,-0.26,0.81,0.21,2.86,,-0.65,-1.44,2.88
2016-11-16,-0.11,0.65,-0.18,2.87,,-0.64,-1.42,2.13
2016-11-17,-0.27,0.01,0.89,2.07,,-0.94,-1.39,1.67
2016-11-18,-0.49,-0.26,0.6,1.8,-0.59,-0.95,-1.15,2.32
2016-11-21,-0.68,-0.65,-0.11,1.53,,-1.14,-1.12,2.11
2016-11-22,-0.68,-0.87,-0.37,1.73,,-1.39,-0.88,1.44
2016-11-23,-0.68,-0.88,1.52,1.89,,-1.5,-1.08,1.76
2016-11-24,,,,,,-1.46,-1.06,
2016-11-25,-0.72,-0.82,1.46,3.15,-0.85,-1.49,-1.04,1.87
2016-11-28,-0.37,-0.45,0.81,2.77,,-1.39,-1.02,1.68
2016-11-29,-0.48,-0.54,0.75,3.12,,-1.26,-1.0,1.43
2016-11-30,-0.3,-0.45,1.86,0.78,,-1.31,-0.98,1.95
2016-12-01,0.02,0.58,1.94,-0.03,,-1.46,-1.21,2.69
2016-12-02,0.04,0.47,1.36,-1.06,-0.52,-1.38,-1.2,1.97
2016-12-05,-0.83,-0.1,0.84,-0.73,,-1.59,-1.2,1.61
2016-12-06,-0.98,-0.41,0.54,-0.7,,-1.88,-1.45,1.13
2016-12-07,-0.79,-0.45,0.42,-0.9,,-2.17,-1.47,0.69
2016-12-08,-0.6,-0.64,0.2,-1.09,,-2.3,-1.77,0.64
2016-12-09,-0.99,-0.91,1.43,-1.03,-1.29,-2.6,-1.77,0.97
2016-12-12,-0.6,-1.1,0.45,-2.0,,-2.61,-2.04,1.06
2016-12-13,-0.57,-0.88,-0.01,-1.73,,-2.68,-2.31,0.9
2016-12-14,-0.38,-0.78,1.13,-1.17,,-2.83,-2.54,0.95
2016-12-15,-0.56,-0.94,0.93,-1.22,,-2.44,-2.46,1.3
2016-12-16,-0.83,-1.42,0.72,-2.03,-0.97,-2.32,-2.39,1.22
2016-12-19,-1.04,-1.46,-0.14,-1.96,,-2.17,-2.31,0.8
2016-12-20,-1.16,-1.46,0.22,-2.22,,-2.19,-2.5,0.82
2016-12-21,-1.23,-1.36,-0.29,-1.98,,-2.14,-2.4,0.61
2016-12-22,-1.15,-1.26,-0.59,-1.59,,-2.13,-2.3,0.6
2016-12-23,-1.14,-1.33,0.02,-1.63,-0.81,-2.08,-2.21,0.4
2016-12-26,,,,,,,,
2016-12-27,-0.9,-0.85,0.2,-1.58,,-2.16,-2.37,0.13
2016-12-28,-0.49,-0.3,-0.18,-1.57,,-1.97,-2.28,0.14
2016-12-29,-0.31,-0.23,-0.38,-1.52,,-1.82,-2.19,0.2
2016-12-30,-0.02,0.3,-0.07,-1.35,-0.69,-1.68,-1.88,0.23
2016-12-31,,,,,,-1.61,-1.59,
2017-01-02,,,,,,,,
2017-01-03,-0.55,-0.01,-0.05,-0.99,,-1.81,-2.0,0.9
2017-01-04,-0.98,-0.44,-0.67,-1.07,,-2.05,-1.93,0.84
2017-01-05,-1.04,-0.71,-0.77,-1.18,,-1.93,-1.65,0.83
2017-01-06,-1.18,-1.08,-1.0,-1.34,-0.84,-2.03,-1.82,0.65
2017-01-09,-1.06,-0.89,-1.08,-0.79,,-1.86,-1.56,0.58
2017-01-10,-1.08,-0.92,-1.09,-0.8,,-1.85,-1.52,0.36
2017-01-11,-1.16,-1.0,-0.72,-0.89,,-1.72,-1.48,0.29
2017-01-12,-1.03,-1.03,-0.93,-0.97,,-1.63,-1.44,0.4
2017-01-13,-1.16,-1.27,-0.9,-1.21,-0.9,-1.66,-1.61,0.5
2017-01-16,,,,,,-1.66,-1.56,
2017-01-17,-0.88,-1.01,-0.32,-1.1,,-1.47,-1.53,0.42
2017-01-18,-0.62,-1.18,-0.56,-1.08,,-1.56,-1.29,0.41
2017-01-19,-0.48,-0.9,-0.64,-1.12,,-1.58,-1.47,0.98
2017-01-20,-0.99,-1.36,-1.04,-1.35,-0.85,-1.47,-1.44,0.75
2017-01-23,-0.88,-1.12,-0.6,-1.08,,-1.25,-1.41,0.58
2017-01-24,-1.16,-1.48,-0.87,-1.24,,-1.42,-1.59,0.57
2017-01-25,-1.25,-1.44,-0.97,-1.09,,-1.62,-1.55,0.76
2017-01-26,-1.3,-1.42,-0.82,-1.19,,-1.58,-1.72,0.43
2017-01-27,-1.29,-1.54,-1.02,-1.13,-1.24,-1.55,-1.68,0.08
2017-01-30,-0.7,-0.88,-0.55,-0.94,,-1.44,-1.64,0.1
2017-01-31,-0.65,-0.61,-0.51,-0.86,,-1.31,-1.2,0.11
2017-02-01,-0.72,-1.15,-0.78,-0.94,,-1.41,-1.18,-0.11
2017-02-02,-0.67,-0.9,-0.66,-1.11,,-1.43,-1.16,-0.24
2017-02-03,-1.06,-1.25,-0.66,-1.27,-1.04,-1.58,-1.36,-0.58
2017-02-06,-0.88,-1.13,-0.28,-1.06,,-1.42,-1.34,-0.56
2017-02-07,-0.91,-1.11,-0.56,-1.0,,-1.33,-1.1,-0.48
2017-02-08,-0.82,-1.13,-0.61,-1.05,,-1.18,-1.08,-0.39
2017-02-09,-1.05,-1.23,-0.8,-1.15,,-1.28,-1.06,-0.37
2017-02-10,-1.04,-1.34,-0.81,-1.39,-1.18,-1.32,-1.27,-0.3
2017-02-13,-0.93,-1.36,-0.96,-1.28,,-1.39,-1.47,-0.43
2017-02-14,-1.05,-1.53,-1.17,-1.18,,-1.5,-1.88,-0.67
2017-02-15,-0.53,-1.28,-1.43,-1.12,,-1.53,-2.04,-0.94
2017-02-16,-0.61,-1.05,-1.38,-1.15,,-1.35,-1.76,-0.58
2017-02-17,-0.71,-1.29,-1.61,-1.42,-1.58,-1.25,-1.71,-0.38
2017-02-20,,,,,,-1.22,-1.66,
2017-02-21,-0.66,-0.9,-1.34,-1.32,,-1.31,-1.62,-0.56
2017-02-22,-0.58,-1.05,-1.55,-1.11,,-1.35,-1.78,-0.5
2017-02-23,-0.57,-0.74,-1.3,-1.26,,-1.34,-1.73,-0.62
2017-02-24,-0.66,-0.94,-1.36,-1.25,-1.33,-1.15,-1.68,-0.44
2017-02-27,-0.38,-0.74,-0.87,-1.31,,-1.33,-1.83,-0.29
2017-02-28,-0.01,-0.56,-0.94,-1.23,,-1.32,-1.97,
2017-03-01,-0.16,-0.83,-0.88,-1.31,,-1.68,-2.28,
2017-03-02,-0.47,-0.89,-1.14,-1.12,,-1.68,-2.37,-0.53
2017-03-03,-0.83,-1.24,-1.25,-1.15,-1.87,-1.52,-2.28,-1.15
2017-03-06,-0.69,-1.05,-1.45,-0.96,,-1.35,-2.2,-1.22
2017-03-07,-0.59,-1.06,-1.44,-1.01,,-1.16,-1.95,-1.12
2017-03-08,-0.4,-0.99,-1.24,-0.31,,-1.01,-1.91,-1.04
2017-03-09,-0.2,-0.88,-1.21,-0.28,,-0.78,-1.52,-0.64
2017-03-10,-0.46,-1.08,-1.47,-0.08,-1.88,-0.75,-1.5,-0.93
2017-03-13,-0.58,-1.34,-2.25,-0.21,,-0.61,-1.48,-1.35
2017-03-14,-0.13,-1.13,-2.05,-0.09,,-0.31,-1.27,-1.5
2017-03-15,-0.43,-1.31,-2.14,-0.49,,-0.37,-1.07,-2.19
2017-03-16,-0.67,-1.48,-2.14,-0.66,,-0.73,-1.24,-2.36
2017-03-17,-0.71,-1.74,-2.24,-0.8,-1.74,-0.63,-1.21,-2.26
2017-03-20,-0.7,-1.87,-1.92,-0.69,,-0.45,-1.19,-2.34
2017-03-21,0.39,-0.74,-1.52,-0.35,,-0.22,-1.16,-1.89
2017-03-22,0.79,-0.57,-1.41,-0.4,,0.18,-0.94,
2017-03-23,1.2,-0.03,-1.25,-0.42,,0.05,-0.92,-1.32
2017-03-24,1.06,-0.63,-1.54,-0.24,-1.31,-0.05,-0.91,-1.42
2017-03-27,0.58,-0.55,-1.31,-0.25,,0.15,-0.89,-1.69
2017-03-28,-0.58,-0.98,-1.36,-0.35,,-0.22,-1.07,-1.75
2017-03-29,-0.7,-1.39,-1.67,-0.54,,-0.46,-1.06,-1.86
2017-03-30,-0.54,-1.36,-1.41,-0.64,,-0.79,-1.04,-1.87
2017-03-31,0.54,-1.18,-1.22,-0.67,-1.81,-0.5,-0.59,-1.87
2017-04-03,0.55,-0.72,-1.1,-0.77,,-0.23,-0.58,-1.74
2017-04-04,-0.2,-0.86,-1.17,-0.57,,-0.21,-0.56,-1.12
2017-04-05,1.2,-0.13,-0.75,-0.6,,-0.5,-0.54,-1.27
2017-04-06,0.56,-0.42,-0.93,-0.8,,-0.39,-0.53,-0.48
2017-04-07,1.19,0.15,-0.6,-0.69,-1.71,-0.72,-0.76,-0.4
2017-04-10,2.61,0.7,-0.43,-1.0,,-0.72,-0.74,-0.41
2017-04-11,3.62,1.37,0.37,-0.87,,-0.27,-0.47,-0.03
2017-04-12,4.11,1.76,0.9,-1.0,,-0.12,-0.45,0.49
2017-04-13,4.01,2.08,1.0,-1.3,,0.33,-0.16,0.69
2017-04-14,,,,,-1.31,,,
2017-04-17,2.56,1.58,1.02,-1.37,,0.18,-0.42,0.08
2017-04-18,2.23,1.76,0.73,-0.97,,0.66,-0.11,0.48
2017-04-19,2.58,1.75,0.06,0.19,,0.29,-0.09,0.56
2017-04-20,1.82,0.96,0.09,-0.53,,0.1,-0.07,0.73
2017-04-21,2.16,1.27,0.6,0.37,-1.29,0.05,-0.05,1.39
2017-04-24,-1.13,-0.91,-1.26,0.29,,-0.69,-0.35,-1.37
2017-04-25,-1.17,-0.93,-1.13,0.09,,-1.23,-0.65,-1.51
2017-04-26,-1.07,-0.95,-1.39,0.09,,-1.35,-0.63,-1.74
2017-04-27,-1.45,-1.57,-1.69,0.36,,-1.18,-0.93,-1.9
2017-04-28,-1.04,-1.22,-1.63,-0.23,-2.24,-1.37,-0.91,-1.78
2017-04-30,,,,,,-0.92,-0.57,
2017-05-01,-1.6,-0.69,-1.1,0.16,,-1.12,-0.55,-1.87
2017-05-02,-1.19,-0.12,-1.07,1.39,,-1.02,-0.86,-1.66
2017-05-03,-1.1,-0.85,-0.94,1.6,,-1.22,-0.84,-1.8
2017-05-04,-1.26,-0.68,-1.0,2.33,,-0.91,-1.15,-1.62
2017-05-05,-1.16,-0.58,-1.25,1.91,-1.95,-0.74,-1.13,-1.82
2017-05-08,-1.76,-0.9,-1.27,1.86,,-0.88,-1.44,-2.34
2017-05-09,-1.56,-0.26,-1.14,1.95,,-1.34,-1.73,-2.28
2017-05-10,-1.33,-0.5,-1.72,1.82,,-1.46,-1.69,-2.22
2017-05-11,-1.01,-0.14,-1.66,1.66,,-1.43,-1.97,-2.22
2017-05-12,-1.14,-0.51,-1.7,1.65,-2.18,-1.01,-1.91,-1.95
2017-05-15,-1.1,-0.73,-1.56,1.4,,-1.37,-2.17,-1.73
2017-05-16,-0.91,-1.09,-1.58,1.51,,-1.41,-2.11,-1.86
2017-05-17,2.81,3.04,-0.31,1.65,,-0.38,-1.75,-0.72
2017-05-18,2.03,2.3,-0.35,1.25,,-0.29,-1.4,-1.27
2017-05-19,0.11,0.82,-0.96,0.12,-1.74,-0.82,-1.69,-1.43
2017-05-22,-0.7,0.02,-0.75,0.45,,-1.27,-1.65,-1.76
2017-05-23,-0.85,-0.07,-1.02,0.91,,-1.63,-1.92,
2017-05-24,-1.34,-0.38,-1.09,0.59,,-1.51,-1.57,-1.87
2017-05-25,-1.33,-0.2,-1.43,1.38,,-1.55,-1.54,-1.83
2017-05-26,-1.42,-0.45,-1.14,0.23,-2.18,-1.51,-1.51,-1.82
2017-05-29,,,,,,-1.48,-1.79,
2017-05-30,-1.0,0.09,-1.1,0.34,,-1.37,-1.43,
2017-05-31,-0.96,0.13,-0.94,1.08,,-0.89,-1.09,-1.78
2017-06-01,-1.3,-0.07,-0.93,0.66,,-1.25,-1.06,-1.73
2017-06-02,-1.37,0.11,-0.72,1.13,-2.02,-1.22,-1.04,-1.72
2017-06-05,-1.14,0.35,-0.46,1.56,,-1.26,-1.02,-1.78
2017-06-06,-0.88,0.97,0.1,0.95,,-0.94,-1.0,-1.72
2017-06-07,-0.92,1.02,0.06,1.69,,-0.84,-0.99,-1.45
2017-06-08,-1.05,0.7,-0.3,1.52,,-0.6,-0.97,-1.58
2017-06-09,-0.68,4.0,-0.37,1.06,-2.17,-0.81,-0.95,-1.72
2017-06-12,-0.16,2.94,-0.42,1.52,,-0.95,-1.29,-1.73
2017-06-13,-0.85,1.55,-0.58,0.93,,-1.15,-1.27,-1.78
2017-06-14,-0.7,2.12,-1.05,0.8,,-0.98,-1.26,-1.66
2017-06-15,-0.52,2.17,-1.38,0.74,,-0.81,-1.25,-1.71
2017-06-16,-0.86,2.15,-1.98,-0.65,-2.09,-0.49,-1.24,-1.68
2017-06-19,-0.85,1.01,-1.55,0.19,,-0.93,-1.6,-1.62
2017-06-20,-0.52,1.43,-1.19,0.93,,-0.4,-1.56,-1.58
2017-06-21,-0.6,1.06,-1.09,1.19,,0.2,-1.52,-1.53
2017-06-22,-0.77,1.07,-1.07,0.94,,0.35,-1.11,-1.56
2017-06-23,-1.07,0.84,-1.33,0.67,-1.45,0.27,-1.08,-1.52
2017-06-26,-1.12,1.42,-1.16,0.6,,0.05,-1.44,-1.64
2017-06-27,-0.35,2.46,-0.45,0.76,,-0.4,-1.78,-1.31
2017-06-28,-1.02,1.67,-0.88,0.22,,-0.4,-1.73,-1.22
2017-06-29,-0.09,2.92,-0.99,0.08,,-0.47,-2.04,-0.9
2017-06-30,-0.26,2.34,-1.12,-0.57,-1.62,-0.39,-1.97,-0.8
2017-07-03,-0.23,2.8,-0.4,-0.02,,-0.77,-2.24,-0.78
2017-07-04,,,,,,-0.76,-2.16,
2017-07-05,-0.32,1.95,-0.43,0.84,,-0.71,-2.08,-0.59
2017-07-06,0.63,2.24,-0.53,0.9,,-0.36,-2.34,-0.5
2017-07-07,-0.24,1.6,0.12,1.02,-1.66,0.01,-2.55,-0.66
2017-07-10,-0.28,1.5,-0.11,1.03,,-0.0,-2.45,-1.01
2017-07-11,-0.42,1.33,-0.04,1.16,,0.15,-2.35,-0.98
2017-07-12,-0.8,0.67,-0.61,0.69,,-0.18,-2.26,-1.08
2017-07-13,-1.04,0.42,-0.81,0.37,,-0.49,-2.43,-1.09
2017-07-14,-1.27,0.01,-0.94,-0.27,-1.56,-0.8,-2.33,-1.24
2017-07-17,-1.05,0.34,-0.94,-0.12,,-1.1,-2.48,-1.36
2017-07-18,-0.98,0.04,-0.87,-0.39,,-1.08,-2.37,-1.39
2017-07-19,-1.03,0.05,-0.9,-0.55,,-1.45,-2.27,-1.54
2017-07-20,-1.14,0.24,-1.08,-0.67,,-1.65,-2.19,-1.67
2017-07-21,-1.25,0.23,-0.78,-0.65,-1.81,-1.38,-2.1,-1.57
2017-07-24,-1.18,0.33,-0.32,-0.65,,-1.42,-2.25,-1.6
2017-07-25,-1.16,-0.08,-0.11,-0.68,,-2.01,-2.37,-1.2
2017-07-26,-1.04,-0.06,-0.48,-0.58,,-1.93,-2.27,-1.49
2017-07-27,-0.71,0.97,-0.79,-0.43,,-1.99,-2.19,-1.3
2017-07-28,-0.59,0.96,-0.62,-0.41,-1.84,-1.64,-2.11,-1.25
2017-07-31,-0.59,0.92,-0.48,0.02,,-1.47,-1.84,-1.28
2017-08-01,-0.68,0.36,-0.73,-0.12,,-1.54,-1.98,-1.0
2017-08-02,-0.55,0.23,-0.75,-0.16,,-1.59,-1.92,-1.15
2017-08-03,-0.44,0.26,-0.69,-0.5,,-1.21,-1.67,-1.23
2017-08-04,-0.68,-0.07,-1.02,-0.98,-1.55,-1.18,-1.63,-1.29
2017-08-07,-0.73,-0.02,-1.12,-0.89,,-1.08,-1.4,-1.31
2017-08-08,-0.09,0.52,-0.81,-0.59,,-1.06,-1.37,-1.22
2017-08-09,0.01,0.61,0.15,-0.78,,0.49,-0.96,-0.89
2017-08-10,2.9,2.52,1.02,-0.7,,1.5,-0.55,-0.56
2017-08-11,2.48,1.77,1.02,-1.1,-1.15,2.17,-0.14,-0.54
2017-08-14,0.67,0.3,-0.02,-0.77,,1.18,-0.32,-0.89
2017-08-15,0.5,-0.08,0.06,-0.73,,1.02,-0.51,-0.96
2017-08-16,0.34,-0.16,0.37,-0.81,,1.13,-0.49,-0.96
2017-08-17,2.48,2.13,0.97,-0.77,,1.63,-0.47,-0.89
2017-08-18,1.77,1.69,0.03,-1.63,-1.07,2.1,-0.25,-0.69
2017-08-21,1.22,1.41,0.84,-1.06,,2.34,-0.23,-0.41
2017-08-22,0.17,0.31,0.46,-1.49,,1.72,-0.21,-0.5
2017-08-23,0.76,0.61,0.75,-1.63,,1.93,-0.19,-0.37
2017-08-24,0.78,0.69,0.94,-1.36,,1.56,-0.17,-0.28
2017-08-25,0.2,0.46,0.86,-1.09,-1.11,1.35,-0.38,-0.58
2017-08-28,0.25,0.28,2.77,-0.33,,1.23,-0.36,-0.87
2017-08-29,0.56,0.68,2.11,-0.28,,1.4,-0.1,-0.4
2017-08-30,0.21,0.23,1.15,-0.65,,1.0,-0.08,-0.36
2017-08-31,-0.24,-0.2,1.74,-1.0,,0.89,0.19,-0.46
2017-09-01,-0.56,-0.33,1.05,-1.07,-1.19,0.6,-0.05,-0.88
2017-09-04,,,,,,0.59,-0.02,
2017-09-05,0.92,0.72,2.87,-0.75,,1.42,0.27,0.17
2017-09-06,0.49,0.4,2.57,-0.51,,0.75,0.29,0.08
2017-09-07,0.42,0.3,2.79,-0.69,,1.11,0.59,0.41
2017-09-08,0.81,0.65,1.93,-0.8,-0.97,1.46,0.61,
2017-09-11,-0.18,-0.48,1.37,-1.67,,0.81,0.62,-0.17
2017-09-12,-0.28,-0.89,-0.48,-1.71,,0.43,0.35,-0.22
2017-09-13,-0.34,-1.22,-0.03,-2.14,,0.15,0.07,-0.28
2017-09-14,-0.39,-0.9,0.2,-2.33,,-0.22,0.08,-0.46
2017-09-15,-0.58,-1.41,0.06,-1.99,-1.51,-0.31,-0.2,-0.48
2017-09-18,-0.6,-0.79,0.72,-1.52,,-0.77,-0.48,-0.62
2017-09-19,-0.57,-0.98,0.25,-2.33,,-0.94,-0.76,-0.7
2017-09-20,-0.85,-0.93,0.3,-1.68,,-1.45,-1.04,-0.92
2017-09-21,-0.92,-0.78,0.14,-1.96,,-1.24,-1.01,-1.18
2017-09-22,-0.96,-0.75,0.33,-1.86,-1.56,-1.04,-0.99,-0.41
2017-09-25,-0.51,0.39,1.84,-1.57,,-0.85,-0.97,-0.2
2017-09-26,-0.53,0.16,1.34,-1.12,,-1.2,-1.24,-0.34
2017-09-27,-0.75,0.18,0.97,-1.34,,-1.61,-1.5,0.18
2017-09-28,-0.98,-0.05,-0.37,-1.37,,-1.58,-1.74,0.16
2017-09-29,-1.0,-0.77,-0.34,-1.49,-1.42,-1.8,-2.24,0.61
2017-09-30,,,,,,-1.6,-1.89,
2017-10-02,-1.04,-0.77,-0.4,-1.05,,-1.65,-2.1,1.31
2017-10-03,-0.98,-0.95,-0.77,-0.92,,-1.61,-2.29,1.39
2017-10-04,-0.89,-1.08,-0.73,-1.32,,-1.65,-2.46,1.34
2017-10-05,-1.21,-1.45,-0.74,-1.56,,-1.77,-2.37,1.78
2017-10-06,-0.85,-1.17,-0.59,-1.01,-1.5,-1.73,-2.29,1.51
2017-10-09,-0.33,-0.72,-0.13,-1.11,,-1.76,-2.45,
2017-10-10,-0.53,-0.57,0.15,-1.44,,-1.64,-2.36,1.06
2017-10-11,-0.7,-0.72,0.05,-1.46,,-1.59,-2.28,0.56
2017-10-12,-0.65,-0.56,-0.27,-1.68,,-1.27,-2.2,0.21
2017-10-13,-0.87,-0.8,-0.32,-1.71,-1.41,-0.96,-1.91,-0.19
2017-10-16,-0.64,-0.46,0.09,-1.42,,-1.45,-2.08,
2017-10-17,-0.33,-0.5,-0.43,-1.59,,-1.62,-2.01,-0.95
2017-10-18,-0.5,-0.54,-0.16,-1.32,,-1.85,-2.17,-0.39
2017-10-19,-0.51,-0.31,-0.1,-1.35,,-1.66,-2.1,0.13
2017-10-20,-0.56,-0.52,-0.59,-2.14,-1.53,-2.01,-2.24,1.19
2017-10-23,0.27,0.47,-0.38,-1.82,,-2.07,-2.16,1.23
2017-10-24,0.33,0.32,-0.36,-1.54,,-2.12,-2.29,1.95
2017-10-25,0.37,0.86,-0.05,-1.57,,-1.81,-2.21,2.43
2017-10-26,0.42,0.51,-0.52,-1.64,,-1.81,-2.14,2.33
2017-10-27,-0.7,-0.54,-0.69,-1.63,-1.52,-1.58,-2.07,1.26
2017-10-30,-0.17,-0.02,-0.39,-1.53,,-1.24,-2.0,0.1
2017-10-31,-0.42,-0.02,-0.33,-1.51,,-1.09,-1.75,-0.1
2017-11-01,-0.4,-0.09,-0.35,-1.32,,-1.25,-1.7,-0.56
2017-11-02,-0.6,-0.25,-1.33,-1.3,,-0.98,-1.47,-1.02
2017-11-03,-1.18,-0.8,-1.65,-1.65,-1.45,-0.96,-1.43,-2.06
2017-11-06,-0.96,-0.79,-1.31,-0.68,,-0.77,-1.21,-2.26
2017-11-07,-0.59,-0.61,-1.26,0.22,,-0.64,-1.0,-2.45
2017-11-08,-0.65,-0.64,-0.86,-0.13,,-0.03,-0.98,-2.42
2017-11-09,-0.11,0.14,-0.39,0.08,,0.7,-0.77,-2.01
2017-11-10,0.49,0.16,-0.44,0.61,-1.35,0.52,-0.57,-1.21
2017-11-13,0.64,0.03,-0.6,1.07,,0.59,-0.74,-1.48
2017-11-14,0.71,0.18,-0.5,1.05,,1.02,-0.54,-1.0
2017-11-15,1.81,1.1,-0.34,0.99,,1.76,-0.15,-0.9
2017-11-16,0.78,-0.4,-1.16,0.23,,0.68,-0.34,-0.98
2017-11-17,0.53,-0.83,-1.59,-0.59,-1.32,0.5,-0.52,-0.48
2017-11-20,-0.05,-0.8,-0.96,-0.45,,0.14,-0.51,-0.82
2017-11-21,-0.73,-1.64,-1.33,-0.75,,-0.1,-0.69,-0.8
2017-11-22,-0.62,-1.64,-1.42,-0.62,,0.13,-0.67,-1.21
2017-11-23,,,,,,0.13,-0.66,
2017-11-24,-0.77,-1.89,-1.59,-0.58,-1.68,-0.05,-0.84,-1.42
2017-11-27,-0.63,-1.33,-1.43,0.33,,-0.12,-0.83,-1.68
2017-11-28,-0.52,-1.02,-1.5,0.2,,-0.07,-0.81,-1.76
2017-11-29,-0.03,1.31,-1.07,0.14,,-0.26,-0.99,-1.52
2017-11-30,0.39,0.94,-0.23,-1.11,,-0.44,-0.97,-1.09
2017-12-01,0.49,1.4,-0.66,-2.37,-1.52,-0.32,-0.95,0.01
2017-12-04,0.66,2.44,-0.67,-2.31,,-0.62,-1.12,-0.47
2017-12-05,0.39,1.72,0.3,-2.52,,-0.68,-1.1,-0.31
2017-12-06,0.15,1.4,-0.37,-2.43,,-0.32,-1.08,-0.29
2017-12-07,-0.5,0.76,1.05,-2.35,,-0.32,-1.05,-0.32
2017-12-08,-0.92,-0.3,-0.36,-1.9,-1.31,-0.32,-1.03,-0.91
2017-12-11,-1.08,-1.6,-0.63,-2.3,,-0.43,-1.01,-1.2
2017-12-12,-0.65,-1.38,0.1,-2.27,,-0.6,-1.16,-1.12
2017-12-13,-0.46,-1.44,-1.3,-1.87,,-0.22,-1.14,-1.66
2017-12-14,-0.23,-1.64,-1.79,-2.05,,-0.26,-1.11,-1.69
2017-12-15,-1.0,-1.93,-2.7,-2.78,-1.12,-0.19,-1.26,-1.16
2017-12-18,-0.95,-1.5,-2.11,-3.78,,-0.17,-1.24,-1.07
2017-12-19,-0.54,-1.28,-1.66,-3.31,,-0.41,-1.38,-0.35
2017-12-20,-0.8,-1.28,-2.13,-2.89,,-0.52,-1.35,-0.03
2017-12-21,-0.87,-1.34,-2.19,-3.29,,-0.57,-1.32,0.51
2017-12-22,-0.6,-1.39,-1.77,-2.62,-1.01,-0.62,-1.29,0.12
2017-12-25,,,,,,,,
2017-12-26,-0.27,-0.6,-0.64,-1.92,,-0.54,-1.27,-0.39
2017-12-27,0.0,-0.1,-1.04,-1.98,,-0.38,-1.24,-0.74
2017-12-28,-0.3,0.19,-1.3,-1.89,,-0.65,-1.4,-1.22
2017-12-29,0.73,1.02,-0.78,-1.63,-0.73,-0.41,-1.37,-1.08
2017-12-31,,,,,,-0.02,-1.16,
2018-01-01,,,,,,,,
2018-01-02,-0.77,0.44,0.19,-1.12,,-0.61,-1.32,-0.25
2018-01-03,-1.51,-0.16,-0.18,-1.09,,-1.14,-1.12,-0.74
2018-01-04,-1.39,-0.3,0.06,-1.27,,-1.73,-1.28,-0.79
2018-01-05,-1.36,-0.68,-0.45,-1.19,-1.01,-1.99,-1.26,-1.18
2018-01-08,-0.97,-0.37,-0.5,-1.3,,-2.01,-1.43,-1.21
2018-01-09,-0.26,0.27,-0.89,-0.91,,-2.12,-1.6,-0.75
2018-01-10,-0.57,0.79,-0.87,-0.7,,-1.4,-1.78,-0.16
2018-01-11,-0.49,0.37,-0.68,-0.68,,-1.54,-1.76,-0.46
2018-01-12,-0.12,0.23,0.04,-0.67,-1.19,-1.77,-1.76,-0.63
2018-01-15,,,,,,-1.9,-1.96,
2018-01-16,1.83,1.66,0.61,0.38,,-1.93,-1.95,-1.14
2018-01-17,2.13,1.53,0.3,-0.19,,-1.88,-1.93,-1.13
2018-01-18,2.52,2.09,0.96,-0.32,,-1.76,-1.92,-0.28
2018-01-19,1.28,1.44,-0.08,-1.46,-1.02,-1.71,-1.69,
2018-01-22,0.97,1.49,0.22,-1.13,,-1.89,-1.9,0.99
2018-01-23,1.04,1.8,0.31,-0.99,,-1.9,-1.87,0.99
2018-01-24,1.47,2.56,2.4,-0.41,,-2.06,-1.84,1.46
2018-01-25,1.57,2.69,1.92,-0.96,,-1.99,-2.04,1.22
2018-01-26,0.94,2.08,1.83,-0.96,-1.02,-2.27,-2.24,1.87
2018-01-29,3.88,3.07,2.11,-0.79,,-1.98,-2.19,1.92
2018-01-30,4.33,3.52,2.72,-0.71,,-1.44,-2.37,2.22
2018-01-31,2.91,2.9,1.65,-0.93,,-1.68,-2.3,2.12
2018-02-01,2.7,2.48,0.89,-0.91,,-1.63,-2.45,2.21
2018-02-02,5.12,3.13,1.85,-0.34,-0.61,-1.13,-2.35,2.74
2018-02-05,8.5,6.76,3.19,0.43,,-0.31,-2.06,2.62
2018-02-06,5.1,3.93,2.5,0.69,,0.5,-1.57,
2018-02-07,4.01,3.04,2.21,0.76,,-0.44,-1.74,3.69
2018-02-08,4.65,5.02,3.29,1.71,,0.44,-1.48,3.73
2018-02-09,3.42,3.53,3.14,1.81,0.95,1.93,-0.58,
2018-02-12,2.6,2.24,2.48,1.64,,1.18,-0.57,3.77
2018-02-13,2.37,1.88,2.12,1.93,,1.59,0.11,3.33
2018-02-14,1.28,1.16,2.77,1.0,,0.99,-0.11,3.19
2018-02-15,1.23,1.13,2.67,0.95,,0.22,-0.32,2.57
2018-02-16,1.26,1.02,1.74,0.74,0.02,-0.23,-0.31,1.91
2018-02-19,,,,,,-0.22,-0.29,
2018-02-20,1.43,1.28,1.79,0.95,,-0.35,-0.28,1.44
2018-02-21,1.3,1.43,1.55,0.72,,-0.47,-0.27,1.55
2018-02-22,1.05,1.04,1.24,0.05,,-0.03,-0.04,1.52
2018-02-23,0.64,0.39,0.07,-0.15,-0.17,0.29,0.2,2.01
2018-02-26,0.51,0.37,0.01,-0.15,,-0.24,0.2,1.82
2018-02-27,0.98,0.9,-0.09,0.18,,-0.44,0.2,1.8
2018-02-28,1.17,1.23,-0.11,0.73,,-0.44,0.43,1.61
2018-03-01,1.58,1.8,0.15,0.75,,0.33,1.1,1.67
2018-03-02,1.06,1.05,0.07,0.46,0.54,0.7,1.3,1.84
2018-03-05,0.9,0.82,0.0,0.5,,0.3,1.28,1.71
2018-03-06,0.82,0.81,0.34,0.25,,-0.1,1.04,1.5
2018-03-07,0.7,0.76,0.37,0.72,,0.1,1.24,1.45
2018-03-08,0.49,0.49,-0.25,0.45,,0.09,1.22,1.19
2018-03-09,0.16,0.04,-0.74,0.47,0.51,-0.11,1.42,0.83
2018-03-12,0.34,0.09,-0.68,-0.28,,0.02,1.6,0.74
2018-03-13,0.43,0.46,-0.9,0.22,,0.22,1.78,0.31
2018-03-14,0.56,0.51,-1.11,0.12,,0.47,1.94,0.68
2018-03-15,0.44,0.26,-1.1,0.08,,0.48,2.09,0.65
2018-03-16,0.3,0.07,-1.48,-0.1,0.72,0.37,2.04,0.81
2018-03-19,0.83,1.05,-0.64,0.16,,0.71,2.0,0.92
2018-03-20,0.67,1.04,-0.63,0.18,,0.53,2.14,0.63
2018-03-21,0.6,1.0,-0.7,0.41,,0.42,2.1,0.32
2018-03-22,1.5,1.96,-0.44,0.61,,1.19,2.58,0.34
2018-03-23,1.71,2.24,1.21,1.0,1.52,1.5,2.66,0.36
2018-03-26,1.04,1.51,0.81,1.08,,1.43,2.72,0.12
2018-03-27,1.26,2.24,0.26,0.99,,1.57,2.61,0.34
2018-03-28,1.29,2.37,-0.1,0.76,,1.68,2.5,0.61
2018-03-29,0.8,1.62,-0.61,0.18,,1.8,2.41,0.62
2018-03-30,,,,,1.73,,,
2018-03-31,,,,,,1.3,2.46,
2018-04-02,1.36,2.18,0.72,1.1,,1.63,2.36,0.62
2018-04-03,0.93,1.76,-0.08,0.86,,1.2,2.14,0.25
2018-04-04,0.75,1.39,0.06,0.59,,1.19,2.07,0.14
2018-04-05,0.55,1.13,-0.28,-0.07,,0.35,1.75,-0.09
2018-04-06,0.94,1.55,0.01,0.17,1.69,0.7,1.7,0.23
2018-04-09,0.97,1.42,0.33,0.43,,0.49,1.66,-0.28
2018-04-10,0.74,1.06,0.61,1.35,,-0.14,1.49,-0.45
2018-04-11,0.68,0.95,1.77,1.85,,-0.27,1.46,-0.59
2018-04-12,0.39,0.6,0.64,1.56,,-0.82,1.3,-0.46
2018-04-13,0.2,0.43,0.98,1.45,1.14,-1.07,1.15,-0.53
2018-04-16,0.05,0.13,1.01,1.52,,-1.39,1.13,-0.74
2018-04-17,-0.17,-0.07,0.73,1.15,,-1.62,0.99,-0.95
2018-04-18,-0.12,-0.09,1.0,1.66,,-1.9,0.97,-0.71
2018-04-19,-0.07,0.05,0.58,1.59,,-1.26,0.95,-0.55
2018-04-20,0.07,0.32,0.02,1.43,0.61,-1.23,0.94,-0.32
2018-04-23,-0.04,0.4,0.01,1.38,,-1.01,1.04,-0.32
2018-04-24,0.23,0.67,0.09,1.41,,-0.67,1.02,-0.29
2018-04-25,0.19,0.54,-0.12,1.05,,-0.26,1.0,0.02
2018-04-26,-0.09,-0.01,-0.49,0.59,,-0.51,1.1,-0.3
2018-04-27,-0.25,0.01,-0.9,0.14,0.73,-0.44,1.07,-0.6
2018-04-30,-0.18,0.1,-0.79,1.06,,-0.3,1.28,-0.75
2018-05-01,-0.27,-0.2,-0.24,0.97,,-0.22,1.37,-0.55
2018-05-02,-0.19,-0.21,-0.46,0.68,,-0.35,1.33,-0.99
2018-05-03,-0.22,-0.25,-0.63,0.43,,-0.01,1.42,-0.94
2018-05-04,-0.44,-0.54,-1.04,0.2,0.84,-0.07,1.49,
2018-05-07,-0.46,-0.49,-0.77,1.27,,-0.26,1.45,-1.16
2018-05-08,-0.47,-0.56,-0.63,0.39,,-0.25,1.42,-1.03
2018-05-09,-0.72,-0.76,-0.74,0.35,,-0.45,1.38,-0.93
2018-05-10,-0.77,-1.05,-0.72,0.29,,-0.58,1.24,-1.17
2018-05-11,-0.89,-1.1,-1.03,-0.11,0.18,-0.66,1.11,-1.28
2018-05-14,-0.85,-1.13,-0.93,-0.04,,-0.86,0.97,-1.08
2018-05-15,-0.55,-0.83,-0.29,0.25,,-0.93,0.95,-0.42
2018-05-16,-0.8,-1.03,-0.41,-0.17,,-0.86,0.93,-0.05
2018-05-17,-0.81,-0.94,-0.53,-0.49,,-0.92,0.91,-0.21
2018-05-18,-0.83,-1.03,-0.98,-0.45,0.02,-0.59,0.89,-0.37
2018-05-21,-0.91,-1.03,-0.56,-0.19,,-0.66,0.87,-0.42
2018-05-22,-0.9,-1.04,-1.18,-0.16,,-0.74,0.85,-0.52
2018-05-23,-1.04,-1.21,-0.93,-0.1,,-0.14,0.94,-0.42
2018-05-24,-1.06,-1.31,-1.08,-0.43,,-0.08,0.92,-0.62
2018-05-25,-0.92,-1.26,-1.62,0.74,0.24,0.18,1.02,-0.3
2018-05-28,,,,,,0.16,1.0,
2018-05-29,-0.16,-0.69,0.07,1.34,,1.65,1.43,1.18
2018-05-30,-0.6,-1.02,-1.14,0.77,,0.87,1.4,0.97
2018-05-31,-0.51,-1.1,-1.08,0.61,,0.78,1.6,0.73
2018-06-01,-0.94,-1.49,-1.34,1.14,1.11,0.2,1.46,0.08
2018-06-04,-1.09,-1.38,-1.34,1.55,,-0.26,1.32,-0.41
2018-06-05,-1.17,-1.4,-1.37,1.43,,-0.2,1.42,-0.38
2018-06-06,-1.34,-1.35,-1.46,1.34,,-0.67,1.4,-0.03
2018-06-07,-1.22,-1.11,-1.23,0.72,,-0.7,1.39,-0.01
2018-06-08,-1.2,-1.08,-1.1,0.44,-0.2,-0.63,1.51,0.51
2018-06-11,-1.16,-1.08,-1.19,-0.02,,-1.08,1.5,0.2
2018-06-12,-1.15,-1.23,-1.18,-0.24,,-1.14,1.49,-0.14
2018-06-13,-1.01,-1.07,-1.09,0.06,,-1.49,1.35,-0.53
2018-06-14,-1.24,-1.16,-1.67,-0.2,,-1.6,1.34,-0.75
2018-06-15,-1.27,-1.26,-1.0,0.42,-0.03,-1.43,1.32,-0.63
2018-06-18,-1.19,-0.9,-1.62,0.37,,-1.33,1.45,-0.75
2018-06-19,-0.96,-0.79,-0.68,0.68,,-0.85,1.7,-0.72
2018-06-20,-1.13,-0.88,-0.59,0.74,,-1.29,1.67,-0.79
2018-06-21,-0.59,-0.34,-0.45,0.57,,-0.89,2.08,-0.56
2018-06-22,-0.83,-0.46,-0.92,-0.98,0.21,-0.87,2.04,-0.56
2018-06-25,0.26,0.47,-0.77,-0.56,,-0.25,2.28,-0.54
2018-06-26,-0.16,0.1,-0.63,-0.85,,-0.17,2.24,-0.88
2018-06-27,0.46,0.68,-0.58,0.58,,0.44,2.2,-0.5
2018-06-28,0.15,0.42,-0.54,0.34,,1.04,2.3,-0.68
2018-06-29,-0.08,0.19,-0.83,0.22,0.9,0.81,2.11,-0.87
2018-06-30,,,,,,1.54,2.21,
2018-07-02,-0.22,0.18,0.29,1.23,,2.0,2.17,-1.05
2018-07-03,-0.05,0.42,-0.08,1.16,,1.86,2.12,-0.82
2018-07-04,,,,,,1.81,2.07,
2018-07-05,-0.42,0.04,-0.18,1.27,,1.58,1.87,-0.75
2018-07-06,-0.9,-0.39,-0.91,0.79,0.51,1.55,1.68,-1.04
2018-07-09,-1.09,-0.59,-1.0,0.77,,0.9,1.51,-1.12
2018-07-10,-1.09,-0.57,-0.83,-0.11,,0.48,1.18,-1.08
2018-07-11,-0.75,-0.47,-0.2,1.07,,0.96,1.16,-0.9
2018-07-12,-1.06,-0.76,-0.66,0.51,,0.61,1.14,-1.37
2018-07-13,-1.17,-0.81,-0.46,0.3,-0.23,0.67,0.97,-1.44
2018-07-16,-0.94,-0.58,0.08,1.34,,0.46,0.79,-1.56
2018-07-17,-1.16,-0.83,0.44,0.6,,0.39,0.77,-1.85
2018-07-18,-1.13,-0.88,0.83,0.05,,0.26,0.75,-2.18
2018-07-19,-0.87,-0.66,1.37,-0.27,,0.47,0.74,-1.64
2018-07-20,-0.86,-0.72,0.73,-0.9,-0.33,0.2,0.55,-1.09
2018-07-23,-0.92,-0.87,0.84,-0.81,,-0.14,0.37,-0.41
2018-07-24,-0.96,-0.69,0.3,-1.2,,-0.34,0.19,-0.72
2018-07-25,-0.98,-0.81,0.18,-1.46,,-0.25,0.01,-1.24
2018-07-26,-1.01,-0.74,-0.08,-1.8,,-0.66,-0.34,-0.96
2018-07-27,-0.72,-0.25,-0.52,-1.72,-0.6,-0.64,-0.51,-1.06
2018-07-30,-0.33,0.2,-0.37,-1.06,,-0.55,-0.51,-0.88
2018-07-31,-0.76,-0.11,-0.34,-0.54,,-0.31,-0.51,-1.66
2018-08-01,-0.65,-0.27,-0.66,-0.58,,-0.52,-0.51,-1.11
2018-08-02,-0.95,-0.85,-0.45,-1.11,,-0.5,-0.5,-1.19
2018-08-03,-1.14,-0.98,-0.8,-1.17,-0.25,-0.48,-0.67,-1.25
2018-08-06,-1.27,-1.08,-0.49,-1.29,,-0.47,-0.67,-1.44
2018-08-07,-1.37,-1.28,-0.38,-1.45,,-1.1,-0.83,-1.33
2018-08-08,-1.42,-1.29,0.02,-0.55,,-0.91,-0.66,-1.4
2018-08-09,-1.26,-1.27,-0.51,-1.28,,-0.81,-0.5,-1.23
2018-08-10,-0.48,-0.81,0.46,-1.23,-0.62,0.19,-0.17,-0.28
2018-08-13,0.22,-0.69,0.39,-1.36,,0.36,-0.01,-0.22
2018-08-14,-0.38,-1.2,0.58,-0.73,,0.03,-0.02,-0.48
2018-08-15,0.27,-0.41,2.09,0.07,,0.6,0.14,0.02
2018-08-16,-0.29,-0.71,2.32,-0.62,,0.09,-0.05,-0.24
2018-08-17,-0.69,-0.96,1.85,-1.07,-0.22,0.07,-0.24,-0.21
2018-08-20,-0.76,-0.75,1.26,-1.38,,0.31,-0.08,-0.13
2018-08-21,-0.54,-0.76,0.62,-1.48,,-0.06,-0.29,-0.32
2018-08-22,-0.87,-1.01,0.6,-1.71,,-0.07,-0.12,-0.52
2018-08-23,-0.76,-0.92,0.35,-1.92,,-0.18,-0.14,-0.64
2018-08-24,-0.98,-1.19,0.56,-2.59,-0.87,-0.28,-0.16,-0.66
2018-08-27,-0.86,-0.96,0.68,-2.25,,-0.55,-0.18,-0.59
2018-08-28,-0.65,-1.03,0.23,-1.62,,-0.81,-0.41,-0.42
2018-08-29,-0.78,-1.09,-0.07,-1.71,,-0.89,-0.42,-0.66
2018-08-30,0.02,-0.72,0.19,-1.28,,-0.45,-0.24,-0.26
2018-08-31,-0.38,-0.7,-0.5,-1.16,-1.01,-0.0,0.16,-0.17
2018-09-03,,,,,,-0.0,0.15,
2018-09-04,-0.17,-0.12,0.22,0.05,,-0.27,0.13,-0.49
2018-09-05,0.34,0.74,-0.06,-0.01,,-0.0,0.12,-0.82
2018-09-06,0.86,1.05,0.4,-0.33,,0.26,0.11,-0.73
2018-09-07,1.02,1.38,0.03,-0.38,-0.72,-0.1,-0.11,-0.5
2018-09-10,0.56,0.99,0.09,-0.33,,-0.28,-0.11,-0.99
2018-09-11,-0.07,0.33,-0.02,0.4,,-0.81,-0.34,-0.9
2018-09-12,-0.12,0.13,-0.15,0.25,,-0.98,-0.56,-1.23
2018-09-13,-0.65,-0.43,-0.19,0.1,,-1.24,-0.78,-1.43
2018-09-14,-0.84,-0.61,-0.67,-0.12,-1.11,-1.75,-1.01,-1.02
2018-09-17,0.3,0.74,-0.64,-0.06,,-1.72,-1.24,-1.18
2018-09-18,-0.33,0.08,-0.74,0.17,,-2.1,-1.25,-0.86
2018-09-19,-1.05,-0.18,-0.68,-0.17,,-2.05,-1.47,-0.63
2018-09-20,-1.0,-0.58,-0.81,-0.38,,-1.92,-1.68,-0.48
2018-09-21,-1.07,-0.21,-0.73,-0.31,-1.44,-1.87,-1.67,-0.61
2018-09-24,-0.69,0.02,-0.4,0.29,,-1.6,-1.66,-0.74
2018-09-25,-0.53,-0.08,-0.6,0.17,,-1.71,-1.85,-0.42
2018-09-26,-0.19,0.1,-0.7,-0.07,,-1.59,-1.82,-0.96
2018-09-27,-0.52,-0.27,-0.53,-0.13,,-1.69,-1.79,-1.42
2018-09-28,-0.71,-0.36,-0.72,0.07,-1.18,-1.72,-1.96,-1.26
2018-09-30,,,,,,-1.4,-1.51,
2018-10-01,-0.79,-0.08,-0.26,0.98,,-1.81,-1.47,-1.74
2018-10-02,-0.75,0.18,0.06,0.76,,-1.76,-1.43,-1.41
2018-10-03,-1.04,0.14,-0.0,1.02,,-2.12,-1.78,-0.05
2018-10-04,0.82,1.61,0.62,1.68,,-1.15,-1.54,1.41
2018-10-05,1.25,2.29,0.68,1.61,-1.28,-0.91,-1.32,1.56
2018-10-08,1.87,2.54,1.96,1.59,,-0.9,-1.29,
2018-10-09,1.99,2.16,1.22,0.9,,-0.25,-1.26,1.09
2018-10-10,5.51,4.54,1.91,1.6,,0.46,-1.24,1.86
2018-10-11,5.39,4.14,3.29,1.96,,0.95,-0.66,1.96
2018-10-12,3.4,2.72,2.05,0.81,-0.02,0.65,-0.65,1.4
2018-10-15,3.16,3.3,2.47,1.45,,0.28,-0.82,0.39
2018-10-16,1.61,1.65,1.15,1.43,,-0.02,-0.62,0.05
2018-10-17,1.48,1.75,1.04,1.07,,-0.03,-0.61,-0.35
2018-10-18,2.43,2.73,1.14,1.34,,0.39,-0.42,1.09
2018-10-19,2.27,2.5,0.47,0.51,-0.24,0.39,-0.4,0.9
2018-10-22,2.09,2.21,0.34,0.75,,0.44,-0.21,0.84
2018-10-23,2.38,2.16,1.22,1.9,,1.36,0.18,2.08
2018-10-24,3.63,3.45,2.32,2.13,,1.53,0.01,2.99
2018-10-25,3.08,3.03,1.13,1.2,,1.77,0.61,2.51
2018-10-26,2.88,2.93,1.95,1.6,0.85,2.55,0.83,4.22
2018-10-29,2.87,3.2,1.97,1.81,,2.38,0.86,3.04
2018-10-30,2.38,2.77,1.01,2.04,,2.6,1.31,3.42
2018-10-31,1.76,2.3,0.69,2.11,,2.04,1.34,2.78
2018-11-01,1.23,1.56,1.37,2.86,,2.01,1.59,2.26
2018-11-02,1.26,1.65,1.21,3.08,0.8,1.48,1.2,2.88
2018-11-05,1.36,1.75,1.03,3.13,,1.49,1.47,2.38
2018-11-06,1.33,1.47,1.12,3.61,,1.26,1.08,2.08
2018-11-07,0.4,0.63,-0.57,2.88,,0.78,0.89,
2018-11-08,0.49,0.73,-0.33,2.38,,0.61,0.93,0.24
2018-11-09,0.65,1.03,-0.29,3.47,-0.1,1.49,1.21,0.71
2018-11-12,1.41,1.81,0.64,4.85,,1.47,1.22,
2018-11-13,1.27,1.67,0.7,7.05,,2.52,1.97,0.38
2018-11-14,1.55,1.76,1.63,4.28,,2.96,2.65,0.79
2018-11-15,1.2,1.25,0.56,3.3,,3.39,3.41,1.33
2018-11-16,0.72,0.88,0.44,2.48,1.53,3.48,3.39,2.26
2018-11-19,1.18,1.48,1.15,2.89,,3.52,3.54,1.97
2018-11-20,1.72,1.7,1.2,4.65,,3.57,3.78,1.91
2018-11-21,1.28,1.3,0.49,3.53,,2.99,3.34,1.45
2018-11-22,,,,,,2.85,3.12,
2018-11-23,1.42,1.46,0.46,4.77,1.77,2.84,2.94,1.34
2018-11-26,0.77,1.06,0.1,3.48,,2.59,2.78,0.04
2018-11-27,0.78,0.78,0.36,2.9,,2.63,2.89,-0.03
2018-11-28,0.64,0.65,-0.45,2.67,,2.32,2.86,-0.16
2018-11-29,0.7,0.67,-0.5,2.54,,2.13,2.82,-0.13
2018-11-30,0.51,0.6,-0.67,2.63,1.03,2.26,3.01,0.21
2018-12-03,0.1,0.13,-1.12,1.89,,1.91,2.73,-0.28
2018-12-04,1.12,0.84,-0.15,1.85,,2.11,2.8,0.53
2018-12-05,,,,,,2.03,2.65,
2018-12-06,1.21,0.94,-0.19,1.82,,2.53,3.0,
2018-12-07,1.65,1.32,0.65,0.97,2.2,2.42,2.83,2.03
2018-12-10,1.47,1.13,0.38,1.26,,2.47,2.77,1.86
2018-12-11,1.23,1.02,-0.44,0.89,,2.16,2.54,1.48
2018-12-12,1.14,0.91,-0.7,0.72,,1.89,2.35,1.34
2018-12-13,0.93,0.8,-1.54,0.64,,1.81,2.09,0.79
2018-12-14,1.13,1.13,-1.41,0.93,2.32,1.92,2.01,0.85
2018-12-17,1.77,1.57,-0.04,1.31,,2.13,1.95,0.68
2018-12-18,1.96,1.39,0.56,1.9,,2.36,1.96,1.51
2018-12-19,1.9,1.38,-0.54,1.62,,2.52,1.9,1.39
2018-12-20,2.43,1.65,0.93,1.76,,2.94,2.06,1.3
2018-12-21,2.67,2.13,0.25,1.61,3.05,2.98,2.13,1.86
2018-12-24,3.6,2.88,3.92,1.99,,3.04,2.12,2.67
2018-12-25,,,,,,,,
2018-12-26,2.37,1.91,3.32,1.7,,2.89,2.11,2.14
2018-12-27,2.2,1.97,3.85,1.91,,2.75,2.1,2.85
2018-12-28,1.84,1.88,2.96,1.52,3.21,2.49,2.09,2.42
2018-12-31,1.27,1.36,1.72,1.38,,2.43,2.08,2.3
2019-01-01,,,,,,,,
2019-01-02,0.84,1.1,1.36,1.58,,2.35,2.07,1.58
2019-01-03,1.23,1.44,1.93,1.44,,2.39,2.18,2.03
2019-01-04,0.46,0.78,0.11,1.24,2.07,1.73,2.04,1.97
2019-01-07,0.44,0.75,-0.29,1.12,,1.35,1.85,1.1
2019-01-08,0.25,0.58,-0.8,0.73,,1.05,1.68,0.78
2019-01-09,0.15,0.33,-0.26,0.57,,0.83,1.52,0.42
2019-01-10,0.04,0.22,-1.02,0.44,,0.85,1.42,0.35
2019-01-11,-0.23,-0.01,-0.97,0.25,0.62,0.84,1.33,0.21
2019-01-14,-0.07,0.16,-0.9,0.22,,0.9,1.3,0.1
2019-01-15,-0.17,-0.26,-0.9,0.12,,0.81,1.27,-0.31
2019-01-16,-0.09,-0.19,-0.87,0.02,,0.62,1.12,-0.5
2019-01-17,-0.3,-0.35,-1.05,-0.14,,0.55,0.99,-0.24
2019-01-18,-0.36,-0.64,-0.81,-0.28,0.7,0.33,0.74,-0.19
2019-01-21,,,,,,0.32,0.72,
2019-01-22,0.23,-0.04,-1.16,-0.06,,0.52,0.7,-0.06
2019-01-23,-0.05,-0.16,-1.31,-0.12,,0.47,0.57,-0.15
2019-01-24,-0.19,-0.39,-1.53,-0.22,,0.55,0.49,-0.16
2019-01-25,-0.52,-0.77,-0.78,-0.37,0.76,0.36,0.3,-0.47
2019-01-28,-0.23,-0.44,-0.87,-0.16,,0.46,0.29,-0.76
2019-01-29,-0.19,-0.37,-0.66,-0.22,,0.42,0.21,-0.98
2019-01-30,-0.53,-0.98,-0.78,-0.37,,0.34,0.19,-1.26
2019-01-31,-0.79,-1.22,-1.19,-0.45,,0.34,0.12,-1.0
2019-02-01,-0.91,-1.34,-1.8,-0.61,0.68,0.19,-0.03,-1.2
2019-02-04,-1.03,-1.39,-1.77,-0.59,,0.11,-0.17,-1.19
2019-02-05,-1.08,-1.46,-1.72,-0.52,,-0.09,-0.25,-1.23
2019-02-06,-1.14,-1.42,-2.05,-0.68,,-0.14,-0.34,-1.44
2019-02-07,-0.94,-1.17,-2.03,-0.56,,0.13,-0.22,-1.16
2019-02-08,-1.12,-1.42,-1.84,-0.75,0.25,0.16,-0.24,-1.04
2019-02-11,-1.08,-1.44,-1.54,-0.68,,0.07,-0.27,-1.28
2019-02-12,-1.24,-1.8,-1.65,-0.76,,-0.16,-0.36,-1.16
2019-02-13,-1.22,-1.74,-2.02,-0.81,,-0.28,-0.45,-1.33
2019-02-14,-1.09,-1.72,-1.65,-0.83,,-0.2,-0.4,-1.52
2019-02-15,-1.43,-2.01,-1.41,-1.1,0.05,-0.32,-0.5,-1.81
2019-02-18,,,,,,-0.33,-0.52,
2019-02-19,-1.43,-1.87,-0.32,-0.95,,-0.37,-0.54,-1.94
2019-02-20,-1.63,-1.85,-0.72,-0.98,,-0.45,-0.57,-1.99
2019-02-21,-1.48,-1.76,-1.24,-1.05,,-0.56,-0.59,-1.57
2019-02-22,-1.67,-1.98,-1.45,-1.08,-0.44,-0.56,-0.61,-1.42
2019-02-25,-1.31,-1.73,-1.5,-0.8,,-0.69,-0.72,-1.57
2019-02-26,-1.21,-1.62,-1.51,-0.92,,-0.69,-0.74,-1.51
2019-02-27,-1.3,-1.7,-1.58,-0.98,,-0.87,-0.85,
2019-02-28,-1.27,-1.75,-1.7,-1.07,,-0.93,-0.96,-1.32
2019-03-01,-1.52,-1.91,-1.11,-1.07,-0.62,-1.08,-1.06,-1.18
2019-03-04,-1.24,-1.6,-1.04,-1.09,,-1.0,-1.16,-1.36
2019-03-05,-1.2,-1.53,-1.15,-1.09,,-0.98,-1.17,-1.49
2019-03-06,-0.94,-1.36,-1.1,-1.15,,-0.82,-1.1,-1.51
2019-03-07,-0.73,-1.05,-0.89,-1.07,,-0.55,-1.02,-1.44
2019-03-08,-0.84,-1.12,-0.75,-1.14,-0.29,-0.38,-1.03,-1.42
2019-03-11,-1.21,-1.64,-1.0,-1.21,,-0.53,-1.03,-1.55
2019-03-12,-1.31,-1.72,-1.06,-1.27,,-0.64,-1.13,-1.51
2019-03-13,-1.36,-1.75,-0.99,-1.31,,-0.87,-1.14,-1.51
2019-03-14,-1.31,-1.65,-1.02,-1.4,,-0.98,-1.24,-1.37
2019-03-15,-1.42,-1.7,-1.05,-1.48,-0.59,-1.0,-1.35,-1.22
2019-03-18,-1.34,-1.46,-1.2,-1.44,,-1.03,-1.36,-1.36
2019-03-19,-1.21,-1.32,-1.15,-1.23,,-1.15,-1.46,-1.52
2019-03-20,-1.11,-1.3,-0.86,-1.33,,-1.01,-1.37,-1.65
2019-03-21,-1.16,-1.29,-0.81,-1.32,,-1.14,-1.46,-1.32
2019-03-22,-0.53,-0.67,-0.71,-1.25,-0.62,-0.86,-1.45,-0.11
2019-03-25,-0.56,-0.73,-0.33,-1.08,,-0.61,-1.43,0.65
2019-03-26,-0.9,-0.87,-0.79,-1.2,,-0.71,-1.41,0.56
2019-03-27,-0.79,-0.83,-0.63,-1.16,,-0.7,-1.38,1.23
2019-03-28,-0.92,-0.95,-0.62,-1.09,,-0.72,-1.36,1.05
2019-03-29,-1.06,-1.17,-0.93,-1.24,0.14,-0.93,-1.33,0.82
2019-03-31,,,,,,-0.77,-1.13,
2019-04-01,-1.11,-1.21,-0.76,-1.26,,-1.04,-1.28,-0.07
2019-04-02,-1.09,-1.17,-1.0,-1.23,,-1.0,-1.26,0.17
2019-04-03,-0.99,-1.1,-1.08,-1.27,,-1.1,-1.32,0.12
2019-04-04,-1.0,-1.04,-0.87,-1.28,,-1.08,-1.29,-0.2
2019-04-05,-1.14,-1.13,-1.07,-1.39,-0.9,-1.16,-1.34,-0.57
2019-04-08,-1.04,-0.99,-0.99,-1.34,,-1.19,-1.39,-0.76
2019-04-09,-0.8,-0.82,-1.1,-1.28,,-1.13,-1.36,-0.6
2019-04-10,-0.99,-0.96,-1.16,-1.26,,-1.11,-1.4,-0.63
2019-04-11,-1.02,-0.96,-1.02,-1.13,,-1.25,-1.45,-0.88
2019-04-12,-1.21,-1.12,-1.25,-1.12,-0.85,-1.47,-1.57,-0.57
2019-04-15,-1.13,-1.05,-0.99,-1.11,,-1.43,-1.6,-0.75
2019-04-16,-1.13,-1.04,-0.81,-1.08,,-1.49,-1.64,-0.64
2019-04-17,-1.02,-1.02,-1.1,-1.1,,-1.38,-1.59,-0.58
2019-04-18,-1.1,-1.12,-1.4,-1.16,,-1.22,-1.48,-0.49
2019-04-19,,,,,-1.19,,,
2019-04-22,-1.01,-0.99,-0.91,-0.96,,-1.2,-1.44,-0.54
2019-04-23,-1.02,-0.9,-0.9,-0.89,,-1.19,-1.41,-0.37
2019-04-24,-0.83,-0.79,-0.93,-1.0,,-1.14,-1.37,-0.24
2019-04-25,-0.79,-0.8,-1.02,-0.95,,-1.07,-1.34,-0.34
2019-04-26,-0.87,-0.91,-1.05,-0.33,-0.78,-1.03,-1.31,-0.39
2019-04-29,-0.78,-0.77,-0.89,-0.55,,-1.08,-1.35,-0.59
2019-04-30,-0.76,-0.73,-0.98,-0.51,,-1.07,-1.25,-0.36
2019-05-01,-0.39,-0.47,-1.06,-0.48,,-1.11,-1.23,-0.77
2019-05-02,-0.46,-0.51,-1.12,-0.34,,-1.04,-1.13,-0.76
2019-05-03,-0.79,-0.81,-1.24,-0.39,-0.89,-1.09,-1.11,-0.89
2019-05-06,-0.17,-0.26,-0.96,-0.25,,-0.83,-1.09,-0.54
2019-05-07,0.95,0.68,-0.56,0.18,,-0.63,-1.0,0.23
2019-05-08,1.1,0.67,-0.52,-0.02,,-0.7,-0.91,0.08
2019-05-09,1.13,0.63,-0.33,0.05,,-0.3,-0.73,0.73
2019-05-10,0.14,-0.08,-1.06,0.13,-0.03,-0.2,-0.72,0.56
2019-05-13,1.82,1.61,0.44,0.47,,0.57,-0.53,1.48
2019-05-14,1.01,0.88,-0.56,0.12,,0.32,-0.52,1.02
2019-05-15,0.4,0.24,-1.03,-0.38,,0.51,-0.5,1.53
2019-05-16,-0.05,-0.2,-1.48,-0.33,,0.08,-0.48,1.54
2019-05-17,0.26,0.16,-1.45,-0.3,0.04,0.15,-0.47,1.58
2019-05-20,0.44,0.96,-1.45,-0.69,,0.14,-0.45,1.51
2019-05-21,-0.15,0.28,-1.69,-0.85,,-0.16,-0.44,1.24
2019-05-22,-0.22,0.4,-1.57,-0.53,,0.05,-0.29,1.16
2019-05-23,0.8,1.0,-0.84,0.93,,0.99,0.12,2.53
2019-05-24,0.32,0.76,-1.61,0.82,-0.32,0.71,0.02,2.33
2019-05-27,,,,,,0.72,0.05,
2019-05-28,1.12,1.26,-1.24,1.17,,0.9,0.38,2.5
2019-05-29,1.32,1.44,-1.76,1.75,,1.76,0.88,2.67
2019-05-30,1.03,1.22,-1.02,2.55,,1.64,0.78,2.28
2019-05-31,1.77,1.88,0.81,4.14,0.53,2.86,1.45,4.04
2019-06-03,1.86,2.29,3.22,3.81,,3.26,1.65,3.82
2019-06-04,0.94,1.2,1.3,2.91,,2.4,1.51,3.73
2019-06-05,0.51,0.96,2.29,3.11,,2.14,1.38,3.73
2019-06-06,0.46,0.76,2.81,2.11,,1.85,1.4,2.94
2019-06-07,0.68,0.63,2.44,1.7,0.45,1.6,1.41,2.21
2019-06-10,0.5,0.66,1.59,1.75,,0.96,1.07,1.75
2019-06-11,0.54,0.76,1.03,1.63,,0.82,1.08,1.62
2019-06-12,0.49,0.92,1.86,2.42,,0.9,1.08,1.99
2019-06-13,0.44,0.67,2.71,2.06,,1.0,1.09,2.74
2019-06-14,0.16,0.59,2.88,2.24,-0.22,0.96,1.1,3.12
2019-06-17,0.19,0.67,2.83,2.7,,0.97,1.11,2.55
2019-06-18,0.09,0.45,3.17,2.14,,0.55,0.76,2.42
2019-06-19,-0.34,0.15,2.98,1.64,,0.64,0.76,1.8
2019-06-20,-0.11,0.11,5.61,1.74,,0.05,0.42,1.84
2019-06-21,0.25,0.32,4.68,1.77,0.03,-0.31,-0.12,2.0
2019-06-24,0.17,0.44,4.88,1.55,,-0.07,-0.47,1.85
2019-06-25,0.72,1.0,4.43,1.4,,0.35,-0.27,1.83
2019-06-26,0.68,0.85,3.37,1.08,,0.16,-0.44,1.73
2019-06-27,0.46,0.67,2.99,0.96,,0.34,-0.43,1.34
2019-06-28,0.05,0.52,3.03,1.2,0.04,0.25,-0.6,1.36
2019-06-30,,,,,,0.25,-0.58,
2019-07-01,-0.49,-0.4,1.92,0.62,,-0.12,-0.76,0.97
2019-07-02,-1.1,-0.98,2.69,0.9,,0.1,-0.93,1.14
2019-07-03,-1.26,-1.02,2.6,0.72,,0.01,-0.91,1.09
2019-07-04,,,,,,-0.0,-0.89,
2019-07-05,-0.87,-0.87,2.11,0.4,-0.54,-0.19,-1.06,0.78
2019-07-08,-0.51,-0.32,1.08,0.28,,-0.11,-1.04,0.58
2019-07-09,-0.43,-0.47,1.27,-0.3,,0.03,-0.83,0.53
2019-07-10,-0.99,-0.9,1.95,-0.23,,-0.06,-0.81,0.47
2019-07-11,-1.02,-0.8,1.28,-0.37,,-0.09,-0.98,0.51
2019-07-12,-1.28,-0.96,1.7,-0.29,-0.32,0.0,-1.14,0.48
2019-07-15,-1.11,-0.96,1.76,-0.22,,-0.09,-1.12,0.38
2019-07-16,-0.99,-0.75,1.46,-0.03,,-0.27,-1.09,0.31
2019-07-17,-0.41,-0.18,2.13,0.42,,-0.04,-1.07,0.39
2019-07-18,-0.63,-0.61,2.61,0.12,,0.42,-0.87,0.45
2019-07-19,-0.16,-0.33,1.87,0.38,-0.07,0.23,-1.03,0.51
2019-07-22,-0.63,-0.61,1.45,0.18,,0.17,-1.19,0.21
2019-07-23,-1.1,-1.04,1.18,-0.04,,-0.16,-1.34,0.22
2019-07-24,-1.37,-1.33,1.26,0.04,,-0.21,-1.31,0.15
2019-07-25,-1.02,-1.07,0.84,-0.12,,-0.44,-1.46,0.16
2019-07-26,-1.3,-1.31,0.34,-0.07,-0.47,-0.61,-1.59,-0.07
2019-07-29,-0.95,-0.91,0.83,-0.18,,-0.42,-1.72,-0.13
2019-07-30,-0.39,-0.41,1.17,-0.44,,-0.22,-1.5,-0.22
2019-07-31,0.72,0.14,0.65,-0.34,,-0.4,-1.46,-0.51
2019-08-01,1.58,1.11,1.69,0.58,,0.39,-0.94,0.51
2019-08-02,1.41,1.22,1.27,0.42,0.21,0.81,-0.58,0.65
2019-08-05,4.29,3.53,1.94,0.65,,2.3,0.26,1.8
2019-08-06,2.24,2.15,1.56,0.54,,1.92,0.43,1.42
2019-08-07,1.89,1.79,2.26,0.79,,2.1,0.76,1.9
2019-08-08,0.79,0.88,1.96,0.43,,1.16,0.59,1.79
2019-08-09,1.21,1.1,1.6,0.27,1.74,1.13,0.58,1.77
2019-08-12,2.39,2.29,2.15,0.14,,1.48,0.74,1.97
2019-08-13,0.93,1.03,1.91,-0.09,,0.82,0.56,1.54
2019-08-14,2.64,2.58,1.93,0.35,,1.79,1.04,2.37
2019-08-15,2.19,1.94,2.03,0.4,,1.86,1.34,2.57
2019-08-16,1.14,0.78,1.39,0.17,1.56,1.62,1.31,2.37
2019-08-19,0.53,0.39,0.76,-0.21,,1.14,0.96,2.03
2019-08-20,0.74,0.67,0.89,-0.35,,1.08,0.78,2.01
2019-08-21,0.09,0.15,0.78,-0.36,,0.46,0.44,1.75
2019-08-22,0.41,0.49,0.83,-0.38,,0.23,0.26,1.59
2019-08-23,1.6,1.46,1.76,0.14,0.65,0.61,0.24,2.27
2019-08-26,1.35,1.29,1.46,0.16,,0.46,0.23,1.88
2019-08-27,1.69,1.56,1.36,-0.2,,0.3,0.22,1.89
2019-08-28,1.29,1.18,1.17,-0.42,,0.19,0.37,1.93
2019-08-29,0.72,0.5,0.99,-0.62,,-0.25,0.36,1.65
2019-08-30,1.11,0.89,0.7,-0.58,0.76,-0.23,0.17,1.6
2019-08-31,,,,,,-0.05,0.33,
2019-09-02,,,,,,-0.08,0.31,
2019-09-03,1.34,1.22,1.12,0.15,,0.42,0.48,1.44
2019-09-04,0.44,0.5,1.23,-0.11,,0.4,0.46,1.11
2019-09-05,0.01,-0.07,0.71,-0.35,,-0.49,0.27,0.95
2019-09-06,-0.49,-0.49,0.38,-0.43,0.6,-0.62,0.26,0.84
2019-09-09,-0.39,-0.27,0.37,-0.43,,-0.97,0.06,0.62
2019-09-10,-0.42,-0.22,0.31,-0.38,,-1.46,0.06,0.64
2019-09-11,-0.67,-0.61,0.4,-0.08,,-1.34,-0.13,0.61
2019-09-12,-0.81,-0.87,0.42,0.05,,-1.68,-0.49,0.67
2019-09-13,-0.98,-0.76,0.36,0.03,-0.19,-1.74,-0.66,1.38
2019-09-16,-0.59,-0.4,0.74,2.82,,-1.84,-0.66,1.4
2019-09-17,-0.67,-0.56,0.66,1.95,,-1.74,-0.65,1.26
2019-09-18,-0.85,-0.76,0.36,0.99,,-1.65,-0.82,0.76
2019-09-19,-0.8,-0.93,0.36,1.12,,-1.86,-0.98,0.6
2019-09-20,-0.27,-0.32,0.94,0.65,0.41,-1.63,-0.97,0.77
2019-09-23,-0.43,-0.49,0.97,0.64,,-1.45,-0.95,0.84
2019-09-24,0.43,0.2,1.06,0.56,,-1.13,-0.76,1.02
2019-09-25,-0.01,-0.31,0.44,0.46,,-1.06,-0.74,0.72
2019-09-26,0.03,-0.19,0.23,0.26,,-0.86,-0.73,0.67
2019-09-27,0.49,0.38,0.14,0.55,1.18,-0.65,-0.54,0.66
2019-09-30,0.09,0.04,0.29,0.5,,-0.49,-0.34,0.36
2019-10-01,1.02,0.79,0.37,0.52,,-0.19,-0.33,1.21
2019-10-02,1.77,1.44,0.41,0.67,,0.82,0.24,1.57
2019-10-03,1.19,0.91,0.66,0.83,,1.49,0.46,1.39
2019-10-04,0.37,0.11,0.14,0.57,1.95,1.42,0.49,0.87
2019-10-07,0.69,0.65,0.2,0.6,,1.08,0.32,0.72
2019-10-08,1.62,1.33,0.57,0.65,,1.51,0.55,0.56
2019-10-09,0.98,0.76,0.31,0.33,,1.15,0.38,0.43
2019-10-10,0.56,0.42,0.27,0.73,,0.82,0.4,0.51
2019-10-11,-0.21,-0.18,0.26,0.79,1.22,-0.04,-0.22,0.48
2019-10-14,-0.6,-0.5,0.2,0.94,,-0.14,-0.2,
2019-10-15,-0.99,-1.03,-0.15,0.75,,-0.5,-0.64,0.49
2019-10-16,-0.92,-0.87,-0.27,0.74,,-0.49,-0.62,0.26
2019-10-17,-0.86,-0.92,-0.37,0.3,,-0.53,-0.84,0.21
2019-10-18,-0.68,-0.74,-0.41,-0.01,0.35,-0.41,-1.06,0.28
2019-10-21,-0.76,-0.89,-1.0,0.07,,-0.62,-1.29,0.47
2019-10-22,-0.58,-0.52,-1.31,-0.21,,-0.56,-1.5,0.3
2019-10-23,-0.75,-0.73,-1.66,-0.15,,-0.62,-1.22,-0.3
2019-10-24,-0.85,-0.88,-1.16,-0.05,,-0.72,-1.43,-0.72
2019-10-25,-1.24,-1.3,-1.56,-0.4,0.35,-1.08,-1.85,-0.91
2019-10-28,-1.05,-1.05,-1.31,-0.1,,-1.27,-2.02,-0.86
2019-10-29,-1.0,-0.79,-1.51,-0.06,,-1.2,-1.95,-0.83
2019-10-30,-1.3,-1.05,-1.67,-0.44,,-0.66,-1.68,-1.26
2019-10-31,-0.96,-0.8,-1.48,0.02,,0.33,-0.99,-0.98
2019-11-01,-1.27,-1.17,-1.8,-0.41,0.56,0.01,-1.19,-1.82
2019-11-04,-1.06,-1.05,-2.02,-0.03,,-0.51,-1.38,-1.49
2019-11-05,-0.95,-0.84,-1.96,-0.57,,-0.61,-1.77,-1.34
2019-11-06,-1.11,-1.06,-2.16,-0.73,,-0.35,-1.72,-1.29
2019-11-07,-1.07,-0.99,-1.89,-1.23,,-0.66,-2.08,-0.76
2019-11-08,-1.3,-1.17,-1.88,-1.21,0.45,-0.45,-2.01,-1.02
2019-11-11,-1.07,-1.21,-1.47,-0.38,,-0.5,-1.95,-1.01
2019-11-12,-1.06,-1.26,-2.04,-0.52,,-0.45,-1.89,-0.49
2019-11-13,-0.94,-1.11,-2.19,-0.12,,-0.19,-1.66,-0.86
2019-11-14,-0.93,-1.25,-1.96,-0.5,,-0.04,-1.44,-1.05
2019-11-15,-1.27,-1.67,-2.25,-0.98,0.42,-0.14,-1.6,-1.29
2019-11-18,-1.13,-1.53,-2.0,-0.61,,0.01,-1.56,-1.06
2019-11-19,-0.99,-1.41,-1.96,-0.86,,0.16,-1.53,-1.2
2019-11-20,-1.02,-1.28,-1.88,-1.1,,0.47,-1.33,-0.92
2019-11-21,-0.89,-1.1,-1.91,-1.27,,0.41,-1.13,-1.3
2019-11-22,-1.16,-1.25,-1.88,-1.01,0.59,0.2,-1.29,-1.26
2019-11-25,-1.3,-1.41,-1.9,-1.14,,-0.07,-1.45,-1.32
2019-11-26,-1.39,-1.48,-2.03,-1.33,,-0.24,-1.43,-1.42
2019-11-27,-1.31,-1.44,-2.18,-1.45,,-0.56,-1.58,-1.68
2019-11-28,,,,,,,,
2019-11-29,-1.02,-1.12,-1.92,0.35,0.16,-0.46,-1.56,-1.77
2019-11-30,,,,,,-0.42,-1.55,
2019-12-02,-0.24,-0.39,-1.84,-0.2,,-0.37,-1.53,-1.49
2019-12-03,0.11,-0.03,-1.19,-0.19,,0.21,-1.19,-0.99
2019-12-04,-0.31,-0.33,-1.44,-1.07,,-0.43,-1.5,-1.16
2019-12-05,-0.41,-0.45,-1.55,-1.64,,-0.52,-1.62,-1.1
2019-12-06,-0.71,-0.96,-1.75,-1.75,0.47,-1.1,-1.73,-1.08
2019-12-09,0.08,-0.37,-1.69,-1.7,,-1.14,-1.84,-0.79
2019-12-10,0.03,-0.4,-1.82,-2.25,,-1.36,-1.93,-0.82
2019-12-11,-0.19,-0.6,-1.56,-2.19,,-1.38,-1.87,-1.39
2019-12-12,-0.57,-0.89,-1.47,-2.21,,-2.06,-1.96,-1.33
2019-12-13,-1.04,-1.39,-1.67,-2.3,-0.07,-1.96,-2.05,-1.8
2019-12-16,-1.2,-1.72,-1.63,-2.27,,-2.36,-2.12,-1.77
2019-12-17,-1.12,-1.54,-1.73,-2.23,,-2.52,-2.19,-1.79
2019-12-18,-1.0,-1.41,-1.69,-2.04,,-2.83,-2.27,-1.91
2019-12-19,-1.0,-1.49,-1.51,-2.43,,-2.59,-2.34,-1.82
2019-12-20,-1.0,-1.48,-1.77,-2.16,-0.37,-2.55,-2.26,-1.73
2019-12-23,-0.95,-1.21,-1.38,-2.18,,-2.51,-2.19,-1.58
2019-12-24,-0.9,-1.19,-0.77,-2.02,,-2.35,-2.24,-1.29
2019-12-25,,,,,,,,
2019-12-26,-0.89,-1.19,-0.15,-2.25,,-2.26,-2.16,-1.43
2019-12-27,-0.55,-0.68,-0.58,-1.95,0.26,-2.04,-2.08,-1.49
2019-12-30,0.04,-0.08,-0.46,-1.76,,-1.79,-2.02,-1.08
2019-12-31,-0.38,-0.45,-0.42,-1.22,,-1.74,-1.83,-1.18
2020-01-01,,,,,,,,
2020-01-02,-0.92,-0.78,-0.37,-1.11,,-1.87,-1.78,-1.24
2020-01-03,-0.23,-0.39,-0.0,-0.44,0.12,-1.59,-1.5,-0.96
2020-01-06,-0.29,-0.27,0.36,-0.35,,-1.73,-1.46,-0.7
2020-01-07,-0.3,-0.26,0.29,-0.46,,-1.81,-1.31,-0.7
2020-01-08,-0.44,-0.34,0.14,-0.29,,-1.92,-1.4,-0.88
2020-01-09,-0.86,-0.72,-0.39,-0.17,,-1.91,-1.5,-1.13
2020-01-10,-0.85,-0.51,-0.5,-0.74,-0.29,-1.9,-1.59,-1.52
2020-01-13,-0.95,-0.91,-1.15,0.06,,-1.84,-1.55,-1.49
2020-01-14,-0.89,-0.77,-1.07,-0.07,,-1.9,-1.4,-1.54
2020-01-15,-0.86,-0.89,-0.69,-0.12,,-1.88,-1.37,-1.67
2020-01-16,-0.89,-1.14,-0.86,-0.85,,-1.9,-1.46,-1.64
2020-01-17,-0.99,-1.11,-0.87,-1.08,-0.84,-1.95,-1.67,-1.66
2020-01-20,,,,,,-1.93,-1.63,
2020-01-21,-0.59,-0.51,-0.77,-1.25,,-1.55,-1.59,-1.28
2020-01-22,-0.55,-0.37,-0.91,-0.62,,-1.44,-1.55,-1.44
2020-01-23,-0.51,-0.48,-0.67,-0.36,,-1.09,-1.39,-1.04
2020-01-24,0.3,0.39,-0.21,0.21,-0.45,-0.7,-1.24,-0.6
2020-01-27,2.1,1.95,0.02,0.94,,0.59,-0.85,0.06
2020-01-28,1.11,1.07,-0.49,0.67,,-0.05,-0.83,-0.03
2020-01-29,1.14,1.04,-0.37,0.54,,-0.16,-0.81,0.04
2020-01-30,0.7,0.21,-0.28,0.94,,0.29,-0.55,0.53
2020-01-31,2.25,1.82,0.44,1.58,0.52,0.58,-0.16,0.74
2020-02-03,1.82,1.4,-0.1,1.88,,0.36,-0.27,0.74
2020-02-04,0.91,0.52,-0.35,1.34,,-0.08,-0.51,0.29
2020-02-05,0.49,0.55,-0.73,1.0,,-0.45,-0.62,-0.11
2020-02-06,0.42,0.52,-0.64,0.68,,-0.62,-0.86,-0.39
2020-02-07,0.67,1.0,-0.71,0.93,-0.62,-0.41,-0.71,0.09
2020-02-10,0.49,0.98,-0.33,1.27,,-0.4,-0.7,0.37
2020-02-11,0.63,1.23,-0.57,0.94,,-0.77,-0.69,0.05
2020-02-12,-0.1,0.46,-0.82,0.52,,-0.99,-0.95,-0.08
2020-02-13,0.14,0.7,-0.47,0.6,,-1.05,-0.94,-0.05
2020-02-14,-0.09,0.46,-0.43,0.63,-0.97,-1.08,-0.94,-0.16
2020-02-17,,,,,,-1.06,-0.93,
2020-02-18,0.65,1.2,0.56,0.08,,-0.83,-0.91,0.54
2020-02-19,0.42,0.94,0.83,-0.19,,-0.98,-0.9,0.62
2020-02-20,1.25,2.02,0.88,0.03,,-0.75,-0.55,0.86
2020-02-21,2.22,3.14,2.7,0.71,-0.53,-0.56,-0.36,1.57
2020-02-24,5.82,5.62,3.82,1.61,,1.01,0.55,3.18
2020-02-25,5.72,5.28,3.9,2.29,,1.63,1.12,3.14
2020-02-26,4.77,4.39,2.73,2.44,,1.96,1.5,2.98
2020-02-27,6.42,6.05,3.5,3.57,,3.19,2.54,3.47
2020-02-28,5.39,5.36,4.74,3.64,3.02,4.27,3.98,4.79
2020-02-29,,,,,,3.91,3.55,
2020-03-02,3.62,3.37,3.29,2.88,,3.35,3.69,3.93
2020-03-03,3.86,3.8,4.25,3.14,,2.8,3.3,3.49
2020-03-04,2.83,2.61,2.58,2.92,,2.43,3.1,2.2
2020-03-05,3.74,3.63,3.84,3.06,,3.04,3.25,2.71
2020-03-06,3.72,3.68,4.31,4.45,4.48,4.09,4.37,4.45
2020-03-09,4.72,4.46,5.29,7.32,,5.32,6.31,5.74
2020-03-10,3.51,3.36,2.98,4.53,,4.2,5.15,3.14
2020-03-11,3.85,3.45,3.44,4.71,,4.09,4.87,3.14
2020-03-12,5.09,4.64,3.88,4.99,,4.6,5.22,3.98
2020-03-13,3.27,2.88,4.75,4.17,6.98,3.99,4.74,3.08
2020-03-16,4.6,4.73,4.73,4.15,,4.57,4.9,2.35
2020-03-17,3.73,3.67,4.64,3.93,,4.1,4.7,1.66
2020-03-18,3.46,3.54,4.51,4.61,,4.16,4.79,2.19
2020-03-19,2.98,2.99,3.04,4.03,,4.26,5.04,2.74
2020-03-20,2.51,2.51,2.57,4.3,7.12,4.0,4.91,2.32
2020-03-23,2.17,2.09,2.91,3.78,,4.05,4.49,2.3
2020-03-24,2.09,1.93,2.67,3.14,,3.52,3.78,1.35
2020-03-25,2.13,2.1,2.56,2.34,,3.05,3.13,0.45
2020-03-26,1.91,1.83,2.15,2.38,,2.48,2.68,0.49
2020-03-27,2.07,1.98,1.82,2.83,5.45,2.23,2.44,0.48
2020-03-30,1.59,1.58,1.34,2.65,,2.06,2.23,0.55
2020-03-31,1.38,1.33,1.19,2.45,,1.97,2.03,0.29
2020-04-01,1.51,1.46,1.26,2.12,,2.06,1.96,0.26
2020-04-02,1.19,1.14,1.39,2.11,,2.01,1.9,-0.16
2020-04-03,0.96,0.89,1.35,1.64,3.03,2.06,1.87,-0.42
2020-04-06,0.87,0.77,1.68,1.64,,1.91,1.75,-0.38
2020-04-07,0.92,0.85,1.5,1.5,,1.69,1.58,-0.16
2020-04-08,0.74,0.7,1.07,1.51,,1.62,1.44,-0.04
2020-04-09,0.64,0.63,0.82,1.25,,1.22,1.17,-0.1
2020-04-10,,,,,2.4,,,
2020-04-13,0.61,0.62,0.88,0.94,,1.08,0.98,-0.05
2020-04-14,0.43,0.44,0.91,0.94,,0.91,0.84,-0.29
2020-04-15,0.56,0.57,0.75,1.01,,1.01,0.85,-0.26
2020-04-16,0.52,0.53,0.76,0.89,,0.97,0.81,-0.28
2020-04-17,0.41,0.4,0.68,0.51,1.68,0.84,0.77,-0.29
2020-04-20,0.67,0.69,0.76,2.82,,0.9,0.78,-0.26
2020-04-21,0.73,0.76,0.98,4.11,,1.04,0.82,-0.14
2020-04-22,0.55,0.58,0.94,2.54,,1.0,0.78,-0.2
2020-04-23,0.51,0.52,0.9,2.05,,0.99,0.73,-0.4
2020-04-24,0.23,0.22,0.79,1.43,2.08,1.03,0.71,-0.45
2020-04-27,0.09,0.14,0.54,1.57,,1.0,0.67,-0.58
2020-04-28,0.09,0.21,0.31,1.72,,0.98,0.66,-0.73
2020-04-29,-0.04,-0.02,0.27,1.63,,0.9,0.61,-0.8
2020-04-30,0.1,0.11,0.26,0.27,,0.78,0.44,-0.94
2020-05-01,0.24,0.24,0.25,0.33,1.04,0.79,0.44,-1.14
2020-05-04,0.16,0.17,0.18,0.13,,0.81,0.45,-1.09
2020-05-05,0.03,0.07,0.29,0.12,,0.71,0.41,-1.07
2020-05-06,0.05,0.07,0.23,0.38,,0.7,0.4,-1.0
2020-05-07,-0.1,-0.06,0.39,0.29,,0.68,0.42,-0.86
2020-05-08,-0.29,-0.24,0.25,0.1,0.76,0.63,0.42,-0.77
2020-05-11,-0.32,-0.36,0.1,0.26,,0.61,0.42,-0.61
2020-05-12,-0.05,-0.11,-0.02,-0.11,,0.55,0.39,-0.63
2020-05-13,0.06,0.05,-0.0,-0.18,,0.62,0.37,-0.77
2020-05-14,-0.09,-0.1,0.13,-0.23,,0.67,0.35,-0.71
2020-05-15,-0.14,-0.13,0.07,-0.3,0.72,0.66,0.33,-0.8
2020-05-18,-0.3,-0.35,-0.02,-0.31,,0.48,0.22,-0.71
2020-05-19,-0.24,-0.33,-0.19,-0.37,,0.44,0.14,-0.66
2020-05-20,-0.39,-0.44,-0.32,-0.37,,0.34,0.07,-0.71
2020-05-21,-0.32,-0.35,-0.38,-0.13,,0.29,0.02,-0.84
2020-05-22,-0.41,-0.45,-0.47,-0.21,0.29,0.26,-0.01,-0.99
2020-05-25,,,,,,0.25,-0.03,
2020-05-26,-0.43,-0.46,-0.52,-0.38,,0.09,-0.09,-0.97
2020-05-27,-0.47,-0.47,-0.54,-0.41,,0.05,-0.13,-0.94
2020-05-28,-0.43,-0.48,-0.6,-0.44,,-0.01,-0.18,-1.03
2020-05-29,-0.5,-0.61,-0.61,-0.51,0.08,0.02,-0.22,-1.0
2020-05-31,,,,,,-0.07,-0.21,
2020-06-01,-0.47,-0.55,-0.63,-0.6,,-0.14,-0.25,-0.86
2020-06-02,-0.57,-0.65,-0.64,-0.6,,-0.28,-0.31,-0.85
2020-06-03,-0.65,-0.68,-0.61,-0.6,,-0.49,-0.42,-0.63
2020-06-04,-0.65,-0.69,-0.67,-0.61,,-0.49,-0.48,-0.63
2020-06-05,-0.74,-0.83,-0.67,-0.64,-0.18,-0.67,-0.62,-0.6
2020-06-08,-0.67,-0.75,-0.71,-0.6,,-0.68,-0.69,-0.57
2020-06-09,-0.58,-0.63,-0.6,-0.59,,-0.57,-0.66,-0.55
2020-06-10,-0.58,-0.6,-0.41,-0.68,,-0.51,-0.65,-0.66
2020-06-11,0.21,-0.08,-0.16,-0.57,,-0.27,-0.54,-0.78
2020-06-12,-0.1,-0.19,-0.49,-0.58,0.13,-0.35,-0.57,-0.8
2020-06-15,-0.22,-0.34,-0.54,-0.62,,-0.39,-0.58,-0.71
2020-06-16,-0.28,-0.43,-0.65,-0.66,,-0.68,-0.76,-0.62
2020-06-17,-0.31,-0.43,-0.72,-0.76,,-0.67,-0.79,-0.7
2020-06-18,-0.36,-0.54,-0.81,-0.77,,-0.61,-0.79,-0.81
2020-06-19,-0.23,-0.49,-0.83,-0.82,0.3,-0.63,-0.83,-0.86
2020-06-22,-0.47,-0.59,-0.7,-0.86,,-0.66,-0.84,-0.84
2020-06-23,-0.52,-0.62,-0.59,-0.84,,-0.7,-0.88,-0.83
2020-06-24,-0.37,-0.46,-0.68,-0.73,,-0.6,-0.84,-0.79
2020-06-25,-0.51,-0.62,-0.74,-0.79,,-0.59,-0.84,-0.91
2020-06-26,-0.35,-0.48,-0.65,-0.78,0.31,-0.54,-0.84,-0.91
2020-06-29,-0.58,-0.62,-0.84,-0.86,,-0.5,-0.86,-0.84
2020-06-30,-0.7,-0.76,-0.8,-0.91,,-0.58,-0.91,-0.78
2020-07-01,-0.84,-0.86,-0.91,-1.0,,-0.69,-0.96,-0.8
2020-07-02,-0.91,-0.94,-1.07,-1.04,,-0.83,-1.03,-0.86
2020-07-03,,,,,0.22,-0.85,-1.04,
2020-07-06,-0.89,-0.8,-1.11,-1.05,,-0.97,-1.09,-0.81
2020-07-07,-0.77,-0.67,-1.11,-1.04,,-0.99,-1.1,-0.83
2020-07-08,-0.86,-0.71,-1.05,-1.09,,-1.0,-1.11,-0.85
2020-07-09,-0.76,-0.57,-1.09,-1.0,,-0.96,-1.1,-0.82
2020-07-10,-0.9,-0.62,-1.18,-1.07,-0.05,-0.97,-1.1,-0.84
2020-07-13,-0.54,-0.16,-1.19,-1.01,,-1.07,-1.12,-0.81
2020-07-14,-0.72,-0.16,-1.24,-1.01,,-1.04,-1.11,-0.74
2020-07-15,-0.84,-0.3,-1.3,-1.12,,-1.21,-1.13,-0.86
2020-07-16,-0.8,-0.4,-1.27,-1.11,,-1.22,-1.12,-0.9
2020-07-17,-0.95,-0.69,-1.28,-1.2,-0.09,-1.21,-1.11,-0.91
2020-07-20,-1.01,-0.66,-1.22,-1.14,,-1.33,-1.12,-0.86
2020-07-21,-0.98,-0.64,-1.02,-1.14,,-1.46,-1.14,-0.89
2020-07-22,-1.0,-0.67,-0.26,-1.11,,-1.46,-1.15,-0.95
2020-07-23,-0.87,-0.46,-0.3,-1.05,,-1.46,-1.13,-1.01
2020-07-24,-0.9,-0.46,-0.33,-1.05,-0.35,-1.42,-1.14,-1.07
2020-07-27,-1.0,-0.56,0.28,-1.04,,-1.47,-1.15,-1.07
2020-07-28,-0.95,-0.52,0.85,-1.03,,-1.45,-1.14,-1.21
2020-07-29,-1.08,-0.71,0.54,-1.03,,-1.55,-1.15,-1.26
2020-07-30,-1.01,-0.69,0.15,-0.97,,-1.54,-1.12,-1.47
2020-07-31,-1.04,-0.98,0.24,-0.91,-0.23,-1.5,-1.11,-1.43
2020-08-03,-1.07,-0.81,0.12,-0.94,,-1.54,-1.13,-1.33
2020-08-04,-1.14,-0.83,0.69,-0.94,,-1.47,-1.12,-1.24
2020-08-05,-1.28,-0.95,0.61,-0.98,,-1.53,-1.18,-1.46
2020-08-06,-1.34,-0.96,0.97,-0.95,,-1.5,-1.2,-1.4
2020-08-07,-1.4,-0.74,0.75,-0.93,-0.34,-1.49,-1.22,-1.51
2020-08-10,-1.45,-0.73,0.28,-0.94,,-1.46,-1.25,-1.44
2020-08-11,-1.17,-0.31,1.06,-0.89,,-1.5,-1.28,-1.09
2020-08-12,-1.44,-0.66,0.74,-0.92,,-1.42,-1.27,-1.18
2020-08-13,-1.45,-0.72,0.8,-0.9,,-1.33,-1.23,-1.06
2020-08-14,-1.46,-0.86,0.32,-0.88,-0.39,-1.2,-1.18,-1.26
2020-08-17,-1.56,-1.18,1.01,-0.91,,-1.14,-1.13,-0.94
2020-08-18,-1.51,-1.36,1.04,-0.9,,-1.15,-1.09,-0.9
2020-08-19,-1.31,-0.87,1.45,-0.86,,-1.13,-1.07,-1.07
2020-08-20,-1.25,-0.96,0.93,-0.84,,-1.08,-1.02,-1.05
2020-08-21,-1.26,-0.9,0.95,-0.81,-0.21,-1.09,-1.0,-0.97
2020-08-24,-1.28,-0.57,0.45,-0.82,,-1.15,-1.01,-0.81
2020-08-25,-1.31,-0.74,0.19,-0.79,,-1.23,-1.0,-0.59
2020-08-26,-1.08,0.09,0.71,-0.77,,-1.26,-0.98,-0.56
2020-08-27,-0.85,0.52,0.31,-0.83,,-1.29,-0.94,-0.37
2020-08-28,-1.16,0.42,0.37,-0.91,-0.39,-1.25,-0.96,-0.51
2020-08-31,-0.41,1.09,0.71,-0.92,,-1.21,-0.98,-0.67
2020-09-01,-0.45,1.15,0.38,-0.95,,-1.25,-1.0,-1.08
2020-09-02,-0.34,1.88,0.55,-0.85,,-1.27,-1.01,-0.98
2020-09-03,1.26,3.52,0.59,-0.68,,-1.12,-0.96,-0.81
2020-09-04,0.61,3.17,0.11,-0.62,-0.25,-1.0,-0.94,-0.59
2020-09-07,,,,,,-0.99,-0.93,
2020-09-08,0.79,2.82,0.26,-0.05,,-0.83,-0.84,0.01
2020-09-09,0.21,1.97,0.03,-0.33,,-0.92,-0.83,-0.3
2020-09-10,0.44,1.86,-0.07,-0.18,,-0.91,-0.82,-0.87
2020-09-11,-0.22,1.07,-0.37,-0.26,-0.09,-0.83,-0.81,-1.19
2020-09-14,-0.45,0.57,-0.15,-0.28,,-0.85,-0.84,-1.0
2020-09-15,-0.5,0.64,-0.31,-0.49,,-0.9,-0.84,-1.15
2020-09-16,-0.39,1.12,-0.36,-0.72,,-0.99,-0.88,-1.23
2020-09-17,-0.28,1.32,-0.39,-0.87,,-0.89,-0.88,-1.82
2020-09-18,-0.42,1.24,-0.3,-0.84,-0.25,-0.85,-0.88,-1.96
2020-09-21,0.09,1.35,0.11,-0.57,,-0.42,-0.77,-1.69
2020-09-22,-0.13,0.99,0.13,-0.66,,-0.35,-0.76,-1.55
2020-09-23,0.32,1.55,0.66,-0.41,,-0.3,-0.64,-1.62
2020-09-24,0.31,1.44,0.65,-0.52,,0.03,-0.38,-1.79
2020-09-25,-0.23,0.83,0.26,-0.61,0.09,0.06,-0.17,-1.79
2020-09-28,-0.28,0.74,0.23,-0.64,,-0.15,-0.21,-1.68
2020-09-29,-0.25,0.89,0.59,-0.22,,-0.16,-0.26,-1.75
2020-09-30,-0.22,0.92,0.22,-0.36,,-0.32,-0.23,-1.32
2020-10-01,-0.13,0.78,0.31,0.1,,-0.41,-0.29,-1.37
2020-10-02,0.11,1.16,0.36,0.64,-0.2,-0.35,-0.26,-1.15
2020-10-05,0.2,0.92,0.21,0.15,,-0.76,-0.5,-1.15
2020-10-06,0.59,1.18,0.39,-0.08,,-1.01,-0.67,1.5
2020-10-07,0.22,0.86,0.52,-0.16,,-1.07,-0.85,1.38
2020-10-08,-0.22,0.51,0.11,-0.54,,-1.16,-0.84,1.42
2020-10-09,-0.57,-0.03,0.24,-0.41,-0.34,-1.24,-0.92,1.47
2020-10-12,-0.55,0.2,0.3,-0.23,,-1.22,-1.0,
2020-10-13,-0.29,0.48,0.44,-0.02,,-1.27,-1.08,1.21
2020-10-14,-0.21,0.33,0.03,-0.25,,-1.22,-1.06,0.93
2020-10-15,-0.06,0.47,-0.03,-0.2,,-0.95,-0.95,1.3
2020-10-16,0.06,0.6,-0.48,-0.16,-0.21,-1.08,-1.06,1.6
2020-10-19,0.59,0.96,-0.15,-0.21,,-1.13,-1.18,2.21
2020-10-20,0.68,0.68,-0.09,-0.13,,-1.13,-1.16,2.06
2020-10-21,0.51,0.62,0.26,0.33,,-1.08,-1.26,1.83
2020-10-22,0.38,0.37,-0.15,0.25,,-1.12,-1.24,1.92
2020-10-23,0.23,0.11,-0.27,0.24,-0.13,-1.12,-1.34,1.74
2020-10-26,1.76,1.3,-0.32,1.1,,-0.75,-1.32,1.81
2020-10-27,2.08,1.02,-0.49,0.77,,-0.66,-1.3,1.62
2020-10-28,3.9,2.93,-0.01,1.94,,-0.11,-1.04,1.49
2020-10-29,2.97,1.9,-0.03,2.38,,-0.18,-0.9,2.08
2020-10-30,2.98,2.16,0.4,3.0,0.2,-0.16,-0.9,2.11
2020-10-31,,,,,,0.05,-0.76,
2020-11-02,2.65,1.98,0.54,2.7,,-0.1,-0.92,2.29
2020-11-03,2.22,1.27,0.4,2.33,,-0.6,-1.08,2.31
2020-11-04,0.67,-0.09,-0.53,1.25,,-1.42,-1.42,-0.01
2020-11-05,0.16,-0.24,-0.04,1.16,,-2.01,-1.93,-0.55
2020-11-06,-0.55,-1.01,-0.35,1.41,-0.21,-1.75,-2.24,-1.07
2020-11-09,-0.31,-0.67,-0.11,0.97,,-3.05,-3.16,-0.35
2020-11-10,-0.55,-0.35,-0.6,0.66,,-2.53,-3.03,-0.17
2020-11-11,-0.89,-0.95,-1.06,0.61,,-2.51,-3.08,
2020-11-12,-0.38,-0.78,-1.13,0.81,,-1.74,-2.53,-0.44
2020-11-13,-0.95,-1.28,-1.55,0.5,-0.58,-1.71,-2.46,-0.6
2020-11-16,-1.1,-1.69,-1.38,0.34,,-2.15,-2.71,-0.65
2020-11-17,-1.01,-1.66,-1.66,0.12,,-2.18,-2.61,-0.56
2020-11-18,-0.7,-1.57,-1.64,0.26,,-2.33,-2.81,-0.47
2020-11-19,-0.87,-1.7,-1.58,0.29,,-2.09,-2.83,-0.48
2020-11-20,-0.7,-1.62,-1.72,-0.0,-0.3,-1.99,-2.7,-0.64
2020-11-23,-0.96,-1.66,-1.31,-0.15,,-2.12,-2.57,-0.53
2020-11-24,-1.21,-1.78,-0.94,-0.15,,-2.42,-2.58,-0.61
2020-11-25,-1.29,-1.81,-1.12,-0.06,,-2.26,-2.58,-0.98
2020-11-26,,,,,,-2.17,-2.47,
2020-11-27,-1.37,-1.67,-1.36,0.27,-0.51,-2.03,-2.47,-0.96
2020-11-30,-1.41,-1.5,-1.1,0.41,,-2.02,-2.48,-0.79
2020-12-01,-1.33,-1.3,-1.11,0.46,,-2.28,-2.7,-0.68
2020-12-02,-1.21,-1.24,-1.16,0.18,,-2.3,-2.67,-0.35
2020-12-03,-1.16,-1.26,-1.08,-0.41,,-2.39,-2.65,-0.55
2020-12-04,-1.26,-1.33,-1.33,-0.74,-0.55,-2.46,-2.52,-0.36
2020-12-07,-1.12,-1.27,-0.96,-0.81,,-2.35,-2.41,0.42
2020-12-08,-1.25,-1.51,-0.91,-0.8,,-2.26,-2.22,0.33
2020-12-09,-0.87,-0.78,-0.73,-0.57,,-2.15,-1.95,0.24
2020-12-10,-0.8,-0.81,-0.96,-0.54,,-1.98,-1.8,0.04
2020-12-11,-0.62,-0.85,-1.11,-0.57,-0.53,-1.8,-1.74,0.09
2020-12-14,-0.29,-0.76,-1.02,-0.52,,-1.88,-1.69,0.32
2020-12-15,-0.73,-1.05,-0.87,-0.6,,-1.84,-1.73,0.16
2020-12-16,-0.82,-1.1,-1.0,-0.69,,-1.79,-1.85,-0.01
2020-12-17,-0.95,-1.26,-0.68,-0.92,,-1.75,-1.88,-0.41
2020-12-18,-1.03,-1.27,-0.9,-0.89,-0.49,-1.75,-1.82,-0.35
2020-12-21,-0.19,-0.94,-0.78,-0.34,,-1.39,-1.77,-0.07
2020-12-22,-0.42,-1.03,-0.9,-0.29,,-1.48,-1.71,-0.5
2020-12-23,-0.64,-1.16,-1.19,-0.59,,-1.54,-1.67,-0.61
2020-12-24,-1.07,-1.46,-1.12,-0.67,,-1.54,-1.7,-0.7
2020-12-25,,,,,-0.53,,,
2020-12-28,-1.02,-1.45,-0.51,-0.65,,-1.82,-1.73,-0.26
2020-12-29,-0.7,-1.24,-0.86,-0.8,,-1.84,-1.68,-0.14
2020-12-30,-0.77,-1.34,-0.55,-0.9,,-1.75,-1.78,0.01
2020-12-31,-0.78,-1.19,-0.11,-0.95,,-1.72,-1.73,0.25
2021-01-01,,,,,-0.59,,,
2021-01-04,0.22,-0.51,0.52,-0.38,,-1.54,-1.61,0.33
2021-01-05,-0.18,-0.86,0.72,-0.64,,-1.51,-1.49,0.24
2021-01-06,-0.24,-0.67,0.47,-0.8,,-1.69,-1.53,-0.36
2021-01-07,-0.89,-1.13,-0.15,-1.28,,-1.68,-1.56,-0.28
2021-01-08,-1.07,-0.91,0.81,-1.22,-0.6,-1.67,-1.59,-0.32
2021-01-11,-0.46,-0.69,-0.13,-1.43,,-1.52,-1.62,0.09
2021-01-12,-0.63,-0.8,-0.52,-1.63,,-1.43,-1.58,0.41
2021-01-13,-0.88,-0.99,-1.28,-1.19,,-1.45,-1.6,-0.22
2021-01-14,-0.61,-0.72,-0.99,-1.01,,-1.57,-1.63,-0.13
2021-01-15,-0.33,-0.56,-1.07,-0.64,-0.64,-1.51,-1.52,-0.29
2021-01-18,,,,,,-1.49,-1.55,
2021-01-19,-0.58,-0.87,-1.16,-1.34,,-1.48,-1.51,-0.27
2021-01-20,-0.97,-1.06,-1.08,-1.26,,-1.52,-1.47,-0.63
2021-01-21,-1.02,-0.99,-1.13,-1.32,,-1.51,-1.37,-0.56
2021-01-22,-0.86,-0.73,-1.37,-1.12,-0.63,-1.31,-1.27,-0.54
2021-01-25,-0.54,-0.57,-1.29,-0.86,,-1.28,-1.18,-0.54
2021-01-26,-0.57,-0.45,-1.65,-0.97,,-1.27,-1.15,-0.53
2021-01-27,2.74,1.9,-1.26,-0.54,,-1.06,-1.06,-0.39
2021-01-28,1.09,0.88,-0.7,-0.51,,-1.19,-1.1,-0.21
2021-01-29,1.71,1.41,0.08,-0.54,-0.41,-1.13,-1.08,0.04
2021-01-31,,,,,,-1.02,-1.0,
2021-02-01,1.05,0.69,0.79,-0.68,,-1.03,-0.98,-0.13
2021-02-02,-0.01,-0.36,-0.53,-0.75,,-1.16,-1.04,-0.2
2021-02-03,-0.59,-0.45,-1.23,-0.95,,-1.27,-1.1,-0.06
2021-02-04,-0.84,-0.88,-0.68,-1.17,,-1.33,-1.16,-0.03
2021-02-05,-1.02,-1.23,-1.04,-1.21,-0.68,-1.42,-1.22,-0.06
2021-02-08,-0.92,-1.04,-1.18,-1.25,,-1.47,-1.27,0.11
2021-02-09,-0.82,-0.92,-1.21,-1.35,,-1.5,-1.25,-0.16
2021-02-10,-0.73,-0.72,-1.05,-1.28,,-1.47,-1.23,-0.26
2021-02-11,-0.87,-0.78,-1.19,-1.19,,-1.45,-1.21,-0.32
2021-02-12,-1.13,-0.92,-1.31,-1.17,-0.85,-1.46,-1.27,-0.17
2021-02-15,,,,,,-1.44,-1.25,
2021-02-16,-0.79,-0.4,-0.33,-1.03,,-1.53,-1.39,1.34
2021-02-17,-0.76,-0.45,0.3,-0.78,,-1.43,-1.44,1.19
2021-02-18,-0.53,-0.59,-0.25,-0.64,,-1.37,-1.42,1.22
2021-02-19,-0.62,-0.54,-0.5,-0.65,-0.74,-1.44,-1.4,1.88
2021-02-22,-0.31,0.25,-0.58,-0.53,,-1.35,-1.29,2.15
2021-02-23,-0.37,0.16,-1.14,-0.37,,-1.26,-1.1,2.01
2021-02-24,-0.75,-0.3,-1.11,-0.38,,-1.34,-1.17,1.99
2021-02-25,0.9,1.5,1.02,-0.24,,-1.31,-1.24,3.53
2021-02-26,0.7,1.0,0.88,0.01,-0.55,-1.09,-1.22,3.46
2021-02-28,,,,,,-0.97,-1.2,
2021-03-01,-0.3,-0.28,1.06,0.02,,-1.02,-1.09,2.47
2021-03-02,-0.12,0.09,0.16,-0.19,,-1.03,-1.08,1.08
2021-03-03,0.45,1.03,0.82,-0.33,,-1.07,-1.17,2.08
2021-03-04,0.87,1.26,1.32,-0.65,,-1.0,-0.96,2.31
2021-03-05,0.01,0.54,0.29,-0.72,-0.52,-0.87,-0.64,2.39
2021-03-08,0.21,1.05,0.61,-0.41,,-0.95,-0.41,2.56
2021-03-09,-0.09,0.64,-0.2,-0.51,,-0.81,-0.16,2.03
2021-03-10,-0.42,0.55,-0.91,-0.55,,-0.78,-0.13,1.52
2021-03-11,-0.58,0.18,-1.14,-0.5,,-1.08,-0.36,1.58
2021-03-12,-0.93,0.26,-1.03,-0.55,-0.6,-0.98,-0.34,2.29
2021-03-15,-1.16,-0.14,-1.43,-0.22,,-0.95,-0.32,2.23
2021-03-16,-1.28,0.08,-1.39,-0.25,,-0.93,-0.45,2.19
2021-03-17,-1.45,-0.36,-1.92,-0.59,,-0.61,-0.28,1.75
2021-03-18,-0.61,0.6,-1.43,1.86,,-0.57,-0.56,2.07
2021-03-19,-0.82,0.26,-2.38,1.06,-0.64,-0.52,-0.55,1.83
2021-03-22,-1.51,-0.8,-2.39,0.12,,-0.8,-0.53,1.67
2021-03-23,-0.99,-0.38,-2.13,2.22,,-0.82,-0.35,0.96
2021-03-24,-0.67,0.05,-2.77,5.34,,-1.01,-0.33,0.93
2021-03-25,-1.12,-0.43,-2.72,2.13,,-0.93,-0.13,0.8
2021-03-26,-1.42,-1.15,-2.68,1.09,-0.71,-1.11,-0.29,0.97
2021-03-29,-0.77,-0.67,-1.4,0.94,,-1.29,-0.46,1.38
2021-03-30,-1.13,-0.86,-0.65,0.36,,-1.23,-0.65,1.49
2021-03-31,-1.18,-1.39,-1.51,1.28,,-1.53,-1.04,1.81
2021-04-01,-1.82,-1.94,-1.72,0.08,,-1.63,-1.45,1.17
2021-04-02,,-1.89,-1.69,0.09,-0.79,,,
2021-04-05,-1.58,-1.61,-1.42,0.51,,-1.93,-1.65,0.85
2021-04-06,-1.48,-1.61,-1.6,0.61,,-1.91,-1.42,0.69
2021-04-07,-1.74,-1.73,-1.97,0.36,,-1.99,-1.39,0.88
2021-04-08,-1.76,-1.68,-2.14,0.24,,-1.99,-1.36,0.63
2021-04-09,-1.8,-1.73,-2.31,-0.08,-0.87,-1.82,-1.55,0.72
2021-04-12,-1.69,-1.91,-2.46,-0.57,,-1.77,-1.51,0.93
2021-04-13,-1.73,-1.97,-2.68,-0.98,,-1.41,-1.48,0.68
2021-04-14,-1.59,-1.76,-2.33,-0.85,,-1.66,-1.66,0.55
2021-04-15,-1.68,-1.99,-1.89,-1.18,,-1.62,-1.42,0.44
2021-04-16,-1.73,-2.25,-1.85,-1.49,-0.82,-1.71,-1.41,0.77
2021-04-19,-1.4,-1.55,-1.44,-0.94,,-1.56,-1.17,0.89
2021-04-20,-1.0,-1.07,-1.62,-0.79,,-1.13,-0.93,0.91
2021-04-21,-1.3,-1.48,-1.16,0.77,,-1.15,-0.92,0.69
2021-04-22,-0.95,-1.12,-1.32,0.07,,-1.13,-0.9,0.41
2021-04-23,-1.3,-1.56,-1.44,-0.09,-0.77,-1.33,-1.15,0.43
2021-04-26,-1.19,-1.45,-1.52,0.49,,-1.44,-1.13,0.52
2021-04-27,-1.19,-1.38,-1.84,-0.15,,-1.52,-1.38,0.43
2021-04-28,-1.24,-1.45,-1.77,-0.62,,-1.42,-1.36,0.43
2021-04-29,-1.13,-1.4,-1.84,-0.63,,-1.5,-1.35,0.28
2021-04-30,-0.85,-1.25,-1.76,-0.15,-0.83,-1.3,-1.33,0.18
2021-05-03,-0.91,-1.11,-1.22,0.26,,-1.32,-1.31,0.08
2021-05-04,-0.59,-0.48,-1.07,-0.43,,-1.06,-1.28,0.19
2021-05-05,-0.66,-0.49,-1.15,-0.15,,-1.18,-1.26,0.01
2021-05-06,-0.85,-0.71,-0.72,-0.29,,-1.11,-1.23,0.08
2021-05-07,-1.27,-1.22,-0.76,-0.31,-0.82,-1.24,-1.49,-0.32
2021-05-10,-0.49,-0.23,-0.4,-0.23,,-1.28,-1.47,-0.19
2021-05-11,0.08,0.1,-0.39,-0.24,,-0.74,-1.44,0.07
2021-05-12,1.54,1.13,-0.19,-0.46,,-0.83,-1.41,0.11
2021-05-13,0.41,0.39,-0.4,-0.22,,-0.65,-1.38,-0.1
2021-05-14,-0.69,-0.64,-0.55,-0.55,-0.76,-0.74,-1.64,-0.29
2021-05-17,-0.44,-0.48,-0.1,-0.56,,-0.72,-1.87,0.1
2021-05-18,-0.01,-0.33,-0.39,-0.43,,-0.71,-1.81,-0.08
2021-05-19,0.2,-0.19,0.04,-0.02,,-0.41,-1.49,-0.08
2021-05-20,-0.18,-0.8,-0.21,0.11,,-0.28,-1.45,-0.36
2021-05-21,-0.31,-0.78,-0.64,0.08,-0.72,-0.55,-1.68,-0.42
2021-05-24,-0.75,-1.15,-0.39,-0.8,,-0.53,-1.63,-0.39
2021-05-25,-0.62,-0.96,-0.28,-0.63,,-0.69,-1.85,-0.55
2021-05-26,-0.99,-1.2,-0.42,-1.16,,-0.62,-1.79,-0.68
2021-05-27,-1.12,-1.24,-0.77,-1.21,,-0.9,-1.74,-0.62
2021-05-28,-1.1,-1.38,-0.79,-1.23,-0.8,-0.94,-1.7,-0.82
2021-05-31,,,,,,-0.62,-1.4,
2021-06-01,-0.79,-1.05,-0.77,-1.24,,-0.67,-1.38,-0.48
2021-06-02,-0.88,-1.19,-0.98,-1.36,,-0.78,-1.6,-0.48
2021-06-03,-0.72,-0.87,-0.81,-1.09,,-0.97,-1.57,-0.67
2021-06-04,-1.11,-1.37,-0.85,-1.53,-0.82,-0.97,-1.28,-1.26
2021-06-07,-1.17,-1.32,-0.97,-1.5,,-1.04,-1.26,-1.32
2021-06-08,-0.98,-1.27,-0.94,-1.41,,-1.11,-1.24,-1.29
2021-06-09,-0.75,-1.14,-1.02,-1.41,,-1.39,-1.22,-0.9
2021-06-10,-1.33,-1.65,-0.96,-1.13,,-1.29,-1.19,-1.55
2021-06-11,-1.45,-1.81,-1.1,-1.21,-0.77,-1.42,-1.43,-1.21
2021-06-14,-1.18,-1.53,-0.57,-1.07,,-1.69,-1.65,-0.78
2021-06-15,-0.95,-1.28,-0.48,-1.39,,-1.64,-1.6,-0.96
2021-06-16,-0.56,-1.12,-0.44,-0.91,,-1.96,-2.05,-0.79
2021-06-17,-0.68,-1.37,0.33,-0.29,,-1.68,-1.98,-0.71
2021-06-18,0.3,-0.82,0.47,-0.9,-0.74,-1.42,-1.92,0.1
2021-06-21,-0.62,-1.22,-0.08,-0.68,,-1.67,-1.86,0.3
2021-06-22,-1.0,-1.38,-0.22,-0.83,,-1.55,-1.57,-0.24
2021-06-23,-1.09,-1.39,-0.46,-0.74,,-1.65,-1.53,-0.76
2021-06-24,-1.18,-1.41,-0.74,-1.27,,-1.94,-1.72,-0.89
2021-06-25,-1.27,-1.44,-0.96,-1.4,-0.75,-2.14,-1.9,-0.76
2021-06-28,-1.19,-1.34,-0.9,-1.26,,-1.99,-1.84,-0.64
2021-06-29,-1.08,-1.2,-0.38,-1.21,,-2.05,-1.78,-0.55
2021-06-30,-1.12,-1.16,-0.5,-1.03,,-1.92,-1.73,-0.46
2021-07-01,-1.21,-1.15,-0.59,-1.07,,-1.98,-1.47,-0.41
2021-07-02,-1.31,-1.34,-0.9,-0.97,-0.78,-1.8,-1.44,-1.23
2021-07-05,,,,,,-1.81,-1.4,
2021-07-06,-0.87,-0.9,-0.79,-0.01,,-1.65,-1.37,-0.54
2021-07-07,-0.95,-0.85,-0.95,0.87,,-1.61,-1.14,0.2
2021-07-08,0.06,-0.18,-0.51,0.23,,-1.03,-0.71,0.4
2021-07-09,-0.94,-0.8,-0.91,-0.12,-0.66,-1.43,-0.69,0.08
2021-07-12,-0.94,-1.23,-1.13,0.22,,-1.52,-0.68,0.24
2021-07-13,-0.58,-0.87,-1.31,-0.44,,-1.55,-0.87,0.26
2021-07-14,-0.9,-1.13,-1.4,0.12,,-1.16,-0.85,-0.36
2021-07-15,-0.6,-1.09,-1.2,0.09,,-0.9,-0.62,-0.4
2021-07-16,0.09,-0.78,-1.6,-0.09,-0.72,-0.63,-0.38,-0.14
2021-07-19,2.02,0.02,-0.19,1.71,,1.08,0.1,1.66
2021-07-20,0.72,-0.56,-1.17,2.72,,0.71,0.37,1.95
2021-07-21,-0.14,-0.98,-1.15,0.94,,-0.21,0.15,1.22
2021-07-22,-0.24,-1.18,-1.66,-0.27,,-0.18,0.18,1.19
2021-07-23,-0.46,-1.41,-1.6,-0.71,-0.52,-0.3,-0.05,1.3
2021-07-26,-0.27,-0.93,-0.86,-0.4,,-0.36,-0.03,2.04
2021-07-27,0.63,0.01,-0.5,-0.47,,0.14,-0.01,2.25
2021-07-28,0.12,-0.7,-0.38,-0.56,,0.09,0.02,0.73
2021-07-29,-0.18,-0.84,-0.81,-0.79,,-0.14,-0.24,0.69
2021-07-30,0.1,-0.72,-0.93,-1.0,-0.68,0.15,-0.22,0.51
2021-07-31,,,,,,0.72,0.14,
2021-08-02,0.74,-0.43,-0.77,-0.16,,1.11,0.51,1.14
2021-08-03,0.02,-0.82,-0.91,0.21,,1.67,0.56,1.34
2021-08-04,-0.01,-0.73,-1.12,1.47,,1.65,0.59,0.78
2021-08-05,-0.35,-0.92,-1.16,0.64,,1.18,0.6,0.97
2021-08-06,-0.92,-1.15,0.06,0.74,-0.6,0.71,0.61,0.8
2021-08-09,-0.61,-1.09,1.6,1.8,,0.88,0.62,1.5
2021-08-10,-0.57,-0.78,1.22,0.71,,0.69,0.63,1.67
2021-08-11,-0.93,-0.73,0.01,0.47,,1.12,0.65,0.41
2021-08-12,-1.15,-1.16,-0.18,-0.02,,0.84,0.65,-0.28
2021-08-13,-1.21,-1.5,-0.77,-0.17,-0.75,1.0,0.66,-0.68
2021-08-16,-0.86,-1.24,-0.23,0.67,,1.17,0.67,0.16
2021-08-17,0.05,-0.34,0.32,0.86,,1.06,0.67,0.36
2021-08-18,1.86,0.99,-0.04,1.22,,0.87,1.05,-0.11
2021-08-19,1.85,0.64,0.07,1.23,,1.45,1.42,0.18
2021-08-20,0.31,-0.43,-0.62,1.12,-0.54,1.0,1.42,0.31
2021-08-23,-0.39,-0.9,-0.03,0.55,,0.74,1.44,0.79
2021-08-24,-0.36,-0.87,-0.5,0.02,,0.05,1.08,0.96
2021-08-25,-0.57,-0.96,0.04,-0.32,,-0.28,0.71,1.28
2021-08-26,0.44,-0.22,0.67,-0.12,,-0.45,0.73,1.04
2021-08-27,-0.76,-1.36,-0.71,-0.49,-0.65,-0.7,0.34,-0.12
2021-08-30,-0.84,-1.11,-0.41,-0.38,,-0.78,0.35,0.35
2021-08-31,-0.7,-0.93,-0.46,-0.65,,-0.34,0.37,0.22
2021-09-01,-0.87,-0.77,-0.87,-0.11,,-0.51,0.38,-0.09
2021-09-02,-0.71,-0.68,-1.3,-1.44,,-0.75,0.39,-0.57
2021-09-03,-0.7,-0.78,-1.08,0.13,-0.64,-0.91,0.4,-1.1
2021-09-06,,,,,,-0.97,0.42,
2021-09-07,0.13,-0.28,-0.61,-0.99,,-0.7,0.43,-0.28
2021-09-08,0.05,-0.33,-0.89,-1.24,,-0.69,0.44,-0.28
2021-09-09,0.45,-0.06,-0.93,-0.67,,-0.76,0.45,-1.21
2021-09-10,1.48,0.49,-0.85,-0.75,-0.6,-1.08,0.02,-1.37
2021-09-13,0.71,0.03,-0.91,-0.96,,-1.22,-0.4,-1.06
2021-09-14,0.75,0.08,-0.97,-0.69,,-1.03,-0.38,-1.32
2021-09-15,0.13,-0.57,-0.81,-1.02,,-1.25,-0.37,-0.87
2021-09-16,0.38,-0.53,0.15,-0.79,,-1.38,-0.36,-0.91
2021-09-17,1.42,0.43,0.16,-1.0,-0.56,-1.51,-0.36,-0.41
2021-09-20,3.99,3.01,1.35,-0.19,,0.08,0.08,0.31
2021-09-21,3.23,2.75,0.88,-0.4,,-0.41,0.09,0.23
2021-09-22,1.46,0.94,0.82,-0.94,,-1.06,-0.34,-0.45
2021-09-23,0.36,0.02,1.39,-0.96,,-1.54,-0.77,-0.27
2021-09-24,-0.05,-0.11,0.91,-0.48,-0.45,-1.34,-1.61,0.07
2021-09-27,0.49,0.48,0.64,-0.2,,-1.22,-1.98,0.49
2021-09-28,2.71,3.67,1.47,0.12,,-0.61,-1.52,0.93
2021-09-29,2.3,3.15,2.26,-0.1,,-0.93,-1.49,0.6
2021-09-30,2.46,2.95,1.93,0.83,,-0.41,-0.65,0.56
2021-10-01,1.49,1.94,0.81,0.47,-0.52,0.03,-0.64,-0.21
2021-10-04,2.24,3.23,1.43,0.43,,0.13,-0.63,0.44
2021-10-05,1.45,2.03,1.13,0.4,,-0.21,-0.63,0.89
2021-10-06,1.29,1.7,1.14,1.42,,0.84,-0.22,0.41
2021-10-07,0.63,0.91,0.74,2.68,,-0.02,-0.21,0.46
2021-10-08,0.28,0.87,-0.1,0.52,-0.52,0.07,-0.21,0.18
2021-10-11,0.81,1.02,-0.25,0.64,,0.08,-0.2,
2021-10-12,0.73,0.97,-0.86,0.25,,0.77,0.2,0.86
2021-10-13,0.18,-0.06,-0.3,-0.04,,0.51,0.2,0.39
2021-10-14,-0.61,-1.06,-0.53,0.2,,-0.1,-0.2,0.05
2021-10-15,-0.84,-1.3,-0.9,-0.61,-0.6,-0.62,-0.61,0.78
2021-10-18,-0.84,-1.14,-0.27,-0.35,,-0.7,-0.61,2.51
2021-10-19,-1.11,-1.37,-0.55,-0.33,,-0.87,-0.63,1.93
2021-10-20,-1.2,-1.16,-0.61,-0.33,,-1.03,-0.64,1.28
2021-10-21,-1.38,-1.19,-0.75,0.04,,-1.35,-0.66,2.11
2021-10-22,-1.18,-0.95,0.05,0.12,-0.73,-1.0,-0.68,2.59
2021-10-25,-1.24,-1.08,1.45,-0.1,,-0.65,-0.68,1.86
2021-10-26,-0.9,-0.8,0.43,-0.27,,-0.82,-0.69,1.34
2021-10-27,-0.46,-0.46,0.63,0.32,,-0.65,-0.71,2.0
2021-10-28,-0.66,-0.63,0.23,0.2,,-0.91,-0.74,2.3
2021-10-29,-0.77,-0.68,0.64,0.38,-0.65,-0.92,-0.77,2.84
2021-10-31,,,,,,-0.33,-0.8,
2021-11-01,-0.71,-0.64,0.99,0.04,,-0.26,-0.37,3.18
2021-11-02,-0.88,-0.64,1.21,-0.31,,0.16,0.09,1.78
2021-11-03,-1.27,-0.77,0.9,0.78,,-0.12,0.07,1.76
2021-11-04,-1.12,-0.4,0.29,0.51,,-0.05,-0.46,0.54
2021-11-05,-0.68,0.18,1.43,0.29,-0.54,-0.69,-0.48,0.94
2021-11-08,-0.37,0.31,1.43,0.23,,-1.51,-1.01,1.63
2021-11-09,-0.14,0.66,1.53,-0.19,,-1.04,-0.49,1.94
2021-11-10,0.26,0.91,1.55,0.04,,-1.22,-0.49,2.74
2021-11-11,-0.21,0.49,1.71,-0.21,,-1.22,-0.49,
2021-11-12,-0.8,0.08,1.53,-0.23,-0.63,-0.96,0.02,2.65
2021-11-15,-0.72,0.21,1.69,-0.13,,-0.87,0.01,2.95
2021-11-16,-0.77,0.01,1.21,-0.64,,-0.69,1.04,2.79
2021-11-17,-0.45,0.13,1.21,-0.92,,-0.23,1.52,2.64
2021-11-18,-0.24,0.05,0.59,0.27,,-0.02,1.51,1.58
2021-11-19,-0.1,0.2,0.21,0.11,-0.53,0.47,1.51,1.38
2021-11-22,0.45,0.98,1.03,-0.05,,-0.1,1.49,2.12
2021-11-23,0.57,1.38,1.32,-0.49,,1.03,2.42,2.22
2021-11-24,0.21,1.09,1.21,-0.62,,1.2,2.33,2.45
2021-11-25,,,,,,1.18,2.24,
2021-11-26,4.19,2.96,2.79,7.19,-0.35,3.65,4.08,3.07
2021-11-29,1.85,1.31,2.14,5.36,,2.73,4.03,2.89
2021-11-30,3.26,2.37,2.63,5.95,,3.56,3.95,2.18
2021-12-01,4.18,3.51,2.97,5.25,,2.72,3.61,1.98
2021-12-02,2.94,2.89,2.87,2.41,,2.34,3.59,1.88
2021-12-03,3.49,3.8,2.14,3.11,-0.05,2.4,3.08,1.47
2021-12-06,2.36,2.59,1.54,2.04,,1.37,2.66,2.33
2021-12-07,0.84,1.17,1.03,1.07,,-0.35,2.06,2.26
2021-12-08,0.27,0.85,0.39,0.72,,0.01,1.75,1.42
2021-12-09,0.74,1.32,0.63,0.96,,0.3,1.7,1.31
2021-12-10,-0.08,0.53,-0.98,0.81,-0.55,0.59,1.9,0.78
2021-12-13,0.37,0.55,-0.26,0.76,,0.87,1.84,0.97
2021-12-14,0.79,0.93,0.26,1.73,,1.02,2.01,1.2
2021-12-15,0.05,0.32,-0.77,1.87,,0.88,1.95,0.7
2021-12-16,0.4,0.88,-1.13,1.13,,0.81,1.89,0.2
2021-12-17,0.67,1.26,-1.29,0.93,-0.34,1.1,1.83,0.52
2021-12-20,1.02,1.62,-0.45,2.15,,1.45,2.19,0.96
2021-12-21,0.47,0.71,-0.88,1.27,,0.32,1.91,1.17
2021-12-22,-0.21,-0.17,-1.43,0.6,,0.05,1.66,0.89
2021-12-23,-0.41,-0.43,-1.76,0.35,,-0.59,1.43,0.92
2021-12-24,,-0.42,-1.72,0.35,-0.45,,,
2021-12-27,-0.48,-0.29,-0.76,0.33,,-1.29,1.2,1.17
2021-12-28,-0.5,-0.35,-1.19,0.08,,-1.33,0.99,0.89
2021-12-29,-0.67,-0.44,-1.1,-0.02,,-1.16,0.77,0.92
2021-12-30,-0.56,-0.41,-1.48,-0.03,,-0.72,0.76,0.86
2021-12-31,-0.59,-0.48,-1.62,0.21,-0.76,-0.64,0.94,0.79
2022-01-03,-0.77,-0.49,-0.8,-0.32,,-0.98,0.73,1.44
2022-01-04,-0.67,-0.14,-0.81,-0.12,,-0.69,0.52,1.31
2022-01-05,0.13,1.01,0.16,0.4,,-0.82,0.31,0.87
2022-01-06,0.08,0.93,-0.23,-0.42,,-0.25,0.31,0.76
2022-01-07,-0.17,0.86,-1.15,-0.4,-0.65,0.09,0.3,0.46
2022-01-10,0.0,0.9,-0.58,-0.34,,0.37,0.49,0.77
2022-01-11,-0.29,0.39,-0.98,-0.69,,-0.06,0.48,0.73
2022-01-12,-0.53,0.11,-0.86,-0.69,,-0.89,0.47,0.39
2022-01-13,0.25,1.24,-1.03,-0.41,,-0.61,0.66,0.18
2022-01-14,-0.08,0.8,-1.51,0.02,-0.61,-0.67,0.64,0.56
2022-01-17,,,,,,-0.67,0.63,
2022-01-18,0.96,1.9,-1.11,0.13,,-0.46,0.81,1.33
2022-01-19,1.25,1.74,-0.5,0.17,,-0.54,0.99,0.87
2022-01-20,1.7,2.15,-1.12,-0.01,,-0.61,1.16,0.93
2022-01-21,2.51,2.99,-1.0,0.13,0.05,0.71,1.71,0.92
2022-01-24,2.65,3.19,0.24,0.69,,1.72,2.02,1.19
2022-01-25,2.81,3.57,0.42,0.65,,1.34,1.95,1.26
2022-01-26,2.84,3.31,0.37,0.42,,0.37,1.54,1.37
2022-01-27,2.42,2.8,1.18,0.54,,1.76,2.2,1.34
2022-01-28,1.73,1.98,1.13,0.62,0.55,2.65,2.46,1.28
2022-01-31,1.06,1.26,0.66,0.01,,2.64,2.53,1.24
2022-02-01,0.39,0.77,0.44,-0.12,,1.82,2.11,1.23
2022-02-02,0.41,1.09,-0.49,-0.06,,1.41,2.05,1.17
2022-02-03,0.91,1.43,-0.09,-0.04,,1.73,1.98,1.25
2022-02-04,0.65,1.21,-0.61,0.15,-0.22,1.96,2.08,1.46
2022-02-07,0.57,1.13,0.1,0.08,,2.12,2.16,1.41
2022-02-08,0.25,0.76,-0.22,-0.16,,1.77,2.09,0.82
2022-02-09,-0.09,0.45,-0.47,-0.37,,1.24,1.87,0.69
2022-02-10,0.81,1.11,-0.13,0.12,,1.1,1.67,1.49
2022-02-11,1.57,1.92,1.97,0.52,-0.4,2.24,1.92,2.14
2022-02-14,1.74,1.84,3.05,0.68,,2.55,2.0,3.02
2022-02-15,1.13,1.22,1.67,0.61,,2.1,1.94,1.97
2022-02-16,0.8,0.86,1.99,0.71,,2.08,2.29,1.78
2022-02-17,1.6,1.57,3.45,1.11,,2.28,2.72,2.15
2022-02-18,1.48,1.5,2.17,0.96,0.82,2.37,2.84,1.9
2022-02-21,,,,,,2.27,2.7,
2022-02-22,1.66,1.48,1.56,0.73,,2.06,2.92,2.0
2022-02-23,2.05,1.84,1.31,0.76,,1.86,2.88,1.92
2022-02-24,1.85,1.56,1.65,0.58,,2.66,3.54,2.55
2022-02-25,1.26,1.0,1.85,0.61,1.27,1.3,2.82,1.61
2022-02-28,1.73,1.27,3.77,0.93,,1.88,2.96,2.39
2022-03-01,2.28,1.71,4.52,1.89,,2.28,3.07,4.09
2022-03-02,1.73,1.26,3.57,1.84,,1.51,2.9,3.04
2022-03-03,1.63,1.29,3.88,2.08,,1.47,2.75,3.31
2022-03-04,1.87,1.56,4.97,3.23,2.13,2.15,3.02,4.38
2022-03-07,2.6,2.22,5.43,3.17,,2.47,3.22,4.47
2022-03-08,2.26,2.02,5.19,2.72,,2.43,3.44,3.62
2022-03-09,1.73,1.48,3.55,2.37,,2.02,3.07,1.9
2022-03-10,1.3,1.25,2.75,1.78,,2.16,2.96,1.45
2022-03-11,1.36,1.34,2.24,1.79,1.77,2.24,2.92,0.97
2022-03-14,1.5,1.62,1.97,1.52,,2.5,2.83,1.38
2022-03-15,1.13,1.24,1.83,1.33,,2.55,2.74,1.06
2022-03-16,0.55,0.49,1.41,0.94,,1.69,2.28,1.01
2022-03-17,0.35,0.22,1.3,1.62,,1.18,1.8,0.36
2022-03-18,0.01,-0.13,1.21,1.69,0.47,1.15,1.63,0.34
2022-03-21,-0.07,0.04,1.15,1.78,,0.69,1.36,1.07
2022-03-22,-0.19,-0.16,0.77,1.63,,0.77,1.22,1.29
2022-03-23,-0.08,0.05,1.53,1.83,,0.81,1.19,1.28
2022-03-24,-0.45,-0.16,1.66,1.51,,0.63,1.22,1.77
2022-03-25,-0.63,-0.29,1.77,1.45,-0.45,0.1,1.02,2.51
2022-03-28,-0.87,-0.47,1.34,1.27,,0.19,1.0,2.65
2022-03-29,-1.02,-0.62,0.81,0.88,,-0.35,0.8,1.83
2022-03-30,-0.95,-0.53,0.74,0.75,,-0.52,0.73,1.47
2022-03-31,-0.72,-0.42,0.51,0.45,,-0.19,0.53,1.05
2022-04-01,-0.9,-0.65,0.2,0.17,0.0,-0.29,0.4,1.12
2022-04-04,-1.11,-0.86,0.23,0.15,,-0.51,0.27,1.1
2022-04-05,-0.63,-0.33,0.02,0.11,,-0.7,0.08,1.57
2022-04-06,-0.41,-0.02,0.13,0.07,,0.0,0.25,1.98
2022-04-07,-0.51,-0.12,0.01,0.19,,0.2,0.24,1.84
2022-04-08,-0.58,-0.2,-0.01,0.12,0.38,0.3,0.35,1.91
2022-04-11,0.07,0.38,0.22,0.27,,0.82,0.46,2.13
2022-04-12,0.06,0.31,0.25,0.32,,0.87,0.63,1.39
2022-04-13,-0.41,-0.45,0.07,-0.04,,0.92,0.79,1.27
2022-04-14,-0.23,-0.02,-0.2,0.15,,0.6,0.66,1.43
2022-04-15,,,,,0.68,,,
2022-04-18,-0.33,0.11,0.16,-0.07,,0.46,0.7,1.54
2022-04-19,-0.5,0.01,-0.08,-0.13,,0.25,0.74,1.52
2022-04-20,-0.71,-0.14,-0.1,0.03,,0.17,0.79,1.61
2022-04-21,-0.24,0.48,-0.09,-0.19,,-0.03,0.83,1.86
2022-04-22,0.87,1.34,0.11,-0.07,0.34,0.46,0.99,1.67
2022-04-25,0.61,0.98,0.23,0.09,,0.94,1.09,1.8
2022-04-26,1.88,2.03,0.15,0.16,,1.02,1.12,1.64
2022-04-27,1.46,1.55,0.12,0.13,,1.19,1.22,1.64
2022-04-28,1.11,1.22,0.07,0.01,,0.97,1.19,1.53
2022-04-29,1.73,1.75,0.29,0.12,2.2,1.27,1.22,1.48
2022-04-30,,,,,,1.37,1.31,
2022-05-02,1.49,1.62,0.34,0.2,,1.6,1.28,1.78
2022-05-03,0.87,1.22,0.22,0.18,,1.32,1.2,1.3
2022-05-04,0.12,0.35,-0.04,0.09,,1.71,1.23,1.04
2022-05-05,1.22,1.45,0.1,0.23,,1.45,1.09,1.06
2022-05-06,1.0,1.47,-0.09,0.22,2.22,1.9,1.12,0.97
2022-05-09,1.85,2.3,0.4,0.5,,2.75,1.34,1.14
2022-05-10,1.47,1.96,0.25,0.31,,2.78,1.37,1.2
2022-05-11,1.36,2.05,0.3,0.05,,2.75,1.35,0.72
2022-05-12,1.19,2.16,0.65,-0.04,,3.21,1.51,0.74
2022-05-13,0.59,1.31,0.55,-0.19,3.17,2.67,1.42,0.51
2022-05-16,0.29,1.25,0.52,-0.14,,2.75,1.51,0.67
2022-05-17,-0.0,0.43,0.18,-0.31,,2.36,1.49,0.73
2022-05-18,0.98,1.51,0.06,-0.17,,2.86,1.65,0.46
2022-05-19,0.63,0.89,0.21,-0.27,,2.91,1.74,0.46
2022-05-20,0.63,0.88,-0.09,-0.34,2.29,2.76,1.77,0.22
2022-05-23,0.41,0.63,-0.01,-0.58,,2.44,1.61,0.15
2022-05-24,0.6,0.85,-0.18,-0.78,,2.62,1.64,0.18
2022-05-25,0.35,0.64,-0.46,-0.82,,2.09,1.3,-0.16
2022-05-26,0.14,0.21,-0.62,-0.91,,1.23,0.95,-0.37
2022-05-27,-0.26,-0.19,-0.73,-0.71,2.16,0.77,0.73,-0.64
2022-05-30,-0.08,,,,,0.75,0.72,
2022-05-31,-0.15,0.05,-0.85,-0.52,,0.8,0.63,-0.12
2022-06-01,-0.25,-0.05,-0.94,-0.61,,0.57,0.4,-0.0
2022-06-02,-0.46,-0.32,-0.89,-0.76,,0.6,0.46,-0.67
2022-06-03,-0.43,-0.23,-1.09,-0.93,0.88,0.73,0.44,-0.79
2022-06-06,-0.35,-0.11,-1.0,-0.75,,0.67,0.35,-0.51
2022-06-07,-0.58,-0.38,-1.05,-0.98,,1.01,0.41,-0.51
2022-06-08,-0.59,-0.45,-1.23,-1.14,,0.98,0.31,-0.35
2022-06-09,-0.12,0.05,-1.15,-1.2,,1.15,0.37,-0.37
2022-06-10,0.25,0.34,-0.74,-1.31,1.21,1.33,0.59,0.24
2022-06-13,1.65,1.88,0.32,-0.8,,2.12,0.98,1.97
2022-06-14,1.31,1.39,0.68,-0.92,,2.11,0.97,2.25
2022-06-15,0.6,0.61,-0.2,-0.88,,1.87,0.87,1.64
2022-06-16,1.33,1.38,0.21,-0.98,,2.54,1.2,1.76
2022-06-17,0.9,0.88,0.06,-0.66,1.48,2.39,1.27,1.43
2022-06-20,0.85,,,,,2.29,1.26,
2022-06-21,0.65,0.71,-0.66,-0.99,,2.01,1.16,1.78
2022-06-22,0.37,0.67,-0.65,-0.71,,2.44,1.6,1.11
2022-06-23,0.38,0.51,-0.53,-0.76,,2.44,1.75,0.8
2022-06-24,-0.04,0.13,-0.78,-0.95,2.42,1.99,1.62,0.86
2022-06-27,-0.1,0.07,-0.8,-0.94,,1.8,1.5,1.29
2022-06-28,0.22,0.52,-0.77,-0.98,,2.01,1.65,1.41
2022-06-29,0.18,0.49,-0.72,-0.74,,2.53,1.79,1.03
2022-06-30,0.31,0.69,-0.19,-0.7,,2.8,2.26,1.39
2022-07-01,-0.14,0.22,0.0,-0.64,2.93,2.73,2.26,1.99
2022-07-04,0.05,,,,,2.61,2.17,
2022-07-05,0.06,0.36,0.4,-0.26,,2.57,2.25,2.77
2022-07-06,-0.11,0.09,0.59,-0.03,,2.19,2.01,2.31
2022-07-07,-0.25,-0.15,0.08,-0.24,,1.71,1.55,2.14
2022-07-08,-0.57,-0.54,-0.3,-0.33,2.34,1.47,1.27,1.78
2022-07-11,-0.2,-0.11,-0.18,-0.2,,1.54,1.33,1.89
2022-07-12,0.09,0.15,-0.15,-0.04,,1.49,1.39,1.86
2022-07-13,-0.0,0.07,-0.64,-0.34,,1.5,1.36,1.02
2022-07-14,-0.09,-0.17,-0.17,-0.16,,1.54,1.42,1.12
2022-07-15,-0.62,-0.71,-0.27,-0.3,1.37,1.32,1.25,0.6
2022-07-18,-0.34,-0.4,-0.18,-0.57,,1.11,1.0,0.46
2022-07-19,-0.52,-0.62,-0.54,-0.68,,0.89,0.92,0.24
2022-07-20,-0.67,-0.63,-0.2,-0.85,,0.62,0.76,0.11
2022-07-21,-0.85,-0.92,-0.48,-0.3,,0.72,0.75,-0.03
2022-07-22,-0.86,-0.93,-0.69,-0.78,0.48,0.66,0.73,0.13
2022-07-25,-0.77,-0.86,-0.68,-0.74,,0.63,0.87,0.44
2022-07-26,-0.44,-0.49,-0.8,-0.75,,0.76,1.0,0.44
2022-07-27,-0.81,-0.82,-1.18,-0.55,,0.76,0.9,-0.4
2022-07-28,-1.03,-1.09,-1.48,-0.84,,0.62,0.81,-0.24
2022-07-29,-1.28,-1.39,-1.65,-1.01,0.71,0.32,0.56,-0.53
2022-07-31,,,,,,0.39,0.7,
2022-08-01,-0.91,-1.03,-1.01,-0.31,,0.33,0.6,-0.22
2022-08-02,-0.66,-0.72,-1.11,0.29,,0.05,0.51,0.44
2022-08-03,-1.2,-1.22,-1.48,-0.24,,-0.07,0.41,-0.13
2022-08-04,-1.35,-1.27,-1.4,1.03,,-0.08,0.39,-0.24
2022-08-05,-1.43,-1.44,-1.81,-0.58,-0.09,-0.26,0.29,-0.08
2022-08-08,-1.41,-1.33,-1.5,-1.25,,-0.33,0.27,0.04
2022-08-09,-1.31,-1.15,-1.52,-1.31,,-0.28,0.34,0.11
2022-08-10,-1.85,-1.82,-1.77,-1.19,,-0.5,0.03,-0.69
2022-08-11,-1.7,-1.72,-2.03,-1.53,,-0.71,-0.49,-1.03
2022-08-12,-1.86,-1.96,-2.33,-1.89,0.14,-0.66,-0.63,-1.41
2022-08-15,-1.73,-1.88,-2.15,-1.06,,-0.7,-0.77,-0.81
2022-08-16,-1.76,-1.81,-2.13,0.06,,-0.7,-0.91,-0.56
2022-08-17,-1.67,-1.6,-2.03,0.48,,-0.58,-0.73,-0.48
2022-08-18,-1.73,-1.77,-1.94,-0.79,,-0.54,-0.77,-0.27
2022-08-19,-1.45,-1.45,-1.56,0.14,0.24,-0.43,-0.69,0.02
2022-08-22,-0.66,-0.75,-1.13,0.26,,-0.16,-0.49,0.96
2022-08-23,-0.59,-0.76,-1.56,-0.79,,-0.08,-0.4,0.78
2022-08-24,-0.93,-0.93,-1.47,-0.46,,-0.23,-0.67,0.71
2022-08-25,-1.2,-1.14,-1.62,-0.31,,-0.27,-0.82,0.17
2022-08-26,-0.22,-0.27,-1.66,-0.84,0.69,-0.19,-0.84,-0.1
2022-08-29,-0.05,-0.14,-1.29,-0.62,,0.04,-0.59,0.47
2022-08-30,-0.03,-0.19,-0.99,0.03,,0.25,-0.48,0.28
2022-08-31,-0.11,-0.16,-0.7,0.79,,0.5,-0.1,0.05
2022-09-01,-0.18,-0.14,-0.25,1.36,,0.58,0.16,0.2
2022-09-02,-0.18,-0.11,-0.75,1.36,0.86,0.52,0.14,-0.26
2022-09-05,-0.02,,,,,0.53,0.26,
2022-09-06,0.24,0.21,-0.29,0.12,,0.32,0.25,0.75
2022-09-07,-0.38,-0.28,-0.79,1.18,,0.28,0.23,0.71
2022-09-08,-0.65,-0.53,-0.98,0.54,,-0.1,-0.06,0.01
2022-09-09,-0.86,-0.83,-1.22,-0.24,0.38,-0.61,-0.34,-0.19
2022-09-12,-0.54,-0.66,-1.26,-1.72,,-0.76,-0.48,-0.06
2022-09-13,0.47,0.19,-0.61,-1.47,,-0.37,-0.48,0.39
2022-09-14,0.17,0.05,-0.47,-1.19,,-0.24,-0.48,0.11
2022-09-15,0.23,0.08,0.91,-0.84,,-0.18,-0.61,0.0
2022-09-16,0.25,0.16,0.18,-0.56,0.03,0.32,-0.19,0.07
2022-09-19,0.08,0.05,0.22,-0.79,,0.05,-0.33,0.77
2022-09-20,0.52,0.34,0.36,-0.24,,0.05,-0.32,0.82
2022-09-21,0.8,0.55,0.33,-0.07,,0.03,-0.31,0.49
2022-09-22,0.6,0.29,0.03,-0.63,,0.12,-0.16,0.58
2022-09-23,1.42,0.89,0.94,0.76,1.57,0.57,0.26,0.98
2022-09-26,2.11,1.48,1.45,2.78,,0.7,0.68,2.19
2022-09-27,2.16,1.56,0.85,2.42,,0.77,1.21,2.42
2022-09-28,1.4,1.08,0.87,2.06,,1.29,2.36,2.38
2022-09-29,1.86,1.49,1.17,1.81,,1.32,2.39,1.55
2022-09-30,1.74,1.39,1.02,2.15,2.5,1.15,2.17,1.08
2022-10-03,1.28,1.08,1.46,2.23,,1.13,1.86,1.82
2022-10-04,0.96,0.75,1.0,3.05,,0.42,1.2,1.66
2022-10-05,0.8,0.72,1.07,1.43,,0.34,1.31,1.68
2022-10-06,1.33,1.14,1.04,1.16,,-0.0,0.9,1.74
2022-10-07,1.53,1.42,1.01,1.21,1.52,0.14,1.14,1.37
2022-10-10,1.78,1.86,1.49,0.55,,0.15,1.12,
2022-10-11,2.03,2.02,1.48,0.69,,0.66,2.01,1.83
2022-10-12,1.95,1.99,1.34,0.55,,0.79,2.45,2.15
2022-10-13,1.48,1.61,1.12,0.25,,0.62,2.36,1.73
2022-10-14,1.47,1.43,1.1,0.17,1.79,0.37,2.15,1.55
2022-10-17,1.33,1.22,1.01,0.15,,0.09,2.07,1.35
2022-10-18,1.12,0.95,0.55,-0.22,,-0.13,1.89,0.98
2022-10-19,1.18,1.01,0.67,-0.66,,-0.08,1.94,1.12
2022-10-20,1.0,0.88,0.58,-0.6,,-0.27,1.77,1.69
2022-10-21,0.93,0.76,0.51,-0.85,0.67,-0.01,1.93,1.75
2022-10-24,0.98,0.83,0.82,-0.67,,-0.21,1.55,1.5
2022-10-25,0.61,0.48,0.69,-0.82,,-0.27,1.62,1.01
2022-10-26,0.3,0.25,0.31,-0.42,,-0.45,1.37,0.44
2022-10-27,0.33,0.41,0.21,-0.29,,-0.54,1.44,0.63
2022-10-28,-0.11,-0.12,-0.09,-0.67,0.29,-1.07,1.2,0.76
2022-10-31,-0.07,-0.31,0.07,-0.79,,-0.83,1.18,0.99
2022-11-01,-0.08,-0.07,0.17,-0.91,,-0.86,0.95,1.0
2022-11-02,-0.06,-0.03,-0.2,-0.69,,-0.82,0.74,0.45
2022-11-03,-0.2,-0.11,-0.08,-1.09,,-0.31,0.96,0.09
2022-11-04,-0.4,-0.36,-0.08,-0.76,0.04,-0.4,0.65,-0.49
2022-11-07,-0.44,-0.35,-0.02,-1.48,,-0.55,0.44,-0.49
2022-11-08,-0.11,-0.14,0.47,-1.47,,-0.3,0.56,-0.63
2022-11-09,0.04,0.14,0.5,-1.33,,0.33,0.56,-0.76
2022-11-10,-0.65,-0.47,-0.24,-1.86,,-0.24,0.34,-1.66
2022-11-11,-0.92,-0.85,-0.3,-2.21,0.2,-0.19,0.34,
2022-11-14,-0.58,-0.54,-0.39,-1.47,,-0.62,-0.3,-1.02
2022-11-15,-0.35,-0.45,-0.18,-0.77,,-0.7,-0.72,-0.37
2022-11-16,-0.46,-0.51,-0.49,-1.22,,-0.45,-0.71,-0.19
2022-11-17,-0.5,-0.51,-0.78,-1.13,,-0.3,-0.8,-0.08
2022-11-18,-0.72,-0.72,-0.93,-0.93,0.44,-0.63,-1.0,-0.28
2022-11-21,-0.91,-0.78,-0.8,-0.57,,-0.65,-1.09,-0.07
2022-11-22,-1.18,-1.11,-1.18,-0.8,,-0.88,-1.18,0.04
2022-11-23,-1.4,-1.4,-1.3,0.75,,-1.06,-1.26,0.24
2022-11-24,-1.37,,,,,-1.04,-1.24,
2022-11-25,-1.33,-1.34,-1.66,0.33,0.43,-0.98,-1.41,-0.26
2022-11-28,-0.88,-0.91,-1.28,0.44,,-0.59,-1.38,-0.11
2022-11-29,-0.95,-0.89,-1.28,-0.34,,-0.58,-1.15,-0.15
2022-11-30,-1.27,-1.4,-1.42,-0.85,,-0.83,-1.13,-0.46
2022-12-01,-1.44,-1.46,-1.09,-0.99,,-1.06,-1.21,-1.03
2022-12-02,-1.62,-1.77,-1.38,-0.93,0.7,-0.97,-1.28,-1.1
2022-12-05,-1.18,-1.39,-1.12,-1.03,,-1.19,-1.35,-0.5
2022-12-06,-0.82,-1.03,-0.88,-0.75,,-0.71,-1.33,-0.32
2022-12-07,-0.69,-0.87,-0.65,-0.29,,-0.35,-1.21,-0.17
2022-12-08,-0.79,-1.0,-0.71,-0.49,,-0.79,-1.38,-0.31
2022-12-09,-0.67,-0.91,-0.82,-0.55,1.28,-1.09,-1.44,-0.07
2022-12-12,-0.13,-0.36,-1.26,-1.1,,-1.3,-1.41,0.63
2022-12-13,-0.76,-1.19,-1.72,-1.54,,-1.49,-1.47,0.09
2022-12-14,-1.12,-1.48,-2.04,-1.94,,-1.39,-1.36,-1.07
2022-12-15,-0.7,-1.06,-1.8,-1.38,,-0.84,-1.26,-1.74
2022-12-16,-0.78,-1.07,-1.9,-1.74,0.97,-0.42,-1.16,-1.53
2022-12-19,-0.84,-1.06,-1.67,-1.66,,-0.44,-1.07,-1.16
2022-12-20,-1.1,-1.27,-1.36,-1.82,,-0.43,-0.99,-1.05
2022-12-21,-1.48,-1.66,-1.49,-1.93,,-0.89,-1.08,-1.44
2022-12-22,-0.99,-1.1,-1.43,-1.71,,-0.73,-1.16,-1.68
2022-12-23,-1.29,-1.37,-1.43,-1.81,1.0,-0.81,-1.24,-1.59
2022-12-26,,,,,,,,
2022-12-27,-1.06,-1.0,-0.64,-1.2,,-0.96,-1.23,-0.7
2022-12-28,-0.93,-0.84,-0.82,-1.06,,-0.13,-1.04,-1.08
2022-12-29,-1.1,-1.11,-0.71,-1.37,,0.01,-1.21,-1.07
2022-12-30,-1.04,-1.03,-0.67,-1.67,0.81,-0.08,-1.2,-0.96
2022-12-31,,,,,,-0.01,-1.19,
2023-01-02,,,,,,,,
2023-01-03,-0.71,-0.63,-0.12,-0.93,,-0.42,-1.01,-0.3
2023-01-04,-0.92,-0.83,-0.08,-0.5,,-0.71,-1.0,-0.62
2023-01-05,-0.79,-0.7,-0.41,-0.96,,-0.84,-0.99,-1.08
2023-01-06,-1.12,-1.17,-0.61,-1.18,0.48,-1.23,-0.97,-1.49
2023-01-09,-0.89,-0.91,-0.34,-1.2,,-1.57,-1.21,-1.27
2023-01-10,-1.22,-1.13,-0.52,-1.45,,-1.67,-1.35,-1.04
2023-01-11,-1.07,-1.01,-0.66,-1.51,,-1.73,-1.4,-1.34
2023-01-12,-1.6,-1.63,-0.87,-1.92,,-1.71,-1.45,-1.53
2023-01-13,-1.67,-1.82,-0.62,-2.1,-0.18,-1.94,-1.5,-1.41
2023-01-16,-1.37,,,,,-1.95,-1.47,
2023-01-17,-1.38,-1.54,-0.55,-1.61,,-1.91,-1.59,-0.77
2023-01-18,-1.12,-1.32,-0.72,-1.76,,-1.66,-1.63,-1.45
2023-01-19,-1.06,-1.36,-0.43,-1.76,,-1.17,-1.52,-1.28
2023-01-20,-1.19,-1.5,-0.61,-1.98,-0.11,-1.28,-1.56,-1.25
2023-01-23,-1.18,-1.45,-0.72,-2.02,,-1.5,-1.6,-1.24
2023-01-24,-1.29,-1.43,-0.73,-1.77,,-1.27,-1.49,-1.36
2023-01-25,-1.29,-1.4,-0.74,-1.66,,-1.18,-1.53,-1.67
2023-01-26,-1.34,-1.26,-1.02,-1.7,,-1.5,-1.63,-1.86
2023-01-27,-1.35,-1.33,-1.19,-1.56,-0.43,-1.49,-1.66,-2.04
2023-01-30,-1.0,-0.92,-0.97,-1.21,,-1.36,-1.62,-1.79
2023-01-31,-1.1,-1.0,-0.86,-1.5,,-1.21,-1.57,-1.99
2023-02-01,-1.43,-1.37,-1.13,-1.57,,-1.16,-1.53,-2.06
2023-02-02,-1.21,-1.11,-1.15,-1.43,,-2.3,-1.76,-1.96
2023-02-03,-1.28,-1.01,-1.18,-1.22,-0.54,-2.25,-1.78,-1.83
2023-02-06,-1.0,-0.88,-0.74,-1.32,,-2.09,-1.73,-1.4
2023-02-07,-1.16,-0.96,-0.82,-1.62,,-2.07,-1.69,-1.51
2023-02-08,-0.91,-0.71,-0.9,-1.64,,-1.76,-1.64,-1.62
2023-02-09,-0.63,-0.42,-0.84,-1.87,,-1.79,-1.6,-1.49
2023-02-10,-0.66,-0.53,-0.86,-1.82,-0.7,-1.13,-1.37,-1.04
2023-02-13,-0.69,-0.47,-0.77,-1.44,,-1.14,-1.27,-0.95
2023-02-14,-1.03,-0.99,-1.16,-1.66,,-1.38,-1.3,-0.94
2023-02-15,-1.2,-1.21,-1.13,-1.84,,-1.26,-1.28,-1.04
2023-02-16,-0.68,-0.7,-1.1,-1.96,,-1.05,-1.26,-0.87
2023-02-17,-0.72,-0.75,-1.23,-1.69,-0.35,-0.54,-1.04,-0.91
2023-02-20,-0.35,,,,,-0.52,-1.02,
2023-02-21,0.18,-0.0,-0.72,-1.44,,-0.08,-0.87,-0.3
2023-02-22,0.03,-0.13,-0.99,-1.12,,-0.37,-0.86,-0.37
2023-02-23,-0.33,-0.45,-1.12,-1.48,,-0.79,-0.84,-0.4
2023-02-24,-0.11,-0.33,-1.3,-1.32,0.26,-0.86,-0.83,-0.02
2023-02-27,-0.36,-0.48,-1.44,-1.23,,-1.13,-0.81,-0.2
2023-02-28,-0.44,-0.55,-1.54,-1.69,,-1.07,-0.65,0.08
2023-03-01,-0.47,-0.5,-1.53,-1.37,,-1.25,-0.71,-0.09
2023-03-02,-0.9,-0.78,-1.67,-1.57,,-1.19,-0.86,0.16
2023-03-03,-1.39,-1.29,-1.65,-1.62,-0.32,-1.7,-1.01,0.07
2023-03-06,-1.33,-1.34,-1.42,-2.05,,-1.97,-1.09,0.55
2023-03-07,-0.85,-1.18,-1.44,-1.83,,-1.86,-0.99,1.01
2023-03-08,-1.07,-1.41,-1.74,-1.86,,-1.38,-0.8,0.75
2023-03-09,0.72,-0.31,-1.31,-1.5,,-0.64,-0.51,0.73
2023-03-10,1.88,0.35,0.56,-1.06,0.62,0.76,0.19,1.66
2023-03-13,2.73,1.06,3.23,-0.73,,2.41,1.63,4.14
2023-03-14,1.31,-0.19,1.63,1.35,,1.25,1.58,3.61
2023-03-15,2.49,0.82,2.93,1.86,,2.95,2.99,3.43
2023-03-16,0.93,-0.21,1.13,1.59,,1.92,2.67,3.13
2023-03-17,2.26,0.73,4.67,2.17,3.51,2.74,2.74,3.64
2023-03-20,1.54,0.33,3.46,2.04,,2.58,2.7,3.49
2023-03-21,0.1,-0.68,2.0,1.38,,1.47,1.7,2.22
2023-03-22,0.58,-0.13,2.04,1.13,,1.96,1.49,1.09
2023-03-23,0.78,-0.14,2.97,1.1,,2.24,1.68,1.54
2023-03-24,0.34,-0.6,2.3,1.37,1.39,2.55,1.85,2.64
2023-03-27,-0.26,-1.03,1.8,0.76,,1.87,1.63,1.93
2023-03-28,-0.59,-1.37,1.68,0.54,,1.76,1.6,1.59
2023-03-29,-1.04,-1.68,0.95,0.34,,1.16,1.39,1.29
2023-03-30,-1.07,-1.66,1.28,0.08,,0.86,1.0,0.8
2023-03-31,-1.22,-1.88,0.66,-0.26,0.02,0.35,0.9,0.53
2023-04-03,-1.28,-1.79,1.18,-0.42,,0.35,0.71,0.64
2023-04-04,-1.03,-1.35,1.95,-0.42,,0.82,0.7,1.11
2023-04-05,-0.96,-1.1,1.49,-0.47,,1.16,0.89,1.4
2023-04-06,-1.29,-1.56,1.17,-1.4,,1.14,0.97,1.07
2023-04-07,,,,,0.45,,,
2023-04-10,-0.98,-1.08,1.2,-1.47,,0.69,0.87,0.83
2023-04-11,-0.9,-0.97,1.07,-1.46,,0.47,0.77,0.66
2023-04-12,-0.91,-1.09,0.71,-1.53,,0.43,0.67,0.16
2023-04-13,-1.54,-1.82,1.11,-1.69,,0.02,0.58,-0.32
2023-04-14,-1.86,-2.4,0.4,-1.71,-0.54,-0.16,0.3,-0.38
2023-04-17,-1.86,-2.47,0.5,-1.57,,-0.21,0.21,-0.19
2023-04-18,-1.86,-2.63,0.37,-1.38,,-0.33,0.11,-0.18
2023-04-19,-1.98,-2.6,0.4,-1.19,,-0.21,0.11,-0.11
2023-04-20,-1.61,-2.22,0.4,-0.75,,0.19,0.2,-0.28
2023-04-21,-1.75,-2.37,-0.02,-1.0,-0.99,-0.06,0.2,-0.26
2023-04-24,-1.65,-2.21,0.22,-1.17,,0.0,0.2,0.02
2023-04-25,-0.74,-1.4,0.65,-0.63,,0.5,0.39,0.56
2023-04-26,-0.68,-1.47,0.64,-0.04,,0.47,0.48,0.22
2023-04-27,-1.51,-2.27,0.38,-0.36,,0.01,0.3,-0.19
2023-04-28,-2.04,-2.6,-0.07,-0.82,-0.06,0.08,0.39,-0.19
2023-04-30,,,,,,0.17,0.48,
2023-05-01,-1.84,-2.46,0.0,-0.74,,-0.07,0.38,0.09
2023-05-02,-1.04,-1.72,1.11,0.06,,0.71,0.75,0.55
2023-05-03,-0.76,-1.5,1.09,0.89,,0.99,0.83,0.39
2023-05-04,0.04,-0.97,1.92,1.0,,1.48,1.36,0.68
2023-05-05,-1.26,-2.16,0.91,-0.41,-0.18,0.92,1.07,0.15
2023-05-08,-1.32,-2.11,0.98,-0.8,,0.76,1.14,0.38
2023-05-09,-0.97,-1.82,0.99,-0.87,,0.83,1.12,0.32
2023-05-10,-1.29,-2.21,0.79,-1.07,,0.94,1.11,-0.1
2023-05-11,-1.26,-2.27,0.46,-0.7,,1.02,1.09,0.03
2023-05-12,-1.19,-2.15,0.24,-0.33,-0.66,0.85,0.99,-0.35
2023-05-15,-1.12,-2.08,0.32,-0.79,,0.87,1.06,0.01
2023-05-16,-0.72,-1.91,0.37,-0.59,,0.91,1.04,0.13
2023-05-17,-1.19,-2.11,0.03,-0.47,,0.77,1.02,-0.35
2023-05-18,-1.52,-1.98,0.01,-0.55,,0.57,0.83,-0.27
2023-05-19,-1.17,-1.79,0.15,-0.58,-0.5,0.35,0.64,-0.02
2023-05-22,-0.98,-1.63,0.32,-0.64,,0.09,0.55,0.21
2023-05-23,-0.4,-1.21,0.37,-0.72,,0.26,0.53,0.17
2023-05-24,0.26,-0.66,0.31,-0.54,,0.5,0.52,0.19
2023-05-25,-0.13,-0.92,-0.08,-0.33,,0.18,0.34,0.55
2023-05-26,-0.63,-0.7,-0.37,-0.51,-0.19,0.02,0.24,0.82
2023-05-29,-0.83,,,,,0.04,0.23,
2023-05-30,-0.82,-0.61,-0.58,0.34,,0.16,0.13,0.61
2023-05-31,-0.6,-0.71,-0.71,0.56,,0.49,0.29,0.32
2023-06-01,-1.56,-1.31,-0.77,0.51,,0.35,0.28,-0.26
2023-06-02,-1.94,-1.7,-1.37,0.3,-0.6,-0.54,0.0,-0.46
2023-06-05,-1.84,-1.61,-1.37,-0.18,,-0.48,-0.01,-0.56
2023-06-06,-2.07,-1.87,-1.52,-0.49,,-0.49,-0.03,-0.81
2023-06-07,-2.01,-1.58,-1.56,-0.91,,-0.68,-0.04,-0.52
2023-06-08,-2.06,-1.73,-1.47,-0.66,,-0.51,0.03,-0.81
2023-06-09,-1.93,-1.6,-1.57,-0.98,-1.2,-0.87,0.01,-0.8
2023-06-12,-1.45,-1.04,-1.54,-0.38,,-0.73,0.09,-0.6
2023-06-13,-1.56,-1.15,-1.63,-1.24,,-1.29,-0.13,-0.68
2023-06-14,-1.77,-1.24,-1.89,-0.94,,-1.3,-0.26,-0.95
2023-06-15,-1.51,-1.03,-1.76,-1.05,,-1.21,-0.38,-1.34
2023-06-16,-1.79,-1.24,-1.99,-1.05,-0.97,-1.41,-0.62,-1.51
2023-06-19,-1.53,,,,,-1.4,-0.64,
2023-06-20,-1.59,-1.08,-1.79,-0.66,,-1.17,-0.67,-1.52
2023-06-21,-1.77,-1.28,-1.64,-0.97,,-0.83,-0.69,-1.17
2023-06-22,-1.81,-1.4,-1.62,-0.61,,-0.91,-0.84,-1.35
2023-06-23,-1.59,-1.22,-1.68,-0.51,-0.91,-0.56,-0.75,-1.45
2023-06-26,-1.3,-0.84,-1.5,-0.23,,-0.39,-0.65,-1.26
2023-06-27,-1.42,-0.92,-1.56,0.34,,-0.9,-0.9,-1.16
2023-06-28,-1.49,-0.92,-1.68,-0.2,,-1.0,-0.92,-1.3
2023-06-29,-1.42,-0.91,-1.77,-0.51,,-1.43,-1.29,-1.01
2023-06-30,-1.37,-1.04,-1.8,-0.96,-1.19,-1.71,-1.42,-1.16
2023-07-03,-1.35,-0.91,-1.69,-0.82,,-1.88,-1.55,-1.14
2023-07-04,-1.28,,,,,-1.84,-1.54,
2023-07-05,-1.1,-0.88,-1.56,-0.8,,-1.76,-1.66,-1.15
2023-07-06,-0.69,-0.44,-1.61,-0.53,,-1.45,-1.55,0.19
2023-07-07,-0.86,-0.6,-1.64,-0.65,-1.34,-1.52,-1.68,-0.05
2023-07-10,-0.77,-0.42,-1.5,0.16,,-1.38,-1.59,0.01
2023-07-11,-0.83,-0.46,-1.4,-1.09,,-1.65,-1.73,-0.25
2023-07-12,-1.21,-0.97,-1.21,-1.02,,-1.96,-1.86,-0.97
2023-07-13,-1.16,-0.84,-1.34,-1.55,,-1.86,-1.84,-1.09
2023-07-14,-1.22,-0.87,-1.57,-1.54,-1.2,-2.01,-1.68,-1.03
2023-07-17,-1.16,-0.93,-1.44,-1.25,,-1.74,-1.52,-0.96
2023-07-18,-1.23,-0.96,-1.33,-1.37,,-1.9,-1.6,-1.0
2023-07-19,-1.06,-0.8,-1.22,-1.27,,-1.9,-1.59,-1.26
2023-07-20,-0.99,-0.58,-1.27,-1.43,,-1.81,-1.71,-0.93
2023-07-21,-1.12,-0.81,-1.4,-1.49,-1.33,-1.81,-1.83,-1.26
2023-07-24,-1.01,-0.7,-1.32,-1.38,,-1.99,-1.95,-1.06
2023-07-25,-1.03,-0.75,-1.27,-1.27,,-1.87,-2.03,-0.88
2023-07-26,-1.29,-1.05,-1.35,-1.39,,-1.62,-2.09,-1.34
2023-07-27,-0.77,-0.67,-1.27,-1.59,,-1.97,-2.39,-0.97
2023-07-28,-1.23,-1.1,-1.44,-1.55,-1.38,-1.83,-2.44,-1.08
2023-07-31,-1.09,-0.89,-1.27,-1.77,,-1.89,-2.36,-0.91
2023-08-01,-0.94,-0.71,-1.36,-1.79,,-1.76,-2.28,-0.6
2023-08-02,0.09,0.65,-1.12,-1.69,,-1.29,-1.98,-0.67
2023-08-03,0.02,0.67,-0.97,-1.77,,-1.2,-1.8,0.04
2023-08-04,0.61,0.68,-1.16,-1.88,-1.27,-1.08,-1.75,-0.61
2023-08-07,-0.02,-0.01,-1.13,-1.95,,-1.18,-1.7,-0.18
2023-08-08,0.1,0.16,-1.12,-2.08,,-1.06,-1.54,-0.35
2023-08-09,0.1,0.46,-1.05,-1.66,,-1.22,-1.5,-0.85
2023-08-10,0.07,0.18,-1.21,-1.96,,-1.54,-1.57,-1.16
2023-08-11,-0.44,-0.18,-1.29,-1.71,-1.11,-1.5,-1.53,-0.84
2023-08-14,-0.43,-0.32,-1.11,-1.79,,-1.58,-1.49,-0.15
2023-08-15,0.46,0.53,-1.03,-1.55,,-1.36,-1.35,0.05
2023-08-16,0.65,1.08,-0.89,-1.45,,-1.45,-1.1,-0.35
2023-08-17,1.26,1.61,-0.69,-1.22,,-1.0,-0.97,0.05
2023-08-18,0.93,1.16,-0.78,-1.42,-1.0,-0.77,-0.84,0.01
2023-08-21,0.84,1.15,-0.65,-1.27,,-0.91,-0.93,1.04
2023-08-22,0.75,1.13,-0.76,-1.33,,-1.01,-1.02,0.62
2023-08-23,0.22,0.74,-0.71,-1.33,,-1.01,-1.0,-0.21
2023-08-24,0.88,1.79,-0.75,-1.2,,-1.02,-1.19,-0.29
2023-08-25,0.06,0.32,-0.91,-1.2,-1.14,-1.03,-1.17,-1.0
2023-08-28,-0.26,-0.1,-0.84,-1.21,,-1.12,-1.25,-0.98
2023-08-29,-0.58,-1.0,-0.7,-1.43,,-1.07,-1.22,-0.94
2023-08-30,-0.88,-1.2,-0.73,-1.63,,-1.25,-1.19,-1.0
2023-08-31,-1.04,-1.45,-0.97,-1.6,,-1.07,-1.16,-1.17
2023-09-01,-1.28,-1.71,-1.15,-1.35,-1.17,-1.17,-1.14,-1.63
2023-09-04,-0.85,,,,,-1.14,-1.11,
2023-09-05,-0.73,-0.83,-1.1,-1.05,,-1.06,-1.09,-0.94
2023-09-06,-0.47,-0.47,-1.09,-1.1,,-0.95,-0.96,-0.76
2023-09-07,-0.48,-0.33,-1.15,-1.25,,-0.82,-0.95,-1.33
2023-09-08,-0.79,-1.02,-1.18,-1.32,-1.22,-0.96,-0.93,-1.38
2023-09-11,-0.8,-1.27,-1.27,-1.93,,-1.03,-0.91,-1.08
2023-09-12,-0.52,-0.92,-1.22,-1.94,,-0.95,-0.89,-1.27
2023-09-13,-0.96,-1.92,-1.45,-1.74,,-0.9,-0.77,-1.57
2023-09-14,-1.33,-2.54,-1.49,-1.34,,-1.12,-0.87,-1.98
2023-09-15,-0.72,-1.25,-1.42,-1.16,-1.21,-1.07,-0.97,-1.98
2023-09-18,-0.58,-1.0,-1.05,-0.96,,-0.96,-0.95,-1.68
2023-09-19,-0.49,-0.77,-1.05,-0.36,,-0.95,-1.06,-1.44
2023-09-20,0.17,0.3,-1.11,-0.33,,-1.11,-1.18,-1.81
2023-09-21,1.65,1.97,-1.01,-0.08,,-0.66,-1.17,-0.92
2023-09-22,1.43,1.53,-1.14,-0.25,-1.22,-0.49,-1.15,-1.36
2023-09-25,1.25,1.2,-0.81,-0.15,,-0.32,-1.27,0.22
2023-09-26,2.5,2.13,0.51,-0.05,,-0.01,-1.12,0.27
2023-09-27,2.14,1.66,0.7,0.26,,-0.03,-0.97,0.69
2023-09-28,1.64,0.99,0.26,0.05,,0.26,-0.67,0.04
2023-09-29,1.77,0.77,0.2,0.22,-0.65,0.02,-0.51,-0.11
2023-09-30,,,,,,0.05,-0.34,
2023-10-02,1.82,0.95,1.14,0.17,,0.46,-0.17,1.31
2023-10-03,3.11,2.66,2.16,0.51,,1.28,0.17,2.67
2023-10-04,2.32,1.78,1.69,1.07,,1.93,0.36,1.38
2023-10-05,2.19,1.83,1.87,1.39,,1.98,0.39,1.67
2023-10-06,1.51,0.82,1.36,1.18,-0.47,1.73,0.42,1.36
2023-10-09,1.62,1.14,2.44,2.32,,1.8,0.45,
2023-10-10,1.19,0.61,1.86,2.25,,1.38,0.48,2.41
2023-10-11,0.62,-0.14,1.75,2.1,,1.36,0.15,1.41
2023-10-12,0.95,0.21,1.39,1.97,,1.37,-0.01,1.31
2023-10-13,2.4,1.79,5.08,3.31,-0.76,1.65,0.23,1.49
2023-10-16,1.17,0.73,2.79,2.31,,1.47,0.26,1.64
2023-10-17,1.51,1.15,2.92,2.39,,1.35,0.3,1.61
2023-10-18,2.17,2.2,3.26,2.95,,1.71,0.79,1.47
2023-10-19,3.14,2.98,4.15,3.07,,1.93,1.29,1.97
2023-10-20,3.09,3.15,3.36,2.52,-0.19,2.61,1.78,1.99
2023-10-23,2.32,2.16,2.49,2.02,,2.47,1.8,1.6
2023-10-24,1.61,1.07,1.75,1.83,,1.95,1.36,1.21
2023-10-25,2.11,2.28,2.07,2.49,,1.74,1.15,1.47
2023-10-26,2.25,2.48,1.88,2.22,,2.34,1.19,1.41
2023-10-27,2.41,2.15,2.38,2.6,-0.25,2.46,1.51,1.21
2023-10-30,1.69,1.61,1.89,2.05,,2.26,1.8,1.44
2023-10-31,0.97,0.9,1.55,1.66,,1.85,1.83,0.94
2023-11-01,0.4,-0.16,1.1,1.38,,2.02,2.07,0.33
2023-11-02,-0.14,-0.84,0.79,1.25,,0.56,1.01,0.14
2023-11-03,-0.48,-1.36,0.43,1.02,-0.95,0.06,1.01,0.14
2023-11-06,-0.49,-1.33,0.04,0.64,,-0.13,0.75,0.42
2023-11-07,-0.54,-1.42,0.08,1.04,,0.23,1.01,0.25
2023-11-08,-0.7,-1.56,0.43,1.31,,0.23,0.75,-0.04
2023-11-09,-0.32,-1.06,0.41,1.41,,0.05,0.48,-0.05
2023-11-10,-0.82,-1.62,0.36,1.07,-1.25,0.01,0.22,-0.08
2023-11-13,-0.55,-1.12,0.33,1.07,,0.02,-0.04,0.67
2023-11-14,-0.82,-1.59,0.23,0.89,,-0.48,-0.57,0.65
2023-11-15,-0.81,-1.45,-0.14,1.07,,-0.62,-0.82,0.48
2023-11-16,-0.76,-1.56,-0.11,1.53,,-0.03,-1.07,-0.12
2023-11-17,-0.99,-1.75,-0.15,1.17,-0.94,-0.17,-1.31,-0.41
2023-11-20,-1.17,-1.84,-0.34,0.91,,-0.49,-1.79,-0.22
2023-11-21,-1.19,-1.6,0.39,0.82,,-0.36,-1.99,-0.45
2023-11-22,-1.41,-2.0,0.02,1.47,,-0.58,-2.39,-0.56
2023-11-23,-1.41,,,,,-0.58,-2.29,
2023-11-24,-1.55,-2.19,-0.13,1.52,-1.21,-0.82,-2.42,-0.97
2023-11-27,-1.43,-1.97,-0.0,1.56,,-0.64,-2.32,-0.78
2023-11-28,-1.41,-2.04,1.07,1.41,,-0.59,-2.23,-0.71
2023-11-29,-1.28,-1.82,0.81,1.34,,-1.05,-2.76,-0.27
2023-11-30,-1.29,-1.68,0.4,0.79,,-0.87,-2.65,-0.2
2023-12-01,-1.41,-1.87,1.68,0.21,-0.66,-0.74,-2.55,-0.58
2023-12-04,-1.21,-1.39,1.71,0.56,,-1.06,-2.63,0.08
2023-12-05,-1.3,-1.47,0.9,0.29,,-1.04,-2.34,0.96
2023-12-06,-1.22,-1.42,0.86,0.79,,-1.07,-2.08,0.72
2023-12-07,-1.16,-1.37,0.62,0.48,,-1.14,-2.18,1.17
2023-12-08,-1.42,-1.8,0.24,0.22,-0.57,-1.21,-2.27,0.36
2023-12-11,-1.28,-1.62,0.16,0.07,,-1.02,-2.18,0.84
2023-12-12,-1.47,-1.92,-0.4,0.22,,-1.13,-2.26,0.05
2023-12-13,-1.39,-1.87,-0.0,0.24,,-1.0,-2.32,-0.43
2023-12-14,-1.25,-1.79,0.13,-0.19,,-2.33,-2.79,-0.0
2023-12-15,-1.3,-1.72,-0.1,-0.01,-0.86,-2.1,-2.64,-0.23
2023-12-18,-1.18,-1.52,0.03,0.29,,-2.04,-2.39,0.04
2023-12-19,-1.16,-1.51,-0.0,-0.06,,-2.17,-2.29,-0.32
2023-12-20,-0.71,-1.04,0.02,-0.08,,-2.21,-2.07,-0.63
2023-12-21,-0.7,-0.95,0.23,-0.02,,-2.2,-1.88,-0.62
2023-12-22,-0.92,-1.13,0.69,-0.39,-0.4,-2.19,-1.82,-0.66
2023-12-25,,,,,,,,
2023-12-26,-0.91,-0.97,0.95,-0.19,,-2.18,-1.88,-0.2
2023-12-27,-1.1,-1.23,1.46,-0.06,,-2.2,-1.94,-0.33
2023-12-28,-1.07,-1.15,1.01,0.1,,-2.18,-1.99,-0.4
2023-12-29,-1.05,-1.18,0.89,0.05,-0.35,-2.05,-1.93,-0.3
2023-12-31,,,,,,-1.83,-1.87,
2024-01-01,,,,,,,,
2024-01-02,-0.75,-0.65,0.82,0.52,,-1.32,-1.59,0.95
2024-01-03,-0.43,-0.48,0.39,0.36,,-0.76,-1.22,0.69
2024-01-04,-0.4,-0.52,0.07,0.24,,-0.82,-1.2,0.34
2024-01-05,-0.69,-0.78,-0.13,-0.05,-0.71,-0.84,-1.17,-0.16
2024-01-08,-0.79,-0.87,-0.26,0.07,,-0.99,-1.26,-0.02
2024-01-09,-0.9,-0.97,-0.46,-0.08,,-1.1,-1.44,-0.3
2024-01-10,-0.92,-0.94,-0.42,-0.06,,-1.36,-1.61,-0.84
2024-01-11,-1.01,-1.0,-0.66,0.01,,-1.18,-1.67,-1.45
2024-01-12,-0.9,-0.93,-0.33,0.73,-1.1,-1.13,-1.72,-1.15
2024-01-15,-0.69,,,,,-1.18,-1.67,
2024-01-16,-0.47,-0.44,-0.32,0.27,,-1.04,-1.63,-0.46
2024-01-17,-0.12,-0.14,-0.35,-0.01,,-0.91,-1.58,-1.21
2024-01-18,-0.36,-0.4,-0.59,-0.25,,-1.02,-1.63,-1.08
2024-01-19,-0.67,-0.59,-0.68,-0.33,-1.33,-1.12,-1.59,-1.31
2024-01-22,-0.71,-0.66,-0.77,-0.39,,-1.25,-1.55,-1.12
2024-01-23,-0.94,-0.88,-0.86,-0.6,,-1.17,-1.51,-1.04
2024-01-24,-0.72,-0.73,-0.91,-0.89,,-1.35,-1.65,-1.25
2024-01-25,-0.6,-0.62,-0.89,-0.66,,-1.3,-1.69,-1.27
2024-01-26,-0.66,-0.69,-1.41,-0.79,-1.36,-1.44,-1.73,-1.88
2024-01-29,-0.52,-0.55,-0.77,-0.41,,-1.35,-1.6,-1.26
2024-01-30,-0.62,-0.48,-0.81,-0.47,,-1.29,-1.39,-1.5
2024-01-31,-0.22,-0.22,-0.78,-0.21,,-0.8,-1.18,-1.21
2024-02-01,-0.38,-2.62,-0.47,-0.75,,-0.86,-0.99,-0.5
2024-02-02,-0.37,-0.52,-1.15,-0.93,-1.15,-1.09,-1.13,-1.31
2024-02-05,-0.43,-0.38,-1.24,-1.08,,-0.99,-1.28,-1.08
2024-02-06,-0.64,-0.45,-1.33,-1.5,,-0.91,-1.25,-0.85
2024-02-07,-0.71,-0.57,-1.6,-2.02,,-1.13,-1.22,-1.13
2024-02-08,-0.71,-0.55,-1.65,-1.88,,-1.25,-1.28,-1.04
2024-02-09,-0.64,-0.57,-1.9,-1.66,-0.71,-1.36,-1.17,-1.28
2024-02-12,-0.23,-0.1,-1.5,-1.58,,-1.27,-1.14,-0.87
2024-02-13,0.55,0.43,-1.27,-1.64,,-1.22,-1.2,-0.48
2024-02-14,-0.03,-0.01,-1.32,-1.5,,-1.14,-1.26,-0.61
2024-02-15,-0.17,-0.15,-1.42,-1.68,,-1.2,-1.32,-0.58
2024-02-16,-0.06,0.15,-1.41,-1.94,-0.81,-1.2,-1.37,-0.89
2024-02-19,0.14,,,,,-1.17,-1.34,
2024-02-20,0.46,0.62,-1.34,-1.63,,-1.07,-1.31,-0.66
2024-02-21,0.44,0.55,-1.5,-1.78,,-1.13,-1.45,-0.27
2024-02-22,0.12,0.09,-1.61,-1.85,,-1.44,-1.5,-0.1
2024-02-23,-0.2,-0.16,-1.43,-1.62,-0.87,-1.39,-1.31,-0.95
2024-02-26,-0.18,-0.09,-1.51,-1.47,,-1.38,-1.2,-0.63
2024-02-27,-0.31,-0.18,-1.66,-1.53,,-1.28,-1.19,-0.61
2024-02-28,-0.07,-0.04,-1.64,-1.53,,-1.11,-0.99,-0.85
2024-02-29,-0.28,-0.29,-1.53,-1.44,,-1.16,-0.79,-0.79
2024-03-01,-0.43,-0.27,-0.15,-1.52,-1.18,-1.06,-0.68,-1.13
2024-03-04,-0.17,-0.05,0.58,-1.64,,-1.26,-0.76,-0.7
2024-03-05,0.64,0.41,0.55,-1.67,,-1.1,-0.65,-0.58
2024-03-06,0.85,0.51,0.97,-1.8,,-1.24,-0.64,-1.27
2024-03-07,0.93,0.65,0.95,-1.77,,-1.26,-0.73,-1.24
2024-03-08,1.36,1.05,1.25,-1.74,-1.15,-1.28,-0.83,-1.88
2024-03-11,1.93,1.43,1.31,-1.86,,-1.26,-0.93,-1.02
2024-03-12,0.37,0.6,0.37,-1.75,,-1.47,-1.04,-1.8
2024-03-13,0.28,0.47,0.37,-1.66,,-1.64,-1.27,-2.37
2024-03-14,1.06,1.07,-0.18,-1.1,,-1.62,-1.39,-2.05
2024-03-15,1.07,1.59,-0.0,-1.52,-1.49,-1.56,-1.52,-2.1
2024-03-18,1.01,1.69,0.2,-1.48,,-1.65,-1.65,-1.34
2024-03-19,0.4,1.17,-0.05,-1.59,,-1.75,-1.65,-1.7
2024-03-20,-0.53,0.17,0.05,-1.65,,-1.55,-1.65,-2.61
2024-03-21,-0.67,0.04,-0.08,-1.93,,-1.88,-1.78,-2.72
2024-03-22,-0.48,-0.23,-0.7,-2.02,-1.55,-1.73,-1.63,-2.56
2024-03-25,-0.31,-0.06,-1.0,-1.82,,-1.58,-1.62,-2.33
2024-03-26,-0.24,-0.16,-0.65,-1.82,,-1.39,-1.46,-2.44
2024-03-27,-0.8,-0.56,0.06,-1.92,,-1.37,-1.29,-2.83
2024-03-28,-0.51,-0.51,1.34,-1.96,,-1.48,-1.43,-2.67
2024-03-29,,,,,-1.51,,,
2024-03-31,,,,,,-1.32,-1.25,
2024-04-01,0.28,0.25,1.84,-1.59,,-1.43,-1.39,-1.72
2024-04-02,1.43,0.76,2.34,-1.22,,-0.92,-1.38,-1.41
2024-04-03,1.06,0.63,2.47,-1.18,,-0.9,-1.53,-1.24
2024-04-04,3.3,2.15,2.24,-0.41,,-0.84,-1.5,-1.4
2024-04-05,2.77,1.52,1.94,-0.34,-1.22,-1.11,-1.47,-1.56
2024-04-08,1.78,1.12,2.57,-0.8,,-1.25,-1.61,-0.99
2024-04-09,1.51,0.93,2.55,-1.23,,-1.28,-1.58,-1.04
2024-04-10,2.3,1.25,2.63,-0.91,,-1.47,-1.89,0.13
2024-04-11,1.33,0.76,2.65,-0.55,,-1.14,-1.86,0.06
2024-04-12,3.53,2.26,3.14,-0.27,-1.05,-0.65,-1.31,0.49
2024-04-15,4.65,3.78,3.83,0.74,,-0.47,-1.29,1.38
2024-04-16,3.6,2.98,2.88,0.16,,0.01,-0.73,1.24
2024-04-17,3.22,2.93,2.12,0.01,,0.39,-0.71,0.57
2024-04-18,2.89,2.44,1.91,-0.46,,0.24,-0.88,0.09
2024-04-19,3.18,3.06,1.8,-0.31,0.07,0.13,-0.86,0.41
2024-04-22,1.92,1.9,1.45,-0.95,,-0.35,-1.03,0.12
2024-04-23,1.06,1.14,1.4,-1.19,,-0.89,-1.19,-0.07
2024-04-24,1.22,1.45,1.26,-1.11,,-0.94,-1.17,0.34
2024-04-25,0.8,1.39,1.18,-1.29,,-0.61,-1.15,0.15
2024-04-26,0.55,0.75,1.0,-1.42,-1.16,-1.08,-1.5,-0.34
2024-04-29,0.3,0.67,0.98,-1.38,,-1.3,-1.48,-0.2
2024-04-30,0.94,0.18,0.82,-1.34,,-0.92,-1.26,0.06
2024-05-01,0.75,0.77,0.69,-1.06,,-0.72,-1.23,-0.77
2024-05-02,0.26,0.34,0.6,-1.34,,-1.01,-1.4,-0.75
2024-05-03,-0.55,-0.47,0.51,-1.19,-1.11,-1.46,-1.56,-1.31
2024-05-06,-0.57,-0.47,0.67,-1.02,,-1.71,-1.71,-1.45
2024-05-07,-0.76,-0.79,0.49,-1.21,,-1.49,-1.67,-1.0
2024-05-08,-0.91,-0.86,0.31,-1.16,,-1.25,-1.47,-1.27
2024-05-09,-1.11,-0.94,0.69,-1.13,,-1.0,-1.46,-1.45
2024-05-10,-1.18,-1.06,0.66,-1.13,-1.35,-1.11,-1.46,-1.39
2024-05-13,-0.47,-0.48,0.78,-1.07,,-0.97,-1.24,0.03
2024-05-14,-0.6,-0.54,0.8,-1.06,,-0.95,-1.23,0.22
2024-05-15,-1.25,-1.11,0.93,-1.02,,-0.99,-1.21,-1.46
2024-05-16,-1.27,-1.15,0.63,-1.3,,-1.3,-1.41,-1.68
2024-05-17,-1.55,-1.39,1.06,-0.98,-1.28,-1.21,-1.38,-1.96
2024-05-20,-1.43,-1.33,1.1,-1.01,,-1.32,-1.57,-2.04
2024-05-21,-1.59,-1.56,0.77,-1.15,,-1.31,-1.32,-2.31
2024-05-22,-1.28,-1.03,0.63,-1.06,,-1.02,-1.29,-2.53
2024-05-23,-0.95,-0.98,0.46,-0.72,,-1.08,-1.27,-2.02
2024-05-24,-1.47,-1.42,0.16,-1.1,-1.39,-0.99,-1.24,-2.24
2024-05-27,-1.17,,,,,-0.9,-1.22,
2024-05-28,-0.81,-0.87,0.4,-1.09,,-1.11,-1.42,-1.49
2024-05-29,0.05,-0.34,0.36,-1.35,,-0.64,-1.39,-1.03
2024-05-30,0.16,-0.18,0.31,-0.41,,-0.31,-1.36,-1.27
2024-05-31,-0.83,-0.8,0.11,0.03,-1.05,-0.22,-1.32,-1.24
2024-06-03,-0.71,-0.69,0.39,0.25,,-0.44,-1.29,-0.91
2024-06-04,-0.67,-0.71,0.46,0.17,,-0.02,-0.81,-0.21
2024-06-05,-1.01,-0.84,0.55,-0.38,,-0.16,-0.56,0.05
2024-06-06,-1.02,-0.94,0.68,-0.98,,-0.13,-0.3,-0.11
2024-06-07,-1.23,-1.24,0.77,-1.52,-1.01,-0.56,-0.78,-1.11
2024-06-10,-0.89,-1.15,0.57,-1.86,,-0.55,-0.77,-0.83
2024-06-11,-0.81,-1.38,0.47,-1.92,,-0.13,-0.49,-0.47
2024-06-12,-1.3,-2.64,0.25,-2.22,,-1.14,-0.74,-1.07
2024-06-13,-1.35,-1.7,0.15,-2.33,,0.03,-0.19,-1.02
2024-06-14,-0.9,-1.13,0.28,-2.14,-1.07,1.0,0.65,-0.09
2024-06-17,-0.84,-0.67,0.09,-2.29,,0.7,0.68,-0.21
2024-06-18,-1.1,-0.74,0.08,-2.39,,0.5,0.99,-0.32
2024-06-19,-0.97,,,,,0.53,1.0,
2024-06-20,-0.47,-0.42,0.38,-2.1,,0.44,1.01,-0.73
2024-06-21,-0.51,-0.59,0.13,-1.83,-0.96,0.23,1.01,-0.72
2024-06-24,-0.43,-0.41,-0.04,-1.5,,0.02,1.01,-0.58
2024-06-25,-0.71,-0.71,-0.33,-1.33,,0.04,1.01,-0.36
2024-06-26,-0.87,-0.82,-0.35,-1.1,,-0.06,1.28,-0.24
2024-06-27,-1.04,-0.92,-0.31,-1.06,,0.32,0.98,-0.48
2024-06-28,-0.9,-0.93,-0.46,-0.93,-0.96,-0.05,0.97,-0.13
2024-06-30,,,,,,0.33,0.97,
2024-07-01,-1.01,-1.0,-0.43,-0.58,,0.34,0.41,0.8
2024-07-02,-1.11,-0.99,-0.7,-1.2,,0.61,0.14,0.98
2024-07-03,-1.06,-0.85,-0.47,-1.67,,0.88,0.17,0.42
2024-07-04,-0.94,,,,,0.9,0.2,
2024-07-05,-0.8,-0.57,-0.14,-1.97,-0.92,1.15,-0.08,-0.06
2024-07-08,-0.86,-0.41,-0.42,-1.9,,0.26,-0.05,-0.15
2024-07-09,-0.77,-0.41,-0.73,-1.7,,0.41,-0.02,-0.43
2024-07-10,-0.56,-0.26,-0.64,-1.72,,-0.11,0.01,-0.75
2024-07-11,-0.51,0.1,-0.17,-1.68,,0.04,0.42,-1.14
2024-07-12,-0.76,-0.28,-0.54,-1.59,-0.91,0.18,0.07,-1.47
2024-07-15,-0.37,0.34,-0.05,-1.66,,-0.62,0.09,-0.48
2024-07-16,-0.31,0.35,0.62,-1.39,,-1.28,0.11,-0.54
2024-07-17,0.44,1.52,0.35,-1.02,,-1.13,0.52,-0.89
2024-07-18,1.27,1.92,0.08,-0.84,,-1.11,0.52,-0.75
2024-07-19,1.57,2.01,0.13,-0.38,-0.38,-1.1,0.52,-0.44
2024-07-22,0.65,1.15,-0.23,-0.37,,-1.6,0.51,-0.41
2024-07-23,0.53,1.16,-0.42,-0.39,,-1.94,0.51,-0.33
2024-07-24,2.33,2.65,-0.12,-0.33,,-0.93,1.69,-0.35
2024-07-25,2.45,3.0,-0.41,-0.46,,-1.19,1.26,0.2
2024-07-26,1.31,2.11,-0.63,0.87,-0.23,-0.93,1.24,0.03
2024-07-29,1.38,2.22,-0.38,1.28,,-0.53,1.22,0.15
2024-07-30,1.89,2.6,0.02,1.52,,0.36,1.59,0.37
2024-07-31,1.18,1.81,1.0,2.29,,0.98,1.92,0.23
2024-08-01,2.23,2.71,0.82,2.11,,2.18,2.9,0.53
2024-08-02,4.11,3.62,1.55,3.75,0.66,5.48,4.44,1.83
2024-08-05,7.09,5.3,3.58,4.64,,5.88,5.23,2.82
2024-08-06,3.56,3.17,1.66,3.39,,3.5,3.77,2.47
2024-08-07,3.32,2.93,0.98,2.58,,2.63,3.27,1.64
2024-08-08,2.21,2.22,1.18,1.66,,1.93,2.66,1.34
2024-08-09,1.33,1.63,0.74,1.27,1.21,1.93,2.53,1.06
2024-08-12,1.39,1.58,2.48,1.7,,2.06,2.42,2.16
2024-08-13,0.75,1.11,1.54,1.2,,2.11,2.13,2.1
2024-08-14,0.28,0.55,1.09,0.75,,1.55,1.68,0.72
2024-08-15,0.04,0.3,0.88,0.65,,0.58,0.87,0.42
2024-08-16,-0.05,0.2,2.03,0.61,-0.59,0.45,0.86,0.31
2024-08-19,-0.08,0.2,1.22,0.86,,-0.05,0.65,1.13
2024-08-20,0.23,0.51,1.05,0.87,,0.22,0.84,1.29
2024-08-21,0.33,0.53,1.18,1.03,,0.36,0.83,1.27
2024-08-22,0.65,0.96,0.8,0.8,,-0.02,0.63,0.99
2024-08-23,0.24,0.51,0.57,0.51,-0.29,-0.14,0.42,0.7
2024-08-26,0.32,0.63,0.88,0.63,,-0.4,0.42,0.84
2024-08-27,0.14,0.46,0.74,0.7,,-0.27,0.41,1.14
2024-08-28,0.55,0.91,0.39,0.93,,-0.13,0.4,1.09
2024-08-29,0.19,0.37,0.43,0.84,,-0.39,0.39,0.85
2024-08-30,0.03,0.03,-0.15,1.22,-0.27,-0.52,0.18,0.98
2024-08-31,,,,,,-0.26,0.37,
2024-09-02,0.16,,,,,-0.26,0.36,
2024-09-03,1.41,1.17,-0.04,1.7,,0.65,0.73,1.73
2024-09-04,1.52,1.31,-0.29,2.26,,0.89,0.91,2.25
2024-09-05,1.15,1.11,-0.07,1.87,,0.48,0.89,1.71
2024-09-06,1.7,1.62,-0.06,2.03,0.6,1.12,0.87,0.84
2024-09-09,0.99,1.15,-0.3,1.83,,0.9,0.85,0.54
2024-09-10,0.88,1.06,-0.36,2.46,,1.52,1.22,0.96
2024-09-11,0.54,0.67,-0.76,1.85,,1.35,1.19,0.43
2024-09-12,0.39,0.55,0.12,1.44,,1.01,0.77,-0.23
2024-09-13,0.26,0.42,0.21,1.23,0.88,0.86,0.76,0.06
2024-09-16,0.39,0.72,0.31,1.09,,0.53,0.54,0.12
2024-09-17,0.49,0.75,0.63,1.19,,0.07,0.33,0.16
2024-09-18,0.62,0.74,0.36,1.35,,-0.2,-0.09,-0.19
2024-09-19,0.16,0.31,0.09,0.81,,-0.92,-0.52,-0.87
2024-09-20,0.11,0.11,0.32,0.49,0.47,-0.6,-0.53,-1.04
2024-09-23,0.04,-0.1,0.77,0.93,,-0.61,-0.75,-0.69
2024-09-24,-0.09,-0.19,1.83,0.78,,-0.22,-0.76,-0.76
2024-09-25,-0.09,-0.24,1.69,0.89,,-0.36,-0.78,-0.95
2024-09-26,-0.11,-0.2,1.45,1.94,,-0.7,-0.79,-1.12
2024-09-27,0.26,-0.01,1.27,1.85,1.08,-0.7,-0.81,-0.86
2024-09-30,0.19,0.02,0.91,1.84,,-1.41,-0.83,-0.64
2024-10-01,0.79,0.4,1.21,2.33,,-1.13,-0.85,0.45
2024-10-02,0.69,0.3,0.86,2.85,,-1.18,-1.09,0.2
2024-10-03,1.05,0.58,0.98,3.88,,-1.29,-1.33,0.06
2024-10-04,0.72,0.34,0.43,2.41,-0.1,-2.17,-1.98,-0.09
2024-10-07,1.51,1.06,0.57,2.59,,-1.74,-2.14,2.78
2024-10-08,1.19,0.84,0.51,3.01,,-1.47,-1.88,2.6
2024-10-09,1.03,0.77,0.48,2.38,,-1.73,-2.25,2.34
2024-10-10,1.03,0.8,0.23,2.73,,-1.4,-2.39,1.63
2024-10-11,0.9,0.7,0.22,2.63,-0.01,-1.43,-2.31,1.79
2024-10-14,0.7,0.69,0.35,2.38,,-1.47,-2.25,
2024-10-15,0.9,1.0,0.29,1.94,,-1.66,-2.35,2.62
2024-10-16,0.63,0.74,0.24,1.78,,-1.77,-2.26,1.98
2024-10-17,0.51,0.5,0.41,1.62,,-1.78,-2.17,1.95
2024-10-18,0.23,0.18,0.53,1.61,0.18,-1.78,-2.09,1.98
2024-10-21,0.3,0.21,0.8,1.53,,-1.72,-1.69,2.45
2024-10-22,0.25,0.22,1.14,1.59,,-1.48,-1.65,2.38
2024-10-23,0.49,0.46,1.28,1.56,,-1.29,-1.44,2.27
2024-10-24,0.43,0.31,1.04,1.39,,-1.36,-1.41,2.04
2024-10-25,0.72,0.53,1.17,1.62,0.69,-1.53,-1.53,2.05
2024-10-28,0.58,0.42,0.79,0.9,,-1.83,-1.65,2.19
2024-10-29,0.45,0.25,0.88,0.82,,-1.64,-1.6,2.18
2024-10-30,0.68,0.44,0.97,0.65,,-1.83,-1.56,2.02
2024-10-31,1.36,0.98,1.47,1.52,,-1.41,-1.22,2.29
2024-11-01,1.02,0.6,1.33,0.95,0.99,-1.6,-1.2,2.01
2024-11-04,1.02,0.63,1.71,1.11,,-1.38,-1.18,2.21
2024-11-05,0.62,0.16,1.46,1.07,,-1.39,-1.45,1.71
2024-11-06,-0.48,-1.09,0.11,0.95,,-1.88,-1.99,0.71
2024-11-07,-0.77,-1.29,-0.1,0.67,,-1.86,-2.2,-0.33
2024-11-08,-0.86,-1.48,-1.16,0.21,0.06,-2.21,-2.25,-0.64
2024-11-11,-0.86,-1.33,-1.09,0.06,,-2.13,-2.17,
2024-11-12,-0.95,-1.43,-0.95,-0.37,,-2.13,-2.09,0.02
2024-11-13,-1.14,-1.66,-0.39,-0.04,,-1.94,-1.9,-0.48
2024-11-14,-1.07,-1.59,-0.16,-0.85,,-2.03,-1.6,-0.69
2024-11-15,-0.59,-0.84,-0.34,-0.34,-0.74,-1.52,-1.56,-0.46
2024-11-18,-0.76,-0.89,-0.52,-0.12,,-1.49,-1.52,-0.51
2024-11-19,-0.56,-0.82,0.16,-0.09,,-1.56,-1.48,-0.28
2024-11-20,-0.35,-0.52,0.54,-0.19,,-1.6,-1.33,-0.18
2024-11-21,-0.43,-0.76,-0.07,-0.18,,-1.77,-1.3,-0.57
2024-11-22,-0.89,-1.34,-0.12,-0.37,-0.08,-1.72,-1.39,-0.8
2024-11-25,-1.06,-1.66,0.08,-0.15,,-1.57,-1.36,-0.75
2024-11-26,-1.2,-1.9,-0.59,0.02,,-1.4,-1.21,-0.83
2024-11-27,-1.18,-1.9,-1.0,-0.26,,-1.34,-1.07,-0.95
2024-11-28,-1.21,,,,,-1.31,-1.05,
2024-11-29,-1.3,-2.04,-1.15,-0.58,-0.09,-1.18,-1.03,-1.16
2024-11-30,,,,,,-1.09,-0.89,
2024-12-02,-1.32,-1.95,-1.21,-0.65,,-1.26,-1.1,-0.95
2024-12-03,-1.31,-2.0,-1.34,-0.69,,-1.3,-1.19,-1.14
2024-12-04,-1.25,-1.96,-1.61,-0.81,,-1.28,-1.17,-1.4
2024-12-05,-1.2,-1.89,-1.58,-1.48,,-1.29,-1.04,-1.45
2024-12-06,-1.38,-1.99,-2.26,-1.23,0.39,-1.25,-1.03,-2.06
2024-12-09,-1.13,-1.52,-1.62,-1.71,,-1.23,-1.01,-1.83
2024-12-10,-1.15,-1.5,-1.11,-1.53,,-1.21,-1.12,-1.45
2024-12-11,-1.39,-1.8,-0.68,-1.0,,-1.29,-1.36,-1.99
2024-12-12,-1.25,-1.63,-1.9,-0.74,,-1.2,-1.21,-1.91
2024-12-13,-1.27,-1.55,-1.67,-0.54,0.22,-1.11,-1.32,-1.64
2024-12-16,-0.92,-0.87,-1.83,-0.76,,-1.05,-1.3,-1.22
2024-12-17,-0.46,-0.48,-1.56,-1.16,,-0.8,-1.14,-1.23
2024-12-18,3.61,2.51,-0.79,-0.87,,-0.86,-1.12,-1.43
2024-12-19,2.29,1.99,-1.39,-1.17,,-0.13,-0.7,-1.17
2024-12-20,0.34,0.25,-1.44,-1.35,0.67,-0.31,-0.68,-1.05
2024-12-23,-0.21,-0.63,-1.56,-1.21,,-0.34,-0.66,-0.74
2024-12-24,-1.05,-1.32,-2.23,-1.18,,-0.28,,-0.66
2024-12-25,,,,,,,,
2024-12-26,-0.89,-1.13,-1.77,-1.22,,-0.27,-0.78,-0.77
2024-12-27,-0.47,-0.76,-2.14,-1.19,0.04,-0.34,-0.76,-0.79
2024-12-30,0.02,-0.31,-1.79,-1.1,,0.09,-0.61,-0.48
2024-12-31,-0.0,-0.26,-2.05,-1.2,,0.02,-0.59,-0.49
2025-01-01,,,,,,,,
2025-01-02,0.18,-0.05,-1.63,-1.27,,-0.14,-0.43,-0.63
2025-01-03,-0.42,-0.53,-2.02,-1.2,0.06,-0.42,-0.41,-0.85
2025-01-06,-0.46,-0.56,-1.76,-1.29,,-0.62,-0.25,-0.52
2025-01-07,0.14,0.05,-1.76,-1.03,,-0.48,-0.23,-0.17
2025-01-08,0.09,0.04,-1.61,-0.96,,-0.24,-0.37,-0.31
2025-01-09,0.23,,,,,-0.31,-0.35,
2025-01-10,0.74,0.4,-0.9,-0.62,-0.91,-0.34,-0.33,-0.59
2025-01-13,0.63,0.43,-1.25,-0.61,,-0.13,-0.15,-0.1
2025-01-14,0.48,0.32,-1.42,-0.67,,-0.35,-0.13,-0.21
2025-01-15,-0.42,-0.44,-1.23,-0.74,,-0.73,-0.27,-0.81
2025-01-16,-0.24,-0.3,-1.1,-0.71,,-0.67,-0.25,-0.82
2025-01-17,-0.46,-0.53,-1.38,-0.64,-1.03,-1.15,-0.42,-0.6
2025-01-20,-0.51,,,,,-1.16,-0.4,
2025-01-21,-0.76,-0.63,-1.0,-0.41,,-1.33,-0.38,-0.51
2025-01-22,-0.74,-0.6,-1.18,-0.46,,-1.45,-0.59,-0.98
2025-01-23,-0.75,-0.7,-1.35,-0.53,,-1.31,-0.81,-1.05
2025-01-24,-0.8,-0.74,-1.39,-1.11,-1.82,-1.35,-0.81,-1.15
2025-01-27,0.26,0.52,-1.11,-0.27,,-0.95,-0.54,-0.58
2025-01-28,-0.26,0.05,-0.93,-0.83,,-0.94,-0.53,-0.72
2025-01-29,-0.21,0.17,-1.32,-0.67,,-0.8,-0.51,-0.86
2025-01-30,-0.47,-0.13,-0.47,-0.94,,-0.86,-0.49,-0.86
2025-01-31,-0.26,-0.01,-0.64,-1.09,-0.62,-0.78,-0.18,-0.77
2025-02-03,0.49,0.42,0.04,-0.34,,-0.39,0.15,-0.61
2025-02-04,-0.0,-0.05,0.26,-0.58,,-0.53,-0.13,-0.87
2025-02-05,-0.5,-0.37,0.34,-0.49,,-0.67,0.25,-0.57
2025-02-06,-0.58,-0.59,-0.29,-0.2,,-0.91,0.67,-0.62
2025-02-07,-0.21,-0.37,-0.3,-1.1,-0.73,-0.81,0.75,-0.68
2025-02-10,-0.45,-0.49,0.68,-0.75,,-0.88,0.82,-1.04
2025-02-11,-0.37,-0.5,0.61,-1.05,,-0.86,0.42,-1.18
2025-02-12,-0.39,-0.52,0.52,-0.75,,-0.93,-0.43,-1.1
2025-02-13,-0.66,-0.61,0.38,-0.78,,-0.91,-0.41,-1.21
2025-02-14,-0.77,-0.74,0.45,-1.19,-0.96,-1.17,-0.84,-1.18
2025-02-17,-0.53,,,,,-1.15,-0.82,
2025-02-18,-0.52,-0.27,1.04,-1.31,,-1.14,-1.25,-1.17
2025-02-19,-0.53,-0.34,0.11,-1.17,,-0.55,-1.22,-1.19
2025-02-20,-0.37,-0.36,-0.11,-1.01,,-0.72,-0.75,-1.01
2025-02-21,0.62,0.45,-0.03,-0.01,-0.56,0.48,-0.29,-0.63
2025-02-24,0.92,0.66,0.11,-0.69,,0.49,-0.28,-0.83
2025-02-25,1.08,0.88,0.11,-0.44,,1.11,1.08,-0.28
2025-02-26,0.95,0.89,-0.15,-0.32,,0.83,1.09,-0.2
2025-02-27,1.69,1.75,-0.07,-0.59,,0.87,1.55,-0.27
2025-02-28,1.12,1.18,-0.53,-0.88,1.15,1.54,2.84,0.31
2025-03-03,2.24,2.05,0.22,0.69,,2.26,3.15,0.41
2025-03-04,2.43,2.1,0.56,0.54,,2.67,3.0,0.66
2025-03-05,1.83,1.69,0.33,0.1,,1.53,2.12,0.36
2025-03-06,2.74,2.37,0.29,0.56,,2.54,2.43,0.74
2025-03-07,2.18,2.07,-0.2,-0.95,1.68,2.29,2.69,0.43
2025-03-10,3.49,3.09,0.52,0.17,,3.76,3.26,1.09
2025-03-11,3.04,2.89,0.61,-0.48,,3.91,3.95,1.29
2025-03-12,2.18,2.19,0.36,-0.64,,3.47,4.14,0.49
2025-03-13,2.24,2.36,0.88,-0.22,,4.37,3.99,0.72
2025-03-14,1.36,1.78,0.69,-0.01,2.36,3.13,2.98,0.31
2025-03-17,0.97,1.53,1.16,-0.67,,2.56,2.59,0.25
2025-03-18,1.29,1.76,1.19,0.8,,2.71,2.49,-0.02
2025-03-19,0.75,1.06,0.48,0.22,,2.37,1.94,-0.59
2025-03-20,0.71,0.96,0.2,-1.08,,2.17,1.89,-0.03
2025-03-21,0.54,0.81,-0.27,-1.53,0.05,2.3,2.05,-0.16
2025-03-24,0.01,0.29,-0.46,-1.08,,1.39,1.54,-0.05
2025-03-25,-0.09,0.07,-1.04,-1.54,,1.56,1.5,-0.27
2025-03-26,0.25,0.51,-1.21,-1.31,,2.02,1.68,-0.56
2025-03-27,0.34,0.61,-0.13,-1.41,,2.33,1.64,-0.6
2025-03-28,1.18,1.39,0.27,-1.31,0.15,3.13,2.21,0.23
2025-03-31,1.33,1.45,1.69,-0.54,,3.27,2.71,0.89
2025-04-01,1.16,1.25,1.77,-0.63,,2.86,2.76,1.36
2025-04-02,1.06,0.89,1.73,-0.82,,2.41,2.27,1.59
2025-04-03,3.24,2.8,2.18,1.16,,4.3,3.81,2.34
2025-04-04,5.76,4.25,5.01,4.1,3.68,4.98,4.54,3.87
2025-04-07,5.09,4.03,2.83,5.49,,4.7,4.69,4.62
2025-04-08,5.06,3.83,5.18,5.15,,4.09,3.96,4.32
2025-04-09,2.13,2.68,4.86,2.27,,3.32,3.9,3.02
2025-04-10,2.99,3.96,5.08,3.38,,3.2,3.3,2.81
2025-04-11,2.43,3.13,5.02,3.48,5.07,2.7,3.08,3.33
2025-04-14,1.47,2.07,2.86,2.72,,2.34,2.64,2.77
2025-04-15,1.34,1.73,1.88,1.66,,2.15,2.43,1.91
2025-04-16,1.63,2.12,3.6,1.83,,2.2,2.24,1.62
2025-04-17,1.2,1.64,2.52,1.38,,1.87,1.99,1.22
2025-04-18,,,,,1.72,,,
2025-04-21,1.71,2.24,3.6,1.34,,2.06,2.01,2.21
2025-04-22,1.25,1.71,3.41,1.64,,1.69,1.86,1.4
2025-04-23,0.95,1.33,2.32,1.66,,1.22,1.56,1.24
2025-04-24,0.67,1.0,2.15,1.75,,1.15,1.36,0.6
2025-04-25,0.45,0.73,1.64,1.57,1.42,1.02,1.16,0.4
2025-04-28,0.49,0.74,1.57,1.53,,1.11,1.14,0.7
2025-04-29,0.36,0.57,1.22,2.25,,1.1,1.27,0.86
2025-04-30,0.42,0.59,1.03,3.02,,1.43,1.48,0.85
2025-05-01,0.4,0.57,1.01,2.51,,1.12,1.45,0.45
2025-05-02,0.13,0.25,0.94,2.21,1.09,0.78,1.17,-0.02
2025-05-05,0.25,0.37,1.42,1.04,,0.76,1.07,0.21
2025-05-06,0.39,0.45,1.78,0.95,,0.85,1.04,0.33
2025-05-07,0.22,0.33,1.28,1.01,,0.85,1.02,-0.16
2025-05-08,0.06,0.23,1.15,0.69,,0.56,0.76,-0.25
2025-05-09,-0.02,0.14,0.93,0.57,0.58,0.58,0.74,-0.12
2025-05-12,-0.5,-0.41,0.79,0.23,,-0.09,0.33,0.07
2025-05-13,-0.52,-0.42,0.29,0.1,,-0.2,0.07,-0.15
2025-05-14,-0.47,-0.36,0.6,0.09,,-0.19,-0.02,-0.11
2025-05-15,-0.58,-0.49,0.81,0.18,,-0.02,0.05,-0.27
2025-05-16,-0.66,-0.62,0.75,0.24,-1.14,-0.1,-0.04,-0.42
2025-05-19,-0.53,-0.49,0.7,0.24,,-0.02,-0.13,0.13
2025-05-20,-0.54,-0.48,0.84,-0.26,,-0.04,-0.3,-0.06
2025-05-21,-0.16,-0.11,0.9,0.4,,0.04,-0.22,-0.01
2025-05-22,-0.25,-0.22,0.7,0.72,,0.15,-0.15,-0.21
2025-05-23,0.01,0.06,0.88,0.95,0.44,0.28,-0.08,-0.1
2025-05-26,-0.23,,,,,0.27,-0.09,
2025-05-27,-0.46,-0.46,0.54,0.76,,-0.04,-0.27,-0.33
2025-05-28,-0.42,-0.39,0.13,0.53,,-0.07,-0.36,-0.7
2025-05-29,-0.44,-0.56,0.11,0.49,,-0.1,-0.37,-0.74
2025-05-30,-0.53,-0.74,-0.06,0.55,0.29,0.05,-0.3,-0.78
2025-05-31,,,,,,0.06,-0.23,
2025-06-02,-0.57,-0.99,0.35,0.25,,-0.05,-0.33,-0.5
2025-06-03,-0.67,-1.12,0.19,0.11,,-0.22,-0.51,-0.18
2025-06-04,-0.68,-1.07,0.1,0.09,,-0.15,-0.52,-0.43
2025-06-05,-0.56,-0.63,0.05,-0.32,,-0.26,-0.54,-0.61
2025-06-06,-0.8,-0.93,-0.12,-0.21,-0.79,-0.45,-0.73,-1.0
2025-06-09,-0.75,-0.86,-0.05,-0.4,,-0.4,-0.73,-0.77
2025-06-10,-0.78,-0.92,-0.2,-0.32,,-0.42,-0.74,-0.88
2025-06-11,-0.73,-0.83,-0.16,0.88,,-0.43,-0.75,-1.03
2025-06-12,-0.63,-0.77,-0.01,1.17,,-0.34,-0.66,-1.05
2025-06-13,-0.25,-0.47,0.42,2.75,-0.69,-0.34,-0.67,-0.56
2025-06-16,-0.49,-0.71,0.02,2.54,,-0.52,-0.77,-0.7
2025-06-17,-0.15,-0.33,0.17,4.07,,-0.39,-0.68,-0.41
2025-06-18,-0.37,-0.55,-0.09,3.25,,-0.43,-0.69,-0.69
2025-06-19,-0.09,,,,,-0.44,-0.71,
2025-06-20,-0.32,-0.54,-0.19,2.83,-0.16,-0.53,-0.72,-0.97
2025-06-23,-0.45,-0.74,-0.28,1.57,,-0.57,-0.64,-0.6
2025-06-24,-0.8,-1.06,-0.51,1.01,,-0.72,-0.76,-0.8
2025-06-25,-0.91,-1.14,-0.81,0.33,,-0.78,-0.78,-0.92
2025-06-26,-0.93,-1.15,-1.02,0.22,,-0.8,-0.7,-1.08
2025-06-27,-0.98,-1.17,-1.06,0.14,-0.36,-0.86,-0.81,-1.21
2025-06-30,-0.91,-1.05,-0.81,-0.14,,-1.01,-1.03,-1.03
2025-07-01,-0.89,-0.99,-0.98,-0.25,,-1.13,-1.23,-0.78
2025-07-02,-0.91,-1.01,-0.95,-0.0,,-1.21,-1.33,-0.95
2025-07-03,-0.94,-1.05,-1.16,-0.3,,-1.39,-1.61,-1.38
2025-07-04,-0.77,,,,-1.04,-1.39,-1.59,
2025-07-07,-0.72,-0.83,-0.93,0.09,,-1.24,-1.47,-1.17
2025-07-08,-0.85,-1.03,-1.15,-0.55,,-1.1,-1.35,-1.19
2025-07-09,-0.96,-1.16,-1.25,-0.74,,-1.06,-1.24,-1.47
2025-07-10,-0.97,-1.13,-1.2,-0.9,,-1.1,-1.23,-1.64
2025-07-11,-0.86,-1.07,-0.92,-0.4,-0.51,-0.98,-1.21,-1.3
2025-07-14,-0.74,-0.92,-0.9,-0.81,,-1.02,-1.29,-0.87
2025-07-15,-0.7,-0.91,-1.09,-0.71,,-1.01,-1.36,-0.99
2025-07-16,-0.71,-0.93,-0.82,-0.84,,-0.88,-1.33,-0.93
2025-07-17,-0.79,-1.06,-0.93,-0.88,,-1.07,-1.39,-1.21
2025-07-18,-0.79,-1.05,-0.99,-0.96,-0.36,-1.01,-1.36,-1.35
2025-07-21,-0.75,-1.01,-0.66,-1.05,,-1.09,-1.33,-1.07
2025-07-22,-0.76,-0.95,-0.27,-0.95,,-1.05,-1.22,-0.81
2025-07-23,-0.9,-1.1,-0.47,-0.93,,-1.19,-1.37,-1.08
2025-07-24,-0.89,-1.11,-0.67,-0.93,,-1.2,-1.35,-1.3
2025-07-25,-0.94,-1.18,-0.91,-0.88,-0.69,-1.14,-1.41,-1.32
2025-07-28,-0.92,-1.14,-0.99,-0.59,,-1.17,-1.38,-1.18
2025-07-29,-0.78,-0.97,-1.04,-0.28,,-1.07,-1.27,-1.07
2025-07-30,-0.85,-1.1,-1.08,-0.33,,-0.99,-1.33,-1.28
2025-07-31,-0.67,-0.77,-1.22,-0.46,,-1.04,-1.23,-1.4
2025-08-01,-0.17,-0.39,-0.84,-0.17,-0.21,-0.45,-0.96,-1.1
2025-08-04,-0.56,-0.77,-0.92,-0.25,,-0.68,-0.94,-0.8
2025-08-05,-0.51,-0.66,-1.06,-0.69,,-0.75,-0.92,-0.71
2025-08-06,-0.65,-0.83,-1.14,-0.54,,-0.73,-0.99,-1.07
2025-08-07,-0.66,-0.81,-0.98,-0.76,,-0.78,-1.05,-1.31
2025-08-08,-0.84,-1.04,-1.16,-0.89,0.23,-0.79,-1.03,-1.35
2025-08-11,-0.68,-0.88,-0.97,-1.23,,-0.79,-1.01,-1.15
2025-08-12,-0.93,-1.07,-1.14,-1.37,,-0.81,-1.09,-1.41
2025-08-13,-1.06,-1.07,-1.25,-0.92,,-0.87,-1.17,-1.38
2025-08-14,-0.98,-1.0,-1.41,-0.64,,-0.9,-1.25,-1.4
2025-08-15,-0.97,-0.92,-1.41,-0.46,-0.77,-0.92,-1.43,-1.4
2025-08-18,-1.01,-0.88,-1.47,-1.09,,-0.91,-1.42,-1.04
2025-08-19,-0.87,-0.57,-1.47,-0.96,,-0.85,-1.31,-1.01
2025-08-20,-0.84,-0.45,-1.27,-1.0,,-0.72,-1.2,-1.11
2025-08-21,-0.61,-0.32,-1.26,-1.1,,-0.68,-1.19,-1.15
2025-08-22,-1.23,-0.85,-1.33,-1.23,-0.49,-0.92,-1.18,-1.37
2025-08-25,-1.12,-0.75,-1.31,-1.09,,-1.2,-1.28,-1.41
2025-08-26,-1.2,-0.81,-1.05,-0.76,,-1.26,-1.04,-1.24
2025-08-27,-1.14,-0.67,-1.02,-0.97,,-1.25,-1.03,-1.38
2025-08-28,-1.29,-0.98,-0.88,-0.7,,-1.34,-0.9,-1.42
2025-08-29,-0.95,-0.56,-0.5,-0.85,0.1,-1.06,-0.77,-1.23
2025-08-31,,,,,,-0.98,-0.63,
2025-09-01,-0.66,,,,,-1.0,-0.62,
2025-09-02,-0.25,-0.15,0.46,-0.63,,-0.64,-0.48,-0.6
2025-09-03,-0.55,-0.35,0.38,-0.5,,-0.81,-0.6,-0.11
2025-09-04,-0.97,-0.64,-0.08,-0.51,,-1.0,-0.88,-0.24
2025-09-05,-1.01,-0.76,-0.07,-0.71,0.83,-1.06,-0.88,-0.56
2025-09-08,-1.03,-0.78,0.28,-0.48,,-1.02,-0.72,-0.7
2025-09-09,-1.08,-0.82,-0.18,-0.67,,-0.84,-0.71,-0.91
2025-09-10,-0.93,-0.66,-0.43,-0.66,,-1.02,-0.89,-1.23
2025-09-11,-1.24,-0.8,-0.8,-0.56,,-1.36,-1.06,-1.76
2025-09-12,-1.21,-0.82,-0.83,-0.84,0.26,-1.27,-1.22,-1.93
2025-09-15,-0.7,-0.38,-0.12,-0.92,,-1.47,-1.57,-1.47
2025-09-16,-0.34,-0.14,0.13,-0.62,,-1.2,-1.36,-1.41
2025-09-17,-0.66,-0.4,-0.32,-0.88,,-1.18,-1.34,-1.52
2025-09-18,-0.66,-0.47,-0.78,-0.76,,-1.62,-1.5,-1.99
2025-09-19,-0.78,-0.52,-0.6,-0.92,0.16,-1.52,-1.66,-1.87
2025-09-22,-0.43,-0.12,0.27,-0.86,,-1.66,-1.62,-1.42
2025-09-23,-0.14,0.31,0.61,-0.63,,-1.52,-1.4,-1.41
2025-09-24,-0.36,0.21,0.24,-0.43,,-1.57,-1.38,-1.45
2025-09-25,-0.04,0.58,0.68,-0.07,,-1.2,-1.17,-1.38
2025-09-26,-0.83,-0.13,0.44,-0.2,0.38,-1.25,-1.35,-1.5
2025-09-29,-0.33,0.22,0.81,-0.24,,-1.29,-1.33,-1.34
2025-09-30,-0.22,0.34,1.3,-0.23,,-0.88,-1.1,-1.0
2025-10-01,-0.2,0.29,0.81,-0.12,,-0.8,-1.08,-1.58
2025-10-02,0.03,0.47,0.24,0.05,,-0.79,-1.29,-1.87
2025-10-03,0.05,0.55,0.02,-0.09,0.54,-0.86,-1.27,-2.06
2025-10-06,-0.11,0.84,1.23,-0.61,,-1.13,-1.47,-1.53
2025-10-07,0.44,1.19,1.5,-0.67,,-0.67,-1.22,-1.17
2025-10-08,-0.14,0.57,2.61,-0.7,,-0.5,-1.2,-1.22
2025-10-09,-0.05,0.58,2.57,-0.57,,0.39,-0.73,-1.3
2025-10-10,3.07,4.15,3.51,0.12,0.57,2.21,0.22,-0.22
2025-10-13,1.46,2.32,3.64,-0.12,,2.18,0.24,
2025-10-14,2.41,3.16,4.04,0.14,,1.63,0.26,-0.45
2025-10-15,2.22,3.05,4.06,-0.03,,0.4,-0.45,-1.14
2025-10-16,4.27,4.66,5.35,0.18,,1.17,0.06,-0.21
2025-10-17,2.02,2.74,4.22,0.04,1.02,1.18,0.09,-0.59
2025-10-20,0.75,1.51,3.88,-0.01,,0.8,-0.15,-0.79
2025-10-21,0.61,1.46,3.17,-0.11,,0.67,-0.13,-0.77
2025-10-22,1.01,1.79,2.35,0.21,,1.06,0.18,-1.01
2025-10-23,0.38,1.0,2.13,0.59,,0.64,-0.37,-1.21
2025-10-24,-0.11,0.47,1.59,0.46,0.44,-0.07,-0.65,-1.96
2025-10-27,-0.42,0.43,1.35,0.67,,-0.81,-0.95,-2.25
2025-10-28,-0.05,0.85,1.35,0.47,,-0.6,-0.95,-2.12
2025-10-29,0.24,1.07,1.48,0.6,,-1.16,-1.3,-2.28
2025-10-30,0.23,1.0,1.48,-0.1,,-0.27,-0.59,-2.07
2025-10-31,0.53,1.15,0.92,0.44,0.63,0.62,0.58,-2.06
2025-11-03,0.37,1.0,0.59,-0.21,,1.57,1.76,-1.91
2025-11-04,1.39,1.73,0.59,-0.2,,2.34,1.76,-1.75
2025-11-05,0.82,1.36,0.26,-0.4,,1.55,0.97,-1.06
2025-11-06,1.62,2.26,0.25,-0.36,,2.2,1.34,-1.03
2025-11-07,1.36,2.15,0.3,-0.51,1.21,2.29,2.06,-0.72
2025-11-10,0.54,1.21,1.02,-0.97,,1.12,1.3,0.01
2025-11-11,0.36,1.22,0.99,-1.0,,1.11,1.32,
2025-11-12,0.48,1.36,1.57,-0.58,,1.09,1.7,0.38
2025-11-13,1.8,2.51,1.29,-0.73,,1.66,2.06,0.07
2025-11-14,1.66,2.5,1.1,-0.53,0.42,1.46,1.67,0.19
2025-11-17,2.86,3.12,1.06,-0.81,,1.91,1.99,0.67
2025-11-18,3.68,3.68,1.0,-0.42,,2.4,2.29,0.77
2025-11-19,3.0,3.03,0.97,-0.09,,2.08,1.87,0.96
2025-11-20,3.82,3.81,0.72,0.82,,2.02,2.15,-0.1
2025-11-21,2.48,2.49,0.47,0.64,1.85,2.09,2.4,0.09
2025-11-24,1.3,1.42,0.61,0.75,,1.74,2.01,-0.24
2025-11-25,0.53,0.83,0.56,1.25,,1.34,1.63,-0.93
2025-11-26,-0.01,0.4,0.44,0.47,,0.6,0.97,-1.07
2025-11-27,-0.01,,,,,0.59,0.95,
2025-11-28,-0.35,0.06,0.65,0.55,0.8,0.21,0.94,-1.57
2025-11-30,,,,,,-0.01,0.92,
2025-12-01,-0.01,0.31,0.75,0.49,,0.13,0.9,-1.12
2025-12-02,-0.27,0.06,0.53,0.5,,-0.02,0.58,-1.36
2025-12-03,-0.48,-0.15,0.39,-0.39,,-0.22,0.59,-1.93
2025-12-04,-0.59,-0.3,0.04,-0.55,,-0.28,0.28,-1.99
2025-12-05,-0.72,-0.48,-0.12,-1.05,0.67,-0.5,-0.03,-1.67
2025-12-08,-0.22,-0.14,-0.22,-0.62,,-0.19,-0.34,-0.77
2025-12-09,-0.11,-0.13,-0.04,-1.54,,-0.19,-0.01,-0.21
2025-12-10,-0.56,-0.47,-0.08,-1.53,,-0.04,-0.33,-1.38
2025-12-11,-0.92,-0.87,0.1,-1.03,,-0.25,-0.32,-1.24
2025-12-12,-0.57,-0.18,0.2,-1.81,0.91,-0.03,0.32,-1.22
2025-12-15,-0.27,-0.16,0.13,-0.56,,-0.03,0.31,-0.48
2025-12-16,-0.29,-0.33,-0.14,0.85,,0.48,0.61,-1.58
2025-12-17,0.15,0.16,0.11,1.04,,0.55,0.6,-2.3
2025-12-18,-0.16,-0.19,0.12,-0.3,,0.24,0.58,-2.65
2025-12-19,-0.94,-0.92,-0.04,-0.29,0.97,-0.13,0.24,-2.62
2025-12-22,-1.27,-1.14,0.73,-0.53,,-0.27,0.23,-2.15
2025-12-23,-1.28,-1.27,0.91,-0.52,,-0.63,-0.1,-2.15
2025-12-24,-1.47,-1.35,0.7,-1.08,,-0.55,-0.11,-2.32
2025-12-25,,,,,,,,
2025-12-26,-1.39,-1.27,1.2,-0.86,0.0,-0.41,-0.12,-2.36
2025-12-29,-1.16,-0.94,1.16,-0.88,,-0.35,-0.13,-2.17
2025-12-30,-1.1,-0.75,0.9,-1.47,,-0.58,-0.13,-1.44
2025-12-31,-0.86,-0.56,0.64,-1.72,,-0.81,-0.13,-1.41
2026-01-01,,,,,,,,
2026-01-02,-1.03,-0.51,0.59,-2.4,0.06,-0.66,-0.13,-1.59
2026-01-05,-0.88,-0.43,0.7,-1.92,,-0.81,-0.12,-1.23
2026-01-06,-0.94,-0.59,0.84,-1.63,,-0.95,-0.11,-1.05
2026-01-07,-0.69,-0.44,0.62,-0.44,,-0.93,-0.1,-0.98
2026-01-08,-0.65,-0.41,0.59,0.68,,-1.14,-0.09,-0.85
2026-01-09,-1.01,-0.76,0.39,1.06,-0.33,-1.27,-0.42,-1.57
2026-01-12,-0.77,-0.6,0.84,1.83,,-1.25,-0.42,-1.35
2026-01-13,-0.44,-0.44,0.45,2.35,,-1.17,-0.74,-1.61
2026-01-14,-0.15,-0.15,0.38,3.47,,-1.08,-0.73,-1.96
2026-01-15,-0.51,-0.41,-0.08,2.59,,-1.41,-1.04,-2.19
2026-01-16,-0.5,-0.39,-0.04,2.8,-0.29,-1.81,-1.35,-1.88
2026-01-19,0.64,,,,,-1.77,-1.33,
2026-01-20,1.1,0.92,0.72,2.54,,-1.21,-1.33,-0.64
2026-01-21,-0.15,-0.12,1.15,3.14,,-1.47,-1.63,-1.63
2026-01-22,-0.63,-0.5,1.69,2.76,,-1.77,-1.91,-2.01
2026-01-23,-0.46,-0.41,2.21,3.33,-0.54,-1.49,-1.89,-1.97
2026-01-26,-0.44,-0.4,2.88,3.14,,-1.42,-1.57,-1.97
2026-01-27,-0.37,-0.36,2.86,3.34,,-1.29,-1.87,-1.86
2026-01-28,-0.37,-0.43,4.24,3.27,,-1.23,-1.84,-1.64
2026-01-29,-0.16,-0.07,5.0,3.95,,-0.9,-1.53,-1.17
2026-01-30,0.05,0.29,4.09,3.7,-0.42,-0.7,-1.51,-1.34
2026-01-31,,,,,,-0.17,-1.2,
2026-02-02,-0.38,-0.16,2.59,2.25,,-0.66,-1.5,-1.3
2026-02-03,0.26,0.59,3.1,2.75,,-0.39,-1.48,-1.49
2026-02-04,0.5,1.44,2.24,3.03,,-0.32,-1.17,-1.46
2026-02-05,1.68,2.42,1.92,2.83,,0.43,-0.88,-0.84
2026-02-06,0.12,0.78,1.6,2.43,-0.34,-0.27,-0.88,-0.64
2026-02-09,-0.03,0.47,1.36,2.0,,-0.49,-0.9,-0.73
2026-02-10,0.13,0.47,0.64,1.54,,-0.35,-0.6,-0.49
2026-02-11,0.07,0.4,0.71,0.98,,-0.49,-0.61,-0.88
2026-02-12,1.27,1.56,0.85,0.63,,0.07,-0.31,0.06
2026-02-13,,,,,,,,0.07
